id,title,abstract,authors,citationCount,references,venue,year,type
297e23178f5edd05c99e7a8b9f723dc122d3915b,A Data-Driven Base Station Sleeping Strategy Based on Traffic Prediction,"Due to the rapidly increasing number of base stations (BSs) in the operational cellular networks, their energy consumption is escalating. In this paper, we propose an intelligent data-driven BS sleeping mechanism relying on a wireless traffic prediction model that measures the BSs’ capacity in different regions. Firstly, a spatio-temporal cellular traffic prediction model is proposed, where a multi-graph convolutional network (MGCN) is developed to capture the associated spatial features. Furthermore, a multi-channel long short-term memory (LSTM) solution involving hourly, daily, and weekly periodic data is used to capture the relevant temporal features. Secondly, the capacities of macro-cell BSs (MBSs) and small-cell BSs (SBSs) having different environment characteristics are modeled, where both clustering and transfer learning algorithms are adopted for quantifying the traffic supported by the MBSs and SBSs. Finally, an optimal BS sleeping strategy is proposed for minimizing the network’s power consumption. Experimental results show that the proposed MGCN-LSTM model outperforms the existing models in terms of its cellular traffic prediction accuracy, and the proposed BS sleeping strategy using an approximated non-linear model of the associated capacity function achieves near-maximal energy-saving at a modest complexity.",Jiansheng Lin; Youjia Chen; Haifeng Zheng; Ming Ding; P. Cheng; L. Hanzo,60,,IEEE Transactions on Network Science and Engineering,2024.0,JournalArticle
2abbfb889810b95a8498046687a23f4855ecc11b,Low Complexity Detection of Spatial Modulation Aided OTFS in Doubly-Selective Channels,"A spatial modulation-aided orthogonal time frequency space (SM-OTFS) scheme is proposed for high-Doppler scenarios, which relies on a low-complexity distance-based detection algorithm. We first derive the delay-Doppler (DD) domain input-output relationship of our SM-OTFS system by exploiting an SM mapper, followed by characterizing the doubly-selective channels considered. Then we propose a distance-based ordering subspace check detector (DOSCD) exploiting the a priori information of the transmit symbol vector. Moreover, we derive the discrete-input continuous-output memoryless channel (DCMC) capacity of the system. Finally, our simulation results demonstrate that the proposed SM-OTFS system outperforms the conventional single-input-multiple-output (SIMO)-OTFS system, and that the DOSCD conceived is capable of striking an attractive bit error ratio (BER) vs. complexity trade-off.",Zeping Sui; Hongming Zhang; Yu Xin; Tong Bao; Lie-liang Yang; L. Hanzo,18,,IEEE Transactions on Vehicular Technology,2023.0,JournalArticle
63929e7a4e5ce84a1a22b615854e38a13a200ed2,Performance Analysis and Approximate Message Passing Detection of Orthogonal Time Sequency Multiplexing Modulation,"In orthogonal time sequency multiplexing (OTSM) modulation, the information symbols are conveyed in the delay-sequency domain upon exploiting the inverse Walsh Hadamard transform (IWHT). It has been shown that OTSM is capable of attaining a bit error ratio (BER) similar to that of orthogonal time-frequency space (OTFS) modulation at a lower complexity, since the saving of multiplication operations in the IWHT. Hence we provide its BER performance analysis and characterize its detection complexity. We commence by deriving its generalized input-output relationship and its unconditional pairwise error probability (UPEP). Then, its BER upper bound is derived in closed form under both ideal and imperfect channel estimation conditions, which is shown to be tight at moderate to high signal-to-noise ratios (SNRs). Moreover, a novel approximate message passing (AMP) aided OTSM detection framework is proposed. Specifically, to circumvent the high residual BER of the conventional AMP detector, we proposed a vector AMP-based expectation-maximization (VAMP-EM) detector for performing joint data detection and noise variance estimation. The variance auto-tuning algorithm based on the EM algorithm is designed for the VAMP-EM detector to further improve the convergence performance. The simulation results illustrate that the VAMP-EM detector is capable of striking an attractive BER vs. complexity trade-off than the state-of-the-art schemes as well as providing a better convergence. Finally, we propose AMP and VAMP-EM turbo receivers for low-density parity-check (LDPC)-coded OTSM systems. It is demonstrated that our proposed VAMP-EM turbo receiver is capable of providing both BER and convergence performance improvements over the conventional AMP solution.",Zeping Sui; Shefeng Yan; Hongming Zhang; Sumei Sun; Yonghong Zeng; Lie-liang Yang; L. Hanzo,15,,IEEE Transactions on Wireless Communications,2023.0,JournalArticle
21da44e67e96ede5c8f724f3f77a033debd0ceb4,Generalized Approximate Message Passing Equalization for Multi-Carrier Faster-Than-Nyquist Signaling,"Multi-carrier faster-than-Nyquist (MFTN) signaling constitutes a promising spectrally efficient non-orthogonal physical layer waveform. In this correspondence, we propose a pair of low-complexity generalized approximate message passing (GAMP)-based frequency-domain equalization (FDE) algorithms for MFTN systems operating in multipath channels. To mitigate the ill-condition of the resultant equivalent channel matrix, we construct block circulant interference matrices by inserting a few cyclic postfixes, followed by truncating the duration of the inherent two-dimensional interferences. Based on the decomposition of the block circulant matrices, we develop a novel frequency-domain received signal model using the two-dimensional fast Fourier transform for mitigating the colored noise imposed by the non-orthogonal matched filter. Moreover, we derive a GAMP-based FDE algorithm and its refined version, where the latter relies on approximations for circumventing the emergence of the ill-conditioned matrices. Our simulation results demonstrate that, for a fixed spectral efficiency, MFTN signaling can significantly improve the bit error rate (BER) performance by jointly optimizing the time- and frequency-domain packing factors. Compared to its Nyquist-signaling counterpart, our proposed MFTN systems employing the refined GAMP equalizer can achieve about 39% higher transmission rates at a negligible BER performance degradation.",Yunsi Ma; N. Wu; Andrew Zhang; Bin Li; L. Hanzo,11,,IEEE Transactions on Vehicular Technology,2022.0,JournalArticle
513f516921824b83f3f29598896a79aac88b5e7c,Centralized and Decentralized Channel Estimation in FDD Multi-User Massive MIMO Systems,"We design a centralized and a decentralized variational Bayesian learning (C- and D-VBL) algorithms for the base station (BS) of a frequency division duplex massive multiple input multiple output (mMIMO) cellular system, wherein users send compressed information for it to estimate their downlink channels. The BS in the decentralized algorithm consists of multiple processing units (PUs), and each PU separately estimates the channels of a group of users, by employing the proposed D-VBL algorithm. To reduce channel estimation error, the PUs exploit the structured sparsity inherent in multi-user mMIMO channels by exchanging information among themselves. We investigate the proposed C-VBL and low-complexity D-VBL algorithms and show that i) they substantially outperform the state-of-the-art centralized and decentralized algorithms in terms of the normalized mean squared error and the bit error rate. This is because they beneficially exploit the inherent channel sparsity, while the existing state-of-the-art solutions fail to do so. The proposed D-VBL is also robust to PU failures, and provides a similar performance as its centralized counterpart (C-VBL), but with a much reduced complexity.",Anupama Rajoriya; Rohit Budhiraja; L. Hanzo,11,,IEEE Transactions on Vehicular Technology,2022.0,JournalArticle
8bfd36a5febd57ac12dab9a7bc64822070b708ca,Variational quantum attacks threaten advanced encryption standard based symmetric cryptography,"We propose a variational quantum attack algorithm (VQAA) for classical advanced encryption standard (AES)-like symmetric cryptography, as exemplified by the simplified-data encryption standard (S-DES). In the VQAA, the known ciphertext is encoded as the ground state of a Hamiltonian that is constructed through a regular graph, and the ground state can be found using a variational approach. We designed the ansatz and cost function for the S-DES’s variational quantum attack. It is surprising that sometimes the VQAA is even faster than Grover’s algorithm as demonstrated by our simulation results. The relationships of the entanglement entropy, concurrence, and the cost function are investigated, which indicate that entanglement plays a crucial role in the speedup.",Zeguo Wang; Shijie Wei; G. Long; L. Hanzo,27,,Science China Information Sciences,2022.0,JournalArticle
8d62decb7faa1cd6b39f39c5f463439be9388c3c,Turbo Detection Aided Autoencoder for Multicarrier Wireless Systems: Integrating Deep Learning Into Channel Coded Systems,"A variety of deep learning schemes have endeavoured to integrate deep neural networks (DNNs) into channel coded systems by jointly designing DNN and the channel coding scheme in specific channels. However, this leads to limitations concerning the choice of both the channel coding scheme and the channel paramters. We circumvent these impediments and conceive a turbo-style multi-carrier auto-encoder (MC-AE) for orthogonal frequency-division multiplexing (OFDM) systems, which is the first one that achieves the flexible integration of DNN into any given channel coded systems while achieving an iteration gain. More explicitly, first of all, we design the MC-AE independently of both the channel coding arrangement and of the channel model, where the output layer of the MC-AE decoder is designed for both accepting and producing reliable soft-bit decisions. Owing to the fact that bit-dependency is imposed by the MC-AE mapping, our bespoke MC-AE decoder becomes capable of achieving a beneficial iteration gain, when the extrinsic information is exchanged between the soft-decision MC-AE decoder and the soft-decision channel decoder. Secondly, in order to be able to interpret the performance advantages of our MC-AE over the conventional OFDM, we map the MC-AE’s input-output relationship to an equivalent model-based representation. The associated theoretical analysis verifies the fact that during the process of data-driven signal reconstruction across OFDM’s subcarriers, a beneficial frequency diversity gain is achieved by the proposed MC-AE design. Finally, our simulation results demonstrate that the MC-AE is capable of achieving substantial performance advantages over both conventional OFDM and OFDM based index modulation (OFDM-IM) in channel coded systems.",Chao Xu; Thien van Luong; Luping Xiang; S. Sugiura; R. Maunder; Lie-liang Yang; L. Hanzo,15,,IEEE Transactions on Cognitive Communications and Networking,2022.0,JournalArticle
9258e691abbf2cec4cf85e1023a68837dfe7ed4d,From Single-Protocol to Large-Scale Multi-Protocol Quantum Networks,"In the initial stage of the quantum Internet, most of the practical quantum networks have been deployed relying on diverse individual quantum key distribution (QKD) protocols. However, this single-protocol paradigm cannot fulfill the heterogeneous requirements of the users, hence market-penetration of quantum networks is limited. Given the recent advances in QKD protocols, the next generation quantum networks are expected to support both legacy and emerging QKD protocols. However, the evolution from single-protocol to multi-protocol quantum networks poses numerous challenging problems. As a remedy, we conceive a practical protocol translation framework for supporting this migration from single-protocol to large-scale multi-protocol quantum networks. Furthermore, we propose a programmable multi-functional relay node architecture for harmonizing the components of a suitable relay node. A pair of protocol translation policies are presented for meeting the challenging security requirements of migration requests, which are compared to the single-protocol-based migration solutions both in terms of the translation success probability attained (i.e., the proportion of migration requests with successful protocol translation), and the average relaying risk probability encountered (i.e., the mean of the relaying risk probabilities of end-to-end key negotiation in a quantum network). Finally, we highlight a suite of open problems in both quantum secure direct communication and quantum teleportation for research into future multi-protocol quantum networks.",Yuan Cao; Yongli Zhao; J. Zhang; Qin Wang; D. Niyato; L. Hanzo,9,,IEEE Network,2022.0,JournalArticle
a8ed34e5aafad8a166133273a99aaf71b46c81ee,Machine-Learning-Aided Optical OFDM for Intensity Modulated Direct Detection,"End-to-end learning systems are conceived for Orthogonal Frequency Division Multiplexing (OFDM)-aided optical Intensity Modulation paired with Direct Detection (IM/DD) communications relying on the Autoencoder (AE) architecture in deep learning. We first propose an AE-aided Layered ACO-OFDM (LACO-OFDM) scheme, termed as LACONet, for exploiting the increased bandwidth efficiency of LACO-OFDM. LACONet employs a Neural Network (NN) at the transmitter for bit-to-symbol mapping, and another NN at the receiver for recovering the data bits, which together form an AE and can be trained in an end-to-end manner for simultaneously minimizing both the BER and PAPR. Moreover, the detection architecture of LACONet is drastically simplified compared to classical LACO-OFDM, since the Fast Fourier Transform (FFT) operation is applied only once at the receiver. We further propose a generalized AE-aided optical OFDM scheme for IM/DD communications, termed as IMDD-OFDMNet, where the unipolarity of the Time Domain (TD) signal is no longer guaranteed by the Hermitian Symmetry, but rather by taking the absolute square value of the complex TD signal. As such, all available subcarriers of IMDD-OFDMNet are used for carrying useful information, hence it has a higher throughput than the LACO-based schemes. As a further benefit, its transceiver requires only a single Inverse FFT or FFT. Finally, simulation results are provided to show that our learning schemes achieve better BER and PAPR performance than their conventional counterparts.",Xiaoyu Zhang; Thien van Luong; P. Petropoulos; L. Hanzo,9,,Journal of Lightwave Technology,2022.0,
b8a8fc4289c3c1d94b393ca3685b2d9911d60b46,Unity-Rate Coding Improves the Iterative Detection Convergence of Autoencoder-Aided Communication Systems,"A forward error correction (FEC) and unity-rate coded (URC) autoencoder (AE)-assisted communication system is proposed for the first time, which relies on soft iterative decoding for attaining a vanishingly low error probability. The AE-demapper is specifically designed for directly calculating the extrinsic logarithmic likelihood ratios (LLRs), which can be directly entered into the URC decoder for soft iterative decoding. This avoids the potential degradation due to the conversion of symbol probabilities to bit LLRs. A comprehensive capacity analysis of the AE is performed, which demonstrates the capacity advantage of the AE-aided constellation design over its conventional quadrature amplitude modulation (QAM)/ phase shift keying (PSK) counterpart. Furthermore, we carry out its EXtrinsic Information Transfer (EXIT) chart analysis, which indicates that as a benefit of our URC, the EXIT curve always reaches the [1,1] point of perfect convergence, leading to a vanishingly low error probability. More explicitly, our bit error ratio (BER) and block error ratio (BLER) results demonstrate that the proposed FEC-URC-AE system achieves significant iterative gains both in additive white Gaussian noise (AWGN) and Rayleigh channels, outperforming both its model-based FEC-AE and its conventional coded QAM/QPSK counterparts.",Luping Xiang; Chao Xu; Xiaoyu Zhang; Thien van Luong; R. Maunder; Lie-liang Yang; L. Hanzo,3,,IEEE Transactions on Vehicular Technology,2022.0,JournalArticle
f5e9cc160cf60facc6d6871adcb177bf607b5d60,A Soft-Input Soft-Output Polar Decoding Algorithm for Turbo-Detection in MIMO-Aided 5G New Radio,"Soft-Input Soft-Output (SISO) polar decoding algorithms, such as Belief Propagation (BP) and Soft Cancellation (SCAN) polar decoding, offer iteration capability for facilitating turbo-style detection. However, at lower Signal-to-Noise Ratios (SNRs), the performance of the BP and SCAN decoders is about 1.5 dB and 0.5 dB worse than that of the state-of-the-art hard-decision Successive Cancellation List (SCL) decoding algorithm, respectively, despite iteratively exchanging information with a Multiple Input Multiple Output (MIMO) detector. Motivated by this gap, we conceive a novel G-SCAN polar decoder, which generates both soft-decision and hard-decision outputs. This is achieved by intrinsically amalgamating a list decoder with a novel SISO decoder. These soft-decision outputs may be used for turbo-detection, but they also support the hard-decision outputs of the SCL algorithm for achieving superior block error rate (BLER) performance. As a result of these benefits, the proposed G-SCAN algorithm using a list size of $L = 2$ offers around 1 dB BLER gain compared to the conventional hard-decision SCL decoder relying on $L = 32$. Furthermore, we have carried out its Extrinsic Information Transfer (EXIT) chart analysis, and characterized the performance vs. the complexity of the proposed G-SCAN algorithm, and compared it to various soft- and hard-decision output benchmarks for a wide variety of different rate-matching modes and block lengths. Furthermore, in order to reduce the complexity of the proposed algorithm, a novel Cyclic Redundancy Check (CRC)-aided G-SCAN algorithm is also proposed, which facilitates early termination and improves the BLER performance.",Z. B. K. Egilmez; Luping Xiang; R. Maunder; L. Hanzo,12,,IEEE Transactions on Vehicular Technology,2022.0,JournalArticle
009aaa2ee763940d876152e34c4c7ed0c98a2b35,Short-Packet Amplify-and-Forward Relaying for the Internet-of-Things in the Face of Imperfect Channel Estimation and Hardware Impairments,"In next-generation wireless systems ultra-reliable low-latency communications (URLLC) have to be realized in support of the Internet-of-things (IoT). However, this is quite a challenge in the face of channel estimation errors (CEEs) and hardware imperfections (HWIs). Hence, we consider a variety of realistic HWIs as well as CEEs and evaluate the average block error rate (BLER) of a short-packet based cooperative amplify-and-forward (AF) relaying network. Our simulation and analytical results reveal that as expected, both the CEEs and HWIs lead to a substantial average BLER degradation. In particular, CEEs lead to a BLER floor, which is further aggravated by the increase in HWIs. A high level of HWIs results in a BLER tending to one, regardless of the transmit power. Furthermore, it is shown that the CEEs and HWIs gravely degrade the energy efficiency of the idealized perfect scenario. This observation shows that both the CEEs and HWIs constitute critical issues in the design of energy efficient communication systems. However, through solving the optimization problems formulated, we conceived several schemes for mitigating the degradations imposed by the CEEs and HWIs, e.g., in our adaptive-duration training scheme the total CEE of the hops is shared in line with the current status of the two channels. Our simulation results show that this scheme significantly reduces the BLER and mitigates the deleterious effects of CEE.",Vahid Shahiri; Ali Kuhestani; L. Hanzo,20,,IEEE Transactions on Green Communications and Networking,2021.0,JournalArticle
04d11b73e510b6f9254934986f5ac46eb1975cb9,Dynamic NOMA-Based Computation Offloading in Vehicular Platoons,"Both the Mobile edge computing (MEC)-based and fog computing (FC)-aided Internet of Vehicles (IoV) constitute promising paradigms of meeting the demands of low-latency pervasive computing. To this end, we construct a dynamic NOMA-based computation offloading scheme for vehicular platoons on highways, where the vehicles can offload their computing tasks to other platoon members. To cope with the rapidly fluctuating channel quality, we divide the timeline into successive time slots according to the channel's coherence time. Robust computing and offloading decisions are made for each time slot after taking the channel estimation errors into account. Considering a certain time slot, we first analytically characterize both the locally computed source data and the offloaded source data as well as the energy consumption of every vehicle in the platoons. We then formulate the problem of minimizing the long-term maximum task queue by optimizing the allocation of both the communication and computing resources. To solve the problem formulated, we design an online algorithm based on the classic Lyapunov optimization method and successive convex approximation (SCA) method. Finally, the numerical simulation results characterize the performance of our algorithm and demonstrate its advantages both over the local computing scheme and the orthogonal multiple access (OMA)-based offloading scheme.",Dongsheng Zheng; Yingyang Chen; Lai Wei; B. Jiao; L. Hanzo,14,,IEEE Transactions on Vehicular Technology,2021.0,JournalArticle
12cb2bc7583ed25e40c5f76a2fdf8aa86bf3b544,Hybrid Iterative Detection and Decoding of Near-Instantaneously Adaptive Turbo-Coded Sparse Code Multiple Access,"Reduced-complexity hybrid detection and decoding (HDD) schemes are conceived for turbo-coded sparse code multiple access (SCMA) by analysing its convergence behavior using extrinsic information transfer (EXIT) charts, which outperforms the state of the art joint detector and decoder (JDD). As a benefit of its carefully controlled complexity, the resultant system is eminently suitable for ultra-reliable low-latency communication (URLLC) in multiuser scenarios, since it requires a low number of turbo iterations between the detector and the decoder. In particular, a pair of HDD schemes are proposed. HDD-I and HDD-II achieve a complexity reduction of up to 25% and 36%, respectively, at a similar bit error rate (BER) performance as that of JDD. Additionally, we propose an adaptive turbo-coded SCMA system for mitigating the influence of multipath propagation so that the system's bits per symbol (BPS) throughput may be improved under favorable channel conditions by using the most appropriate near-instantaneous user load, modulation order and coding rate. Our adaptive system design principle can also be readily used for other channel coding schemes.",Yusha Liu; Luping Xiang; R. Maunder; Lie-liang Yang; L. Hanzo,2,,IEEE Transactions on Vehicular Technology,2021.0,JournalArticle
16a2f3986366e134422cd83af18d4eecf0eea12a,Airplane-Aided Integrated Next-Generation Networking,"A high-rate yet low-cost air-to-ground (A2G) communication backbone is conceived for integrating the space and terrestrial network by harnessing the opportunistic assistance of the passenger planes or high altitude platforms (HAPs) as mobile base stations (BSs) and millimetre wave communication. The airliners act as the network-provider for the terrestrial users while relying on satellite backhaul. Three different beamforming techniques relying on a large-scale planar array are used for transmission by the airliner/HAP for achieving a high directional gain, hence minimizing the interference among the users. Furthermore, approximate spectral efficiency (SE) and area spectral efficiency (ASE) expressions are derived and quantified for diverse system parameters.",M. Srinivasan; S. Gopi; S. Kalyani; Xiaojing Huang; L. Hanzo,7,437b21f6cb639e0d02cc50d6e5d8a46e1811641c; ff066d162a5ecf0a4aaaf6803bc9c294b65289da; d838c62e07b3897c66399bab15784a6725b2e525; 62193342da8df71189ac3756b8f35836f71ef5de; d4c546988842d539bae64dbbd065b007ab32ae5e; f3938a48ba33c1fbdb45ec648f09cb92cd320804; c8374f48aa62f2ba783ab709394d9fc1eb827720; 579a48ef338d05ca31f8ad7c182018c85373a5f1; 4d6aa8a400f835c2d023cdbacfc1546aafe74a2c; 546dceaf7f91e2541be35aae5c274287f257cb9a; 0aee776ccec780ab7477c28627586eb272774a2a; e8cf3725181319f1d58f510d7a8c3f92a604bf39; 4fe1036829b7835862c07bae23594b1a16f797ec; e468b817bb9022efd516b85e961a5a5197f41dab; c11263b0725ddda6d61c011f134647c16ee77602; 514ee1b4ef32aca8e750f7a97b2b305fa6d01e2c; 793c2fae0c3d0b8c1084e0c9e10e76cea6632b79; 83399093bbd56a8ee944f08809312b9768ee12c1; 6eb0228f1811f6bf1303af9089a28856e9d68b88; 030ff8bb115df2212f38ba36f859a31792819c76; 44d61e2945b92b01e718a3ab2c06dde94a5d7ed9; 59201a6e85bf77f2b7c35ec540624e73c71ed7e6; 925f022fbaa8fa7e955beb1c1d825fd9e376d40f; c1472b01f17cf90c81d807801eff024f54237773; 7fa9b2ff2b6cb782040888202c8b9fea497fd464; 7b3ba490ee64d25c417a77f530b8ad0f5cff469e; 966403793b1a90aae2f214db39b7abdfe3a133cf; 6b9a4ec03e73ed3a0ed6b001e6803d689a15fe38; 7b71ec511a87521943489f8dab97d54d08df8dca; 71f37969f1a8393ad47977d1a2d810f181acab44; 43f3222ada07f445a012cb87561a266ce1b0b6d7; 3e002de766266d0c1bee8194b629f1e4e9121b38; 6d07b2f51b8da79127cb2b4f401d7e96b38146dc; 52cf6d6f8b7cca70d927a8ab762abb00f8ea1426; 969b762843e71e9ecddefa814d8675186f8a2517; 717f4edc7c0c60b9ffc6bcb80aca8e11e13695a2; bb9029b05e7fa767fa81c07d173a04bfb4421b0a; 08568135f6e524084d16e96c4e3031643ac7b2ae; 55362a2dd71753d2ddf039e14dd137ac44e419f5; 10d05a27f868457536c77416759875deb9a03ddc; 2aace9ea45321678c559df047ce75a1743a59908; 12be47eed8b759d96e1a88f0d6764481682f49ea; 4103aff731534608906a6693a26708ac1fba6292; 03805352f454bc6bdf661e4682861a0a8804c4e4; 0478a1cadc0cc1ecc1b57eff1587fc3b03f04fab; 6ffb3107e1a9ae1741f3e781ac6a97ecbdec41d5; 694f6ceefde78d7abe2d5130dfdd097b52b80150; 529be8287751f80e2a809663ac235f40d7122a67; f5b2db4af0fd028f8f287e25ff9b47e87aa097e8; 4561d6ab9645f5c277bc920a0770ca434cacc6f4; c40da57bf1e79aa5918815c6914b3d2522e10e55; 8e24458aae174967fab5fc24dfb7c9d7646a29a5; 56b0763278725ceb2260b7af3c42ba5d45cfc59c; f88fbb9812636df857f0d11d9db858313f4bc26f; c0f18b0c4209c8d388620f30f1108711aa7262a7; 45346e0ba470becf7fce704531172f9520082ad2; acbb084c4b2f95362a5cda09b7083a2b17c0184f; ad5fda705a1ac620c4e7d78947b097a986054534; be807c0ce196723b954f637c1a781705576ec9d8; 9091a2fdf770bd7950ff52874f7a1df66ff5346a; 7eb3185c4a8a100571749c18cf52a8f289dc6c64; 0d4d86c8aee8e7855356a76a939591996c12e6ad; ca36facbbe2c45c943a024e0d84a4aaf2ed97755; 97985c2b63ea028e827b5adae1ef1c81091f4211; 3c30c5f0877be75fdfcf4a492f19033deba05121; 92742ae5c0afe0535b8f9b45003c1c3ad23b2c32; 0a62aaa54fc8a4c9c80fc1e332985a042f218ddd; fd142bc544a5dc758b9e4753552a6ae98c36d0ac; a392bdd3cc161c27d6e2cc9f3a7ec351364103c9; 82450adc2f672ba6b1cc8e28fd21bfbd8ff11d31,IEEE Transactions on Vehicular Technology,2021.0,JournalArticle
18b38c690f04652d79f875d740d7a9129ef86eb0,Permutation-Based TCP and UDP Transmissions to Improve Goodput and Latency in the Internet of Things,"To circumvent the degraded goodput, high latency and low resource utilization efficiency of conventional transport-layer protocols in the Internet of Things, a novel permutation-based encapsulation scheme is proposed for seamless delivery of packets to achieve high goodput and low latency. In this scheme, extra application-layer data is delivered by our permutation-based data unit (PBDU), which is mapped onto the permutation associated with a legitimate tuple of various packet lengths in a group. Therefore, the network interface throughput is substantially improved for a given number of resource units in the physical channel. The optimal design of this encapsulation is expressed in closed form to maximize the PBDU size, allowing us to quantify the attainable improvements of goodput and latency. In addition, the proposed scheme achieves higher physical-layer throughput and secrecy rate than conventional encapsulation.",Yuli Yang; L. Hanzo,18,,IEEE Internet of Things Journal,2021.0,JournalArticle
1f14b278530f0ab437424d68addcd7acbb9dbd2c,Cooperative 3D Beamforming for Small-Cell and Cell-Free 6G Systems,"Three dimensional (3D) resource reuse is an important design requirement for the prospective sixth generation (6 G) wireless communication systems. Hence, we propose a cooperative 3D beamformer for use in 3D space. Explicitly, we harness multiple base station antennas for joint zero forcing transmit pre-coding for beaming the transmit signals in specific 3D directions. The technique advocated is judiciously configured for use in both cell-based and cell-free wireless architectures. We evaluate the performance of the proposed scheme using the metric of Volumetric Spectral Efficiency (VSE). We also characterized the performance of the scheme in terms of its spectral efficiency (SE) and Bit Error Rate (BER) through extensive simulation studies.",S. Gopi; S. Kalyani; L. Hanzo,6,e60bd78ca8621c3938f740947d985c2ea5ff5d67; ac8758cac626b12959f0f027f6c36ba65dcb3d49; 33dfd23652c5ff06dabd002b16628ae537b587a3; fad6a829bd391dc9f459de8a5e1e8ccb0bac3c6c; 16a2f3986366e134422cd83af18d4eecf0eea12a; 0f5d22b814722981c1b12ef6498f344f680cff8e; 7e9af7aa9bd9cc78d4d1fb457d455c4d1eb3adc9; 5872b581bec7321bb4e8ebc56ef7093aa7a1de67; ea8858aaa2d31803cce428a3ed5ae15db1f1bdbe; 402e6245d6d2b8aba881d00d652c6121cf52fe27; 9efeffbe85b4b615f9d6f1718f4e706b485803ec; 1df5c8097244235cfa933a0d9a3f2ef21ad58085; 27bdd8a43b81608cef2bd26eb6ce3c0ba651bdb7; 32e8e1334caf6940e254f388b8b93b0bb5bba03c; 5e5627eb4e02420be517d25b3c6ddf92319522b1; 7513dcbf6f9164dd2b1f5b3febeec23b51c05a26; e8cf3725181319f1d58f510d7a8c3f92a604bf39; 2d624fce6d6e2a69983179b5e1eb83cac99173b6; 72cb9b7db52ef30f9fab2f5f8df9f224598c81b7; fa3c0f3c0dc834d65cef14105e3f8070cef20dd9; 9b37298e1497ac6bbd6a2c6d27c6acdb9d54d7d5; 2add18f7dc5c29b6ed00e4c94de22f61cf41c636; 54f665501b9684f1f19ee50579e73d2f2ad96ec8; 36e3111b1b2e86e17ed38245d65d61756f5e35af; a84d02ba7052ab0e9cf8bc3c0e1a5bcdd622da34; 70978b22b32a344545bfce3793b8dc7820e38974; ed5481af16a43cdff9d16ac6b88e5299358e0a14; 98929800f75790c41e1c88e5f613c3c9412fac6f; 27d6b20365e3b9fb9120f5e3e2b94b8483f2c1c8; 06847eedbb1fab99d9de59293c2b02ea0c844f3f; dfa1802dfddb13874469db17cf832bdcb34cd151; 29a169de88d8b61104bd71b3a4de89269f947249; add27a9fd86480b7a2dd0bbd00f626de0a15d769; f2c02359e0cd01efec6ddeec691f19eab50d539e; 25c6c113c469e9ee776f268257cb0baa8f2d8ffe; 4499f86c2a99bbe29ab00cb2f783d5baaaa86ec9; cf950c1260b9513248853fcd7c92ac23d62d6c3e; 0f5a0fbd07155cbf81ae9a5e76a1bc78da10a376; 3360c055ae59fc9bed89dd415586f1f47b4d92bb; bd778f985ca45d4e69f155fbea6b43d4ca197504; 7ee6ac9b867f2b28d6fa4d26d1894d93408abb9d; 0f7653f886f2972ad14851ab4aa70121d7548d47; 8383d362b94f9c889fb7fee9a63d425525fa95cc; 6d1a89cc605b4f64557066432696ecfc044694a1; f5b2db4af0fd028f8f287e25ff9b47e87aa097e8; 99bc136f50581fcf6bbc35356adadb1e1d751565; c40da57bf1e79aa5918815c6914b3d2522e10e55; ce4aba4896b4d985836f0d51627e1952fcfccebb; 7aab4a84a6ec2d73b4d6095776bb1f706b74f9db; bd89b01e8fa0ea648d3e2a9c6c0397e5148f54c5; 56b0763278725ceb2260b7af3c42ba5d45cfc59c; c3da3fad098f208a835227d87fd87c2fac34873e; 61210e780464278116b656ca9ee5294f86e19424; 0589c1fe741a42f84fa8f5ffdd075b49f946fb18; e0dbad7fa1bd8886f6eeede47076db3a358bb4c8; e3dfb3983a5da05169b31b18e881dd8274d3415e; dc9fa92c30062d6e43629fd35489a39068e51ba4; 4545ea070bc23149f86a988371f54e9760d4f31c; 52f168c6c4f42294c4c9f9305bc88b6d25ffec9a; 30cbaa62b46ea68324e61a28af5bd546edf88f29; ff4fc60a1ec8b9aaf062d6fd7eaaa292ffdd36ff; a2b0b035660b260599c5d010ed2776ffa5ea5534; 14e3521bec6a283ac57862fc8245af90ba203636; 72c4d8b64a9959ea45677ca1955d3491ef0f1c62; d6aa4588a21c2065b781c0926de5337f39831dc6; 30dfe7a6173be9d2de358c0c53e549d5c56d7568; acbb084c4b2f95362a5cda09b7083a2b17c0184f; a3aaa1254714a3b29fa66823a623baf3e1c5f702; 9c596bafdb9ccfa5764451fc7273f52b48b0c0fe; 1d36c8087eda6b9b7ea0bdf921cedd8c191db9a6; 6713d0f4bbaece3c16417467430294abe0a8748c; f594fa3363fd5a65f49adf9895459e2e55596c81; 0e0bb771232157ac878c4a9379fd05ea3af7b5a5; 5534b6d668309e8ae0e55a964b368cd0df6dbbcd; 9bb7ed8e80f8dcaa1089cbced7a958dbba55b932; 0d4d86c8aee8e7855356a76a939591996c12e6ad; 68a166d968e988777729a7f2bed35f6bfe458e86; d6e6c3243e9e4e6dd8f0bc783d7612b7d3863d5f; 92742ae5c0afe0535b8f9b45003c1c3ad23b2c32; 86b05bc7e953e683fa839ad01d6100a8f99558df; 0e3c699506c8871909d4f96a36590ba83146bd9d; c9c852bc0e8774336734ff339c1592b2cf2d849f; b962e6dd7493b8b4e1e20025941b758dc1a59a3f; dde523b2f27104bafc8d81185a1b888d2899287d; 09956eb05fae7c8b1abc3436ad01ad24ecc107bd; fd142bc544a5dc758b9e4753552a6ae98c36d0ac; a392bdd3cc161c27d6e2cc9f3a7ec351364103c9; 9606a0b0e9082d1f942cec704a13ad83303b7e96,IEEE Transactions on Vehicular Technology,2021.0,JournalArticle
20b7fb59c3c2dbc90d123ab401a05cffb2d158cd,"Sparse, Group-Sparse, and Online Bayesian Learning Aided Channel Estimation for Doubly-Selective mmWave Hybrid MIMO OFDM Systems","Sparse, group-sparse and online channel estimation is conceived for millimeter wave (mmWave) multiple-input multiple-output (MIMO) orthogonal frequency division multiplexing (OFDM) systems. We exploit the angular sparsity of the mmWave channel impulse response (CIR) to achieve improved estimation performance. First a sparse Bayesian learning (SBL)-based technique is developed for the estimation of each individual subcarrier’s quasi-static channel, which leads to an improved performance versus complexity trade-off in comparison to conventional channel estimation. Then a novel group-sparse Bayesian learning (G-SBL) scheme is conceived for reducing the channel estimation mean square error (MSE). The salient aspect of our G-SBL technique is that it exploits the frequency-domain (FD) correlation of the channel’s frequency response (CFR), while transmitting pilots on only a few subcarriers, thus it has a reduced pilot overhead. A low complexity (LC) version of G-SBL, termed LCG-SBL, is also developed that reduces the computational cost of the G-SBL significantly. Subsequently, an online G-SBL (O-SBL) variant is designed for the estimation of doubly-selective mmWave MIMO OFDM channels, which has low processing delay and exploits temporal correlation as well. This is followed by the design of a hybrid transmit precoder and receive combiner, which can operate directly on the estimated beamspace domain CFRs, together with a limited channel state information (CSI) feedback. Our simulation results confirms the accuracy of the analysis.",Suraj Srivastava; Ch Suraj Kumar Patro; A. Jagannatham; L. Hanzo,42,,IEEE Transactions on Communications,2021.0,JournalArticle
48288994e2efe46c1dff268ff5511882b783bac2,Accelerating Deep Reinforcement Learning With the Aid of Partial Model: Energy-Efficient Predictive Video Streaming,"Predictive power allocation is conceived for energy-efficient video streaming over mobile networks using deep reinforcement learning. The goal is to minimize the accumulated energy consumption of each base station over a complete video streaming session under the constraint that avoids video playback interruptions. To handle the continuous state and action spaces, we resort to deep deterministic policy gradient (DDPG) algorithm for solving the formulated problem. In contrast to previous predictive power allocation policies that first predict future information with historical data and then optimize the power allocation based on the predicted information, the proposed policy operates in an on-line and end-to-end manner. By judiciously designing the action and state that only depend on slowly-varying average channel gains, we reduce the signaling overhead between the edge server and the base stations, and make it easier to learn a good policy. To further avoid playback interruption throughout the learning process and improve the convergence speed, we exploit the partially known model of the system dynamics by integrating the concepts of safety layer, post-decision state, and virtual experiences into the basic DDPG algorithm. Our simulation results show that the proposed policies converge to the optimal policy that is derived based on perfect large-scale channel prediction and outperform the first-predict-then-optimize policy in the presence of prediction errors. By harnessing the partially known model, the convergence speed can be dramatically improved. The code for reproducing the results of this article is available at https://github.com/fluidy/twc2020.",Dong Liu; Jianyu Zhao; Chenyang Yang; L. Hanzo,11,,IEEE Transactions on Wireless Communications,2021.0,JournalArticle
5183ddbac3a671c326c9abca8e653d0a41381668,Analysis and Optimization of Massive Access to the IoT Relying on Multi-Pair Two-Way Massive MIMO Relay Systems,"We investigate massive access in the Internet-of-Things (IoT) relying on multi-pair two-way amplify-and-forward (AF) relay systems using massive multiple-input multiple-output (MIMO). We utilize the approximate message passing (AMP) algorithm for joint device activity detection and channel estimation. Furthermore, we analyze the achievable rates for multiple pairs of active devices and derive the closed-form expressions for both maximum-ratio combining/maximum-ratio transmission (MRC/MRT) and zero-forcing reception/zero-forcing transmission (ZFR/ZFT)-based beamforming schemes adopted at the relay. Moreover, to improve the achievable sum rates, we propose a low-complexity algorithm for optimizing the pilot length $L$ . Our simulation results verify the accuracy of the closed-form expressions of the MRC/MRT and ZFR/ZFT scenarios. Finally, the proposed pilot-length optimization algorithm performs well in both the MRC/MRT and ZFR/ZFT scenarios.",Zhangjie Peng; Xianzhe Chen; Wei Xu; Cunhua Pan; Li-Chun Wang; L. Hanzo,11,,IEEE Transactions on Communications,2021.0,JournalArticle
5dfb8fb1edcaa6604a8fb4d5fa3cfc83c791a42b,Polar-Precoding: A Unitary Finite-Feedback Transmit Precoder for Polar-Coded MIMO Systems,"We propose a unitary precoding scheme, namely polar-precoding, to improve the performance of polar-coded MIMO systems. In contrast to the traditional design of MIMO precoding criteria, the proposed polar-precoding scheme relies on the polarization criterion. In particular, the precoding matrix design comprises two steps. After selecting a basic matrix for maximizing the capacity in the first step, we design a unitary matrix for maximizing the polarization effect among the data streams without degrading the capacity. Our simulation results show that the proposed polar-precoding scheme outperforms the state-of-the-art DFT precoding scheme.",Jinnan Piao; K. Niu; Jincheng Dai; L. Hanzo,4,,IEEE Transactions on Vehicular Technology,2021.0,JournalArticle
603d1630df974d4f77fef384c8ac8f0225596cb0,Is NOMA Efficient in Multi-Antenna Networks? A Critical Look at Next Generation Multiple Access Techniques,"In the past few years, a large body of literature has been created on downlink Non-Orthogonal Multiple Access (NOMA), employing superposition coding and Successive Interference Cancellation (SIC), in multi-antenna wireless networks. Furthermore, the benefits of NOMA over Orthogonal Multiple Access (OMA) have been highlighted. In this paper, we take a critical and fresh look at the downlink Next Generation Multiple Access (NGMA) literature. Instead of contrasting NOMA with OMA, we contrast NOMA with two other multiple access baselines. The first is conventional Multi-User Linear Precoding (MU–LP), as used in Space-Division Multiple Access (SDMA) and multi-user Multiple-Input Multiple-Output (MIMO) in 4G and 5G. The second, called Rate-Splitting Multiple Access (RSMA), is based on multi-antenna Rate-Splitting (RS). It is also a non-orthogonal transmission strategy relying on SIC developed in the past few years in parallel and independently from NOMA. We show that there is some confusion about the benefits of NOMA, and we dispel the associated misconceptions. First, we highlight why NOMA is inefficient in multi-antenna settings based on basic multiplexing gain analysis. We stress that the issue lies in how the NOMA literature, originally developed for single-antenna setups, has been hastily applied to multi-antenna setups, resulting in a misuse of spatial dimensions and therefore loss in multiplexing gains and rate. Second, we show that NOMA incurs a severe multiplexing gain loss despite an increased receiver complexity due to an inefficient use of SIC receivers. Third, we emphasize that much of the merits of NOMA are due to the constant comparison to OMA instead of comparing it to MU–LP and RS baselines. We then expose the pivotal design constraint that multi-antenna NOMA requires one user to fully decode the messages of the other users. This design constraint is responsible for the multiplexing gain erosion, rate and spectral efficiency loss, ineffectiveness to serve a large number of users, and inefficient use of SIC receivers in multi-antenna settings. Our analysis and simulation results confirm that NOMA should not be applied blindly to multi-antenna settings, highlight the scenarios where MU–LP outperforms NOMA and vice versa, and demonstrate the inefficiency, performance loss, and complexity disadvantages of NOMA compared to RSMA. The first takeaway message is that, while NOMA is suited for single-antenna settings (as originally intended), it is not efficient in most multi-antenna deployments. The second takeaway message is that another non-orthogonal transmission framework, based on RSMA, exists which fully exploits the multiplexing gain and the benefits of SIC to boost the rate and the number of users to serve in multi-antenna settings and outperforms both NOMA and MU–LP. Indeed, RSMA achieves higher multiplexing gains and rates, serves a larger number of users, is more robust to user deployments, network loads and inaccurate channel state information and has a lower receiver complexity than NOMA. Consequently, RSMA is a promising technology for NGMA and future networks such as 6G and beyond.",B. Clerckx; Yijie Mao; R. Schober; Eduard Axel Jorswieck; D. Love; Jinhong Yuan; L. Hanzo; Geoffrey Y. Li; E. Larsson; G. Caire,188,93460b78a2e6b4528a3412f7564bb99c2b96ec0c; 2fbdce03a8205f5b626da2d08054be4fdca0e31d; 1284c133a8cd044a07f51a4b7884a6359d3b6b00; ad2db29444bc2f2655c349242bc7e4f4f96af0d6; 8e55bf9d1a32b66613e5e9b0b96e31eddcd614a5; afb85c926ecbccf8dcd28d76910c6e68186bd80b; c5a5a5d8f1c02158fa0425d98412e1b45564f90b; aa34a88aab200891ac5bcb1d34d06f4bbb8ba37a; 4d284cd834c982c0e5fb4f4c1de3023b40507ecb; 30b1e1001315e002d95e59c3604c6fa336063e12; 020fc99ae5527317b0223877a41930d7eda7dbe2; 1375137d9ca624f53b56583f7ca6b650ac43ab12; f4abce15ef9efd1c69ab4cd7ddc78ddf9b6f03b6; 465572b38a993ec09709c9cb1cc7897ec1468ca1; af4f7c8425e59bddae78f9c571f9ceedc9854b67; edbd4d9a8d218ee2415e39059c61f275df338e79; f295425224fccb9468fc61283f08d32005f53200; b8a06f158e49d521b65d41a1ff87dd6778b6ce25; 44103163fe6a3181c8835f27e52e66503d93f514; c23492ac2df6840887a3355f7404d3a5f1eb20ae; 011d5b565a869cba234eb75de5efe73e1b01f13a; 43328fd52a5be4ac849137204baebf438b47fe36; 0503509ad817ec7e89e516bed2afbf61deee61dc; d2fe5d67ac0f4796e1f9f7c7312bdb6b8a1870d1; 9ebc2a6842debb87d91b0aa037b953ce98eca0cc; f45e58908361339e8f0e1ccd42255720be605363; 8ac5a2b32ddf465bf77308b0a08b9db2c3d61335; 7455ee3dfa3d97ee61c5d57d591e8088f330d6cc; e67962b7b594c2ba769e825fb25313010bc9007e; 0564e4ff788c087c23e3bcbda9a13cf062a28c15; 82cf0faab19a8088ac1302f296a4c6562d3d8837; b43da1f4836a9efc3c2947b455a3a7bc0cafa9cd; 8eabd71300b0c4357586259070dc326ee866c7d4; 1b760011465cb07bf2377ffef043cd52c04308b1; 586470af8081f8168a7aa4ba1bbfab4a4fcfa5f8; e252be5e896e33b1b73cfd158634deec5601e6ac; 53d40acec7042636531d8d9161fcc553410731ad; c01128af99244d927a317e36de7808a3d0e8ae84; f2d9ad430f0f8ba70f632fa57d00663f28b322b2; 0b22c0cd56fed2264670eaf4569f17c87719f270; 1f003cba94da7e3aec2a285a1cc36b8724ea739c; 20cf74ef2961d0e4779dd05a1e0011e97c44fa9c; 0bcc8d0e3fa8f71601ab2cfe9e353ed9abf0ac50; 5a347e24b909767923f85831795030e11640a154; 94e9edf3d7dd500c1dc3b5d052c3b93549aeb27c; 8372f6eae769c0b41b8d79ca99447bf42a9e6eed; c8ff63115d8e0c837b6822257dd5cb263bdbc0ff; ec2b502efd2cedfbcd223224c3e057c6cf0cd73d; 2c16e51de0b0efc107200d992b9365bfdca50405; d5e780c2e2cf5a86f77f73ab79e6a4bea21d3f5b; dcbedf6f87296f1493d7944169a98f757bddff2f; e37b367831a45d1479a1f8a05278af9e5b20526c; 506977c3ea6fcbbb49fef93228e021cd9244b886; 6d0045006fa114d9fad52b5fb50fbccafb50d165; c164e6273e806044793e6eb62408c04652341fef; c06085eeeb359e8cb21d009f42ffd1917e018448; 2f77f05404a59e3f52b8cafae0b406dde90f7773; 3bfcbefdd2ea2a183ccac4e2e7fb17dc1785c2e7; 94ada601cfaddd3875b99ac3745887d36b4e2456; b10fe63b332ef7091ac2102c8a62477fe4d5e9be; 50b8fb03b155b4b6ff356dff28e6ade89b158547; 4681ec7c1b819bc1597ece4b971353b417f4dab2; 2f499aeeb63dd62dd13d55d6ccbed74ce751651a; 44eb7b0263a02f9b49fcf520f0c01e1def9f6bce; 3cb80b8887fd4d4d7e09e198c2628b12b9d8c831; 93b91f9b1dd25a1cfa629f39c3acdc06066675ee; 1e4d69bbfb5172ad35bd45be43f2c1296c330233; 5dc111a3299ab5363972270052e7921fd94a9767; 94c018a73ffd4b98f1a47542fd5b189d7dddf750; cf9151750af4d3aeedf328bdb2c2d1c47b6f76a1; 2dabfb5a4c91279d5afb4e529c09e6bcd8662db4; b340a4bfb51fbb1cab7e5c5784f373431db89d21; a6f51a23988f168ceef0768a578e3fcd4c5f4eeb; 0e7d8823cfd5486357fbfa6ee8986233cd382c43; 1868e8ca6a2b04c0817bd0f416a03a9e095b6e8f; 0a35ae27988f6b6518ee7d63a71a28725fa72573; e47514040aa48f84b7340f6bceaf3e96b517287c; 711b1a84ddbb40bd87a8729608680be097f1557c; f1af9d46eaee472ceb53b6de6bbf8c30ac281716; cda6f0e197d1c0641ba9b4723255bfbe238b284a; 0feaed984d98535af1a2df80313709e28158a9ce; 2191388c87b1944d329831831771b8ba95ad483d; 3ca59771a20196fcfa209124b88c99180190f77a; 36dc600da79f58bb67576e86f4e52e13491c5a20; 7b2d109aff1242f0f57355a4bdc06f8089dbd495; 906e1af8589d3b8918b0af239cadb246c8a8837e; fda8c1e5080a45613d9c74718ccc2b5ab86d5c00; b12c051b7164b156c33270142d077399292de1d9; 45339ae2c55ce1efc5202070538874dbedde8618; 591a118909dd7164e2372f7565ed00bda0e218bb; 8cafdaf8aa75381e65bc31414598f318447f8fef; 59c1fe9411a36dcf0e5030027139bdb10c3d3eb5; 0f699ec18762bcbb4a05e607a090bd8c5014c05c; 0849a46c0fd663c2009b319658e6422df0741f70; 9ec2e9f35ad7f79868b7a7df0305cc94cba4977a; da37a4349e5d09fa3bf7003e34ba53e64836b1bb; ce40bc174807bf87daa3919acbaf0fdbfece8d35; 731ee4e6ac623c9aeec3d276072db7212fbdff65; 09b8f7b5f3a11322c9f189166fb5862dec055d54; a7636b2cd2fca5a011ec6f8dd0c7b17ca68ff2ee; 5387c0769d3d18ace289c5cb3dcf90231d9d425f; b7074dba23defb7d6eabb5c72cec5776725ca054; 52e77cd5fbd87ec271099c7e5817b0446763c324; 15a08e935f93202276489e547fbf11c823f689bb,IEEE Open Journal of the Communications Society,2021.0,JournalArticle
615ed743c0e01065dd1936c6974f2aaf2469c306,Petahertz communication: Harmonizing optical spectra for wireless communications,,Zhengyuan Xu; Weijie Liu; Zhaocheng Wang; L. Hanzo,29,,Digit. Commun. Networks,2021.0,JournalArticle
76f4f2d477e48b5f48e71774281c0c046f11b73b,Space-Time Coded Generalized Spatial Modulation for Sparse Code Division Multiple Access,"Space-time coded generalized spatial modulation-aided sparse code division multiple access (STC/GSM-SCDMA) is proposed, which exploits the two-dimensional transmit diversity potential of both the spatial and of the frequency domain. Hence, it constitutes a promising solution for the pervasive connectivity of devices in next-generation nonorthogonal multiple access (NOMA) systems. More explicitly, our STC/GSM scheme achieves diversity in the spatial-domain, while the sparse signal-spreading action of SCDMA results in frequency-domain (FD) diversity. A single-user bit error rate (BER) bound is derived as the benchmark of the BER performance of our STC/GSM-SCDMA system. Furthermore, a pair of novel detectors, namely a bespoke message passing aided (MPA) detector and a tailor-made approximate message passing (AMP) detector are conceived by designing a new factor graphs for our proposed STC/GSM-SCDMA system. The performance of these detectors is characterized in terms of their BER vs. complexity. Our simulation results show that the proposed AMP detector is capable of operating within 2 dB of the MPA detector’s signal-to-noise ratio (SNR) requirement, while supporting a normalized user load of 150%, despite its appealing low complexity, which is about 1000 times lower than the MPA detector.",Yusha Liu; Luping Xiang; Lie-liang Yang; L. Hanzo,9,,IEEE Transactions on Wireless Communications,2021.0,JournalArticle
8624e68b531c7bd4731bbaaca1c4d9e9af768245,Cooperative Multiterminal Radar and Communication: A New Paradigm for 6G Mobile Networks,"The impending spectrum congestion imposed by the emergence of new bandwidth-thirsty applications may be mitigated by the integration of radar and classic communications functionalities in a common system. Furthermore, the merger of a sensing component into wireless communication networks has raised interest in recent years and it may become a compelling design objective for 6G.",Leonardo Leyva; Daniel Castanheira; Adão Silva; A. Gameiro; L. Hanzo,27,,IEEE Vehicular Technology Magazine,2021.0,JournalArticle
87d0eb2a9349b6eee37bb92411562590748e69b6,Hybrid Analog-Digital Precoder Design for Securing Cognitive Millimeter Wave Networks,"Millimeter wave (mmWave) communications and cognitive radio technologies constitute key technologies of improving the spectral efficiency of communications. Hence, we conceive a hybrid secure precoder for enhancing the physical layer security of a cognitive mmWave wiretap channel, where a secondary transmitter broadcasts confidential information signals to multiple secondary users under the interference temperature constraint of the primary user (PU). The optimization problem is formulated as jointly optimizing the analog and digital precoder for maximizing the minimum secrecy rate of all the secondary users under practical constraints. In particular, our design satisfies the constraint on the maximum interference power received by multiple PUs, as well as the secondary users’ minimum quality-of-service (Qos), and the unit-modulus constraint on the analog precoder. Due to the non-convexity of the resultant objective function and owing to the coupling between the analog and digital precoder, the optimization problem formulated is nonconvex and nonlinear, hence it is very challenging to solve directly. Hence, we first transform it into a tractable form, and develop a penalty dual decomposition (PDD) based iterative algorithm to locate its Karush-Kuhn-Tucker (KKT) solution. Finally, we generalize the proposed PDD algorithm to a secure hybrid precoder design relying on practical finite-resolution phase shifters and show that the proposed PDD algorithm can be straightforwardly adapted to handle the scenario, where each PU is equipped with multiple antennas and the CSI of multiple eavesdroppers (Eves) is imperfectly known. Our simulation results validate the efficiency of the proposed iterative algorithm.",Zhengmin Kong; Jing Song; Chao Wang; Hongyang Chen; L. Hanzo,13,,IEEE Transactions on Information Forensics and Security,2021.0,JournalArticle
9720985042fd8fb78d037f05fa8e0f00e04d6fdc,The Evolution of Optical OFDM,"Optical Orthogonal Frequency-Division Multiplexing (O-OFDM) is eminently suitable for mitigating the multi-path and chromatic dispersion in both Visible Light Communications (VLC) and Optical Fiber Communications. We commence our discourse by surveying the conception and historic evolution of O-OFDM designed for both VLC and optical fiber, culminating in the birth of its most flexible design alternative, namely Layered Asymmetrically Clipped Optical OFDM (LACO-OFDM). We demonstrate that it is eminently suitable for intensity-modulation and direct-detection aided optical communication systems and characterize its design flexibility. It is also shown that given its flexibility, it subsumes a wide range of optical OFDM schemes conceived over the past two decades or so. The LACO-OFDM transmitter and receiver designs strike a compelling compromise between the features of the popular Asymmetrically Clipped Optical OFDM (ACO-OFDM) and Direct-Current-biased Optical OFDM (DCO-OFDM). The pivotal role of forward error correction designs is also surveyed with the objective of striking a coding gain versus complexity trade-off. We conclude by highlighting a suite of promising techniques capable of further improving the system performance, but require further research. The take-away message of the paper crystallized in the associated design guidelines.",Xiaoyu Zhang; Zunaira Babar; P. Petropoulos; H. Haas; L. Hanzo,83,,IEEE Communications Surveys and Tutorials,2021.0,JournalArticle; Review
994cc3bc67dd00dcffa3489aa155031e3fda562c,Deep Learning-Assisted TeraHertz QPSK Detection Relying on Single-Bit Quantization,"TeraHertz (THz) wireless communication constitutes a promising technique of satisfying the ever-increasing appetite for high-rate services. However, the ultra-wide bandwidth of THz communications requires high-speed, high-resolution analog-to-digital converters, which are hard to implement due to their high complexity and power consumption. In this paper, a deep learning-assisted THz receiver is designed, which relies on single-bit quantization. Specifically, the imperfections of THz devices, including their in-phase/quadrature-phase imbalance, phase noise and nonlinearity are investigated. The deflection ratio of the maximum-likelihood detector used by our single-bit-quantization THz receiver is derived, which reveals the effect of phase offset on the demodulation performance, guiding the architecture design of our proposed receiver. To combat the performance loss caused by the above-mentioned distortions, a twin-phase training strategy and a neural network based demodulator are proposed, where the phase offset of the received signal is compensated before sampling. Our simulation results demonstrate that the proposed deep learning-assisted receiver is capable of achieving a satisfactory bit error rate performance, despite the grave distortions encountered.",Dongxuan He; Zhaocheng Wang; Tony Q. S. Quek; Sheng Chen; L. Hanzo,21,,IEEE Transactions on Communications,2021.0,JournalArticle
b7a797a4c8495e12cb26b99b9e2515587ea640f7,Wideband Channel Estimation for IRS-Aided Systems in the Face of Beam Squint,"Intelligent reflecting surfaces (IRSs) improve both the bandwidth and energy efficiency of wideband communication systems by using low-cost passive elements for reflecting the impinging signals with adjustable phase shifts. To realize the full potential of IRS-aided systems, having accurate channel state information (CSI) is indispensable, but it is challenging to acquire, since these passive devices cannot carry out transmit/receive signal processing. The existing channel estimation methods conceived for wideband IRS-aided communication systems only consider the channel’s frequency selectivity, but ignore the effect of beam squint, despite its severe performance degradation. Hence we fill this gap and conceive wideband channel estimation for IRS-aided communication systems by explicitly taking the effect of beam squint into consideration. We demonstrate that the mutual correlation function between the spatial steering vectors and the cascaded two-hop channel reflected by the IRS has two peaks, which leads to a pair of estimated angles for a single propagation path, due to the effect of beam squint. One of these two estimated angles is the frequency-independent ‘actual angle’, while the other one is the frequency-dependent ‘false angle’. To reduce the influence of false angles on channel estimation, we propose a twin-stage orthogonal matching pursuit (TS-OMP) algorithm, where the path angles of the cascaded two-hop channel reflected by the IRS are obtained in the first stage, while the propagation gains and delays are obtained in the second stage. Moreover, we propose a bespoke pilot design by exploiting the specific the characteristics of the mutual correlation function and cross-entropy theory for achieving an improved channel estimation performance. Our simulation results demonstrate the superiority of the proposed channel estimation algorithm and pilot design over their conventional counterparts.",Siqi Ma; Wenqian Shen; Jianping An; L. Hanzo,64,,IEEE Transactions on Wireless Communications,2021.0,JournalArticle
c2bcdcc15b6a503458ade953b1ae8e7d5c177cc4,Soft-Output Successive Cancellation Stack Polar Decoder,"Polar coding has been ratified for employment in the 3GPP New Radio standard and several soft-decision decoders achieved comparable performance to that of the state-of-the-art successive cancellation list decoder. Aiming for further improving the performance of the soft-decision polar decoders, we propose a soft-output successive cancellation stack (SSCS) polar decoder, which jointly exploits the benefits of the depth-first search of the stack decoder and the soft information output of the belief propagation decoder. This has the substantial benefit of facilitating soft-input soft-output (SISO) decoding and seamless iterative information exchange in turbo-style receivers. As a further contribution, we intrinsically amalgamate our SSCS decoder into polar-coded large-scale multiple-input multiple-output (MIMO) systems and conceive an iterative turbo receiver, operating on the basis of logarithmic likelihood ratios (LLRs). Our simulation results show that the proposed SSCS decoder is capable of outperforming the state-of-the-art SISO polar decoders, despite requiring a lower complexity at moderate to high signal-to-noise ratios (SNRs). Additionally, compared with the non-iterative hard-output SCS decoder, our SSCS scheme attained 1.5 dB SNR gain at a bit error ratio level of $10^{-5}$, when decoding the [256,512] polar code of a $(64\times 64)$ MIMO system.",Luping Xiang; Yusha Liu; R. Maunder; Lie-liang Yang; L. Hanzo,7,,IEEE Transactions on Vehicular Technology,2021.0,JournalArticle
c65fc1f82d9e859aa3d7f338c1634f3c83f010e4,Performance Evaluation of Index Modulation with Single Subcarrier Activation,"Index modulation (IM) has been recognized as a compelling candidate for the next generation wireless networks. This paper considers index modulation-orthogonal frequency division multiplexing (IM-OFDM) with single subcarrier activation, where a single subcarrier is activated for transmitting an amplitude-phase modulated (APM) symbol in each IM group. Furthermore, a reduced-complexity approximate message passing aided symbol detector (AMPD) is proposed for reducing the detection complexity at the receiver side. The system performance of IM-OFDM with single subcarrier activation is investigated in terms of spectral efficiency (SE), peak-to-average power ratio (PAPR), bit error ratio (BER), as well as detection complexity. Our studies show that IM-OFDM with single subcarrier activation is capable of attaining low PAPR. Moreover, IMOFDM with single subcarrier activation outperforms the classic OFDM using APM for a SE of 1 bit/s/Hz, when high power amplifier (HPA) is employed. Furthermore, our investigation shows that low detection complexity can be achieved by the proposed AMPD for IM-OFDM with single subcarrier activation at the cost of a certain BER performance loss.",Hongming Zhang; Zeping Sui; E. Başar; Lie-liang Yang; L. Hanzo,2,,IEEE Wireless Communications and Networking Conference,2021.0,JournalArticle; Conference
d949a2dbaf961c7fb7c1cad2771a39d154903afd,Gaussian Approximate Message Passing Detection of Orthogonal Time Frequency Space Modulation,"Message passing (MP) aided detectors are designed for orthogonal time frequency space (OTFS) modulated system. We first characterize the transmit-receive relationship of our OTFS-modulated system in the delay-Doppler (DD) domain by designing a joint factor graph. Based on this joint factor graph, we then conceive a joint message passing aided (JMPA) detector. Furthermore, a novel low-complexity Gaussian approximate MP (GA-MP) detector is also conceived, which models the <italic>a posteriori</italic> probabilities propagated through the proposed joint factor graph by Gaussian distributions. Finally, we demonstrate that the proposed GA-MP detector outperforms the state-of-the-art MP detector by at least 1.5 dB at a bit error ratio (BER) of <inline-formula><tex-math notation=""LaTeX"">$10^{-4}$</tex-math></inline-formula>, while keeping the same complexity order.",Luping Xiang; Yusha Liu; Lie-liang Yang; L. Hanzo,49,,IEEE Transactions on Vehicular Technology,2021.0,JournalArticle
da2df0e69d64b7075613758785ff87cadfac26cb,Iterative Receiver Design for Polar-Coded SCMA Systems,"An edge-cancellation-aided iterative detection and decoding (EC-IDD) algorithm is proposed for polar-coded sparse code multiple access (SCMA), which jointly performs Gaussian-approximated message passing (GA-MP) detection of SCMA supported by the soft list decoding (SLD) of polar codes. A reduced-edge factor graph is formulated in each consecutive iteration with the aid of the cyclic redundancy check (CRC) and EC. Based on the simplified factor graph, the EC-IDD gradually reduces its complexity in each subsequent iteration, while improving the bit error rate (BER) performance, compared to the state-of-the-art joint detection and decoding (JDD) of polar-coded SCMA. Furthermore, an embedded decision-directed channel estimator (DD-CE) is proposed for our polar-coded SCMA system under realistic imperfect channel state information (CSI). Our simulation results demonstrate that the proposed EC-IDD achieves better BER performance than the state-of-the-art JDD under both perfect and imperfect CSI, despite achieving a complexity reduction of 92%. Finally, the BER of the proposed joint DD-CE and EC-IDD algorithm under imperfect CSI converges to that of EC-IDD operating under perfect CSI.",Luping Xiang; Yusha Liu; Chao Xu; R. Maunder; Lie-liang Yang; L. Hanzo,13,,IEEE Transactions on Communications,2021.0,JournalArticle
ee98ce86e995989b280b3acf753ee34cfc7be4ad,Beamforming Design Based on Two-Stage Stochastic Optimization for RIS-Assisted Over-the-Air Computation Systems,"Over-the-air computation (AirComp) has been recognized as a promising technique of enabling the fusion center (FC) to aggregate the data gleaned from massive distributed wireless devices (WDs). Nevertheless, the computational performance of AirComp is significantly affected by the potentially poor channel conditions between the WDs and FC due to physical obstacles. For mitigating this limitation, we employ reconfigurable intelligent surfaces (RISs) for enhancing the reception quality and, thus, improve the computational performance of AirComp. Moreover, the previous studies of RIS-assisted AirComp tend to rely on the real-time channel state information (CSI), leading to excessive overhead since the number of RIS elements is large. To mitigate the above issue, a mixed-timescale penalty-dual-decomposition (MTPDD) algorithm is proposed, in which the transmit power of each WD, the receive beamforming vector at the FC, and the passive beamforming matrix of the RIS are jointly optimized. We aim to minimize the average computation mean-squared error (MSE) over time with reduced signaling overhead. Specifically, at each time slot, we optimize the short-term transmit power and receive the beamforming vector based on the real-time low-dimensional CSI vectors. In contrast, in each frame, we update the long-term passive RIS beamforming matrix based on the channel statistics. Besides, we analyzed both the convergence and the computational complexity of the proposed algorithms. Simulation results verify the benefits of our proposed MTPDD beamforming algorithm. It is also shown that the performance of the MTPDD algorithm approaches that achieved by the scheme using real-time perfect CSI with reduced signal overhead.",Xiongfei Zhai; G. Han; Yunlong Cai; L. Hanzo,35,,IEEE Internet of Things Journal,2021.0,JournalArticle
f907a80f9fcb9506c560bbf43053c3e59f725a09,"Space-, Time- and Frequency-Domain Index Modulation for Next-Generation Wireless: A Unified Single-/Multi-Carrier and Single-/Multi-RF MIMO Framework","As the enabling technologies move up to the mmWave and even to the TeraHertz bands for the next-generation wireless systems, the signal processing of high-bandwidth orthogonal frequency division multiplexing (OFDM) becomes increasingly power-thirsty, owing to the following OFDM deficiencies: (1) the high peak-to-average power ratio (PAPR); (2) the bandwidth efficiency loss due to the cyclic prefix (CP) overhead; (3) the sensitivity to carrier frequency offset; (4) the complex out-of-band (OOB) filtering. Over the past six decades, a variety of waveforms have been developed in order to mitigate these deficiencies, which are generally achieved at the cost of compromising some of OFDM’s beneficial properties, such as its subcarrier (SC) orthogonality, its high throughput and its straighforward adoption to multiple-input multiple-output (MIMO) systems. Against this background, we propose a new waveform termed as multi-band discrete Fourier transform spread-OFDM with index modulation (MB-DFT-S-OFDM-IM), where the component multi-carrier techniques are conceived to constructively function together in order to mitigate the OFDM deficiencies without compromising the beneficial OFDM properties. More explicitly, first of all, the PAPR is reduced by the DFT-precoding. Secondly, thanks to the IM design, MB-DFT-S-OFDM-IM is capable of achieving a high throughput that is strictly equal to or higher than the OFDM throughput. Thirdly, MB-DFT-S-OFDM-IM achieves a beneficial frequency diversity gain, which leads to a higher tolerance to carrier frequency offset. Fourthly, the OOB filters are placed in each sub-band before DFT, so that the SC orthogonality remains intact, which is unique to the proposed MB-DFT-S-OFDM-IM structure. Last but not least, we extend the proposed MB-DFT-S-OFDM-IM to support a variety of MIMO schemes, where the IM philosophy is integrated with the space-, time- and frequency-domains within a single unified platform.",Chao Xu; Yifeng Xiong; Naoki Ishikawa; R. Rajashekar; S. Sugiura; Zhaocheng Wang; S. Ng; Lie-liang Yang; L. Hanzo,12,,IEEE Transactions on Wireless Communications,2021.0,JournalArticle
01191ba5fa42264d16191ea72a9578790b213699,Scalable Panoramic Wireless Video Streaming Relying on Optimal-Rate FEC-Coded Adaptive QAM,"The demanding bitrate requirements of supporting flawless streaming of immersive video remains a challenge. To minimize the bandwidth without degrading the user's experience, we may opt for partitioning the panoramic video frame into numerous tiles and only transmit those covered by the predicted Field of View (FoV), but naturally, this philosophy critically hinges on the accuracy of the Head Movement Prediction (HMP). However, since the HMP is never 100% accurate, rebuffering of the missing portions due to misprediction is likely to introduce video freezes or artefacts, which may significantly degrade the users’ experience. Hence, instead of only transmitting the FoV tiles, Scalable Video Coding (SVC) comes to rescue. Explicitly, in SVC schemes, multiple layers having different importance provide a promising solution, where the basic quality of the entire panoramic video is supported by the Base Layer (BL) that only requires a low bitrate, while the Enhancement Layers (EL) are invoked for enhancing the quality of the predicted FoV. In this treatise, we propose coding rate adaptation assisted near-instantaneously Adaptive Quadrature Amplitude Modulation (AQAM) for layered panoramic video streaming. In our design, we categorize the video streaming into three priority classes according to the FoV and the SVC layer index, each of which is mapped to the most appropriate modulation mode determined by the instantaneous channel quality. Furthermore, we conceive an Evolutionary Algorithm (EA) assisted Forward Error Correction (FEC) coding rate optimization method for providing Unequal Error Protection (UEP) in order to maximize the uncoded source-rate according to the inter-frame and inter-layer decoding dependency for tile-based panoramic video streaming. The simulation results show that the proposed AQAM assisted UEP scheme configured by our EA assisted coding rate optimization algorithm significantly improves the overall video performance compared to its Equal Error Protection (EEP) counterpart, and provides perceptually pleasing video quality across a wide range of channel conditions by selecting the most appropriate modulation mode based on the instantaneous channel Signal-to-Noise Ratio (SNR).",Yanqing Zhang; Jiankang Zhang; Yongkai Huo; Chao Xu; M. El-Hajjar; L. Hanzo,7,,IEEE Transactions on Vehicular Technology,2020.0,JournalArticle
0b6b0be9aa047faff220ae3ac3762135b0676460,On the Discrete-Input Continuous-Output Memoryless Channel Capacity of Layered ACO-OFDM,"Layered Asymmetrically Clipped Optical Orthogonal Frequency Division Multiplexing (LACO-OFDM) has been proposed for optical communications and has attracted much attention, thanks to its flexibility in terms of power vs. spectral efficiency. In this article, we propose algorithms for optimizing the Discrete-input Continuous-output Memoryless Channel (DCMC) capacity of LACO-OFDM. Then, an algorithm is proposed for maximizing the capacity for twin-layer LACO-OFDM by optimizing the power sharing between the layers. This is followed by the conception of a more general algorithm applicable to LACO-OFDM having an arbitrary number of layers. Numerical results are provided for quantifying the capacity improvement attained by the proposed algorithm. Moreover, an adaptive scheme is proposed for adjusting the number of layers to be used for maximizing the capacity at different SNRs.",Xiaoyu Zhang; Sheng Chen; L. Hanzo,8,,Journal of Lightwave Technology,2020.0,
0bc7c9f10e4a99af496da54c22f9f70428b8a113,Bridging the Social and Wireless Networking Divide,,L. Hanzo,0,,,2020.0,
190184175785d9c7d703ce3b0f0cc49116c3b1c9,Proportional-Fair Multi-User Scalable Layered Wireless Video Streaming Powered by Energy Harvesting,"The problem of adaptive multi-user scalable layered video transmission is considered in energy harvesting (EH) aided wireless communication systems. With the goal of improving the quality of video services while providing fairness amongst the users despite the random nature of both energy harvesting and the channel quality, we formulate our Scalable Video Coding (SVC) design as a Constrained Utility Function Maximization (CUFM) problem. The proportional fairness and playback smoothness of our design is guaranteed by maximizing the log-sum of the users’ video qualities, while satisfying the battery fullness constraint and video layer (quality) fluctuation constraint. By invoking the classical Lyapunov drift based optimization technique, we further decompose the CUFM problem into two parallel subproblems, i.e., a dynamic transmission power allocation problem and a dynamic layer selection problem. By solving these two subproblems, we derive a joint power allocation and video layer selection strategy for multi-user SVC video transmission. The theoretical performance bound of the proposed solution is also presented. Numerical simulations are conducted with real H.264 SVC video traces and the experimental results demonstrate the reduced playback interruption rate and layer switching rate compared to a heuristic algorithm ProNTO. The results also illustrate a tradeoff between the system's utility function and the playback smoothness experienced by the users.",Jian Yang; J. Xie; Shuangwu Chen; Zilei Wang; Han Hu; L. Hanzo,9,,IEEE Transactions on Vehicular Technology,2020.0,JournalArticle
1e4e7a1db30effbe48d1473a7aa2fc70f848dd92,Joint Task Allocation and Hybrid Beamforming for mmWave D2D MEC Systems,"Mobile edge computing (MEC) and millimeter wave (mmWave) communications are capable of significantly reducing the network’s delay and/or enhancing its capacity. Hence we investigate a mmWave device-to-device (D2D) MEC system, in which user A carries out some computational tasks and shares the results with user B with the aid of a base station (BS). In order to minimize the system’s delay, the task can be partitioned into two portions: the first part is computed locally at user A, while the second part is transmitted to the BS and computed by the MEC server. The computational results are then sent to user B through a D2D link and via the link from the BS to user B, over orthogonal time slots. To support computation offloading, both the users and the BS are equipped with multiple antennas and employ A/D hybrid beamforming for their transmission. We develop a novel algorithm for jointly optimizing the offloading ratio and the hybrid beamformers. The simulation results show that the proposed algorithm significantly reduces the system’s delay compared to the existing algorithms.",Yanzhen Liu; Yunlong Cai; An Liu; Min-Jian Zhao; L. Hanzo,2,,"2020 IEEE 31st Annual International Symposium on Personal, Indoor and Mobile Radio Communications",2020.0,JournalArticle
2370ddb628a67baa7cddfbadc3a778b9bf0759cf,Secure Millimeter Wave Cloud Radio Access Networks Relying on Microwave Multicast Fronthaul,"In this paper, we investigate the downlink secure beamforming (BF) design problem of cloud radio access networks (C-RANs) relying on multicast fronthaul, where millimeter-wave and microwave carriers are used for the access links and fronthaul links, respectively. The base stations (BSs) jointly serve users through cooperating hybrid analog/digital BF. We first develop an analog BF for cooperating BSs. On this basis, we formulate a secrecy rate maximization (SRM) problem subject both to a realistic limited fronthaul capacity and to the total BS transmit power constraint. Due to the intractability of the non-convex problem formulated, advanced convex approximated techniques, constrained concave convex procedures and semi-definite programming (SDP) relaxation are applied to transform it into a convex one. Subsequently, an iterative algorithm of jointly optimizing multicast BF, cooperative digital BF and the artificial noise (AN) covariance is proposed. Next, we construct the solution of the original problem by exploiting both the primal and the dual optimal solution of the SDP-relaxed problem. Furthermore, a per-BS transmit power constraint is considered, necessitating the reformulation of the SRM problem, which can be solved by an efficient iterative algorithm. We then eliminate the idealized simplifying assumption of having perfect channel state information (CSI) for the eavesdropper links and invoke realistic imperfect CSI. Furthermore, a worst-case SRM problem is investigated. Finally, by combining the so-called $\mathcal {S}$ -Procedure and convex approximated techniques, we design an efficient iterative algorithm to solve it. Simulation results are presented to evaluate the secrecy rate and demonstrate the effectiveness of the proposed algorithms.",Wanming Hao; Gangcan Sun; Jiankang Zhang; P. Xiao; L. Hanzo,9,861fc164c025a2ad35c3bf26f17b2f486f76788b; dd33741168e46257d5f065b63920f2566759c3a3; 9ea13d026741f37d594e5245d9efed54b122eaa2; fb3e944fae7342f742f95adad85605f10857c86a; 65dd42aa7b9098eef53436f4e421142423f3584c; 4295e4d430bf85ddb4e68e30871223d3d53ac601; b1b6f0d4ad5145f4c8747224670746463a432f33; c856dbb6556486b99160221d1852b4e04d0f5e69; 1b760011465cb07bf2377ffef043cd52c04308b1; b10502d92a52be5744024d4dbc07282c08609a71; d2184095c07aa6a1425afb177f5bc6e1292f73cd; 131ee7009a05f0951afc47caef27efeb79646b26; f7e069fd146f63a8c9c111adcf7608e297bcea6b; a36acfa78e3b694c60727101a3a5e32ecd9d32b4; d9c100f6f9028cf9a80165533090b71f0d6dbe3f; 3a3cc274b8f1b6ba15369ffefbc372a32fd858e0; 43f3222ada07f445a012cb87561a266ce1b0b6d7; ebe4ed04481da3ebc1d3a72884df8e42961b25bd; fc554b3aa954c163847ea0d35196a94554fc796f; 998d5c4306bfe29358b5dc9b8fe6551fd349eed6; 960950bd5cea39e1f8f6fb7f0389ea7fd767140a; 29fca262293dba14e3869b0c2af0a8eddb4dacb7; 12c128bc824b7d81a957a7016b775a2bf4f5e2d5; 3bfcbefdd2ea2a183ccac4e2e7fb17dc1785c2e7; 5a0ef3f979bdefb8e4dd4d3f214b1be2c58023e0; 80d8288773fcb4412568e9d44ac59ff48f76cf63; d0322725baf5d2c65ae20c0223a13bd3ab73fec4; fdce572634b9d52a30f46ff97f069f8ea5ac306f; 1deecfaca216186e66af4a4558ca1ca8d9c202b0; cb1c30235f8b738d744b7e03cc51797aa9f1f272; e4b35714bddfbea0f1598beed14b82cf105dcbc9; ce4aba4896b4d985836f0d51627e1952fcfccebb; 38c59199dbb147bb9e155f8fa19cc0cf6641bdac; ac4406c49c423adc90b4dc6488fe0ef52203ac5f; 6964dde286738d1965162656becfd84ac77598a1; b46bda821a4f0d7415d471488ee338ae92e60fb6; 8380beb7c68c389125462006d0096cc6ae1f339c; 3ccf752029540235806bdd0c5293b56ddc1254c2; 261bfaf79635c455c7ed8bd2ddc6785fd9d9ced0; ba904e406389186fb58c37b2b364977679c46760; 68606e5af535c2338b87bd0903e0e4db56cd1520; 345b1a3512743fcaec659abe5cebde0ddb6af12e; 8b79e6592e28a042ab6c4164517bed5e3b8cf308; 33daf89c418dce4d4627fd2b5ac073ebfb1d0bef; 83ab3005a9bc9260ac8c4648840f63aafa8f6e4d; 0dad8a5040861e2ee8e106be33d639bfa58d1584; 2e8eff2e604058144b6685c3e5381cfda7737a5a; 55c628f64d363b589ccb7c738cc7b60f074e9ad2,IEEE Transactions on Communications,2020.0,JournalArticle
23750f7c564f0753bae28b7824b1fc1720120153,Dynamic Hybrid Precoding Relying on Twin- Resolution Phase Shifters in Millimeter- Wave Communication Systems,"Hybrid analog/digital precoding in millimeter-wave (mmWave) multi-input multi-ouput (MIMO) systems is capable of achieving the near-optimal full-digital performance at reduced hardware cost and power consumption compared to its full-RF digital counterpart. However, having numerous phase shifters is still costly, especially when the phase shifters are of high resolution. In this paper, we propose a novel twin-resolution phase-shifter network for mmWave MIMO systems, which reduces the power consumption of an entirely high-resolution network, whilst mitigating the severe array gain reduction of an entirely low-resolution network. The connections between the twin phase shifters having different resolutions and the antennas are either fixed or dynamically configured. In the latter, we jointly design the phase-shifter network and the hybrid precoding matrix, where the phase of each entry in the analog precoding matrix can be dynamically designed according to the required resolution. This method is slightly modified for the fixed network’s hybrid precoding matrix. Furthermore, we extend the proposed method to multi-user MIMO systems and provide its performance analysis. Our simulation results show that the proposed dynamic hybrid precoding method strikes an attractive performance vs. power consumption trade-off.",Chenghao Feng; Wenqian Shen; Xinyu Gao; Jianping An; L. Hanzo,19,,IEEE Transactions on Wireless Communications,2020.0,JournalArticle
2cbd667dc24046d523ef308f084f47c5f67872fd,Joint Multicast Beamforming and Relay Design for Maritime Communication Systems,"With growing human maritime activities, supporting low-cost and high-speed information services for users at sea has become imperative. However, traditional means of maritime communications fail to provide high rate services due to their high cost and limited bandwidth. In this paper, considering a base station ashore and several offshore relay nodes, we propose a cooperative multicast communication scheme for maritime users relying on joint beamforming (BF) optimization and relay design. Specifically, we decompose our proposed joint optimization problem into two subproblems, which can be solved by the feasible point pursuit successive convex approximation approach. Furthermore, an alternating optimization algorithm is proposed, which imposes an exponentially increasing complexity as a function of the number of BF elements and the number of relays, when aiming for finding the globally optimal solution. In order to reduce this excessive computational complexity, a low-complexity distributed algorithm is also conceived and its closed-form solution is derived. Finally, the simulation results provided show that our proposed algorithm is beneficial in terms of increasing both the throughput as well as the energy efficiency.",Ruiyang Duan; JingJing Wang; Hongming Zhang; Yong Ren; L. Hanzo,24,,IEEE Transactions on Green Communications and Networking,2020.0,JournalArticle
305ca2ad51e211329d2ab7cbff366a6091d1db8d,Two-Timescale Hybrid Analog-Digital Beamforming for mmWave Full-Duplex MIMO Multiple-Relay Aided Systems,"Due to the severe pathloss experienced by electromagnetic waves in the millimeter wave (mmWave) band, a substantial challenge in their design is to have an adequate coverage area. With the objective of improving the coverage area and the sum rate attained, we conceive new full-duplex (FD) mmWave multiple-input multiple-output (MIMO) multiple-relay systems. Specifically, we propose a novel two-timescale analog-digital hybrid beamforming scheme for maximizing the sum rate, while reducing the system’s complexity and the channel state information (CSI) signalling overhead, as well as mitigating both the effects of self-interference and that of outdated CSIs caused by the associated delays. In the proposed scheme, the long-timescale analog beamforming matrices are designed based on the available channel statistics and updated in a frame-based manner, where a frame contains a fixed number of time slots. By contrast, the short-timescale digital beamforming matrices are optimized more frequently – namely for each time slot – based on the low-dimensional effective CSI matrices available on a real-time basis. We develop both an efficient analog beamforming algorithm based on the cut-set bound as well as on stochastic successive convex approximation (SSCA) and an innovative digital beamforming algorithm that relies on the theory of penalty dual decomposition (PDD), where our design objective is to maximize the system’s sum rate. Both the convergence properties and the computational complexity of the proposed algorithms are also examined. Our simulation results show that the proposed two-timescale hybrid beamforming design significantly outperforms the conventional beamformers both in terms of requiring a lower CSI-signalling overhead and a higher sum rate in the face of realistic outdated CSIs.",Yunlong Cai; Kaidi Xu; An Liu; Minjian Zhao; B. Champagne; L. Hanzo,44,,IEEE Journal on Selected Areas in Communications,2020.0,JournalArticle
31eb2b22e3b309ca43d7ef5a65b8288a59ba9be5,Orthogonal Time-Frequency Space Modulation: A Full-Diversity Next Generation Waveform,"The sixth-generation (6G) wireless networks are envisioned to provide a global coverage for the intelligent digital society of the near future, ranging from traditional terrestrial to non-terrestrial networks, where reliable communications in high-mobility scenarios at high carrier frequencies would play a vital role. In such scenarios, the conventional orthogonal frequency division multiplexing (OFDM) modulation, that has been widely used in both the fourth-generation (4G) and the emerging fifth-generation (5G) cellular systems as well as in WiFi networks, is vulnerable to severe Doppler spread. In this context, this article aims to introduce a recently proposed two-dimensional modulation scheme referred to as orthogonal time-frequency space (OTFS) modulation, which conveniently accommodates the channel dynamics via modulating information in the delay-Doppler domain. This article provides an easy-reading overview of OTFS, highlighting its underlying motivation and specific features. The critical challenges of OTFS and our preliminary results are presented. We also discuss a range of promising research opportunities and potential applications of OTFS in 6G wireless networks.",Zhiqiang Wei; W. Yuan; Shuangyang Li; Jinhong Yuan; G. Bharatula; R. Hadani; L. Hanzo,9,,arXiv.org,2020.0,JournalArticle; Review
3275e06687683939522566a9479aee1cff218c20,A New Frontier for IoT Security Emerging From Three Decades of Key Generation Relying on Wireless Channels,"The Internet of Things (IoT) is a transformative technology, which is revolutionizing our everyday life by connecting everyone and everything together. The massive number of devices are preferably connected wirelessly because of the easy installment and flexible deployment. However, the broadcast nature of the wireless medium makes the information accessible to everyone including malicious users, which should hence be protected by encryption. Unfortunately, the secure and efficient provision of cryptographic keys for low-cost IoT devices is challenging; weak keys have resulted in severe security breaches, as evidenced by numerous notorious cyberattacks. This paper provides a comprehensive survey of lightweight security solutions conceived for IoT, relying on key generation from wireless channels. We first introduce the key generation fundamentals and protocols. We then examine how to apply this emerging technique to secure IoT and demonstrate that key generation relying on the randomness of wireless channels is eminently suitable for IoT. This paper reviews the extensive research efforts in the areas of theoretical modelling, simulation based validation and experimental exploration. We finally discuss the hurdles and challenges that key generation is facing and suggest future work to make key generation a reliable and secure solution to safeguard the IoT.",Junqing Zhang; Guyue Li; A. Marshall; A. Hu; L. Hanzo,130,3546467e85bd66186367ae82b80fc7c04e7b09fb; 22e14c2dc95fb4170942aa95b08bc4ade66d8324; 6425d1f4eaf16236c537d3fe915b3770881a9ad0; 390028d03a490dc24a768a71050991aca62d91dc; a9592a5ac16e4442c25f54a5dc0a61437f99ab87; 63fc722e7cf9a20794b4de21f792e0854665214f; db88ae6f8db92ef552f4cf6da7c787f3c3f8fab3; 117678ad5c73c38a6dacb3e37a1913956a6cab08; fa73c3fb7f2c3e974647755201a5590c56c94ae1; e72c69c20663f45580a73ad66f7b5b0ad3126a9d; b6539ab92ac988867dd54780a5a5bb75e6a23959; d2a7f531383cc375f8cc1e84de7bb6e0de5b3d09; 30e22b1778947f6299ad6c09067701ab9f51a2da; bab5252fea2982a8465f85c55a4c90c362d0af99; 0cbdb5e412fd72834e55374d933bf7873ac8b921; fd81f18ae2c250b68d15e5fb098a0bfdb7157afb; 1d4935e800f4c2dbe22a071149495abbe9bf1e9f; f25a302a456750f2b78cbcc71eb391806eaabbc5; 15e4b65094f9281804d1bc7cbd27430f4e14b8df; 108426dc8bab0fad6c42348bfbaa6a4ddf7b9170; f817a4bd5b9b9f67735d2be925c1bc8d1b4b6255; c2c1c8f9d6caa7357725dd9f9c5b228c52aeb0f2; f5922adf0ab5ea0fcdfdc3c23371ec153d0eecef; 8c9c77cf6a73a586dc58077687b5688da84c7fed; 861527584b5cd37a8e30e5026da10a2e8aaf0a71; 36eea10f8d0202b1db31aeff0edde547b6da5302; 69afe61196d586fd1c621082647825d36a88bbec; b503b97a04006f587ad9e3a3b954ef5c00d7d750; 5533f42eddb24d05df8ce27f5aa30d9986259d7f; 2e9baa3a573cbba208934e816d23a93911c41f0c; 4c7980fd3736ad5df123ffbee583e8a6619a1454; 65ef931af8c27b4ee2ec4a3a858eabe1dadcd1d1; 09cbd5b138429fdc28905cb29d2865b58d432d5c; 3af31860eedc9579f10db8dd526629e3bd7777d8; 6d6224429dccd6275762322fec4c992b9620be6f; 497c70efa942b0e6e3d8838cd7b9f791596368ce; 7f7190a23c45220200e73625535f932f28786611; a0fd8a8ed601f13e9cfc2a22aa23d777b4df4fab; 13c6a91f470b20a5ecc792d06d7b5ecf0f26a7ab; b87b796a88ec939c08b4291a1f284ca04a737867; d35b17ebaf09a90f33416ff0190f04839b22dce6; 6ebc68c13619ac9ebeb77e067d0fa1ca04353fac; 44189241536abdfdaa34a92180d3d25967a16848; f0a0dec188c35754825dd398e0b94d1df0c4b14f; 82f82901a5de4dc0e4247318be852d9cbc273f4b; 606eca55126d52df25c5500824cc7da52b220e15; 29af25bd99d9df5c663e212b10fc729d0d13f52e; 901f60e47aaf76e48a50b527d0ef249a16b4b11d; e6c22fbc7bfd351588d776ee40348e32c4ee2f4c; fef56f2bfe1ad9a38ca0584a88fb5326d2349882; b88f6100667f99d86ed21b414e694338070deca9; 364a4b0b135db4c2c55de3365282411afdce9ebb; a89038a17e9154c07e62adfaccce1f5b22688021; 4f836672eb2c060c8eef0023f220a1e940032a33; 4cdbe12f70c42c502b43177255d2ed9d1efcf59b; 419ab788185bcf6fb91ea2ee46e4dcff68ec98c4; 1fd9fbafd98b91ec6fe767b9603590fee07d95f9; 022608dadaf6db02620f4cebb1cb50a10e3aae1d; b74ecd03b643c7655c7f29c524f54cc4326ce9d8; 3a534bf5ba7ca66f3b8f6aa5858b9b1b31336728; 08eccb03304818a3a2b71632cf65d13ee38138c9; f43fcbee39a8ab162f51247327becc4a822d935f; 2aafd245b117b29003b8d93a1aecd26a075dd722; 1dddac01e80f1356828d88853a231c1f17dc23bd; 57ee509a98b2c9c751e96c54cf10399b072902b2; 06b7e89604a520ad9d3fd1624e6a3c0a680eb12a; 8ec29ab14ceb9acc55d8a443a1530f6656b3aedc; 220a7eed5c859f596a0d9dbc194034d170a6af51; 4704c06563f5e14f29a55e8f089e18902b66ee88; e58dc3393f91fd47ac6471ce498ed87ac404a730; 7b362f599f19b6496d402e282a98919814de2d04; de00328a4d7109e6294a823da9e668eec3912eaa; 9c3de0b1b8a26a9ad45144b385f624680763f17d; 117a6bdb00543176cacb1f93df5dcc86a21f9e89; 77fdb6824d4d83b5b40102356d42ea0acb2ba471; 31bc86c09a8fc4c0119b50331040e63da0be15c6; e0ffd5540c26492d327b58153de89576e867430e; e79f66525f923afafc004043575f84ebe1a2b6a6; 3e99a949714d7052e8b1235803cf4517a7896d3f; 88fd146d60770f1e0ac44ce5af399f4729b0f4e9; 05ccf6e4f357d3954ad98a746b22e74cc3655cca; 2508a26bbfd0f3ce9d7ce359c1f11f08355be428; 648560b947c132b3766bb381386441afa889ddf4; 134d31371c98cb12a6944a1b5efd7b4da08ced05; 9b6f4dc8b53fcbc65305cb5c59ea6bcb421d14ba; 4ac83c8e3aab76a8937a004742a4ffe33fc0ec0d; cf0719b8d8c3c75c4212aa986600348f1fe0a3f2; fddf35726ea87189651e3451574591cdd2fab87a; 62c83f246213395c9a283422eddee13a60af0271; a5fb7f8e6f97fdbd7f11741e8dcf734644bbea8f; 99c6b55a9896b4545e576f063fdaeb408e3e9263; 7869c1426e8196606a4e222f215a3277b92ae637; e665bd5eb45d04e2c3e3f255926f14c4cba96a86; 1120f141bf9b8ac6be96ffdd6d751b0e73cbb48d; 9ab7d8d602a17304f26c38af64bd4b5dfb7085ad; 9b6bb4bf322046108403aabc7d7722f2021c7664; 67acd40c4dbc19669886361fb8bcff43b038c224; e1faed961d3d06859e8cf8ad3f39d110fbfbe65f; 7137949ab44275a5e66da3e90b688b7c1ba966ad; 7323f86c1a5e37fdd774abf14f19748fd3d9a6c8; b74483e4ef7ba45af25a627a87884019ad9585bb; 909f033dfa19cfca1e555594f686738e5a4619f8; 19f765676bc6757b7c7a333f0f354e6a1f6bc1fd; c1bee157d0d586301afe3d8a9f7c793c2ba81641; 339bcc18feee9968eb05db0f8f4f99a0dfc6c187; 0406e8b2366e5c77c23b244d664b16dded582856; 27ff14a351d603d001716cbd1998aef1142e8e17; 32fefd5f12a11ebca2960963413c7cda0488653b; 45d30225f4526be195849bef1871eea4f5e6e642; 121f97ec3cdc702033c587fdd6e01e01c74465b6; efc9a7cfca40b051345954b40425706e8b45cec5; 6cfef70ec61b131f2579a505b4e96d689d0467fd; 6e122e15cf000d43a507d48bf323450f8a68cbc0; 5905cc4a75ab561e4fe2769a5547063c2715e25e; 7a7d1e38bf1809ff7185bcb3a876363fbc878851; 75d9314d88bd1cf6955f0466007d53915fae1c20; b76ce675225748346e626b2ca9f6b7f7ee9e6310; b1b6f3d1a64ec92f3cc66ae731f9e9fc30e6163b; 3d46c93f89ad434ed9903e7a4405da3d658477ea; a09a3377418abbcfdc57a898c070ccadaff2fc3e; e7ae0af7a0719c78c2f1123cf39480cf43e1e9e3; 563534b4b6391e39ee992b2c8039baad519b6136; a3cd7ab5944b7ac969bcc9833c9a2a1efc5f076b; 0ca62ffa76fb5b589425644de3ad4627a390a2ec; 8599668020ac8760e3c8b9e5cc671ed58960da41; 84f25ddd053e414f239b91552410dab0adbaedad; d475cdb276919233dcf5f46129faa4858e814866; da646355326de862b0962cd7ff0407a79feab6a3; 1a6a53a88394a38893771e5ce475c1f4733d6e24; 2cf73f5c0de26be03205e5ca27da39a626404a97; 43eb6b332be643bd95e9eaa139b8f5d6f80aa176; 89726009371df933bd1113e0a463449d625ba7cc; a5b5248a7fc7ff6c6bfc202d4da5032b68ae9f8b; d21b7080fc0485acf961baf6782e59c01163d68d; 6c5818e839c7b2b557180bb1e4aeef99917f4559; 0fad59fe2707cec2d3fc0667f7747a8b95a4c4e2; a5208a7e7a1623076b99c7fd1acb12ce39a76e1a; c5153bff752392a24686c6e5cc6020ba743b76f1; 0042f67d1bf1199db709e78b5edfa8b9f4201bb8; ee9b18f1f04a4dd172799bf71350ab07c07746a1; b8a662f55fc8d05d8d2a0a7789c9d5777f81dba8; ed4999733d6a047977884431c2d3eda3c6802cb0; bd7bd11aa187e24f941eea286761b19549b16dad; 9eec3c52e2c34de6746a8edca0980a07b084fa8a; 27fd0f88151011e12f02f55d9e95cc81c1b59873; 277befd2d2b2aa8c49998d7bf429385cbce3050e; faef67f0c9f636fc99512c44e8c381ae68208f40; b46e0de20516aebddfc4ab297c5f110ae4dcf296; 52fd8fa465ec960ef2dcb5ef8dccf0bdacc8b630; 67bfd431c67c662363916ee300d1bcf97bbb92bb; 2faf396695e2a1ba6416b07f34824dd61e16c3e4; bbac6c9d06ef4b680548c0dba64b09b2d463f91b; 6581c0198b7e2d02d10fa2addc207a9e2541e4dd; 8b841c421084ff765fa7af71febbd42c44f7c124; 3943be764ebbc11ab3e983e1633b488083d2ebf6; f2106979ce96a383adc897515c003ef7df6b8527; bc8fdb5240b11dc9e1712a95639ae31efa61520c; 4ed4d6b28a8d9a5c410eef2e2921f2a37433c272; 6bc52fcf5ddaad6618de7f9829acb75887b610da; a1da9ea038bbf5f29a308a62fc148c8e7516e990; 4f4b71920b4f7fe06a8dc159aff6259212e6cbc7; 8c7b97ba25b340955325db6b2364b36e222fec86; 12a98a50327c822d4cd048428a3cf7fab380841b; bd59cc0ac712eb3c49af6dbd8eaa63788530dafb; e012293064883350e6c423ac950d48bdd1d1437d; dfbf96ee88c5515b20e88cb4df53dbc050e8b4cb; b0182dae43f97664dcc7548f77005885ad7a7ba6; 6b5bdbc286661c91cf1c7d3cc4c2ab14911ce2e2; 5139e3af984b971f37a050fb6d3d1e0bfdfb32fa; 3251951ef06ca3eb0ca3df6f06188b0d74847164; 96ac2ae8bda72b354695581c0ff87b21cbd0572f; 952e9f20150bc11acd8ac26de6fe9373718ec991; ba61b40b74f59a910547a8010e2661d8870e987d; 35494f7b9d14fde7537fd50391a3a999443eeac2; 9db3d9177b8ff20cd10acbcee8a6590a86959715; c1a525ed0c6c9d977d497c7926dfd9a81f04ca5e; fa06cbcbdf5ef57dd6ab7c2c1606ecd6d4941f6c; e70f108961a7b250d3a77ca4a16c8e65626e96e6; 55a8adb12572864189e05813050a452b0760a865; 7fc627d0b65d1d2209b86ab00a9e488017fee17c; 1ce5f995dcc71b9ec0e73008d38b4d95a8558754; ecc380fc1e545d41ba37b108070caa5d3b11914b; edcbd20728e3566d634d2f608413784b00db4d27; 0db7fb75a72b8ab5cc3cba457ef54aa7169c34c9; 2cad7a9aab0c110c231851a82c2ad8497e64a933; 5244e77670bf4da8fd3149f34e5ff3e6ec935012; 3d828f5806d496655f620f4d66730d03528badf2; 0a49f416e741a57c7a214b43acf398cc14b0641f; 7478e93f3b75d0023c0e2d6dae6cd64b60c91eb3; 60dccfb6891997cfcc35cf257ca7f2700a07ef0b; 6fd0cbf86dcab3f421072b43fb0c672078c86da5; 94a68b9eb162eacd3db1813a2f64d026ade73110; 3bddd9ac9ff8a108056280083671cd3c9f69a473; b0b75bc32d26ceea6c4995fe140e967b4436483e; 0ac3a0bff045ba127679332c4455de0c907c353d; 7ee59596adde55e744c0c7dc00220dc6d89d912d; 0aff52c8aacb220892aa471b7cb5f345dcb423d7; 66dd2f77d4934c8f503ed9b7864ac4891608e086; a1a4f7dd959feec2d09f077d9181184231ed29cb; 3651d0eff5825abda68e9730c886230789951f29; 2cb4493b0f75e226fb59d46851b44fb871774b90; 855404f4b784ad0e668b609bf28cfe56ef90fd8c; 1ac4a41b3fbd426d8a03725e945a409f9e187e97; d341fb4e67a94bfb6462fe7b4569bbd518c06319; 4d9a1f99acae6caf55bd7edfb42036bee6942b2f; 3c813b2517ea2713dffb4743d837031e6cc2d46c; 8c760d07730ded11fe472e8bb673d4635a92420f; df1ccb4cf0b4eede52d46f6c3b36464f363e4303; 6664c11d7bc3e410230e6550481befd1499cb5d1; 0c897fe4f9b00157ace71f70ea344f7d7e3b9d9e; 89ad80941f2bfb3f81deb9944b36c4d6606437ef; e5015deda3de2f41053ba2d0f94384db0890a9c7; 961187b1eafa75e4a1e12f338116072948f4a73d; 237dfab0d88df6d4f2880374f950c689f9f46fa8; 4c6ccc8001d144e2da2d62f213a08dfb322160b7; 9e18e18bd79bd53a0986cff743ea4bada88b472d; 40eab4b40829cfd930012d22769b30c29c585cc8; a246ed09ba270853be35430d23337ab640afaa9c; eea3a3670dd22059f261f0a764204670a2feb40c; 4e71f2e8e3a554ae1ee5bb669584307353ac70fe; 3c97105f2a5650c87898ffcdf731ea1571c73177; d5959c31bb4a6ff4a91de883c26f5315ddfbc852; a66f97470df492e6cd7954d6818d64c9b8793f2f; 40934cd3f27044f05394258fddd1303d54ac55e1; 06521fd89f6233bd779b7754a4042dad3008e650; e64284afd4fa6b1f8fce3ae4f99771ea1e9e8bd0; 95c766088ef4c692f5bc9f0c7f93beacdba99763; 5643c07fccc6471842bdf17e68f405c1e9473452; 51200428ab61b7dd47ac909a7a322d9254214432; 1d97524cbc6f94a12468406e2040bc618cc0a0d3; 153bcc0d3b55d5cbb257151341c2d9115dd04b26; 906e1af8589d3b8918b0af239cadb246c8a8837e; 26c64e91b2048dc94970c69f503d30d30a788ac5; 5f00233479dd7d08475f708c911c5b3999a78d8f; 13d42b7552c899b9930709005fd7be34f6d4f30c; 1bde463ee842905fde80971fecbee012bbef07ce; e2597d4fa394b8261f8b5fa668959926ec772a88; f7b38360d796c5ba2beda2c18e2291ab56937397; 7542f0a57cb27e08cf59b0cbbd911fec17d32b25; 40e7211d81b4713c1c3f42fecc07fab3e10af001; 961fc0f6c68303cde94a28fdb24e6eaf3ef040b4; 1b0570b3980a27ec22aa0693e0d396d0a80b8b57; fa9ecd555069f646aa4480ea5b987a6f7ed4855c; d7e732b3c9f8ab14f0548527abf13ad8b8cd093c; 85d1075adb6ec39cd734b0bca201e03a5c27e611; c2942eb8f60d04359f173aabe3f51e6f12a2199e; be8d32137088ae1ccb598b11bfbe89cea2a8f228; cd81f9ed8a3adfecf6a69fdf5e1dbf92d7844dcc; 5553970601d94c090eb2d3431b653106bf271c4c; 68f8fafd79445110b91c0f24480fbd8da160c31c; 6472382872a407f49efae2c85c13c246e8277de2; 61ea8ecb6d08e44f7d8c3681d755260a6a0f77d7; d9fb82419f16eb702ad4aae5dba1dbf037c139cc; ba624ccbb66c93f57a811695ef377419484243e0; c02bae0c9e68c4417d9d6226790c9a1366991494; e073a7c5a6418d96fc16d8337a6056a457e75c1e; 1d7a78d749e0ad020c8a1ec73ac74131141684a8; 4e3ad4639bff34ad499f7b8812d0a7fc7fee1dd6; ca647a46796e329b369d7b463ba9b34dc1847eaa; 1db4494c55a645b51def07950fd308285597002a; d1c52910a61e8ed29f1159d8591b8e37a5b76382; 21474c496a843ef578a3540962c82080422ed660; a82016ae7143b38f2c73ff6713fa406c0854e69c; 6b630077c9097180d15e2f0802523bce757b29da; 9a288fd19adf3b73f991fd139c8eb87add8879f5; 8fb32c8794943ce48568732c101e8ef13b47fec9; cc1458c88a2ae916634d1e3fb54f1ff555b3579c; 5fcd9cac40cdcb305fe143cd16d8d7ff86ed21c9; ca922e75a5ebe68b0c539d6baab9a8ec031f7199; 43cb30b696fbd6cf9c8dbc582c110cef7b57cd50; fd52f8cba284c99a98b30bb2c61277fe7464bf28; e454a4f94495c8593c9f8d654f1627c8e54e78e8; 66e1d23b0dca8168259f846cf34c93c220076560; 7d87f2fb560bee04e1e8cd906cf3a3fa905580ee; 2ccc619c085ab2beb6a288e8d35c1e39195cd965; 1e48f0f8f6bacf8ee802ebf2fe853f415787aa5a,IEEE Access,2020.0,JournalArticle; Review
32e8e1334caf6940e254f388b8b93b0bb5bba03c,Intelligent Reflecting Surface Assisted Beam Index-Modulation for Millimeter Wave Communication,"Millimeter wave communication is eminently suitable for high-rate wireless systems, which may be beneficially amalgamated with intelligent reflecting surfaces (IRS), while relying on beam-index modulation. Explicitly, we propose three different architectures based on IRSs for beam-index modulation in millimeter wave communication. Our schemes are capable of eliminating the detrimental line-of-sight blockage of millimeter wave frequencies.The schemes are termed as single-symbol beam index modulation, multi-symbol beam-index modulation and maximum-SNR single-symbol beam index modulation. The principle behind these is to embed the information both in classic QAM/PSK symbols and in the transmitter beam-pattern. Explicitly, we proposed to use a twin-IRS structure to construct a low-cost beam-index modulation scheme. We conceive both the optimal maximum likelihood detector and a low-complexity compressed sensing detector for the proposed schemes. Finally, the schemes designed are evaluated through extensive simulations and the results are compared to our analytical bounds.",S. Gopi; S. Kalyani; L. Hanzo,43,9ba0feac2d69ca11103f493f5ab3bf59496afb8a; f475e62be065c98405b70a42b93bbfbd6d63b751; f9bc9a21c68d7b538782a7211ced9af8980ab795; 0b879e075ba9b9de153c0e7e0bd32f8328c3543b; d36d905e1d02eea8639d96c892e4180465e85669; 480c7ce911bca6fd12545e6c5c23242668c4cfca; 67f1e33414e289885099f6088c26b9ffe659a6d8; 68b58deb3f1ed834edf91bad4455ccca9a135488; 7a7d99cdd0f7b9a4fd1d7f01f1aa56aa18acd8bc; 4d56a8eafc6b97579c0bcf7d6fd4ab211e26cee3; 2c60b595519884a708b50c77c5ef9e56371e9158; 57c4f4f184f2e69306ed2cf48d4605c909af1b2d; 45db68dda0a0368a4d9b6ddb2af34499f9d9be9e; 7513dcbf6f9164dd2b1f5b3febeec23b51c05a26; fa3c0f3c0dc834d65cef14105e3f8070cef20dd9; 2add18f7dc5c29b6ed00e4c94de22f61cf41c636; f8a4ab166852c888000d30a8acbcef2f3a8af704; 29084370138f653a44f219188e6ea4eba5ab4c63; 54f665501b9684f1f19ee50579e73d2f2ad96ec8; 36e3111b1b2e86e17ed38245d65d61756f5e35af; 34ab88ce1896e72751379784dcb4bc1173b032d1; a84d02ba7052ab0e9cf8bc3c0e1a5bcdd622da34; ed5481af16a43cdff9d16ac6b88e5299358e0a14; bd23a8fc834e6a4c53ca0e8efea67d93901d535d; bf976cf1b2035d58a7691ed15a550389d3cd608e; 7740ea46467cc361f2088dbcd530bc97c5a99f97; 194e2b7a5efaf10cd2ad39b5d47befccf3ac73b8; dfa1802dfddb13874469db17cf832bdcb34cd151; 29a169de88d8b61104bd71b3a4de89269f947249; 2006b6cad640274d88195b7520bacaac4711c2ce; 471534c5dfb99ee1856eafc1af93bc3276de5884; f2c02359e0cd01efec6ddeec691f19eab50d539e; 99b429e15738011261c31dc4246dcdd0627f447d; cd0fadf541c86ec0a2bcedec43d1e7898e52b74a; d9c100f6f9028cf9a80165533090b71f0d6dbe3f; 4150de879dedde7cffa012c6a87bc43dc92230bf; 0515ff7de41fd349b4bff34f7fe4e9c12a7fff47; a034716f3202ab015f36654be9f81d370de78d80; c477a6ab4d0b06b97e713c7918dd60f06f52170f; 8dfbe2b20613e73a988bf2cf23e599f6b2dc1c87; e212f26b6b974beb288d83183729250de18b86b3; aec31b8ab99812387f21c210b9de4c795bb882d8; 617d803187bde352a250c57ae9b644a790679e68; f2058f9e04c36ee354eb240d8740a2a832cf3829; 8e24458aae174967fab5fc24dfb7c9d7646a29a5; 87276d4da6922aa3c90ca621a6332a8d52a8eb8c; 4029342d6467b48de159e29b4c018e74c847faba; d76e5cd8e43441df5b0e1b0aa98a4fb6562e7e4c; 6a8761128af47bc419d44329b5aa18359345c639; 6164cd9d535046ff634035c85ae4da53a5172f1f; 5ac38297a3c256c88a67597fa8f5d0c44d5957c8; 3f38e5dd27b7ccd5bb0aefca4438ac935824a85d; 1c24fec3cf69e5480170a293c6c42c6315fc1cd2; 586ee303c31b7b76c5a3fd6cd09aa59df0d224d8; 6713d0f4bbaece3c16417467430294abe0a8748c; 63c2134dfeea8c506e97f6d1fab3bd077f571468; f37fb5f2ec9624f1c8e2e8ace17b71fc3fc32f56; 48556b84dd1bf424a45d4f6acd39e29a05cc9158; d6e6c3243e9e4e6dd8f0bc783d7612b7d3863d5f; 94633c8412f34f57bc8d5b3bc57b992eb898b024; 949ea98a20497faf2f1c36cd99c062400d1039d7; 2071f3ee9ec4d17250b00626d55e47bf75ae2726; 1fac1eac46e8a9d71d6fd616048d3b80a3879087; 0e3c699506c8871909d4f96a36590ba83146bd9d; 917f6a897b981593e73f5e89082a7b71c6bbcb6d; b99f57536f86b9d3ec66db5625a796eeef5e88d9; aadf4eef43d1cb8b8fc3a75f1023f57d46013a76; 4c880799978dc46dfd7ce1db188cca24fb5b9245; 2b018429ba557dea87d1890ec734969913cad2d2; 098e33068e057c7f08a781a173b2b2c4a76df573; 2168e0fb84594374067b3a165e76385e6138050e; 54ccb86382484478556f019cc9992ac545ece958; 87fb0afca825749fc06a063ed6121dc05a70bbdb; f20055331cfb018782a2bfd911ab0b197afea541; e7321ab0f3be0b29aaf5f073fd7de7da5fed2f92; a392bdd3cc161c27d6e2cc9f3a7ec351364103c9; dfaeab60e9d6dfdad1428d84c34516f59ed39973; e454a4f94495c8593c9f8d654f1627c8e54e78e8; 7e957a5af8b4041be3b3431bafe4fe23126e9724; b083d3213a1469ef0658dbb943aa15a6f8485385; 967936d33d4979cf03639260d4fa4585c66140ac; 70cbf2cfe39b5ba15449eafc5a692d1b7b27a8fd,IEEE Transactions on Wireless Communications,2020.0,JournalArticle
3d0ca43b85c7a89063f772906f9a7731112b4e7a,Deep-Learning-Aided Joint Channel Estimation and Data Detection for Spatial Modulation,"Deep neural network (DNN)-aided spatial modulation (SM) is conceived. In particular, a pair of DNN structures are designed for replacing the conventional model-based channel estimators and detectors. As our first prototype, the conventional DNN estimates the channel relying on the pilot symbols and then carries out data detection in a data-driven manner. By contrast, our new DeepSM scheme is proposed for operation in more realistic time-varying channels, which updates the channel state information (CSI) at each time-slot (TS) before detecting the data. Hence, our novel DeepSM scheme is capable of performing well even in highly dynamic communication environments. Finally, our simulations show that the proposed DeepSM outperforms the conventional model-based channel estimation and data detection for transmission over time-varying channels.",Luping Xiang; Yusha Liu; Thien van Luong; R. Maunder; Lie-liang Yang; L. Hanzo,25,,IEEE Access,2020.0,JournalArticle
40825ccd6c27fdc802e11c1241a668e6a901670a,’Rebooting Communications’ - A Quantum-Domain Perspective,,S. Ng; L. Hanzo,0,,,2020.0,
41e9cc7d19541062ffc9c423bcd7c613cc1cf10e,Concurrent OFDM Demodulation and Turbo Decoding for Ultra Reliable Low Latency Communication,"The Ultra-Reliable Low Latency Communication (URLLC) applications have been proposed in recent years, targeting a round-trip end-to-end latency less than 1 ms with high reliability. Therefore, an order of magnitude improvements are needed in all layers of the wireless communication stack. This is a particular challenge for the physical layer, where typically a processing time of the order of microseconds is required for the computationally intensive demodulation and error correction processing, among other operations. Conventionally, the reception of signals, the demodulation processing and the error correction processing are performed consecutively at the receiver. However, this approach is associated with processing times on the order of hundreds of microseconds, preventing URLLC. Therefore, this paper proposes a novel processing architecture, which is capable of performing reception, Orthogonal Frequency Division Multiplexing (OFDM) demodulation and turbo decoding concurrently, rather than consecutively, hence significantly reducing the processing time. In order to achieve concurrent operation, the OFDM demodulation is performed using a novel cumulative Fast Fourier Transform (FFT), which produces successively more reliable estimates of all transmitted symbols in each successive clock cycle. At the same time, a Fully-Parallel Turbo Decoder (FPTD) is used to recover successively more reliable estimates of all bits in each successive clock cycle.",Luping Xiang; R. Maunder; L. Hanzo,6,,IEEE Transactions on Vehicular Technology,2020.0,JournalArticle
43ee766bbaacac6b9d1b00cb51803296b2469e0a,Energy Efficiency and Delay Optimization for Edge Caching Aided Video Streaming,"In this paper, we design a computing, communication and caching scheme for edge caching-based video streaming in order to improve the network performance. Firstly, we optimize the system's energy efficiency and delay with the aid of network function virtualization. Then, a dynamic edge caching decision is developed, and based on Lyapunov optimization, an alternating resource optimization algorithm is proposed for allocating the optimal subcarrier and power resources, video caching and computing resources. Our numerical results show that the proposed scheme outperforms both the traditional caching scheme as well as the least frequently used (LFU)-40% regime, and strikes a compelling tradeoff between the energy efficiency and delay.",Guorong Zhou; Liqiang Zhao; Yunfeng Wang; G. Zheng; L. Hanzo,17,,IEEE Transactions on Vehicular Technology,2020.0,JournalArticle
47e66a9544f7a8c94dcb8ca0799c3f3064c51cbf,Joint User-Activity and Data Detection for Grant-Free Spatial-Modulated Multi-Carrier Non-Orthogonal Multiple Access,"Grant-free spatial modulated multi-carrier non-orthogonal multiple access (SM/MC-NOMA) is proposed for supporting the large-scale access of devices transmitting in a sporadic pattern at a low rate. Furthermore, a pair of compressive sensing (CS)-based low-complexity detectors are conceived for jointly detecting the active users and their transmitted data. These detectors are referred to as the Joint Multiuser Matching Pursuit (JMuMP) detector, and the Adaptive MuMP (AMuMP) detector, respectively. However, most of the state-of-the-art CS-based detectors designed for grant-free NOMA systems critically rely on the sparsity of the user activity. By contrast, the proposed AMuMP detector does not require any prior knowledge about the user activity in our SM/MC-NOMA system. The bit error rate (BER) performance of both detectors converges to that of the idealized ‘genie’ receiver, which has perfect knowledge of the user activity. Finally, the complexity of both detectors is quantified.",Yusha Liu; Lie-liang Yang; L. Hanzo,11,,IEEE Transactions on Vehicular Technology,2020.0,JournalArticle
4d80225030e74265ec1e15213a0fdf85b6e3a6b5,Factor Graph Based Message Passing Algorithms for Joint Phase-Noise Estimation and Decoding in OFDM-IM,"In order to glean benefits from orthogonal frequency division multiplexing combined with index modulation (OFDM-IM) in the presence of strong Phase-Noise (PHN), in this paper, low-complexity joint PHN estimation and decoding methods are developed in the framework of message passing on a factor graph. Both the Wiener process and the truncated discrete cosine transform (DCT) expansion model are considered for approximating the PHN variation. Then based on these a factor graph is constructed for explicitly representing the joint estimation and detection problem. Taking full account of the sparse and structured a priori information arriving from the soft-in soft-out (SISO) decoder of a turbo receiver, a modified generalized approximate message passing (GAMP) algorithm is invoked for decoupling the frequency-domain symbols. In the decoupling step, mean field (MF) approximation is employed for solving the unknown nonlinear transform matrix problem imposed by PHN. Furthermore, merged belief propagation and MF (BP-MF) methods amalgamated both with sequential and parallel message passing schedules are introduced and compared to the proposed GAMP based algorithms in terms of their bit error ratio (BER) vs. complexity. Our simulation results demonstrate the efficiency of the proposed algorithms in the presence of both perfect and imperfect channel state information.",Qiaolin Shi; N. Wu; Hua Wang; Xiaoli Ma; L. Hanzo,20,,IEEE Transactions on Communications,2020.0,JournalArticle
4e0f0a979cbfe6dacb86fbbb465408c5ac7d5418,Heterogeneous User-Centric Cluster Migration Improves the Connectivity-Handover Trade-Off in Vehicular Networks,"User-centric (UC) clustering has recently emerged as a promising paradigm for enhancing the connectivity of mobile users by grouping an appropriate number of access points (APs), thus paving the way for seamlessly connected vehicular networks. However, for a high-velocity vehicular user, UC clustering may lead to overly frequent handovers (HOs), which increases the risk of throughput-reduction, call dropping and energy wastage. To mitigate this problem, we aim for reducing the HO overhead imposed on the heterogeneous UC (HUC) cluster migration process of vehicular networks. Specifically, we first conceive a novel hybrid HUC cluster migration strategy that adaptively switches between horizontal and vertical HOs for supporting both vehicle-to-vehicle (V2V) and vehicle-to-infrastructure (V2I) communication. Then, a dynamic decision-making problem is formulated for balancing the benefits of HUC cluster migration and the total HO overhead, subject to realistic HUC clustering constraints. In the face of unknown vehicular mobility, we propose a sequential HUC cluster migration solution based on max-bipartite matching theory imposing a low complexity. As a design alternative, we also propose a holistic solution relying on model-free deep reinforcement learning (DRL). Finally, our numerical results reveal the superiority of the proposed cluster migration design in terms of striking a compelling trade-off between the per-user average data rate (PAR) and the number of HOs in different scenarios.",Yan Lin; Zhengming Zhang; Yongming Huang; Jun Li; F. Shu; L. Hanzo,25,,IEEE Transactions on Vehicular Technology,2020.0,JournalArticle
4e65b06be4cb8cd86bc7325fb66268286bd93e0d,Sampling Overhead Analysis of Quantum Error Mitigation: Uncoded vs. Coded Systems,"Quantum error mitigation (QEM) is a promising technique of protecting hybrid quantum-classical computation from decoherence, but it suffers from sampling overhead which erodes the computational speed. In this treatise, we provide a comprehensive analysis of the sampling overhead imposed by QEM. In particular, we show that Pauli errors incur the lowest sampling overhead among a large class of realistic quantum channels having the same average fidelity. Furthermore, we show that depolarizing errors incur the lowest sampling overhead among all kinds of Pauli errors. Additionally, we conceive a scheme amalgamating QEM with quantum channel coding, and analyse its sampling overhead reduction compared to pure QEM. Especially, we observe that there exist a critical number of gates contained in quantum circuits, beyond which their amalgamation is preferable to pure QEM.",Yifeng Xiong; Daryus Chandra; S. Ng; L. Hanzo,19,,IEEE Access,2020.0,JournalArticle
4ebfc3dcf08e00020093e3d56202f7d653bbbbd8,Physical Layer Security of Intelligent Reflective Surface Aided NOMA Networks,"Intelligent reflective surface (IRS) technology is emerging as a promising performance enhancement technique for next-generation wireless networks. Hence, we investigate the physical layer security of the downlink in IRS-aided non-orthogonal multiple access networks in the presence of an eavesdropper, where an IRS is deployed for enhancing the quality by assisting the cell-edge user to communicate with the base station. To characterize the network's performance, the expected value of the new channel statistics is derived for the reflected links in the case of Nakagami-<inline-formula><tex-math notation=""LaTeX"">$m$</tex-math></inline-formula> fading. Furthermore, the performance of the proposed network is evaluated both in terms of the secrecy outage probability (SOP) and the average secrecy capacity (ASC). The closed-form expressions of the SOP and the ASC are derived. We also study the impact of various network parameters on the overall performance of the network considered. To obtain further insights, the secrecy diversity orders and the high signal-to-noise-ratio (SNR) slopes are obtained. We finally show that: 1) the expectation of the channel gain in the reflected links is determined both by the number of IRS elements and by the Nakagami-<inline-formula><tex-math notation=""LaTeX"">$m$</tex-math></inline-formula> fading parameters; 2) If the Nakagami-<inline-formula><tex-math notation=""LaTeX"">$m$</tex-math></inline-formula> parameter is no less than 2, the SOP of both User 1 and User 2 becomes unity, when the number of IRS elements tends to infinity; 3) The secrecy diversity orders are affected both by the number of IRS elements and by the Nakagami-<inline-formula><tex-math notation=""LaTeX"">$m$</tex-math></inline-formula> fading parameters, whereas the high-SNR slopes are not affected by these parameters. Our Monte-Carlo simulations perfectly demonstrate the analytical results.",Zhiqing Tang; Tianwei Hou; Yuanwei Liu; Jiankang Zhang; L. Hanzo,61,,IEEE Transactions on Vehicular Technology,2020.0,JournalArticle
5532b17c4c20bb480725b5f361055899484bd9c1,Outage Probability Analysis for the Multi-Carrier NOMA Downlink Relying on Statistical CSI,"In this treatise, we derive tractable closed-form expressions for the outage probability of the single cell multi-carrier non-orthogonal multiple access (MC-NOMA) downlink, where the transmitter side only has statistical CSI knowledge. In particular, we analyze the outage probability with respect to the total data rates (summed over all subcarriers), given a minimum target rate for the individual users. The calculation of outage probability for the distant user is challenging, since the total rate expression is given by the sum of logarithmic functions of the ratio between two shifted exponential random variables, which are dependent. In order to derive the closed-form outage probability expressions both for two subcarriers and for a general case of multiple subcarriers, efficient approximations are proposed. The probability density function (PDF) of the product of shifted exponential distributions can be determined for the near user by the Mellin transform and the generalized upper incomplete Fox’s H function. Based on this PDF, the corresponding outage probability is presented. Finally, the accuracy of our outage analysis is verified by simulation results.",Shenhong Li; Mahsa Derakhshani; S. Lambotharan; L. Hanzo,17,,IEEE Transactions on Communications,2020.0,JournalArticle
59befb0c441c87cb4010b4b4aec32e9eba935628,Adaptive Trust Management for Soft Authentication and Progressive Authorization Relying on Physical Layer Attributes,"Conventional authentication mechanisms routinely used for validating communication devices are facing significant challenges. This is mainly due to their reliance on both ‘spoofable’ digital credentials and static binary characteristic, and inevitable misdetection in physical layer authentication using time-varying attributes, leading to the cascading risks of security and trust. To circumvent these impediments, we develop an adaptive trust management based soft authentication and progressive authorization scheme by intelligently exploiting the time-varying communication link-related attribute of the transmitter to improve wireless security. First of all, the trust relationship between the transmitter and receiver is established based on the evaluation of selected physical layer attribute for fast authentication and multiple-level authorization. Through the designed trust model, the transmitter is authorized by the specific level of services/resources corresponding to its trust level, so that soft security is achieved. To dynamically update the trust level of the transmitter, we propose an online conformal prediction-based adaptive trust adjustment algorithm relying on the real-time validation of its attribute estimates at the receiver, thus resulting in progressive authorization. The performance of our scheme is theoretically analyzed in terms of its individual risk and individual satisfaction. Our simulation results demonstrate that the proposed scheme significantly improves the security performance and robustness in time-varying environments, and performs better than the static binary authentication scheme and existing physical layer authentication benchmarker.",He Fang; Xianbin Wang; L. Hanzo,14,,IEEE Transactions on Communications,2020.0,JournalArticle
5d45b690fcce8307f2dc1f686244cc96979567c0,Minimum-Delay Routing for Integrated Aeronautical Ad Hoc Networks Relying on Passenger-Planes in the North-Atlantic Region,"Relying on multi-hop communication techniques, aeronautical ad hoc networks (AANETs) seamlessly integrate ground base stations (BSs) and satellites into aircraft communications for enhancing the on-demand connectivity of planes in the air. In this integrated AANET context we investigate the shortest-path routing problem with the objective of minimizing the total delay of the in-flight connection from the ground BS subject to certain minimum-rate constraints for all selected links in support of low-latency and high-speed services. Inspired by the best-first search and priority queue concepts, we model the problem formulated by a weighted digraph and find the optimal route based on the shortest-path algorithm. Our simulation results demonstrate that aircraft-aided multi-hop communications are capable of reducing the total delay of satellite communications, when relying on real historical flight data.",Jingjing Cui; Dong Liu; Jiankang Zhang; Halil Yetgin; S. Ng; L. Hanzo,0,,arXiv.org,2020.0,JournalArticle
5eeafb05939dff686acd6d05b0f84dc430c7e6bc,UAV-Aided Two-Way Multi-User Relaying,"Unmanned aerial vehicle (UAV)-aided two-way relaying networks are designed, where a UAV is deployed to assist multiple pairs of users in their information exchange. There are two basic approaches for the user pairs’ information exchange within a single time slot via the UAV relay. The first approach is based on full-duplex, where all participants operate in the full-duplex mode to transmit and receive signals simultaneously. However, all transceivers have to operate in the face of severe self-interference, which cannot be completely suppressed. The second approach is based on conventional half-duplex, where the users send their information to the UAV within a certain fraction of the time slot, and the UAV relays them within the remaining fraction to avoid the self-interference. In either approach, the joint bandwidth and power allocation maximizing the sum information exchange throughput under realistic resource and user throughput constraints poses a complex nonconvex problem. New inner approximations are proposed for developing path-following algorithms for their computation. Our numerical results show that the time-fraction-based half-duplex approach clearly outperforms the high-complexity full-duplex approach.",Zhichao Sheng; H. Tuan; T. Duong; L. Hanzo,28,,IEEE Transactions on Communications,2020.0,JournalArticle
5f5ac340e65d3b3bb6875ff13ace4ecd304d07c7,Quantum-Enhanced Microwave Backscattering Communications,"The recent advances in the field of microwave superconducting circuits open the way for a multitude of engineering applications that revolutionize the field of classical communications. To exploit this new technology, we propose a novel microwave quantum-enhanced backscattering system based on the laws of quantum physics. Both the transmitter and the receiver are quantum mechanical in nature and are accommodated at the infrastructure side, while the backscattering device is classical. The advocated system breaks the performance barrier of the classical backscattering systems and approaches the ultimate attainable receiver sensitivity. Finally, our quantum solution outperforms the classical solutions in terms of its level of security.",R. Jäntti; Ruifeng Duan; Jari Lietzén; Hany Khalifa; L. Hanzo,6,,IEEE Communications Magazine,2020.0,JournalArticle
622fc1b94d66b5f7ac79bd5da2ff4ae117fea2ca,Joint Data and Active User Detection for Grant-free FTN-NOMA in Dynamic Networks,"Both faster than Nyquist (FTN) signaling and non-orthogonal multiple access (NOMA) are promising next generation wireless communications techniques as a benefit of their capability of improving the system’s spectral efficiency. This paper considers an uplink system that combines the advantages of FTN and NOMA. Consequently, an improved spectral efficiency is achieved by deliberately introducing both inter-symbol interference (ISI) and inter-user interference (IUI). More specifically, we propose a grant-free transmission scheme to reduce the signaling overhead and transmission latency of the considered NOMA system. To distinguish the active and inactive users, we develop a novel message passing receiver that jointly estimates the channel state, detects the user activity, and performs decoding. We conclude by quantifying the significant spectral efficiency gain achieved by our amalgamated FTN-NOMA scheme compared to the orthogonal transmission system, which is up to 87.5%.",W. Yuan; N. Wu; Jinhong Yuan; Derrick Wing Kwan Ng; L. Hanzo,4,,ICC 2020 - 2020 IEEE International Conference on Communications (ICC),2020.0,JournalArticle; Conference
65fcba51a9235bf3a19b21d6df86dc3ed9e12300,Energy-Efficient Multi-Tier Caching and Node Association in Heterogeneous Fog Networks,"Caching popular contents at heterogeneous devices, e.g., fog nodes (FNs) or fog access points (FAPs), constitutes a promising technique of reducing both the traffic and the energy consumption of the backhaul links. In this paper, we propose an energy-efficient caching and node association algorithm for cache-aided fog networks. First, we solve the problem of energy-efficient content caching and delivery in the FNs/FAPs. In both caching scenarios, we investigate the relationship between the caching probability of the file and the energy-efficient content delivery by formulating the associated energy efficiency (EE) optimization problem. Then, we derive a joint modulation mode allocation strategy and caching policy for each content caching node and conceive a joint node association and caching algorithm. Finally, we quantify both the overall EE and throughput for demonstrating that the proposed caching and transmission strategy achieves significant performance improvements.",Kunlun Wang; Jun Li; Yang Yang; Wen Chen; L. Hanzo,4,,IEEE Vehicular Technology Conference,2020.0,JournalArticle; Conference
68f0beedb019b62b2198b0e346057f5f45df09d6,Artificial Intelligence Aided Next-Generation Networks Relying on UAVs,"In this article, we propose artificial intelligence (AI) enabled unmanned aerial vehicle (UAV) aided wireless networks (UAWN) for overcoming the challenges imposed by the random fluctuation of wireless channels, blocking and user mobility effects. In UAWN, multiple UAVs are employed as aerial base stations, which are capable of promptly adapting to the randomly fluctuating environment by collecting information about the users' position and tele-traffic demands, learning from the environment and acting upon the satisfaction level feedback received from the users. Moreover, AI enables the interaction among a swarm of UAVs for cooperative optimization of the system. As a benefit of the AI framework, several challenges of conventional UAWN may be circumvented, leading to enhanced network performance, improved reliability and agile adaptivity. As a further benefit, dynamic trajectory design and resource allocation are demonstrated. Finally, potential research challenges and opportunities are discussed.",Xinyu Liu; Mingzhe Chen; Yuanwei Liu; Yue Chen; Shuguang Cui; L. Hanzo,51,,IEEE wireless communications,2020.0,JournalArticle
6cf0b1c7e0d77c4e946dde8c3945e479c39666aa,Training Optimization for Hybrid MIMO Communication Systems,"Channel estimation is conceived for hybrid multiple-input multiple-output (MIMO) communication systems. Both mean square error minimization and mutual information maximization are used as our performance metrics and a pair of low-complexity channel estimation schemes are proposed. In each scheme, the training sequence and the analog matrices of the transmitter and receiver are jointly optimized. We commence by designing the optimal training sequences and analog matrices for the first scheme. Upon relying on the resultant optimal structures, the training optimization problems are substantially simplified and the nonconvexity resulting from the analog matrices can be overcome. In the second scheme, the channel estimation and data transmission share the same analog matrices, which beneficially reduces the overhead of optimizing the associated analog matrices. Therefore, a composite channel matrix is estimated instead of the true channel matrix. By exploiting the statistical optimization framework advocated, the analog matrices can be designed independently of the training sequence. Based on the resultant analog matrices, the training sequence can then be efficiently designed according to diverse channel statistics and performance metrics. Finally, we conclude by quantifying the performance benefits of the proposed estimation schemes.",C. Xing; Dekang Liu; Shiqi Gong; W. Xu; Sheng Chen; L. Hanzo,8,,IEEE Transactions on Wireless Communications,2020.0,JournalArticle
71634c819aa753e00c58621f16f4fb041a4131c2,Analogue radio over fiber aided optical-domain MIMO signal processing for high-performance low-cost radio access networks,,Yichuan Li; Fasong Wang; M. El-Hajjar; L. Hanzo,7,,,2020.0,
73613b69ed9cd74b5f59282d3c358cb50a9cbab2,Compressive Sensing Based Massive Access for IoT Relying on Media Modulation Aided Machine Type Communications,"A fundamental challenge of the large-scale Internet-of-Things lies in how to support massive machine-type communications (mMTC). This letter proposes a media modulation based mMTC solution for increasing the throughput, where a massive multi-input multi-output based base station (BS) is used for enhancing the detection performance. For such a mMTC scenario, the reliable active device detection and data decoding pose a serious challenge. By leveraging the sparsity of the uplink access signals of mMTC received at the BS, a compressive sensing based massive access solution is proposed for tackling this challenge. Specifically, we propose a structured orthogonal matching pursuit algorithm for detecting the active devices, whereby the block-sparsity of the uplink access signals exhibited across the successive time slots and the structured sparsity of media-modulated symbols are exploited for enhancing the detection performance. Moreover, a successive interference cancellation based structured subspace pursuit algorithm is conceived for data demodulation of the active devices, whereby the structured sparsity of media modulation based symbols found in each time slot is exploited for improving the detection performance. Finally, our simulation results verify the superiority of the proposed scheme over state-of-the-art solutions.",Li Qiao; Jun Zhang; Zhen Gao; Sheng Chen; L. Hanzo,11,,IEEE Transactions on Vehicular Technology,2020.0,JournalArticle
737f4d1ef87c5c50648721792a390f5280fd5609,Finite Blocklength Non-Orthogonal Cooperative Communication Relying on SWIPT-Enabled Energy Harvesting Relays,"A finite blocklength (FBL) twin-user non-orthogonal cooperative downlink system is considered, wherein a base station simultaneously communicates with the users whilst relying on simultaneous wireless information and power transfer (SWIPT) enabled energy harvesting relay. Closed-form analytical expressions are obtained for the end-to-end average block error rate (BLER) assuming potentially dissimilar Nakagami- $m$ fading links. Furthermore, asymptotic expressions are derived for the individual user’s end-to-end average BLER performance and diversity order at high signal to noise ratios (SNRs). Additionally, since, the stronger user’s signal is detected, while assuming the weaker user’s signal to be interference, an analytical bound has been obtained for characterizing the effect of this interference on the BLER performance of both users. Furthermore, a framework is developed for joint relay splitting factor and user power allocation towards end-to-end blocklength minimization under strict reliability constraints by converting the original non-convex optimization problem to a convex geometric program (GP) that can be solved efficiently. Simulation results are presented to validate the analytical expressions derived and illustrate the efficacy of the proposed scheme.",Akash Agarwal; A. Jagannatham; L. Hanzo,31,,IEEE Transactions on Communications,2020.0,JournalArticle
7861201d3a11fe815b81b65abd31c41f7a2dee0d,Performance Analysis of Terahertz Unmanned Aerial Vehicular Networks,"Terahertz (THz) transmission technologies constitute a promising candidate for supporting ultra-broadband short-range next generation communications. Hence, we analyse the performance of unmanned aerial vehicle (UAV) in the THz networks. The coverage probability is derived as well as the area spectral efficiency (ASE) and a pair of Line-of-sight (LoS)/non-line-of-sight (NLoS) probability models, namely the macrocell LoS/NLoS probability model and picocell LoS/NLoS probability model are adopted. Furthermore, the lower-bound of the network performance are derived via homogeneous Poisson point process (HPPP) analysis, as well as the upper-bound. The simulation results match the analytical results well, which show that the coverage probability of the network first increases upon increasing the THz UAV BS density, and then decreases beyond the maximum. Given the severe path loss experienced by THz signals, a higher UAV density is required for a certain coverage probability than at lower carrier frequencies.",Xufang Wang; Peng Wang; Ming Ding; Zihuai Lin; Feng Lin; B. Vucetic; L. Hanzo,52,,IEEE Transactions on Vehicular Technology,2020.0,JournalArticle
7a7d99cdd0f7b9a4fd1d7f01f1aa56aa18acd8bc,Mobile Edge Computing Meets mmWave Communications: Joint Beamforming and Resource Allocation for System Delay Minimization,"Mobile edge computing (MEC) has been identified as a key technique of next-generation wireless networks, which supports cloud computing along with other compelling service capabilities at the network’s edge with the objective of reducing the system delay. As one of the prospective candidates for new spectrum in next-generation networks, millimeter wave (mmWave) communications has been gaining significant attention as a benefit of its high rate. Hence we conceive a joint hybrid beamforming and resource allocation algorithm for mmWave MEC. Explicitly, we jointly optimize the analog beamforming vectors at the users, the analog and digital beamforming matrices at the base station (BS), the computation task offloading ratios and resource allocation at the MEC server for minimizing the maximum system delay subject to the affordable communication and computing budget. We conceive a powerful algorithm for solving this challenging nonconvex optimization problem with coupled constraints based on the penalty dual decomposition (PDD) technique. The proposed algorithm can be implemented in a parallel and distributed fashion. Our numerical results demonstrate the superiority of the proposed algorithm by quantifying the benefits of intrinsically amalgamating MEC with mmWave communications.",Cunzhuo Zhao; Yunlong Cai; An Liu; Minjian Zhao; L. Hanzo,50,,IEEE Transactions on Wireless Communications,2020.0,JournalArticle
8503f3f3a43f3c765b76d1aba10fb380d3edce21,Soft-Decoding for Multi-Set Space-Time Shift-Keying mmWave Systems: A Deep Learning Approach,"In this paper, we propose a deep learning assisted soft-demodulator for multi-set space-time shift keying (MS-STSK) millimeter wave (mmWave) systems, where we train a neural network (NN) to provide the soft values of the MS-STSK symbol without relying on explicit channel state information (CSI). Thus, in contrast to the conventional MS-STSK soft-demodulator which relies on the knowledge of CSI at the receiver, the learning-assisted design circumvents the channel estimation while also improving the data rate by dispensing with pilot overhead. Furthermore, our proposed learning-aided soft-demodulation substantially reduces the number of cost-function evaluations at the output of the MS-STSK demodulator. We demonstrate by simulations that despite avoiding CSI-estimation and the pilot overhead, our learning-assisted design performs closely to the channel-estimation aided design assuming perfect CSI for BER $< 10^{-4}$ , whilst imposing a low complexity. Furthermore, we show by simulations that upon using realistic imperfect CSI at the receiver employing conventional soft-demodulation, the learning-aided soft-demodulator outperforms the conventional scheme. Additionally, we present quantitative discussions on the receiver complexity in terms of the number of computations required to produce the soft values.",K. Satyanarayana; M. El-Hajjar; Alain A. M. Mourad; P. Pietraski; L. Hanzo,9,,IEEE Access,2020.0,JournalArticle
862ec3624c6977577c85d0aa976ff2ff061bf70d,Intelligent User-Centric Networks: Learning-Based Downlink CoMP Region Breathing,"In the presence of irregular transmission/reception point (TRP) topologies and non-uniform user distribution, the user-to-node association optimization is a rather challenging process in real user-centric networks, especially for the joint transmission aided coordinated multipoint (CoMP) technique. The grade of challenge further escalates, when taking the dynamic user scheduling process into account in order to enhance the system capacity attained. To tackle the above-mentioned problem, we holistically optimize the system by conceiving joint user scheduling and user-to-node association. Then, for the sake of striking a significantly better balance between the network capacity and coverage quality, we propose a generalized reinforcement learning assisted framework intrinsically amalgamated both with neural-fitted Q-iteration as well as with ensemble learning and transfer learning techniques. Consequently, a powerful policy can be found for dynamically adjusting the set of TRPs participating in the joint transmission, thus allowing the CoMP-region to breathe, depending on both the temporal and geographical distribution of the tele-traffic load across the network. To facilitate the prompt learning of the global policy supporting flexible scalability, the overall network optimization process is decoupled into multiple local optimization phases associated with a number of TRP clusters relying on iterative information exchange among them. Our simulation results show that the proposed scheme is capable of producing a policy achieving a network-edge throughput gain of up to $140\%$ and a network capacity gain of up to $190\%$ under the challenging scenario of having a non-uniform geographical UE distribution and bursty traffic.",Li Wang; Gunnar Peters; Ying-Chang Liang; L. Hanzo,3,,IEEE Transactions on Vehicular Technology,2020.0,JournalArticle
9c9fc0e298bdb1705b063a210a16e582552b85c9,Distributed Parameter Detection in Massive MIMO Wireless Sensor Networks Relying on Imperfect CSI,"Distributed parameter detection is conceived for massive multiple-input multiple-output (MIMO) wireless sensor networks (WSNs), where multiple sensors collaborate to detect the presence/ absence of a spatially correlated parameter. Neyman-Pearson (NP) and generalized likelihood ratio test (GLRT)-based detectors are developed at the fusion center (FC) for known and unknown parameter detection scenarios, respectively. More explicitly, the GLRT detector also has to estimate the unknown parameter value. Closed-form expressions are derived for the probabilities of detection <inline-formula> <tex-math notation=""LaTeX"">$(P_{D})$ </tex-math></inline-formula> and false alarm <inline-formula> <tex-math notation=""LaTeX"">$(P_{FA})$ </tex-math></inline-formula> in order to characterize the performance of the proposed schemes. Furthermore, the optimal sensor transmit gains are determined for maximising the detection performance attained. An asymptotic performance analysis is carried out for determining the gain scaling laws for the massive MIMO WSN considered, when the number of antennas tends to infinity. The proposed framework is also extended to the realistic imperfect channel knowledge scenario at the FC, followed by the development of the associated fusion rules and analytical results to characterize the performance. Our simulation results closely tally the theoretical findings.",Apoorva Chawla; Ajay Satyakumar Sarode; A. Jagannatham; L. Hanzo,5,,IEEE Transactions on Wireless Communications,2020.0,JournalArticle
9da06e1586e6edbc2b325f756663a26608e2f593,On the Channel Capacity of Layered ACO-OFDM,"Layered Asymmetrically Clipped Optical Orthogonal Frequency Division Multiplexing (LACO-OFDM) has been proposed for optical communications and has attracted much attention, thanks to its flexibility in terms of power vs. spectral efficiency. In this paper, we propose algorithms for optimizing the Discrete-input Continuous-output Memoryless Channel (DCMC) capacity of LACO-OFDM. Then, an algorithm is proposed for maximizing the capacity for twin-layer LACO-OFDM by optimizing the power sharing between the layers. This is followed by the conception of a more general algorithm applicable to LACO-OFDM having an arbitrary number of layers. Numerical results are provided for quantifying the capacity improvement attained by the proposed algorithm. Moreover, an adaptive scheme is proposed for adjusting the number of layers to be used for maximizing the capacity at different SNRs.",Xiaoyu Zhang; L. Hanzo,1,,,2020.0,
9f261deaac494f5de463f5c5a6bcefc45283b4a8,Enhancing the Resilience of Low Earth Orbit Remote Sensing Satellite Networks,"The Low Earth orbit Remote Sensing (LRS) satellite network is envisioned as an essential component of bolstering space information applications, thus extending conventional ground information applications to the on-board space information applications. However, it inevitably faces grave challenges imposed by the dynamics of the satellite network's topology, by the intermittence of Inter-Satellite communication Links (ISLs) as well as by the mobility-induced satellite-access switching of mobile terminals. Hence, this is a very different networking landscape from that of the terrestrial Internet. Against these challenging problems, we propose a resilient networking architecture for LRS Satellite Networks (LRS-SNs), with special emphasis on their dynamic routing, resilient transmission and their intrinsic mobility. Specifically, path-quality aided and lifetime-aware dynamic routing is proposed for enhancing the routing against dynamic topology changes. Hop-by-hop data transmission is relied upon for providing transmission resilience against ISL intermittence. Furthermore, data caching is invoked for providing resilience against intermittent communications imposed by dynamic satellite access switching. We employ a semi-physical simulation platform for evaluating the achievable performance of the proposed resilient network architecture.",Jian Yang; Dezheng Li; Xiaofeng Jiang; Shuangwu Chen; L. Hanzo,33,,IEEE Network,2020.0,JournalArticle
a0266679c788a9ee3b3cb0d2650606e6cbfd2efe,Deep Learning for Wireless Communications: An Emerging Interdisciplinary Paradigm,"Wireless communications are envisioned to bring about dramatic changes in the future, with a variety of emerging applications, such as virtual reality, Internet of Things, and so on, becoming a reality. However, these compelling applications have imposed many new challenges, including unknown channel models, low-latency requirement in large-scale super-dense networks, and so on. The amazing success of deep learning in various fields, particularly in computer science, has recently stimulated increasing interest in applying it to address those challenges. Hence, in this review, a pair of dominant methodologies of using DL for wireless communications are investigated. The first one is DL-based architecture design, which breaks the classical model-based block design rule of wireless communications in the past decades. The second one is DL-based algorithm design, which will be illustrated by several examples in a series of typical techniques conceived for 5G and beyond. Their principles, key features, and performance gains will be discussed. Open problems and future research opportunities will also be pointed out, highlighting the interplay between DL and wireless communications. We expect that this review can stimulate more novel ideas and exciting contributions for intelligent wireless communications.",L. Dai; Ruicheng Jiao; F. Adachi; H. Poor; L. Hanzo,134,1a315c714c543dfb3fd8a2ff9e7a7e99229bee6a; 84593ad45da192a6d61e6001531adff87dcbfaab; 08f06907ea1a810d0acd2affaa539fc60b361ff3; e7f6fd860c157b4b1908e68b778c782ba721e889; 0f5c57903d7ce4d7e7651d19b9bcd8243b003e16; 36c3222a80932ea3814c8aadf56518a5646b5850; fc554b3aa954c163847ea0d35196a94554fc796f; 499de1eea80e58150a621ef70b755a19d2b26db4; 6aedc3db8071abeb9ef16a5a34fddda8c58a80ae; 8fc101e22f806476cdb313cc495ff7fd2a008cb5; 756acf9c9f838424ea66204f9aee4216e0da071a; 78989616eeeac55b202e3e4205225e7135054185; 756bf25afe8e6ca92ba1795bcb5fb4e93d8ed6b2; 846aedd869a00c09b40f1f1f35673cb22bc87490; 2913c2bf3f92b5ae369400a42b2d27cc5bc05ecb; 333b2c9b4e46895ce277ce34b166a1e0275a7072,IEEE wireless communications,2020.0,JournalArticle; Review
a11037ffd500dc92d03c652217481dcf6963ba59,Optimal-Power Superposition Modulation for Scalable Video Broadcasting,"To mitigate the burden of the tele-traffic imposed by video streaming, Scalable Video Coding (SVC) is invoked for mapping the video clips to multiple layers, which allows us to improve the coverage quality. Although numerous non-orthogonal techniques have been conceived in the literature for maximizing the theoretical capacity relying on the idealized simplifying assumption of perfect channel coding. There is a paucity of practical finite-delay channel-coded solutions capable of mitigating the avalanche-like error proliferation routinely encountered in the face of hostile channels. Against this background, we propose SVC based Superposition Coding (SC) assisted video broadcasting, which curbs the error propagation introduced both by the inter-layer dependency and the Successive Interference Cancellation (SIC) required by the superimposed signal. Specifically, we formulate an Objective Function (OF) based on the average video quality across the Base Station's (BS) coverage area and then determine the optimal power scaling coefficients of each video layer using a bespoke Evolutionary Algorithm (EA). Our solution strikes a compelling compromise between the best possible video service provided for the cell-centre and the cell-edge users. Explicitly, our simulation results show that the optimal-power SC system guarantees a better compromise than its Time Division Multiplexing (TDM) and conventional QAM assisted counterparts, despite its reduced receiver complexity.",Yanqing Zhang; Jiankang Zhang; Chao Xu; M. El-Hajjar; L. Hanzo,3,,IEEE Transactions on Vehicular Technology,2020.0,JournalArticle
a431ea3a108f33198c0d2f4c67a68f572a4019ca,Optimizing Wireless Systems Using Unsupervised and Reinforced-Unsupervised Deep Learning,"Resource allocation and transceivers in wireless networks are usually designed by solving optimization problems subject to specific constraints, which can be formulated as variable or functional optimization. If the objective and constraint functions of a variable optimization problem can be derived, standard numerical algorithms can be applied for finding the optimal solution, which however incurs high computational cost when the dimension of the variable is high. To reduce the on-line computational complexity, learning the optimal solution as a function of the environment's status by deep neural networks (DNNs) is an effective approach. DNNs can be trained under the supervision of optimal solutions, which however, is not applicable to the scenarios without models or for functional optimization where the optimal solutions are hard to obtain. If the objective and constraint functions are unavailable, reinforcement learning can be applied to find the solution of a functional optimization problem, which is however not tailored to optimization problems in wireless networks. In this article, we introduce unsupervised and reinforced-unsupervised learning frameworks for solving both variable and functional optimization problems without the supervision of the optimal solutions. When the mathematical model of the environment is completely known and the distribution of the environment's status is known or unknown, we can invoke an unsupervised learning algorithm. When the mathematical model of the environment is incomplete, we introduce reinforced- unsupervised learning algorithms that learn the model by interacting with the environment. Our simulation results confirm the applicability of these learning frameworks by taking a user association problem as an example.",Dong Liu; Chengjian Sun; Chenyang Yang; L. Hanzo,38,,IEEE Network,2020.0,JournalArticle
a49158bf2f1f634b50e3a69f1fd0df4d4ac44424,Joint User Scheduling and Resource Allocation for Millimeter Wave Systems Relying on Adaptive-Resolution ADCs,"Millimeter wave (mmWave) communication systems using adaptive-resolution analog-to-digital converters (RADCs) have recently drawn considerable interests from the research community as benefit of their high energy efficiency and low implementation cost. In this paper, we focus on the mmWave uplink using RADCs and investigate the joint user scheduling and resource allocation problem. Specifically, we seek to maximize the system throughput of the scheduled users by jointly optimizing their transmit power level and hybrid combiners as well as the number of quantization bits, subject to practical constraints. By relying on fractional programming (FP) techniques, we first covert this problem into a form amenable to optimization and exploit the specific structures in its solutions with the aid of the so-called Ky Fan $n$-norm.Then, the resultant optimization problem is solved using a penalty block successive concave approximation (P-BSCA) algorithm. Our numerical results reveal that the proposed algorithm substantially enhances the throughput of the scheduled users compared to the state-of-the-art benchmark schemes and provides more flexible and efficient resource allocation control.",Xihan Chen; Yunlong Cai; An Liu; L. Hanzo,3,,IEEE Transactions on Vehicular Technology,2020.0,JournalArticle
a647f236b4b5f9653eb6703ed93d25e976eb4697,Sparse Bayesian Learning-Aided Joint Sparse Channel Estimation and ML Sequence Detection in Space-Time Trellis Coded MIMO-OFDM Systems,"Sparse Bayesian learning (SBL)-based approximately sparse channel estimation schemes are conceived for space-time trellis coded (STTC) multiple-input multiple-output (MIMO) orthogonal frequency division multiplexing (OFDM) systems relying on trellis-based encoding and decoding over the data subcarriers. First, a pilot-aided channel estimation scheme is developed employing the multiple response extension of SBL (MSBL) framework. Subsequently, a novel data-aided joint channel estimation and data decoding framework relying on optimal maximum likelihood sequence detection (MLSD) is intrinsically amalgamated with our powerful EM-based MSBL algorithm. Explicitly, an MSBL-based MIMO channel estimate is gleaned in the E-step followed by a novel modified path-metric-based Viterbi decoder in the M-step. Our theoretical analysis characterizes the performance of the proposed schemes in terms of the associated frame error rate (FER) upper bounds by explicitly considering the effect of estimation errors along with evaluating the product measure of the STTC under consideration. Finally, our simulation results are complemented by the Bayesian Cramér-Rao bound (BCRB), the associated complexity analysis and the performance of the proposed schemes for validating the theoretical bounds.",Amrita Mishra; A. Jagannatham; L. Hanzo,16,,IEEE Transactions on Communications,2020.0,JournalArticle
a7eceb9444850f204615445d07d64cf175155876,Sparse Space-Time-Frequency-Domain Spreading for Large-Scale Non-Orthogonal Multiple Access,"A generalised spatial modulation-aided sparse space-time-frequency spreading (GSM/SSTFS) scheme is proposed for supporting large-scale access at a high normalized user-load in next-generation systems by simultaneously exploiting the transmit diversity in the spatial- and frequency-domain. Specifically, in the GSM/SSTFS system employing two transmit antennas (TAs), each user equipment (UE) spreads its signal over two symbol durations, two active TAs, and multiple subcarriers by a unique pre-assigned sparse code, in order to attain spreading in three dimensions (3D). Furthermore, with the aid of GSM, extra information bits are embedded in the TA indices. At the receiver, a joint message passing-aided (JMPA) detector is employed for attaining near-single-user bit error rate (BER) performance, which is also compared to that of conventional multiple-input multiple-output non-orthogonal multiple access (MIMO-NOMA) systems.",Yusha Liu; Lie-liang Yang; L. Hanzo,6,,IEEE Transactions on Vehicular Technology,2020.0,JournalArticle
a853c41bc5a3d7d9cbb3efa4f9d3d992f88bb006,Dataset for On the Channel Capacity of Layered ACO-OFDM,,Xiaoyu Zhang; Sheng Chen; L. Hanzo,0,,,2020.0,
a97657ec2ebd36a71e0f49882d4ef0c97e9f7ed0,Reduced-Complexity Low-Latency Logarithmic Successive Cancellation Stack Polar Decoding for 5G New Radio and Its Software Implementation,"An efficient Fast logarithmic successive cancellation stack (Log-SCS) polar decoding algorithm is proposed along with its software implementation using single instruction multiple data (SIMD) style processing. Quantitatively, we reduce the decoding complexity by <inline-formula><tex-math notation=""LaTeX"">$50\%$</tex-math></inline-formula> on average, while simultaneously attaining a decoding latency that is only <inline-formula><tex-math notation=""LaTeX"">$21\%$</tex-math></inline-formula> of that of the state-of-the-art Fast successive cancellation list (SCL) polar decoder's software implementation. This is achieved without any loss of error correction performance by applying simplified path-metric (PM) computations for the rate-0, rate-1 and repetition sub-graphs of the proposed Fast Log-SCS decoder. Furthermore, a software implementation of the 32-bit fixed-point Fast Log-SCS polar decoder is conceived for x86 processors, which maintains the same block error ratio (BLER) as the floating-point Log-SCS polar decoder. Additionally, our software implementation is accelerated using SIMD instructions by relying on 512-bit Advanced Vector Extensions (AVX-512) and recursive template meta-programming for the first time, achieving a parallelism of 16, which makes it eminently suitable for the low-latency requirements of software-defined radio systems.",Luping Xiang; Shida Zhong; R. Maunder; L. Hanzo,11,,IEEE Transactions on Vehicular Technology,2020.0,JournalArticle
ab1d9b3743771f910e1088b09b8060af348ec2be,Second-Order Statistics-Based Semi-Blind Techniques for Channel Estimation in Millimeter-Wave MIMO Analog and Hybrid Beamforming,"Semi-blind (SB) channel estimation is conceived for millimeter wave (mmWave) analog-beamforming (AB) and hybrid-beamforming (HB)-based multiple-input multiple-output (MIMO) systems, which also exploits the data symbols for improving the estimation accuracy. A novel aspect of the proposed framework is that it directly estimates the analog beamformer/ combiner weights without necessitating the estimation of the entire mmWave MIMO channel matrix. By involving powerful matrix perturbation theoretic techniques, a closed-form expression is derived for the mean-squared-error (MSE) of the mmWave-AB-SB algorithm. As a further novelty, our mmWave-HB-SB technique relies on the decomposition of the channel matrix as the product of a decorrelating and a unitary matrix. Subsequently, the former is estimated purely relying on the unknown data symbols, whereas the latter is estimated exclusively from the training vectors. A lower bound on the MSE of the proposed mmWave-HB-SB technique is derived using the constrained Cramér-Rao lower bound (CRLB) framework. Furthermore, the performance gain of our mmWave-HB-SB technique over the conventional purely training-based scheme is also quantified analytically. Our simulation results demonstrate the superiority of the techniques advocated over the existing solutions and also verify the accuracy of our analytical findings.",Prem Singh; Suraj Srivastava; A. Jagannatham; L. Hanzo,12,,IEEE Transactions on Communications,2020.0,JournalArticle
c92f08c27ec3c1de249b7920fe91ac87dfd05047,Accelerating Deep Reinforcement Learning With the Aid of a Partial Model: Power-Efficient Predictive Video Streaming,"Predictive power allocation is conceived for power-efficient video streaming over mobile networks using deep reinforcement learning. The goal is to minimize the accumulated energy consumption over a complete video streaming session for a mobile user under the quality of service constraint that avoids video playback interruptions. To handle the continuous state and action spaces, we resort to deep deterministic policy gradient (DDPG) algorithm for solving the formulated problem. In contrast to previous predictive resource policies that first predict future information with historical data and then optimize the policy based on the predicted information, the proposed policy operates in an on-line and end-to-end manner. By judiciously designing the action and state that only depend on slowly-varying average channel gains, the signaling overhead between the edge server and the base stations can be reduced, and the dynamics of the system can be learned effortlessly. To improve the robustness of streaming and accelerate learning, we further exploit the partially known dynamics of the system by integrating the concepts of safer layer, post-decision state, and virtual experience into the basic DDPG algorithm. Our simulation results show that the proposed policies converge to the optimal policy derived based on perfect prediction of the future large-scale channel gains and outperforms the first-predict-then-optimize policy in the presence of prediction errors. By harnessing the partially known model of the system dynamics, the convergence speed can be dramatically improved.",Dong Liu; Jianyu Zhao; Chenyang Yang; L. Hanzo,1,,arXiv.org,2020.0,JournalArticle
cc23b2b61e8adf931128fa45bad751f614e47b25,Sparse Doubly-Selective Channel Estimation Techniques for OSTBC MIMO-OFDM Systems: A Hierarchical Bayesian Kalman Filter Based Approach,"Hierarchical Bayesian Kalman filter (HBKF) based schemes are conceived for doubly-selective sparse channel estimation in orthogonal space-time block coded (OSTBC) multiple-input multiple-output (MIMO) orthogonal frequency division multiplexing (OFDM) wireless systems. Initially, a pilot based multiple measurement vector (MMV) model is formulated for estimating the OSTBC MIMO-OFDM channel. This is followed by the development of a low-complexity, online pilot-based HBKF (P-HBKF) scheme for tracking the sparse time-varying frequency-selective channel. The salient advantages of the proposed P-HBKF technique are that it requires significantly lower number of pilot subcarriers, while also exploiting the inherent sparsity of the wireless channel. Subsequently, data detection is also incorporated in the proposed framework, leading to the development of a procedure for joint sparse doubly-selective channel estimation and symbol detection. Recursive Bayesian Cramér-Rao bounds and closed form expressions are also obtained for the asymptotic mean square error (MSE) based on the solution of the Riccati equation for the KF for benchmarking the performance. Simulation results are presented for validating the theoretical bounds and for comparing the performance of the proposed and existing techniques.",Suraj Srivastava; Mahendrada Sarath Kumar; Amrita Mishra; Sanjana Chopra; A. Jagannatham; L. Hanzo,23,,IEEE Transactions on Communications,2020.0,JournalArticle
cef1404897706e253aa40006d0a2e386f43ab40e,Machine Learning Aided Blockchain Assisted Framework for Wireless Networks,"Inspired by its success in financial sectors, the blockchain technique is emerging as an enabling technology for secure distributed control and management of wireless networks. In order to fully benefit from this distributed ledger technology, its limitations, cost, complexity and empowerment also have to be critically appraised. Depending on the specific context of the problem to be solved, these limitations have been handled to some extent through a clear dichotomy in the blockchain architectures, namely by conceiving both permissioned and permissionless blockchains. Permissionless blockchain requires massive computing power to achieve consensus, while its permissioned counterpart is energy efficient but would require trusted participants. To combine these benefits by gaining trust at a high energy efficiency, a novel mechanism is proposed for automatically learning the trust level of users in a public blockchain network and granting them access to a private blockchain network. In this context, machine learning is a very powerful tool capable of automatically learning the trust level. We have proposed reinforcement learning for bridging the dichotomy of blockchains in terms of striking a trust vs complexity trade-off in an unknown environment. Benefits and limitations of various forms of blockchain techniques are analyzed, followed by their reinforcement-aided evolution. We demonstrate that the proposed reinforcement learning aided blockchain is capable of supporting high-integrity autonomous operation and decision making in wireless networks. The win-win amalgamation of these techniques has been demonstrated for striking a compelling balance between the benefits of permissioned and permissionless blockchain networks through the case-study of the proposed blockchain based unmanned aerial vehicle aided wireless networks.",Amjad Saeed Khan; Xinruo Zhang; S. Lambotharan; G. Zheng; Basil AsSadhan; L. Hanzo,4,,IEEE Network,2020.0,JournalArticle
cf0745abdcb8958966636665e8a9752e23d0d6e7,Optimal Pilot Power Based Channel Estimation Improves the Throughput of Intelligent Reflective Surface Assisted Systems,"Intelligent reflecting surfaces (IRS) have emerged as a promising technology of managing the radio signal propagation by relying on a large number of low-cost passive reflecting elements. In this letter, the optimal pilot power allocation required for accurate channel estimation of IRS-assisted communication systems is investigated. In contrast to conventional channel estimators, where pilot signals are usually designed to be constant-enveloped, we reconsider the pilot design to improve the passive beamforming performance thus resulting in an improved achievable rate. At first sight the result of our analysis appears counter-intuitive, suggesting that at a given total power, more power should be allocated to estimate low-gain channels, since the channel phase impairments are more severe than those of high-gain channels. Our simulation results show that when the number of IRS elements is 4, the rate improvement of our proposed channel estimation scheme over the conventional counterpart may be as high as $25\%$.",Jiancheng An; Li Wang; Chao Xu; L. Gan; L. Hanzo,27,,IEEE Transactions on Vehicular Technology,2020.0,JournalArticle
d5fd1dc358316904069275d3b6cbff3141e021e0,"Towards 6G wireless communication networks: vision, enabling technologies, and new paradigm shifts","The fifth generation (5G) wireless communication networks are being deployed worldwide from 2020 and more capabilities are in the process of being standardized, such as mass connectivity, ultra-reliability, and guaranteed low latency. However, 5G will not meet all requirements of the future in 2030 and beyond, and sixth generation (6G) wireless communication networks are expected to provide global coverage, enhanced spectral/energy/cost efficiency, better intelligence level and security, etc. To meet these requirements, 6G networks will rely on new enabling technologies, i.e., air interface and transmission technologies and novel network architecture, such as waveform design, multiple access, channel coding schemes, multi-antenna technologies, network slicing, cell-free architecture, and cloud/fog/edge computing. Our vision on 6G is that it will have four new paradigm shifts. First, to satisfy the requirement of global coverage, 6G will not be limited to terrestrial communication networks, which will need to be complemented with non-terrestrial networks such as satellite and unmanned aerial vehicle (UAV) communication networks, thus achieving a space-air-ground-sea integrated communication network. Second, all spectra will be fully explored to further increase data rates and connection density, including the sub-6 GHz, millimeter wave (mmWave), terahertz (THz), and optical frequency bands. Third, facing the big datasets generated by the use of extremely heterogeneous networks, diverse communication scenarios, large numbers of antennas, wide bandwidths, and new service requirements, 6G networks will enable a new range of smart applications with the aid of artificial intelligence (AI) and big data technologies. Fourth, network security will have to be strengthened when developing 6G networks. This article provides a comprehensive survey of recent advances and future trends in these four aspects. Clearly, 6G with additional technical requirements beyond those of 5G will enable faster and further communications to the extent that the boundary between physical and cyber worlds disappears.",X. You; Cheng-Xiang Wang; Jie Huang; Xiqi Gao; Zaichen Zhang; Mao Wang; Yongming Huang; Chuan Zhang; Yanxiang Jiang; Jiaheng Wang; Min Zhu; B. Sheng; Dongmin Wang; Zhiwen Pan; Pengcheng Zhu; Yang Yang; Zening Liu; Ping Zhang; Xiaofeng Tao; Shaoqian Li; Zhimin Chen; Xinying Ma; I. Chih-Lin; Shuangfeng Han; Ke Li; Chengkang Pan; Zhiming Zheng; L. Hanzo; X. Shen; Y. Guo; Z. Ding; H. Haas; W. Tong; Peiying Zhu; Ganghua Yang; Jue Wang; E. Larsson; H. Ngo; W. Hong; Haiming Wang; Debin Hou; Jixin Chen; Zhe Chen; Z. Hao; Geoffrey Y. Li; R. Tafazolli; Yue Gao; H. Poor; G. Fettweis; Ying-Chang Liang,1556,35726f3a86c87fad9aac89a5d7035958c9a660e9; e1c83c09f0bd3abc105edb64aaba06f8648dd721; a925fd1c26549d55406620a144315f3f9ce05ed2; e1f3d82e8c73295c12295fc17e876f9fc6b41b43; 1e04fcb730af71d68f40c16f5189075b226429d6; a1d16de2abcedf29dcc037bc8cb8b5eeba48e5c5; 1760038c7e64f0f03984901da4e3c91582c07a6d; 718d06c520103e47219ce6ca3494e08783d85b1c; e6c977b2190146d7dab94d2d78282ead97cf0754; 5e591e116f902fdd24f819a88a8a76c09c47b633; 6bb228fe5fe182fac9713358e7a1f40ae8f09df2; bde08f7691e596f764a765764bc29cfc5cc1d035; d719153bb088ead6850a9f83fe8a294656bbe49d; e937750cdbfeb9e21a0aaaac3dd63652daad8a33; 153c3067c3fe5402f02a72baf81f2e9e349d73dd; acc114ee26775c46522f93cc0ac54be2ca4472c1; 60f8cd226adef409e580adf3cdf67b8d5c21308a; 7159030a7dffac445de291e025e27a19bc140f69; 7e3d21e507c933d46617c91429a4d8f0ed01cbdd; 3e745f56d6096ffc025cce0be558c8158d6a2518; cc1e82125f7f8636b25ccdcdb63e8f812add7f87; 0a614c46b2fababc0a9781501917e256922c99ba; 212fd15eccd2713c27f5f9f9bf9e574434d7d350; 345832ed80d628fd8813fa61d21f04d5cbdb655f; a59bd043f84d34cdd8df56a66a6bdd6e43d29371; 3b63daade3278b91f5b5d6bc49771d61eaa94521; e3fae9db970511e8a5979be16300780b193258c9; 21f845a25853881001fe97df520399180d130b9d; e9b0ea3cd1c6668d53c85dcd37d5d85ff6966362; ba0d9a02cd8bb357e0df47e6e6af7faa1a498b52; a922e8050f67aa9381895ddc1ada6f6576b9bbf8; c524240821d2f6445e16f2eccc84423180ce06e3; f938a29f108fe901ba4bc9162bbece909e8940f1; fbdf8e768cb8b6e7838aa9280d8c107dbb0558f6; 2847cd5afaabf944c734641847930652b8407a46; affcb18b6d75ec5f46c32aac9be0301d01c1545b; 2adf3e102f80b4513a909c86317220b914f13209; 4a13a73eb186289e2126cf34bfcd575fbc5e91c2; 2acaf4cbe027f2c1ed710442f06a9e45ca0c2834; a0c5163d2e654db8dfeef9bd2d5e0ad7c47024ee; 7a37a6fe6d388bb9e206ca72441c016b1ed16d88; 4563d052c3978d658f002c5bf6573f04e605b29f; 4bfdc3910684396e22f6675470002ef162bebdbf; 8e5e000aa5efd09deedd847725ddbf32f9d3cbb8; b4788f37d0d44cfd93b8c83a198d7ccb4a9b8cd4; f6ef738ecfce4b3ab0fb0a56c218718f844ed03e; 55b7312360f672817b5c2ca938078beff9d21683; a4973dbc9e6bfad70f8be3c615ca8d01a3d81019; f976ef41c9948f46993983cc2ea93bb08fecb0e6; bfd8ef5c17eee0bb2a5b64e68ef310c3f17ecad4; b3c3714fbe1d42b2b6b3a9e2ad3cfd33ba320428; b4686a8b94e4d79a51aba45180b69b4ce87aa07b; 2450171dcbbd56640cfefafeaecd2fc3b9c592fc; 2b9cec9adc27d839b7f16d782b6a77b75ddae5c4; 2d01d4156f73ab6892acc3f407d3ea43a01764a6; 43fcce09c4c032fde04b10eae2042e2569a28a5d; 68bc6d59c3661ba141af72ac8ca4a60084c95276; 8f03f9a5430b2bca1b5dd6269086bba1628051d1; cb1e4575da6f9c8b47033eb7237114fc5c59a864; aaf9069be5a498179cbd2932d793ea1b9d0092de; 219d9edcea5f38f78abad123adc03369e772142a; d2eaa98fa517c85a7ae991dce877a8c9f20b0962; aa21f29aaa5ce3d0528efe237dd332827e40f397; 1727061f54f26da7fc7f4af70b3074d86e7a26dc; 533c97cdfd1bdb16fd9a7e36b7780cea97171ea2; 846ab001b0ec7d5f8bc282dcde704a727312227e; 11650dd5388f32372cdf30b6907f73696beb52bc; 8e0c7bf51e58f3262feae2bd32722a328a560a70; ffa6396d0749697fc11e24a5d9ce53f8bf10c1fc; df889bb94c50261f166b4be494baaa743d0f926d; 6f00c4e1a2fd3ceba38f1677f94b9dbd882a1f1a; 4231fc9610897d658e62ad7fc513615608b71375; 0ddb1aba85dccb1456df1c9a082866ab4ff4692f; e3e1c4751a8ec043c58d007eab2a4ac607e6db48; 2de42e8f5cb9d7d439cae0fc6bd9186791f777b2; a187e0c66944d132a8bf38623f788879c158b904; d27f8515ad1349e2a05fbfe66ed08c1b9c099f42; 1411cdafb6c49517198675208a9412ddb86760f9; 8b91839236f8bf5ed6c6f05c121edfbb81cb9191; 49819686243b549770f7ea04209979b7b05af19b; 124fc9d5fdbdf09b4bfbc00af82e7a1663dd1068; 618d59573707e39f8030d231fa114412fdb14600; 5536d7c5b1c4c3f24004ca6082e2a5593a891a83; 9b37298e1497ac6bbd6a2c6d27c6acdb9d54d7d5; 37ee6135b1ba8fa6f32a7e6800d3d3bc518d58c6; 019bc4492d3ad966c8ec71447276d42890644a91; 537447ab4efbeedd92924fba900eb9281f39d1a2; cae22ac04006c776a9110802f4b14567e9794d54; 4521712e17a5795f3c57b879da9c4f0548b3da24; 234ac807ae19670aa9cf0991b528beba2cd6b70e; 70978b22b32a344545bfce3793b8dc7820e38974; 4b436ada4c7ba68a3480522562fed2e456ee0a60; c3ccf690036bf473be216169437fe4c8767d10f7; d682326dc1f552053ffbbee41e426da8170d8872; 3676916d3ac791399fc0f2ce3cf40223f5268548; 6ec0de33ba06ab4b682d10be3751496a6da68f4f; 73b5d87a0d882891e652deaa3b2a170b7d27e3db; b6a7677b7457f46a8db6da4c83d0946b6eff1675; 7de203968af7e2e6d0552a389b2b1390745709ce; af5c733b05894ac88489dc65274ba22dad76e393; 1ad2f27bd16116cb55432309790b000987be581e; 2c9378414235768542a7ae9200dbac725f01b966; e0929e6fd112f3654d9669327acc7ee3d32e75a2; 614867de2938badb567fc0d513447bb25cb4dfc5; f2b9942739dba4bf9fa735eb488f79abdd1070cb; 7f1ab2298403efef1cfc22bbcc26acf526784c8b; 59237e76e577780d7833221c6952e4deb615fd06; 88076cde6d3dbbd4431ad5d4fb15bf526834ebf6; 68d413ce1f7feae7f764073bb4ea38d0708fb363; 98929800f75790c41e1c88e5f613c3c9412fac6f; bf976cf1b2035d58a7691ed15a550389d3cd608e; bc1aeff95e4b856f7c867450cb98a33bf3d2ada6; ed8ccf5ac163b65438bbe3c4713c7325abfd1242; c77be711572cea18db0456b05e0a6132b295a00a; 3fdc6bcc6985344a1632fd7c3a9cecb1260275db; 1286db6a37d49c9ad17a9c7bbb2c76af7d0e9687; f0d48828abf6329b9fc2aad869453a0559fd43e2; 6460096ce3d9147c7c81176e3e21dab6cdb98f9a; 5c4c1b50c39b472a2dc5127f0a8f8d2fe06fff07; 1eb8380917e669dee912d4af325fc66fd6801362; 4e29d0896d2e0f58c7d032af6c20ef5e6dff892a; 943c6a0abd744a6981823ea5c8df39ba83d50587; 0b7a10138d8037d28dff301e207ff92f61554c2a; 27d6b20365e3b9fb9120f5e3e2b94b8483f2c1c8; 3441862bac10e09f4792b0c3d5b3a9fa64256734; 656ccd7430c2dc2ef5f0a3072b5efb08cc3ea298; 7adfd3d50d28a25c2033bd95f98ba51fd8535bf7; 85caf1fdcc123a2c2dd0da3d1e6951a148578cc8; c92cc19f7b2016123b80c1dd323f5f531587a4c0; 7f7bb204806ed819b323953cf6ca04cc65a27698; 061d221397fc78ee3a606ef8ef6ad935f7ec697a; 72631e3b2ed8fa1e9f22e71a48ef18635cd13443; 20fb3e45b46f43514861a3da82b76f100fd082fd; 3ca916cae1686ee8753c7242fac161f801cd5dcd; 353eb5451ef99bb7c28e0aa727110973e00bc654; d0a555aacbed6d0a6e31a37b7cf83c540226a3b2; bbbd81b9611b6ddda9fe1f7226705a9fbcb306a9; 88100b78db0d50346e48317cee2a77eaae1363b4; e0b3a62944afc0675ebaf8993705d6216b8d3daf; f2ac2a3fd7b341f2b1be752b4dd46ed9abcf0751; 1a8cd4b21ef5d18a2b5de317980336582dd3c68b; 1e16520fc7f1b091fa78e08a6d07ef987d36cabe; c655b1983839b8206bed51e6dd75618020fd2462; 42538ff7cd88d93dd6dec6580a6b0ded13b9e9c7; 9568129a944700d57331f05a018345064f65bcd8; 6d4222a4fc421d7d1c836947492b90e8b834feb6; e4cfa85ff80eedd827123a942789e09bb441f654; 7e77ed38ffc0c2382adc8051ae388b2a750cea03; 793b67e739311792eaad82a58bc7029ab341129a; b5e32ba15e2b20783948b869597f695d64a89ecb; 162bbb112721b234400cb3d8b540f5f3d8c0adc2; 9eabd61cbfda9cff6dd02522cb47bfa4aabee156; 58d0db2fe1198c0e13fe2a60c9b3f6846ca98510; 91a786fa9cbe471a1d46882e6c5ad750cc7ac024; 28da5916756b6840d864746b636754eede50b28c; 54f00ba8515640908207ae006bc59fc1658b448d; 1e21943a792eff4656979adae5439c71df92a7f9; 1eb6426648f5b62a5a21abdb5d961c3a94ffa3d4; 211b7ecbd804c3155927a078f9c9afd94b522cce; 156e9ecd18349ee6a7faadea37c8115e275afe85; a463b779a9afa8278e318c5b2208e11dada2d901; e7f6fd860c157b4b1908e68b778c782ba721e889; 08e81791694650cd1e0a866d65214cac78cfc006; d3faf75793c2a72a6d979582c294ddae2c3b8295; 9d00d3afc0aa55411932c5b54730b7b38ba24cca; 706f87ac423e7cf8c6f8951f883850e2ce828072; 63fe7721d6585c31344e0d0515bf72cb6c0f7738; 20d4919ddb761f28cc1b4368292a843e9364e412; 8492a58beaaee64739c34d36899f8255aad53552; 16de1f889aa6437c0ca7985e45e8c1bf4707f291; 2519f0e47fd90e30a6afb7ad420544580566e71f; df89fadde63f6d3bb4e4fe7c0f02407c6be397b5; 1283ed277400abe617591c9f275be488d4527c06; 7848098e71692bc6b104b01bafdff9d311370f63; 2d2c7cf5a6f8abe1fb7288f222c3416b721a9409; 60f4474eba0a001df57a1508c6d6babd3b5ce76b; a8ec6fde38f80db6df40c9e8c42ebc5c3f984004; 7b3ba490ee64d25c417a77f530b8ad0f5cff469e; 7adc4f1a292d80ad7b8a37d980f93d7638aff797; 24bf243d9b5f0b8fe6ae840e22b97423d1249234; 060a85eb73601a55705d8dc337614577bcd94310; c4f2ae3c9e6328f303bd37043a5ed0559f1e5976; d8ed0250d9278dab6c7086b02733285ec9c06272; b9a468f60cd2c626ee83432a9f2799792dda5b90; 8365bd5d9666a4107159405a93e9c9fef906f400; f715c379ee1ff46050e4a4b914cfeb55155f672d; e9d0756d45096afacbdd7e288dc79b22438bdcf2; 4771f1213ddcad23226ed7d42f0e49807f61421d; aeafc815d581c826b2e7173c6856d51b8df15579; 69f80d1273e2199e3653301d3b89405dfd6c0a63; 9001e830061ba645621ab6c57b828edc2aaf994c; bba5662c13a299aa58c239586601ab876d2fc2ba; cac3e57087ecb679b4349e674b8d4f2d0efc5d7e; e0bb5710033093a05dee29cdff2d58aa4b1b2c3d; 0762eb398efe09f358435aebec556a50dd543a06; fef3ddedb7d337f0ec4010175269109a274da1cf; 8d7bfe1ec3a7fa2af466126d875d1fcbf7885d1f; 90273742ad8e2fa57fa83d95bfd76d20e6742bc2; daeed79c808dba24c8100503f2c5a0ceff98a6af; 022608dadaf6db02620f4cebb1cb50a10e3aae1d; 9e39320920a3053837d13fb00d5ea1fb487590d7; 9f8870231d8da90babad49967dcad1e3c82b8caa; 4c931523fadf80c5e5180de24be484624caa769b; 71f37969f1a8393ad47977d1a2d810f181acab44; 8279466e62d4500acc2481885130856441dc2175; dca5faa3bc3b7a875f184830e17582f2cc01ca90; 89720a2ccd0e68d6c4b007fe330ebcb85476c60c; 9d2b5649f21e186b9c548a2e54367de48b511eea; b74ecd03b643c7655c7f29c524f54cc4326ce9d8; 793a981d858d9de18a3d4fb95f3527fdf3c362b9; 4f325ec8f0e803284dc5dfae64ec21176439d400; e7802902c6b91f67e37d2076a727b1ef799a8131; 544d91882ef5acb9e9b79011b97057e658b0d2fc; 77a27660457127436625b5fc363698e3b0dda998; 72067d7f8cc87cfd782ac79bf7a0811e94b77ded; b4bc39718001cd587556e6a01ba851c5e65b1a65; 69dbd0f1e4d7d804dea0be176fd3adc2c7cd8bb3; 61353583010aa862b10c69653d1a57824a7eabe5; 2d2ce6d88c76565babb2cff33c1d9f9ba8da3a6d; a77bd5e4232c964d0c308d5ce375900202ea68bd; ccde6c760c2c1c51b94b783609ca7bc09a60e8c9; 4ac535b4774275490f6c8b7e5af3547a1440b3d9; b3a1cbfa9db8b365bd2670c2144bed6219a8d894; 7905adfc1eb682ff04f789face346ce83917ecad; bb7a0b574780b2e8f3a41016d5d0139d79d88402; d9fd9ad75a60dcb8ce3300d136ac67ba950bcf6a; 9085ae3e0b2cad035c72aea7cb8edc52c02a40cd; c0ae510b2d69e7f68cdb45db46de5df45d8c245e; 1a7eb18785300b6d64aedf0765262aaaf9762164; 9df61964d9caa06f5bec776d924183e16f7d0b39; f32a6ec99a1f50eb7cff8bef8124a7776915da39; 06844071cd02973324953874867ba48bf365cf18; 080267b5195471f8a26405dcb34039c637a026db; 0f5c57903d7ce4d7e7651d19b9bcd8243b003e16; 6669c4dea3eb4c664486cbaee5c2ede83017f7d7; e366466c032d341d60e8f60474b6a71697ad36b1; 45ac4f5d3c66461b21fe8a8de2bdaeaf38bc86e9; 854498ffbb26ae585ea6c00d5d6e2c558deb759a; fb4eb01a92a44fbecd4d344ebe12d289ebcfb80f; 776a39ab39f492b8bee17a35a719810446eb819d; cd5442754f24ef2f8121c137f0b76c5a3b6ae06b; ef186a67ac932245650dbb5eaa423e87d2dfabcc; a407cf6eabbfa9d5debd6c07990e2ba798bbc241; 4ce9f64dac7f9b27a537f501f7dec219f32d53a3; afac2ee372430ba3e0054dbf607712bccdc25754; 756acf9c9f838424ea66204f9aee4216e0da071a; 3b198869df03d98b81c0c882753845a3bca36c63; cbf314e936bc79792193f2fa8acda356d2355ebd; 4103aff731534608906a6693a26708ac1fba6292; ad52fa884446356b721edcb83eb0dee4d80c4191; 3f6801df4c1549a3c2c134bdb773c0278fe92f15; ad7722c4a30fc14f392e7a96d694f74fd2b11f88; 78989616eeeac55b202e3e4205225e7135054185; becb63779b3e2570895e316f7e48b57be51adb6d; 8c5293da3ad1a463cb9694edfbf1bf19b8cbd698; 3135572d1982c792abd4dc939870d784682b4802; dbc625c3ca1677b30a4be861c1688b8a2eb3e79d; 0578895834cc8ea57b840d3662f3d754a0ef16d0; 161bf27f9da0a53096a43e40991f64f79cc533f5; bcdf9aa787cde8f5fe29dd63b7aa12ea39795773; 1036628b641a0ee8a11fba29554229395c363b12; 964c42d42e67f6d69a4343ae587cc4db1d6ccaf5; 3a3e734dbc573505b7775c58fa5a17311f3d7532; 451729b3faedea24771ac4aadbd267146688db9b; 710f48e132ec81db95ff292183d607f50d558a79; 865aece520d4ffabe2b80b967bb95aa28707b29a; 1078fee9fa40fd09e4898edc92cd8ae59fe01bb2; aa245959d84734f92d1e8f179417eb7226868e62; 271e4039b95be8e0134a3ceef6d8ac2264049639; 336d7da5361c885c5108b0afcb3179c01fd8dec1; a17e4c14da5af6fbc4e74957124356f856447b8b; 7eb425832c4e790de2b8afe1b454db53fe362a84; 7c9d3453254800346ee71bf7ef20747f83bb27bd; 0d8426ba72cb872062b1a87140f8cb2c2324ba65; 99bc136f50581fcf6bbc35356adadb1e1d751565; 710125a1720b0b521742f9b7bbb7a136d2f0e2f8; 2f548cf1cf5fe55fa7b5153e6454bfd053c29644; 49a46baf194ac92e01f54b2eecc767514854edcb; e0cb07ef9086985c6a8bfec377f1ce1ff1eac5af; fa283e42a2d24dea472b6564e11f59cb9b5ca0af; 6ba4118c79398b1c372c011591ff6bba4cf2b3a0; 0827f73f49a36a327d10934b7fbce10477abf7fc; 76918303845bb30da7d8589294cd207e6b21a745; c3aa26e6b39625ccc95b67df7cbe94cf32a0d1de; fa40b442ad23ce6293009daa21606cb6aa32cdb9; 1d104ace71010ec69bc3f1b775a90c2a7ee5c98f; ceba0919a3bd40de3a7295f258b2bfb05541a45c; b3d58ff0459687574b3c627d256e6b6dd03a1e81; af0d227b4e79da510ec20a590b8270d1eec33214; 64c4d81bda63499fbda20a46c1c48fbc1e269bf6; bfdba136438a125a08d0f75cf7d30368a24e6bf5; f6aed039a9d2db994337134c37197fb6c6606844; 4a47c02be0d7b466cc8bce6d73632815e9f82f46; 9b5618e4d3295ac642e03681e3b9c7bf6db265e3; 8eac599238ab32a37b85a758e7cc11019f43ae5b; 496f40a629cd6d889a19310c5b99df3d197e5789; 6c7efd3e71f54817c41fd92b470ff45828bb88c9; a80a944f5d2225c4dca9f207211f01b38e12313d; 16129b4dea37362b2b7d2cb5e4fd651f32386048; 126a406bdce3fe7a528fe009c162db618ef54237; 6f6ac59f37e33c786251aedf94dd896bc751c6dd; 577c1c127cd9da443efca1a07163f74b88bdc074; 4639abb0fbcce96790da606508ce29980189c0e1; a4b5f80cb0fcc4f6644017e81f8283b31a56fcb8; 9af4ef7b5b075e9dc88ed0294891c2a9146adca6; 8e405e9c836ff1d2bdc0d735cab0ec2a918dc0dd; e7121cc91eab11e985a1b7f532bffd676f67f366; 1cd4dd5efdc55ed1c11f3aee031fc66ccb2c52ae; 83bb3878e6d67199ff991b9e6f52dd383895e4fc; 4f071aba3bfe75b5b1e76bc116c18b3c82d53850; 30e136ee718795c58fbb28d23f946b778599d506; 95ab76e11fde2977712642459a3d752a2ac47969; 0c9f42925274ea21d80ab676b70061848ef3473b; 0d33e57439c3d54038c81bf08ec07f2b9a7ff13c; 5293d6915a9e5b33762cdaff915459cedc2951ee; 7da446d2b14209866a412913d0a6446077bd54c0; 78c8565ea9fdb77038308fd19b84129f6279ea0c; 32aaaa848e028cadee3ffc277e4122572c1722ab; cd3a4d7f6f12775c4218fe268f9f1c2636e45346; 74b90167eb80e959e84497c51e4e9da37a8de0ea; 14834f7f6890b44dbd69fca4e2ed211b68d9eca0; 8437b9eb07166ccf3b1c8c32e0783dae768a0b51; de19bd1be876549cbccb79e545c43442a6223f7a; 863c9047eefed41c48412be9ab88c063c6bd5506; 7e02c480823eb40583e9bd5dac60e597d89c1255; 5c45497cbb36ddde42f3e1822031cc1ed5c9e781; 3aad9b584210f31676118579e2708a6892b8b118; 07547418741315ec9fe3023b32db5909ea1b8580; 80d4b3eccd6951cf6dba61f1b33889a0edbf0407; abdda98bef773313e5446ff5f1d613418fa6e1e3; 76b0505020ea959df387ce9896900799828e41d7; d4ff002dbd7d53b84393a20224273943d98297ac; dff9f42ca02a0453db4c3d174fcecb4468ee5d82; bd9c04c03e2de77b44a7b739b7d0a7c4cfd0da98; d73b7ad9e31ef296c501186fb0e42a129d4821a8; 33eec9b6e552b2c9d67eb6fcdd6180dcfae015db; 87c23b1b77f00b29bd94445da3712ccf192f797f; 12c1f7894b40e2a99b15d77373e0e6614aadc44d; a3303d121b3441d6d2fadbe890225cbc29c329b7; fb6c8650e18f35570616f476eac424fc78253712; 1d499dc8538de75bc0d278e0e3d3656fdad05908; 6c51c0e4c5cf636c16d1049f4f0e76b79f65aa09; 34eb1550b4d0eec7beb5058fb917547e3e232288; 3452decd6c0932c5075bf31162e40ff5a8cfc458; d5cc4c710dd64262f3c91004bacf3bcb9bb2cb81; 3acfeb990bb9ac2eee4c9554066e3975a05fe749; e62e2f7e6d91d77bf97672dda98142bb160520f0; 9d4e83db13ea001165d8968a3e869e8716c78377; 5d6df3d37f19b15532fa57c8f4153da2b7a65e18; 7bada86aca29c37920c76fa5055ee64660d76063; 370ef5754dfbd5b4d0126470e4a8f2b51a3ccf8d; e34cc853362a35ad910fce7a5e49435e2845fdd0; 5aac752b25d498b2769afaf1d77b25965e63ba32; a7c1f8b485e4356f51e87312b8b6cc7aba444ea7; 10e1c64ac21a57ca0b4c6175111b69b283b7eb52; 8fcf1f64acf6f479625cb0733f4126eb8afde190; 91bcea969f844614941bcd8a2848e8eda1a9db8f; 100c433f9d40eea8892772ceacd339fecce43c0d; 0f699ec18762bcbb4a05e607a090bd8c5014c05c; b80ac426c77f674701b392a818eab02b634611a1; a6a262eaba75ea8808d4445e7260382150d44ae7; f194f774f9dd07be115ffc120359050ed1476900; 161f089bf4704f15e2f20c216a0eb82a471110ab; f37e0656f6a2a75c7f30e541097857d17d01352d; a365a598e22c0c1cbfb6a557fb245cff64f8a135; b49eb630005f8bf0ad436968f916f7adbc87fd44; e86a140533f0418c475c0eb63bdbc6ade52d255a; 8ab0525f8c8b66517497fe55825bc8b987f4c0e8; 1d2588e84a441640836f0571eeb3c76e50694a4f; 671431f57cdd42c9d8028e3e0f54bdaec7047a5f; c02bae0c9e68c4417d9d6226790c9a1366991494; 293620136b122dbfb258fe95fd45ca85c814236c; 145c0b53514b02bdc3dadfb2e1cea124f2abd99b; a0bdc51790e5cc698a6369e52cfcd3a1d921bb26; ff4324c1bb61c3903ea0d94701549a45900fdbd9; feb5629b95555781c791f119dddfa8817e37323a; e073a7c5a6418d96fc16d8337a6056a457e75c1e; a54194422c56399b2923b2ad706b8175c8c48258; 3755f8a834e52675bc542b17e138e12f497d3253; 0669e12b566fdf2ebb4ed58244950ffa64020367; 56bb3f0fa35c55296ac855a4f9688ac17464f704; 1125f4c58153bbf38dadd6fc60e6e96f7d402e9f; e3d28663bdceec970eb93efc2ba5e570f4496151; 494b7062765408923eabae88999e683da10ee505; aef2864a0da76a9c933efd26b6c119635ea3b094; 3b0db977c38ab8bc076c5730562604459be55a51; 3c96d30eeae65a9b6b58cd4694504dd1e42cecee; 2fe1dc31418d7d081d0de2d2197334acb19653d7; 678571b5de3faee6d8a3bf0a9d1059440641c562; d58a97a24e99b3b20d60660805164dbe46706ff9; 3e6255bcabf9533cb5e2f58dc08f00d3a753621e; 51e153f10d15bdaf85a8e56ea52c990495d6b230; 0378843e951a33420e98c5b4f511ee81255d9d6a; 773833a629415d918a536bd9aeebc61d50617920; 49ca3eff25c9266e0ad511a351b6d33e46e1ceb7; 32f719cbc75861c13e486ff0336836b374f44b83; ba746ac564a365c5604373f7f48bdcbdf085b2e1; 2d795f7f65447d6b48d065276526ab7ad53145e5; 3152f5817a2aa5f0437574b91404254381057e8f; 1e4810d3edabb2b8b4775c5943d25ddd1a06dbe0; e590cd376394d9bc3983ece92070ec7251c37760; 1eb28375d1f8e949ff73b19ae506f736bfb01062; e1880d4b7e86484845f827e063ef079f30a2224b; 0440b8ca90d8e5e0a2b38e825a1d9850214f9749; e138d82d917d4486d6c20e05b7d112177360de58; 3c50bb6cc3f5417c3325a36ee190e24f0dc87257; 717ddd2ccee8949a1c4126aec1f198f1506695e1; 9126e1d1d7b26d417b7d7cb3b30bfc6852288464; 4e9ec92a90c5d571d2f1d496f8df01f0a8f38596; 6d12a1d23b21a9b170118a56386552bc5d4727de; 5584f9202e821bed3f8590431db00dee099cf19e; c14aed190ae8ba57ff85a32e2e5660528f74b16b; e0f9362543791a3fe9c745dc95f725caff0ea9a9; fc3cedd57f21eff1f48f38fc49613464846b2ed6; 4ade2211e8d25b5f4ec0e63b07d3395eef4bff80; 061ae8e3a9cc7bf5ec0099a27fe13cae8a3f2cf0,Science China Information Sciences,2020.0,JournalArticle; Review
de92b51e5011e8d8b14723b00453afc9bcf77e1f,"Advances in quantum communications, computing, cryptography and sensing",,S. Ng; A. Conti; G. Long; Peter Mueller; A. Sayeed; Jinhong Yuan; L. Hanzo,12,,,2020.0,
dfc34de37ee9eb343ad338088dbb5d9308c2d38b,SINR-Outage Minimization of Robust Beamforming for the Non-Orthogonal Wireless Downlink,"A probabilistically robust transmit beamforming problem is referred, when the wireless downlink (DL) communication is supported by a robust non-orthogonal transmission (NOT)-aided design. Realistic imperfect channel state information (CSI) is considered in the face of rapidly fluctuating vehicular wireless channels, when the road side unit (RSU) communicates with multiple vehicles. Our design objective is to keep the probability of each vehicle’s signal-to-interference-plus-noise ratio (SINR) outage below a given threshold. Minimizing the outage probability presents a significant analytical and computational challenge, since it does not lend itself to tractable closed-form expressions. Assuming a Gaussian CSI uncertainty distribution, we provide an approximation method by resorting to the semidefinite relaxation (SDR) and then apply a convex restriction to the original SINR outage constraints. Furthermore, the infinite constraints are reformulated into linear matrix inequalities (LMIs) by exploiting the popular S-procedure. As a benefit, the reformulated program can be solved efficiently using off-the-shelf solvers. Computer simulations are performed for benchmarking our convex method both against the non-robust non-orthogonal as well as the classical orthogonal designs. The results show that our robust beamforming design offers excellent high-mobility performance.",Yingyang Chen; Miaowen Wen; L. xilinx Wang; Weiping Liu; L. Hanzo,12,,IEEE Transactions on Communications,2020.0,JournalArticle
e79b60f42def4c1744a5983379e07e4eac4dcc14,Utility Analysis of Radio Access Network Slicing,"The utility optimization problem of radio access network-slicing aided mobile systems is formulated considering both throughput and delay demands from a mobile network operator's perspective, whilst relying on stochastic geometry and Lyapunov optimization. Then a joint virtual resource optimization algorithm is proposed to dynamically allocate both virtual spectral and the power resources. Our numerical results support both the high-throughput slice and the low-delay slice and quantify the associated throughput vs. delay trade-off. Moreover, we compare the proposed algorithm with the benchmark one, which ensures better utility.",Guorong Zhou; Liqiang Zhao; Kai Liang; G. Zheng; L. Hanzo,17,,IEEE Transactions on Vehicular Technology,2020.0,JournalArticle
ecdbd69ee3bbcc352cb7b5ff34c658aa4c44c1cc,"Iterative Joint Channel Estimation, User Activity Tracking, and Data Detection for FTN-NOMA Systems Supporting Random Access","Given the requirements of increased data rate and massive connectivity in the Internet-of-things (IoT) applications of the fifth-generation communication systems (5G), non-orthogonal multiple access (NOMA) was shown to be capable of supporting more users than OMA. As a further potential enhancement, the faster-than-Nyquist (FTN) signaling is also capable of increasing the symbol rate. Since NOMA and FTN signaling impose non-orthogonalities from different perspectives, it is possible to achieve further increased spectral efficiency by exploiting both. Hence we investigate the FTN-NOMA uplink in the context of random access. Although random access schemes reduce the signaling overheads as well as latency, they require the base station to identify active users before performing data detection. As both inter-symbol and inter-user interferences exist, performing optimal detection requires a prohibitively high complexity. Moreover, in typical mobile communication environments, the channel envelope of users fluctuates violently, which imposes challenges on the receiver design. To tackle this problem, we propose a joint user activity tracking and data detection algorithm based on the factor graph framework, which relies on a sophisticated amalgam of expectation maximization (EM) and hybrid message passing algorithms. The complexity of the algorithm advocated only increases linearly with the number of active users. Our simulation results show that the proposed algorithm is effective in tracking user activity and detecting data symbols in dynamic random access systems.",W. Yuan; N. Wu; Qinghua Guo; Derrick Wing Kwan Ng; Jinhong Yuan; L. Hanzo,63,,IEEE Transactions on Communications,2020.0,JournalArticle
f2264020ce0c54a82b39d0a1feadf51fd46a2177,Federated Learning Assisted Multi-UAV Networks,"Unmanned aerial vehicles (UAVs) have been recognized as a promising technology to be used in a wide range of civilian, public and military applications. However, given their limited payload and flight time, multiple UAVs may have to be harnessed for accomplishing complex high-level tasks, where a control center can be employed for coordinating their actions. In this article, we consider image classification tasks in UAV-aided exploration scenarios, where the coordination of multiple UAVs is implemented by a ground fusion center (GFC) positioned in a strategic, but inaccessible location, such as a mountain top, where recharging the battery is uneconomical or may even be infeasible. On-board cameras are carried by each UAV and then, federated learning (FL) is invoked for reducing the communication cost between the UAVs and the GFC, and the computational complexity imposed on the GFC. In our proposed FL-aided classification approach, initially local training is performed by each UAV based on the locally collected images to create a local model. Then, each UAV sends its locally acquired model to the GFC via a fading wireless channel, where a global model is generated, which is then fed back to each UAV for the next round of their local training. In order to further minimize the computational complexity imposed on the GFC by the UAVs, weighted zero-forcing (WZF) transmit precoding (TPC) is used at each UAV based on realistic imperfect channel state information (CSI). The system performance attained is evaluated by simulations, showing that the proposed system is capable of attaining a high classification accuracy at relatively low communication cost.",Hongming Zhang; L. Hanzo,109,,IEEE Transactions on Vehicular Technology,2020.0,JournalArticle
f533524dfbbb4021ba9cacf9b4eb644a6ed7ef7d,Antenna Array Diagnosis for Millimeter-Wave MIMO Systems,"The densely packed antennas of millimeter-Wave (mmWave) MIMO systems are often blocked by the rain, snow, dust and even by fingers, which will change the channel‘s characteristics and degrades the system's performance. In order to solve this problem, we propose a cross-entropy inspired antenna array diagnosis detection (CE-AAD) technique by exploiting the correlations of adjacent antennas, when blockages occur at the transmitter. Then, we extend the proposed CE-AAD algorithm to the case, where blockages occur at transmitter and receiver simultaneously. Our simulation results show that the proposed CE-AAD algorithm outperforms its traditional counterparts.",Siqi Ma; Wenqian Shen; Jianping An; L. Hanzo,12,,IEEE Transactions on Vehicular Technology,2020.0,JournalArticle
f6a0b628ba798edecbdcf860a1a921ef03fcd82d,Enhancing the Fuel-Economy of V2I-Assisted Autonomous Driving: A Reinforcement Learning Approach,"A novel framework is proposed for enhancing the driving safety and fuel economy of autonomous vehicles (AVs) with the aid of vehicle-to-infrastructure (V2I) communication networks. The problem of driving trajectory design is formulated for minimizing the total fuel consumption, while enhancing driving safety (by obeying the traffic rules and avoiding obstacles). In an effort to solve this pertinent problem, a deep reinforcement learning (DRL) approach is proposed for making collision-free decisions. Firstly, a deep Q-network (DQN) aided algorithm is proposed for determining the trajectory and velocity of the AV by receiving real-time traffic information from the base stations (BSs). More particularly, the AV acts as an agent to carry out optimal action such as lane change and velocity change by interacting with the environment. Secondly, to overcome the large overestimation of action values by the Q-learning model, a double deep Q-network (DDQN) algorithm is proposed by decomposing the max-Q-value operation into action selection and action evaluation. Additionally, three practical driving policies are also proposed as benchmarks. Numerical results are provided for demonstrating that the proposed trajectory design algorithms are capable of enhancing the driving safety and fuel economy of AVs. We demonstrate that the proposed DDQN based algorithm outperforms the DQN based algorithm. Additionally, it is also demonstrated that the proposed fuel-economy (FE) based driving policy derived from the DRL algorithm is capable of achieving in excess of 24% of fuel savings over the benchmarks.",Xiao Liu; Yuanwei Liu; Yue Chen; L. Hanzo,43,,IEEE Transactions on Vehicular Technology,2020.0,JournalArticle
f6d3bc22da3e35875caa1645525b8d66183576c4,MIMO-Aided Nonlinear Hybrid Transceiver Design for Multiuser Mmwave Systems Relying on Tomlinson-Harashima Precoding,"Hybrid analog-digital (A/D) transceivers designed for millimeter wave (mmWave) systems have received substantial research attention, as a benefit of their lower cost and modest energy consumption compared to their fully-digital counterparts. We further improve their performance by conceiving a Tomlinson-Harashima precoding (THP) based nonlinear joint design for the downlink of multiuser multiple-input multiple-output (MIMO) mmWave systems. Our optimization criterion is that of minimizing the mean square error (MSE) of the system under channel uncertainties subject both to realistic transmit power constraint and to the unit modulus constraint imposed on the elements of the analog beamforming (BF) matrices governing the BF operation in the radio frequency domain. We transform this optimization problem into a more tractable form and develop an efficient block coordinate descent (BCD) based algorithm for solving it. Then, a novel two-timescale nonlinear joint hybrid transceiver design algorithm is developed, which can be viewed as an extension of the BCD-based joint design algorithm for reducing both the channel state information (CSI) signalling overhead and the effects of outdated CSI. Moreover, we determine the near-optimal cancellation order for the THP structure based on the lower bound of the MSE. The proposed algorithms can be guaranteed to converge to a Karush-Kuhn-Tucker (KKT) solution of the original problem. The simulation results demonstrate that our proposed nonlinear joint hybrid transceiver design algorithms significantly outperform the existing linear hybrid transceiver algorithms and approach the performance of the fully-digital transceiver, despite its lower cost and power dissipation.",Kaidi Xu; Yunlong Cai; Minjian Zhao; Yong Niu; L. Hanzo,9,,IEEE Transactions on Vehicular Technology,2020.0,JournalArticle
f9bc9a21c68d7b538782a7211ced9af8980ab795,Graph Theory Based Beam Scheduling for Inter-Cell Interference Avoidance in MmWave Cellular Networks,"The application of high directional beam in millimeter wave leads to a new downlink inter-cell interference (ICI) characteristic that the ICI is high only if the beam of a neighboring cell points towards a user in local cell. This characteristic indicates that the ICI can be avoided if the beams in the network are scheduled coordinately. In this paper, we investigate the time-domain beam scheduling problem for downlink ICI avoidance by modeling the entire network as a graph, where the number of time slots occupied by each beam is considered as a constraint to guarantee service quality. The beams in each cell are classified according to the neighboring cells they may interfere with. If two adjacent cells simultaneously use the beam which may interfere with each other, beam collision occurs, leading to strong ICI. Based on graph theory, we propose a least beam collision (LBC) algorithm to minimize the number of beam collisions, and we prove that this LBC algorithm is capable of acquiring the global minimum beam collision solution. Our simulation results verify that the strong ICI between two neighboring cells can be efficiently eliminated, which benefits the transmission reliability and the network's sum rate.",Ziyuan Sha; Zhaocheng Wang; Sheng Chen; L. Hanzo,28,,IEEE Transactions on Vehicular Technology,2020.0,JournalArticle
fa5a536a12143114882d3c5a924073433ce3015f,Near-Instantaneously Adaptive Multi-Set Space-Time Shift Keying for UAV-Aided Video Surveillance,"Unmanned Aerial Vehicles (UAV) are more suitable for surveillance systems than their traditional stationary counterparts. To meet the associated demanding video compression requirements, the H.265/High Efficiency Video Coding (HEVC) codec is invoked. Its scalable video coding extension is capable of supporting diverse video resolutions by encoding the video clips captured into multiple layers, namely the Base Layer (BL) and several Enhancement Layers (EL). In this treatise, we propose a multi-functional Multiple-Input Multiple-Output (MIMO) transceiver relying on Multi-Set Space-Time Shift Keying (MS-STSK) for UAV-aided near-instantaneously adaptive layered video streaming, which is capable of promptly varying the throughput as a function of both the estimated channel quality as well as of the UAV mobility, while maintaining near-flawless video quality. Additionally, we invoke EXtrinsic Information Transfer (EXIT) charts for characterizing our Unequal Error Protection (UEP) based video transceiver with the aid of near-capacity channel coding. Some of the perceptually less important ELs may have to be dropped during instances of low channel quality to retain the robustness of the transmitted video stream when a low-throughput MIMO configuration is activated. The simulation results show that our proposed UEP assisted adaptive system is capable of attaining the best Y-Peak SNR (PSNR) performance in comparison to both its non-adaptive and Equal Error Protection (EEP) counterparts.",Yanqing Zhang; Chao Xu; Ibrahim A. Hemadeh; M. El-Hajjar; L. Hanzo,11,,IEEE Transactions on Vehicular Technology,2020.0,JournalArticle
fcb1f35771e077afdf97d7a333a7859da123da58,Bayesian Learning-Based Doubly-Selective Sparse Channel Estimation for Millimeter Wave Hybrid MIMO-FBMC-OQAM Systems,"We design and analyse filter bank multicarrier (FBMC) offset quadrature amplitude modulation (OQAM)-based millimeter wave (mmWave) hybrid multiple-input multiple-output (MIMO) systems. Furthermore, a novel channel estimation model is conceived for quasi-static mmWave hybrid MIMO-FBMC-OQAM (mmH-MFO) systems that reconfigures the radio-frequency (RF) circuitry during the transmission of zero symbols. Subsequently, a Bayesian learning (BL) technique is proposed for sparse channel estimation, which relies on multiple measurement vectors combined with selective subcarrier grouping for enhanced estimation. Additionally, an online BL based Kalman filter (OBL-KF) is designed for sparse channel tracking in doubly-selective mmH-MFO systems. Then the Bayesian Cramér-Rao lower bounds (BCRLBs) are derived for characterizing the performance of the proposed frequency-selective and doubly-selective channel estimation techniques. Finally, a limited feedback based algorithm relying on beamspace channel estimates is proposed for hybrid precoder/combiner design. The accuracy of our analytical results is confirmed by our simulation results.",Suraj Srivastava; Prem Singh; A. Jagannatham; A. Karandikar; L. Hanzo,18,,IEEE Transactions on Communications,2020.0,JournalArticle
ff4c70de0aa0631ecf0b8e6a22d36856438efba1,High-speed multi-layer coded adaptive LACO-OFDM and its experimental verification,"In this work, we review the proposition and development history of intensity modulation and direct detection optical orthogonal frequency division multiplexing (OOFDM), as well as of its evolved versions, the layered asymmetrically clipped OOFDM (LACO-OFDM) scheme. We conceive and characterize the first experimental demonstration of a LACO-OFDM link relying on sophisticated adaptive bit-loading. The transmission scheme can be adopted for the development of low-cost high speed unrepeatered optical connections. Unrepeatered and uncompensated transmission tests over single mode fiber (0-20 km) are reported, achieving transmission rates up to 72 Gb/s. Moreover, we characterize both uncoded and channel coded waveforms, using a multi-class coding scheme, which has specifically been developed to benefit from the layered structure of LACO-OFDM.",C. Lacava; Zunaira Babar; Xiaoyu Zhang; I. Demirtzioglou; P. Petropoulos; L. Hanzo,4,,,2020.0,Review
0740e27b64253b8c4c2f8ec8cd719c821996b84b,Early-late coordinated beam-scheduling aided MmWave cellular networks,,Ziyuan Sha; Zhaocheng Wang; Jianfei Cao; Chen Sun; Sheng Chen; L. Hanzo,0,,,2019.0,
0d326618cb12592e4dae05529f736047b9815dc6,Joint Power Allocation for the Multi-User NOMA-Downlink in a Power-Line-Fed VLC Network,"Visible light communications (VLC) constitute as a promising downlink technique of supporting the ever-increasing tele-traffic. Since the ubiquitous mains power line constitutes a natural backbone feed for VLC, a combined power line and VLC network is conceived, where the source data are fed by power line communications (PLC) into the VLC network. We refer to it as a PLC-VLC network, where the power line connects the light emitting diodes without requiring a duplicated filter-backbone. Then, the information is forwarded to multiple users via visible light. Furthermore, to increase the downlink bit rate, non-orthogonal multiple access (NOMA) is invoked in VLC. For the sake of maximizing the sum-throughput, we conceive a joint PLC-VLC power allocation (JPA) strategy, where the power allocated both to the PLC and to the VLC links is jointly determined upon analyzing the power relationship between them. Our simulations demonstrate that NOMA significantly outperforms orthogonal multiple access (OMA) with the aid of the proposed JPA.",Simeng Feng; Tong Bai; L. Hanzo,37,,IEEE Transactions on Vehicular Technology,2019.0,JournalArticle
0d5cb4bf667e5083678686f5fc072d30495cd847,Quantum Topological Error Correction Codes are Capable of Improving the Performance of Clifford Gates,"The employment of quantum error correction codes (QECCs) within quantum computers potentially offers a reliability improvement for both quantum computation and communications tasks. However, incorporating quantum gates for performing error correction potentially introduces more sources of quantum decoherence into the quantum computers. In this scenario, the primary challenge is to find the sufficient condition required by each of the quantum gates for beneficially employing QECCs in order to yield reliability improvements given that the quantum gates utilized by the QECCs also introduce quantum decoherence. In this treatise, we approach this problem by firstly presenting the general framework of protecting quantum gates by the amalgamation of the transversal configuration of quantum gates and quantum stabilizer codes (QSCs), which can be viewed as syndrome-based QECCs. Secondly, we provide examples of the advocated framework by invoking quantum topological error correction codes (QTECCs) for protecting both transversal Hadamard gates and CNOT gates. The simulation and analytical results explicitly show that by utilizing QTECCs, the fidelity of the quantum gates can be beneficially improved, provided that quantum gates satisfying a certain minimum depolarization fidelity threshold <inline-formula> <tex-math notation=""LaTeX"">$(F_{th})$ </tex-math></inline-formula> are available. For instance, for protecting transversal Hadamard gates, the minimum fidelity values required for each of the gates in order to attain fidelity improvements are 99.74%, 99.73%, 99.87%, and 99.86%, when they are protected by colour, rotated-surface, surface, and toric codes, respectively. These specific <inline-formula> <tex-math notation=""LaTeX"">$F_{th}$ </tex-math></inline-formula> values are obtained for a very large number of physical qubits <inline-formula> <tex-math notation=""LaTeX"">$(n \rightarrow \infty)$ </tex-math></inline-formula>, when the quantum coding rate of the QTECCs approaches zero <inline-formula> <tex-math notation=""LaTeX"">$(r_{Q} \rightarrow 0)$ </tex-math></inline-formula>. Ultimately, the framework advocated can be beneficially exploited for employing QSCs to protect large-scale quantum computers.",Daryus Chandra; Zunaira Babar; H. Nguyen; Dimitrios Alanis; Panagiotis Botsinis; S. Ng; L. Hanzo,11,7f9fad510b8178f921807df2cdb0109b7a71011d; 5d3885b7e22bcaaaf7c7907fc5f28035292b4ed5; 8f3e46210a7b832c5cdff288eb08e3cabddff827; bf304158c2cedf0cc321f0f41da9824d762a41a4; 596a2e4fe39455c7fa1f0a987cc0c4ddc4eba94b; 4871acc8003d68a881a9ba988b16ea70066d8d07; a76d7dbe1043c08cde3b33b9ef24f1251d40997b; 13902e411f43bdf2e8453812a768f0a8a3182d36; 14664cbcfa181c0493015759b3a46c91ae6ca049; 04d3cca29791e27ab1727101c89782fb16b75cf3; df3682bfa4eb9a01bf84d12c0fbe6235436096a7; 853713aa2871c927e421275298908ef2c7719765; 76da89fa27e8b066604aff5d9014b6b3bbe226a9; 43fb57ef7162cd182640405132497a1abadabc79; bd82ba6c316beb1c87de2f8e501673725c323e69; 04c3d8b6fde46805f9b8921ac72c69e4d82237b0; 229b0b970cd7a4325ae1ff90fdb32983c7ac95c9; 9781bde3c4d63c50e2aed54247abd4dde64c6b25; f02b8d101ca7a2328c2e3f4c49c993a3a8d36c9b; 785beb407f4b8e2c07e0f8aba39bf5b426f46bb5; d770c8fd2c1cc2e76c4d8350f252e0107a1dc5b4; f9db7ae0a333ef8a21317d1a3126d75da9d43ff4; ddbf9bc7a13e503f9afcaa4aea1a6495afb41dc8; a635f762e35cd37b5f1bab25016fee2686f9f587; 93c68874e0248d34f392f17db7df64e39d07292e; ed793ce2423eea06082512a534ae8eccef6eb832; f9e9f9796153c0d34cbec27ae109ebf5a284f9ee; c375e28f31864920ca0b867664e3819a577c87f7; d7df206f739d64b3d9edd1cf479d452fab50d929; 951c5ef15a5b1c501f27cf1b1cb3882789e3faa2; e58ad7c962201a2cbad50f92ea2b1007e01ddda4; 84e0ff378c8018546144ef877c8e4939ef18ddf4; 974406cd3d6ddadbd5d862e1543eed64fdd78214; f3ce7b66a91065bf244606e42bfa8995f0a25ea9; ac9aba1ad40274295ee2c8a6b8057dc6e16448a8; 72b9ba83c7e90c21e5269e545dea7c6f10fd1bad; d6eacf0fd0f17e533f83638f0dbda1b3bbed360c; f2be031978dd8b4baca39461c7d4411e888c9bbb; 7ecfd9774162625694c64f992848d84d233fc7b4; decb4dd4ec0dd926386798d19e1b59e067562829; 7c454c7c61af446af41123f968f0f0bad5977fb3; 94a4d044f04d37a8c615838ec8c0571e0760b5a6; 3a80e2ea153afb35ec5a45609787b2da751addd0; 7617e78f2a63f3044a2e7ec5156d7376b6b32819; 74d84fc0b7435ccf199f77b39237313c8ad7efde; fbef70d1f355aa8c1e2aef0fe1a3d25ee43868b8; 4b14c7ec0724440993f38189946f80cf40ff9b8d; adb89e8fcb7226a67a97929bfe85843c9243acaf; c85d6e6f0dbc001d02c3eac60de3f4dc6cea27d1; ce9a9aefb4ac19170f6cd8c4f694354aa128bacb; 3b75692ea8f3d29dfdd6eb250c6d5edae48c1f16; ede0aafcd74539724fbb3e6ab92b3d24e3425b78; 4c7e6a179e0f096553c9388b372f021a5f457966; c7cfd6516c141a861221c46cb6884849e9afb26c; 2fa00c9405a3d5bdf65af97aa2c837791bc1b8c3; 1994a6c2107d71d21d68a2796bebd72959ce8773; 222291b43d1837f09b1fc5433969f4f569c7abc8; 5685c6189cfc06bd474339957e3adf08e995eee1; 0c4fde6d232a1e921c7125d17d4c11a98cd94c98; 46e6184256a96e8ff7b1551c662ede13606dcba3; 41f00eacfe5c9300a54e822e04f412dc8e5c0fb5; e1c8c72ba400ae96f90fdaa544b78ae26a8866eb; 882fc6a49671030fd33b29bdc646498436b3cad6; 3c45408f030a8f81c33961dece81f9468838de01; db5c47769e7b1a852303220fb75b8e9d6e2086ce; 298d799da82395a64a3bda38ef9d2a4646828ccb; 77d90e6e1ea75872513c228e730bffc09471bcaf; 0d32ab5e558cc5091b03f3e74a6e517a78d2b7c6; fd0a53923a9dd5a595c90680154c88aa06c50ed9; 07d24b026039998137affa0ae10b5a7f22640dcc; 067b1059f443e53276d39fc6eddbf273cc103531; 07bd17af25acb7e0eabc34e058e0578fd1b53d3c; 169b1983584aeb42f88a1d233cc93231f5c2ad8e; 2273d9829cdf7fc9d3be3cbecb961c7a6e4a34ea; 539357be9d9b2939ccc15a83f3a177cd28caa04d; 71a5cbcd93359b91b03eac0b77efc44993142898; 1ea7482d7ea3801d741f0cea0f99664dbf2e8b55; a3e7c7cc4a93ed737f5419487f5cd5833cb68f87; 35ddfa5ce8605d9354c26360f01440c465d5b719; ffa083522f736d3434c44be5e2fbba2e85de63fc; f6e8937d89ad84080f3181be87c4f19f3a29fa39,IEEE Access,2019.0,JournalArticle
10c8ae22a783805c6d3a285619c587893ddffbc7,"User-Centric Clustering for Designing Ultradense Networks: Architecture, Objective Functions, and Design Guidelines","User-centric (UC) clustering, an innovative design principle for ultradense networks (UDNs), supports dynamically fluctuating adaptive network topologies. In this article, we introduce the UC-UDN architecture and provide a tutorial on UC clustering design by generalizing the problem under practical constraints. In the context of UC clustering, we briefly present various promising methods that represent constraint options and also provide a pair of case studies focused on design tradeoffs. Finally, the salient future directions of UCUDNs are identified.",Yan Lin; Rong Zhang; Luxi Yang; Chunguo Li; L. Hanzo,19,,IEEE Vehicular Technology Magazine,2019.0,JournalArticle; Review
1455f0c6665575863b4a912d361e09836f3c80e8,Thirty Years of Machine Learning: The Road to Pareto-Optimal Next-Generation Wireless Networks,"Next-generation wireless networks (NGWN) have a substantial potential in terms of supporting a broad range of complex compelling applications both in military and civilian fields, where the users are able to enjoy high-rate, low-latency, low-cost and reliable information services. Achieving this ambitious goal requires new radio techniques for adaptive learning and intelligent decision making because of the complex heterogeneous nature of the network structures and wireless services. Machine learning algorithms have great success in supporting big data analytics, efficient parameter estimation and interactive decision making. Hence, in this article, we review the thirty-year history of machine learning by elaborating on supervised learning, unsupervised learning, reinforcement learning and deep learning, respectively. Furthermore, we investigate their employment in the compelling applications of NGWNs, including heterogeneous networks (HetNets), cognitive radios (CR), Internet of things (IoT), machine to machine networks (M2M), and so on. This article aims for assisting the readers in clarifying the motivation and methodology of the various machine learning algorithms, so as to invoke them for hitherto unexplored services as well as scenarios of future wireless networks.",Jingjing Wang; Chunxiao Jiang; Haijun Zhang; Yong Ren; Kwang-Cheng Chen; L. Hanzo,39,,arXiv.org,2019.0,JournalArticle; Review
1d3cb5def20b2c24985e46dce7c5a4171e7a321a,Early-Late Protocol for Coordinated Beam Scheduling in mmWave Cellular Networks,"As a benefit of using highly directional beams in millimeter wave systems, the downlink inter-cell interference (ICI) imposed on the users can be avoided, provided that the beams of neighbor cells do not point towards the user. We exploit this by designing a protocol for network-coordinated time- domain beam scheduling. Specifically, every pair of two neighbor cells maintains a beam collision table for recording the beam pairs that may inflict ICI upon each other. Then, to avoid beam-collision, the two neighbor cells exchange the necessary information to avoid the simultaneous activation of two beams recorded in one pair. More explicitly, our protocol supports a distributed cell coordination method without requiring any information exchanged between the user and the base station, once the beam collision table has been established. Furthermore, our theoretical analysis and numerical simulations demonstrate that the proposed protocol is capable of efficiently mitigating the ICI between the adjacent cells and hence improves the overall network performance.",Ziyuan Sha; Zhaocheng Wang; Sheng Chen; L. Hanzo,5,,Global Communications Conference,2019.0,JournalArticle; Conference
205185ec35ed6064901a4d0a97254141a9e6358a,Secrecy Outage and Diversity Analysis of Spectrum-Sharing Heterogeneous Wireless Systems,"We study the physical-layer security of a spectrum-sharing heterogeneous wireless network in the face of an eavesdropper, which is composed of multiple source-destination (SD) pairs, where an eavesdropper intends to wiretap the signal transmitted by the SD pairs. In order to protect the wireless transmission against eavesdropping, we propose a heterogeneous cooperation framework relying on two stages. Specifically, an SD pair is selected to access the shared spectrum using an appropriately designed scheme at the beginning of the first stage. The other source nodes (SNs) transmit their data to the SN of the above-mentioned SD pair through a reliable short-range wireless interface during the first stage. Then, the SN of the chosen SD pair transmits the data packets containing its own messages and the other SNs' messages to its dedicated destination node (DN) in the second stage, which in turn will forward all the other DNs' data to the corresponding DNs via the backhaul. We conceive two specific SD pair selection schemes, termed as space-time coding aided source-destination pair selection (STC-SDPS), and the transmit antenna selection aided source-destination pair selection (TAS-SDPS), respectively. We derive the secrecy outage probability (SOP) expressions for both the STC-SDPS and for the TAS-SDPS schemes. Furthermore, we carry out the secrecy diversity gain analysis in the high main-to-eavesdropper ratio (MER) region, showing that both the STC-SDPS and TAS-SDPS schemes are capable of achieving the maximum attainable secrecy diversity order. Additionally, increasing the number of the heterogeneous transmission pairs will reduce the SOP, whilst increasing the secrecy diversity order of the STC-SDPS and TAS-SDPS schemes.",Xiaojin Ding; Yulong Zou; Xiaoshu Chen; Xiaojun Wang; L. Hanzo,0,,arXiv.org,2019.0,JournalArticle
2fb26a65f612c486dd0de7be825dc47e65c24f3e,User-centric clustering aided design of ultra dense networks,,Yan Lin; Rong Zhang; Luxi Yang; Chunguo Li; L. Hanzo,5,,,2019.0,Review
31681c05cfd515e8a9ba5a0ca32b44a20571554d,Constant-Envelope Space-Time Shift Keying,"From the power amplifier's perspective, the peak-to-average power ratio (PAPR) is of essential importance, especially for both single-RF and reduced-RF multiple-input multiple-output (MIMO) single-carrier schemes. In this context, many of the diversity-oriented index modulation schemes—including the full-RF space-time shift keying (STSK) and the single-RF asynchronous STSK (ASTSK) that invoke randomized signals—exhibit eroded energy-efficiency. To circumvent this problem, we propose a holistic signal construction approach for single-RF, reduced-RF, and full-RF MIMO setups, which always achieve both perfect 0 dB PAPR transmission and inter-channel interference (ICI) free signal detection. More explicitly, first of all, we conceive a new family of single-RF constant-envelope ASTSK (CE-ASTSK), which is capable of substantially outperforming conventional spatial modulation (SM) in both Rayleigh fading and Ricean fading associated with increasing line-of-sight (LoS) power. Second, we propose the new full-RF CE-STSK concept, which is capable of outperforming the orthogonal space-time block codes (STBCs) without either increasing PAPR or imposing ICI. This is particularly beneficial because the conventional linear dispersion code (LDC) approaches always compromise the orthogonality of STBC and hence impose ICI. Third, we also conceive the reduced-RF versions of CE-STSK, which outperform both generalized spatial modulation (GSM) and space-time block coded spatial modulation (STBC-SM). Finally, the proposed schemes are intrinsically amalgamated with turbo detection assisted channel coding, which further confirms the superiority of CE-ASTSK and CE-STSK over SM and STBC in the single-RF and full-RF modes, respectively.",Chao Xu; Tong Bai; Jiankang Zhang; R. Maunder; S. Sugiura; Zhaocheng Wang; L. Hanzo,12,,IEEE Journal on Selected Topics in Signal Processing,2019.0,JournalArticle
3558dc0a0139d6a3dd48458d207c497db027ab1b,Thirty Years of Machine Learning: The Road to Pareto-Optimal Wireless Networks,"Future wireless networks have a substantial potential in terms of supporting a broad range of complex compelling applications both in military and civilian fields, where the users are able to enjoy high-rate, low-latency, low-cost and reliable information services. Achieving this ambitious goal requires new radio techniques for adaptive learning and intelligent decision making because of the complex heterogeneous nature of the network structures and wireless services. Machine learning (ML) algorithms have great success in supporting big data analytics, efficient parameter estimation and interactive decision making. Hence, in this article, we review the thirty-year history of ML by elaborating on supervised learning, unsupervised learning, reinforcement learning and deep learning. Furthermore, we investigate their employment in the compelling applications of wireless networks, including heterogeneous networks (HetNets), cognitive radios (CR), Internet of Things (IoT), machine to machine networks (M2M), and so on. This article aims for assisting the readers in clarifying the motivation and methodology of the various ML algorithms, so as to invoke them for hitherto unexplored services as well as scenarios of future wireless networks.",JingJing Wang; Chunxiao Jiang; Haijun Zhang; Yong Ren; Kwang-Cheng Chen; L. Hanzo,384,,IEEE Communications Surveys and Tutorials,2019.0,JournalArticle; Review
37f474a5124f40ff49a77be08eaa39f38d24c9da,Transmit Antenna Selection and Beamformer Design for Secure Spatial Modulation With Rough CSI of Eve,"The security of spatial modulation (SM) aided networks can always be improved by reducing the desired link’s power at the cost of degrading its bit error ratio performance and assuming the power consumed to artificial noise (AN) projection (ANP). We formulate the joint optimization problem of maximizing the secrecy rate (Max-SR) over the transmit antenna selection and ANP in the context of secure SM-aided networks. In order to solve this problem, we provide a pair of solutions, namely joint and separate solutions. Specifically, an accurate approximation of the SR is used for reducing the computational complexity, and the optimal AN covariance matrix (ANCM) is found by convex optimization for any given active antenna group (AAG). Then, given a large set of AAGs, simulated annealing mechanism is invoked for optimizing the choice of AAG, where the corresponding ANCM is recomputed by this optimization method as well when the AAG changes. To further reduce the complexity of the above-mentioned joint optimization, a low-complexity two-stage separate optimization method is also proposed. Moreover, when the number of transmit antennas tends to infinity, the Max-SR problem becomes equivalent to that of maximizing the ratio of the desired user’s signal-to-interference-plus-noise ratio to the eavesdropper’s. Thus, our original problem reduces to a fractional programming problem and a significant computational complexity reduction can be achieved. Finally, our simulation results verify the efficiency of the proposed methods in terms of the SR performance attained.",Guiyang Xia; Yan Lin; Tingting Liu; F. Shu; L. Hanzo,23,,IEEE Transactions on Wireless Communications,2019.0,JournalArticle
3808b9d717099db6382ac27bc423618ea895c28b,Quantum Search Algorithms for Wireless Communications,"Faster, ultra-reliable, low-power, and secure communications has always been high on the wireless evolutionary agenda. However, the appetite for faster, more reliable, greener, and more secure communications continues to grow. The state-of-the-art methods conceived for achieving the performance targets of the associated processes may be accompanied by an increase in computational complexity. Alternatively, a degraded performance may have to be accepted due to the lack of jointly optimized system components. In this survey we investigate the employment of quantum computing for solving problems in wireless communication systems. By exploiting the inherent parallelism of quantum computing, quantum algorithms may be invoked for approaching the optimal performance of classical wireless processes, despite their reduced number of cost-function evaluations. In this contribution we discuss the basics of quantum computing using linear algebra, before presenting the operation of the major quantum algorithms, which have been proposed in the literature for improving wireless communications systems. Furthermore, we investigate a number of optimization problems encountered both in the physical and network layer of wireless communications, while comparing their classical and quantum-assisted solutions. Finally, we state a number of open problems in wireless communications that may benefit from quantum computing.",Panagiotis Botsinis; Dimitrios Alanis; Zunaira Babar; H. Nguyen; Daryus Chandra; S. Ng; L. Hanzo,111,80b388f07313e609a0fbd7dadfbadc69ae3b653e; 89adf76f41cad1556d4c24e017321a49b5f6f0cf; 8e862c02def94885553850d1fbafea18d5dfb09b; ff8eea01cbb5de505672cf9bbda3a6a91624cf52; fd1ad36be330603d458df5a49b2cbb35949981c0; cd7637cf29525ff50f65321a9f37aa91eeee386e; 3a911a49b70261f3a2c767d8781d3691a5f30471; 5fbba998188ab79476c953ebfe014ae7e7432a20; 1dc0045a555984126c4b7f9cbd7b244f899c06c7; adb73d51b8473bfa403664d5417c1dea9343bba6; dd41d656e21c30dd761bee2eba303d1aa014d120; 375af0400192d30783debde2f2e057d247a7ef4b; e85e6f3a0f642902e4306ab6264b8f7246fde66b; 3d0c78def79c44757bcd767e589e7e131cb98d8e; c456599d16af710b3e7c7a5201d9f66ca9d9c230; 6234278e63dddcfc3b764c68538b8b57db0d63c3; 6326282afaaf4f7024caef5e386feb5187b05ad9; 08e4fcd39b8b46dfd0219d74690019e513dc5609; e0e01c73da3107c338fea243c65e008463ca3d3e; b7b96a579c287ffc1312c862b4a59046344fd8a6; a0b12db03a8fde734d04be8111776f58c57bc405; 410cfa9f8956c11d60aa2821bbb7cbdb8148947b; 341aa1740f3726a7a16e74c972a3fa2e33833b4f; 037a20a3f24a1311a2a8c378abd171199a320f6c; e67b9bf221ff19aaa3f98bb69c0cc933231fb65c; 43dbe4583210115fe54e9316c97906301e14805d; ceb72d38e8570a6accd726564318ef5d80ae423b; 801635a8e9b1d5f299dcb43fcbcc33aa6811b31b; 928210289c388b319cc554f9dab594af528c24ad; ec6b4c5c9ccc9b5e9614e8cff8f2f53c05466f02; 97158a13a871720757114a8dcb8d8f4e104d8693; fa94882070e3d0260e45d47d68b350e82eec8a9b; e0cb07ef9086985c6a8bfec377f1ce1ff1eac5af; 44eb7b0263a02f9b49fcf520f0c01e1def9f6bce; 04d3cca29791e27ab1727101c89782fb16b75cf3; d9f853eac59f550b023125a804d015d34756b437; e65af13b303f05ecc5407bad706f8ddbee7322c9; 66ef67ce50aff4b7e82b084e0bd4f472ccdf2fca; bdadcdfbb6e59ddced78bba0de23509d72459302; 0a45387d42dbc15860d3de5c6f1a93b2ea22801b; 3cb80b8887fd4d4d7e09e198c2628b12b9d8c831; c68cf7a819cf3644c81ceeefe8cbe00e148448a2; 588b913a7040d266c8ebbcd236e73b7f3466d090; 35beadb9397550a21a97fc8cabc8d0e6fe3d5e6c; 4c3f615a53fe1fa2501675944122650d07df508d; 523826d68e59b799597bd94bcc36991fd394cbb8; 67ddf4afad5a48677ddfba1a9a8001b817b38699; 20b7d448eac4b6a6d73b14407d9ccf7cb239c467; c5bdf457a6b24685482edb28b70d01229d277ca6; b83f2a0dfc6838310b22356982fd07444b27ed30; 853713aa2871c927e421275298908ef2c7719765; 7dcb8466246806bc0a43119b9f5aa592a6b28ae5; f2ea89ad4c9e680180233a53b7688b19fcfc5ab5; cf71771f3f0ab8a22cdbd16977c1cc3a0bbc5987; 221f4ddc2609e4132b4c5cefdecf7fa7e91c5167; 17c16c133ab46e66ea0a08f40d19b3308733c348; 8ee2e4cdc964b0dad050112ddd28f20c6827fa5e; b3ba7446be848e65268e1d153c3b929e2d12ff3f; d7f11c0f166079ac64a0678dbb7b41137427ec80; e81f0fd3a3ecdfa6d874bd86b221827ddbc8d30c; e8b19ad28c1a7bcac6117986b3def54140e2b946; 646211919204b01f54d612fab7c54bf0a391e897; 708611a70343c5562492afa361d4eaf0cab9e42e; 97efde4b7a685c002430d20e59bd84375b9356da; d76e5cd8e43441df5b0e1b0aa98a4fb6562e7e4c; c7a0e96bf72e9b8ab5e59c829d718be5ab6fa787; 52f168c6c4f42294c4c9f9305bc88b6d25ffec9a; e33a9d0c8b837edc53c64942001d5ad2f7a92c00; 54835b226d7274d63b1b7d10c0c1729ec0964a19; f3c87e0210d240b690960d7621b9f78126cf5a90; ba25fb5dfe184f1e38c0b4b913e362194bc84d91; 40a04aab96056c97a519d50eb610e8b0d0942b7e; c4230e1a622ff8bff1ffad216531eae9309a6ef7; 0e7d8823cfd5486357fbfa6ee8986233cd382c43; 1ccb975fc76d38d12e7b41b3d221c4624343329f; 3ce02cf8e5cd73aef179923a411d79c2e6f52b97; 5ac38297a3c256c88a67597fa8f5d0c44d5957c8; b923317d7eba5a5d56b2e9aff09cf4e5ec2ea132; 87e5474b7db06872b7c785243d87fa63f623da06; 2c5848346ef5cf7fd245e56fa8fbdde1b640c0c0; 0e8bc2eff088e3b34f8e7b50da96378f56fbce2d; 744f01819de34eeff512381612267a0b88a1b02f; e0ccc22a6a3d8874302e450b2fec897eed66710f; 3ff039998b25cc2648f7c210381d2de8d4de7c95; 20ab856ebefec922c073e890fba88d0b67102fe1; 7574d0af82fc6f6097a8de5981dbc3cc0ae46423; 41ab71eeabdd9813998e0c5acefff18575576e47; 13e2ca5c1e389577249cd28475f7dde24646f775; 18b9c7529f891ea32059effc7ccbeb079c7968c8; f0302e620a0396d48b3fe721f4cff432c79eefe5; 81deb7c2ec55b8f5bbd0eab03664472e1c70334a; 3bd5c46eba124e95a98c1306adc2ba0ffb68aa91; 7c7b1daba8388bd9c670d76e26c5fb1115fe7543; 24b0768e48bf750fe6fb239150f1c75f509766a9; cad2736ff0869e8674144b3816486c41118e4003; 343d1b3024a526379b751c993c2ecb45abdeb3ee; 6552f6423996b77889f8d1ccc912f7429092cab5; e4bca494438b0282fcf69f986d46d61e3594a27d; 73f3c862faf67ea2be002fd99e367f6981938b62; b1befe95fba612686bc28ce581703dc2a358fbea; d0019f2ef578736cd60d7387c99c47bca4272faf; 6c51c0e4c5cf636c16d1049f4f0e76b79f65aa09; ea4e9f44b9f6d5e6f3733e0132e85d06cecd3dc4; cf48dfbd9e99774689089a76d60c3c71caf8258c; c4fd7b814524b0cc59aa23c3f30e98dcbc72d0b6; 277a330bd9bf3cf8279c685238c1a8b01d99f0c8; e551dd965d3b281d653b11cbd7c97f9075950916; dbefc42938fe6d423f19f39c48e412febd55bf03; bfb00f951f2d48657af75d055e3273cc3ddb31da; 9cece9e40e14434c645048e44abdd1bfc3f56c4a; 918ee29718540e09e86e5780741c662fb48bc560; d9536122e7f1525e56d8bcf29a8a8404b67fd5d0; 8164b3c143b0c14afb61dbd12050e701baeb2015; a03b8bb6c707f963f23eb68afd5749f6b60261ad; 705b593d36be298ede0ae3d3d6eb952a9e67ea6d; ed562f0c86c80f75a8b9ac7344567e8b44c8d643; 110a61d561a052da11b66d489a28b8eddd1c4af0; 024ac4c7a746e97f90a93da72bc29601d72b7497; 84114dd5d9f55111cecee5186dfbb47df2eea0c9; 5f46bbebb78f7b55d3488ad0420be7bcd6056071; aaa0290dbd7a1b80e88f38ac326ab55afa5dae29; b477c642594f5198186e2fb14b5100c49bb47e61; d22fc46a607dbc16dfc9a32084fdd8b2558da17c; e2bc7165e4103ee73aa3061763f46c849ab27090; 3014ca4bee67b35e994ae8fe0bff10e497aab184; 3896c230a8acecfc62f39dbf6319ed7dd3ca83e0; 4d44bdbe34e290d0d21f331e082102dbbb8e4c52; 57e9e2acbb28ac002110a3b9aab125186fb29dbf; 3b3188f59e6dff7034f160650fb4b5c32a33c3cf; ad80dce186acbc48f8f161a22c8b2ebf7b70c4eb; 4fddf3a1dde6b9a1e04aaf4a916e962f233bc943; 7ff1a58bdff77cc40e3a162e64161c906148cb64; fe10f72bed2cbbe9c9a31b3762ecd1b4dfd71296; 2369171f9d7a1b28c38d4190a435e513ccf188ce; 2f8af00a3d8746c0a10c40bd7e11d9bee927cd41; a101fd6c9fd917f79d54086cfcdc7180caa8305e; c3e32e5097f2e9e4cb154a725f89d422f98992a6; c1e551236e425b9ba81342c0f7822eca5c1f2829; 134770862b5ccedbb5376cb1a9de61d3d4973c17; 93ea0fdab3b23deaad43cc5d99f4c42fd6329855; 824be54bad2d652721589047f5182237d02a211f; f0440298874fb080a3154230eae99a1a6494181e; 1184bdeb5ee727f9ba3aa70b1ffd5c225e521760; 4019ea7a695ffbe57c03fa5024ed6966ffa95daf; 3b75692ea8f3d29dfdd6eb250c6d5edae48c1f16; ccce1cf96f641b3581fba6f4ce2545f4135a15e3; 529595f0bbf7d8d38354436f5ce7a3293e66bd05; 7e8e435f220bd894b0a618c08760762d37310acc; ecb34b460413ecc4052be5f441e5446ef9e31ec9; fe84db9e87a513b285ab32147cd901782e66616d; 1ff4dc070a01196cf046f87d3c9fff8ea0b8f17d; 7f2c0e7a112b2cc6f32ac5015bd81ba01aab4324; a3336e6f4d5cfe621dd616d9d9bac443ba4f8b6b; f0132e6c7c7608d25d32c833ff233225cab5cc5e; 9ed89ac5e3cff650f9405641e6142d071e91bcaf; 222291b43d1837f09b1fc5433969f4f569c7abc8; 7aeb11dad225684675d56e767686e7d02df5cb3b; 298d799da82395a64a3bda38ef9d2a4646828ccb; efe07cc0c976ddcb4ae95a56b48104e50d1137e7; 07bd17af25acb7e0eabc34e058e0578fd1b53d3c; 2273d9829cdf7fc9d3be3cbecb961c7a6e4a34ea; d34a810719d6c132d9fb697df1b5a38e2fd0dc05; 270e35bf7f6164499f29643bb960e09cc333d120; 692dceed6973b708ff6b2032da9a1f35963aa634; 6b0f06617d9f5256a80ed62d9398acb92a55a6bd; 1db1e2609852ed8843981386a94c868d4e642bf3; 57eaf807b2639d4c01af674ee511f8a6f7004c8b; ea1d0df6755df0a10d3b4b2f01072de720fd8da5; b86ac859932ebdab1b2c281c95c9fb7b6f8766ec; 45786063578e814444b8247028970758bbbd0488; dc39536089a5fead271ae6e44617407e7148536b; ffa083522f736d3434c44be5e2fbba2e85de63fc; 8e3c872076750bcce868808f9d4d7a038f950040; fae20aabb83276433eec81a4f3fa16a1f8aa1ac9; 3636ddf666a6f0af9eb7ca37b6c1fbbc66ffc335; 360ca02e6f5a5e1af3dce4866a257aafc2d6d6f5; 1ff387020e3672f74e40cfaaab46c2d12905ca35; 3fcd7c5053c90caa84a5b5967deffec0582ac7cf; b02d649b277fc71899971ead46aa08b0bf9ca665; 0f4fed7d216d6ce1989c690ef268ffd11a2c6089; 298d32010bf6104863777f521e2d7dd44c76b55b; f01fb3a0ea5ebf95f53692e22914c26d4dd6e946; fbc1e1996ec3aeb555fa3e8f98d4cea77522982a; 98066773a27faa844459068a846d2bbe6d7952f7; 2e62d1345b340d5fda3b092c460264b9543bc4b5,IEEE Communications Surveys and Tutorials,2019.0,JournalArticle; Review
3a6458aad3af5b53902c5470562c8eb562dcc5ba,Multi-Antenna Aided Secrecy Beamforming Optimization for Wirelessly Powered HetNets,"The new paradigm of wirelessly powered two-tier heterogeneous networks (HetNets) is considered in this paper. Specifically, the femtocell base station (FBS) is powered by a power beacon (PB) and transmits confidential information to a legitimate femtocell user (FU) in the presence of a potential eavesdropper (EVE) and a macro base station (MBS). In this scenario, we investigate the secrecy beamforming design under three different levels of FBS-EVE channel state information (CSI), namely, the perfect, imperfect and completely unknown FBS-EVE CSI. Firstly, given the perfect global CSI at the FBS, the PB energy covariance matrix, the FBS information covariance matrix and the time splitting factor are jointly optimized aiming for perfect secrecy rate maximization. Upon assuming the imperfect FBS-EVE CSI, the worst-case and outage-constrained SRM problems corresponding to deterministic and statistical CSI errors are investigated, respectively. Furthermore, considering the more realistic case of unknown FBS-EVE CSI, the artificial noise (AN) aided secrecy beamforming design is studied. Our analysis reveals that for all above cases both the optimal PB energy and FBS information secrecy beamformings are of rank-1. Moreover, for all considered cases of FBS-EVE CSI, the closed-form PB energy beamforming solutions are available when the cross-tier interference constraint is inactive. Numerical simulation results demonstrate the secrecy performance advantages of all proposed secrecy beamforming designs compared to the adopted baseline algorithms.",Shiqi Gong; Shaodan Ma; C. Xing; Yonghui Li; L. Hanzo,8,,IEEE Transactions on Wireless Communications,2019.0,JournalArticle
3b31df463ae416893ed39edac06d02b778708ec0,Multicarrier Division Duplex Aided Millimeter Wave Communications,"The existing time-division duplex (TDD) and frequency-division duplex (FDD) techniques rely on a guard time and/or a guard band to avoid self-interference (SI) between the uplink and downlink channels, which results in the wastage of precious spectral resources. The full-duplex (FD) schemes of in-band FD (IBFD), as well as multicarrier division duplex (MDD), may overcome this drawback while retaining the key benefits of both TDD and FDD. Moreover, the MDD exhibits the exclusive benefits of the reduced peak-to-average-power ratio (PAPR) for signal transmission as well as the SI-free signal detection. Against this background, in this paper, we propose a novel FD scheme conceived for frequency-selective millimeter-wave (mmWave) channels, which have not been investigated in the open literature. Furthermore, we propose a novel projection-aided iterative eigenvalue decomposition (P-IEVD) algorithm, which performs null-space SI cancellation in the inherent beamforming structure of mmWave communication. Our simulation results confirm that the MDD is capable of outperforming its half-duplex (HD) counterparts of the TDD/FDD, even the IBFD can only achieve a better bandwidth efficiency than the MDD when a sufficiently high SNR is provided.",R. Rajashekar; Chao Xu; Naoki Ishikawa; Lie-liang Yang; L. Hanzo,7,,IEEE Access,2019.0,JournalArticle
3b8f67f4a287773032f0535a33968aea6a0a1eef,“Near-Perfect” Finite-Cardinality Generalized Space-Time Shift Keying,"Two decades of full-diversity high-rate MIMO research has created perfect Space-Time Block Codes (STBCs), including the Golden code. However, the major stumbling block of their wide-spread employment is their limited energy-efficiency. On one hand, the superposition of their signals results in a high Peak-to-Average Power Ratio (PAPR). On the other hand, the total number of equivalent Inter-Antenna Interference (IAI) contributions that the receiver has to deal with is increased to <inline-formula> <tex-math notation=""LaTeX"">$\text {IAI}=M^{2}$ </tex-math></inline-formula> upon using <inline-formula> <tex-math notation=""LaTeX"">$M$ </tex-math></inline-formula> Transmit Antennas (TAs), which is a substantial extra price compared to the <inline-formula> <tex-math notation=""LaTeX"">$\text {IAI}=M$ </tex-math></inline-formula> of V-BLAST. Against this background, we propose a new family of Finite-Cardinality Generalized Space-Time Shift Keying (FC-GSTSK). More explicitly, the proposed FC-GSTSK is capable of outperforming both V-BLAST and STBC, which is the ultimate objective of full-diversity high-rate MIMO design. Furthermore, following the index modulation philosophy, the proposed FC-GSTSK replaces the signal-additions by the data-carrying signal-selection process. As a benefit, the FC-GSTSK substantially reduces the PAPR of signal transmission. As a further advantage, the equivalent IAI imposed on signal detection is reduced back to the same level as that of the V-BLAST. Moreover, the proposed FC-GSTSK is even capable of consistently outperforming the perfect STBCs in terms of its Peak Signal to Noise-power Ratio (PSNR) that takes into account the power consumption at the transmitter. As a further advance, the reduced-RF-chain based version of FC-GSTSK is also capable of outperforming both Generalized Spatial Modulation (GSM) and Space-Time Block Coded Spatial Modulation (STBC-SM) without increasing the PAPR and the equivalent IAI.",Chao Xu; Peichang Zhang; R. Rajashekar; Naoki Ishikawa; S. Sugiura; Zhaocheng Wang; L. Hanzo,17,,IEEE Journal on Selected Areas in Communications,2019.0,JournalArticle
3ba1670af5cb6e7fd5365d0e928e65f11224bdfc,Peak-to-Average Power Ratio Reduction Based on Penalty-CCCP for Filter Bank Multicarrier Systems,"Filter bank multicarrier (FBMC) has received substantial research attention as benefit of its low out-of-band emission and high spectral efficiency. However, a main challenge of FBMC is its relatively high peak-to-average power ratio (PAPR). Hence we formulate an optimization problem for the PAPR reduction of FBMC signals, where the PAPR is minimized subject to the constraints of symbol distortion and dummy subcarrier power used for PAPR-reduction. In order to tackle the highly coupled nonconvex problem, we convert the original problem into a more tractable yet equivalent form and then propose a novel algorithm based on the penalty concave-convex procedure (penalty-CCCP). Our simulation results show that the proposed algorithm substantially reduces the PAPR compared to conventional techniques.",Fangyu Cui; Yunlong Cai; Minjian Zhao; M. Lei; L. Hanzo,5,,IEEE Transactions on Vehicular Technology,2019.0,JournalArticle
3bea48ff63f49a9bd5481b871ed9dcd311216cd8,Research Data: Near-Hashing-Bound Multiple-Rate Quantum Turbo Short-Block Codes,,Daryus Chandra; Zunaira Babar; S. Ng; L. Hanzo,0,,,2019.0,
3f9508bb96947a13274071273a5d89aa74aa4aeb,Compressive Sensing Assisted Generalized Quadrature Spatial Modulation for Massive MIMO Systems,"A novel multiple-input and multiple-output (MIMO) transmission scheme termed as generalized quadrature spatial modulation (G-QSM) is proposed. It amalgamates the concept of quadrature spatial modulation (QSM) and spatial multiplexing for the sake of achieving a high throughput, despite relying on a low number of radio frequency (RF) chains. In the proposed G-QSM scheme, the conventional constellation points of the spatial multiplexing structure are replaced by the QSM symbols, hence the information bits are conveyed both by the antenna indices as well as by the classic amplitude/phase modulated (APM) constellation points. The upper bounds of the average bit error probability (ABEP) of the proposed G-QSM system in high throughput massive MIMO configurations are derived. Furthermore, an efficient multipath orthogonal matching pursuit (EM-OMP)-based compressive sensing (CS) detector is developed for our proposed G-QSM system. Both our analytical and simulation results demonstrated that the proposed scheme is capable of providing considerable performance gains over the existing schemes in massive MIMO configurations.",Lixia Xiao; P. Xiao; Yue Xiao; H. Haas; Abdelrahim Mohamed; L. Hanzo,20,,IEEE Transactions on Communications,2019.0,JournalArticle
40873837cc2edcc9908d962d46793241bdf03b30,Research Data - Near-Capacity Multi-Layered Code Design for LACO-OFDM-Aided Optical Wireless Systems,,Zunaira Babar; Xiaoyu Zhang; Panagiotis Botsinis; Dimitrios Alanis; Daryus Chandra; S. Ng; L. Hanzo,0,,,2019.0,
441f9011d0d79731fc1ceeae02e7dff41eb32163,Performance Analysis of Device-to-Device Communication Underlaying Dense Networks (DenseNets),"Given the exponential proliferation of mobile devices and broadband services, there is a pressing need to amalgamate multiple technologies accommodating infrastructural changes for meeting the ever-increasing demands of user capacity. Therefore, in this paper, we propose the integration of proximity-based direct device-to-device (D2D) communication with the network densification concept. In this paper, we consider user-centric non-overlapping clusters associated with the closest access point for serving user equipment (UE) in the downlink under limited availability of orthogonal resource blocks (RBs), while the D2D links also reuse these downlink RBs. We analytically derive the coverage probability as well as the average transmission rate of D2D links under the proposed model, which results in a complex interference scenario. The performance results verify that our analytical results closely match with simulations for different parametric settings. The impact of the presence of D2D links on the coverage probability of the UEs is also quantified, revealing that the UEs’ performance is only modestly affected under the proposed system model.",Shruti Gupta; M. Srinivasan; Yan Lin; Rong Zhang; S. Kalyani; L. Hanzo,3,,IEEE Transactions on Vehicular Technology,2019.0,JournalArticle
44c1cc01bd967e751806a200fdc3146068625801,Wideband Beamspace Channel Estimation for Millimeter-Wave MIMO Systems Relying on Lens Antenna Arrays,"Beamspace channel estimation is indispensable for millimeter-wave MIMO systems relying on lens antenna arrays for achieving substantially increased data rates, despite using a small number of radio-frequency chains. However, most of the existing beamspace channel estimation schemes have been designed for narrowband systems, while the rather scarce wideband solutions tend to assume that the sparse beamspace channel exhibits a common support in the frequency domain, which has a limited validity owing to the effect of beam squint caused by the wide bandwidth in practice. In this paper, we investigate the wideband beamspace channel estimation problem without the common support assumption. Specifically, by exploiting the effect of beam squint, we first prove that each path component of the wideband beamspace channel exhibits a unique frequency-dependent sparse structure. Inspired by this structure, we then propose a successive support detection (SSD) based beamspace channel estimation scheme, which successively estimates all the sparse path components following the classical idea of successive interference cancellation. For each path component, its support at different frequencies is jointly estimated to improve the accuracy by utilizing the proved sparse structure, and its influence is removed to estimate the remaining path components. The performance analysis shows that the proposed SSD-based scheme can accurately estimate the wideband beamspace channel at a low complexity. Simulation results verify that the proposed SSD-based scheme enjoys a reduced pilot overhead, and yet achieves an improved channel estimation accuracy.",Xinyu Gao; L. Dai; Shidong Zhou; A. Sayeed; L. Hanzo,107,,IEEE Transactions on Signal Processing,2019.0,JournalArticle
48b9c755ec8988fc6f3e256a911186c42c409caf,Network Association in Machine-Learning Aided Cognitive Radar and Communication Co-Design,"In order to beneficially exploit the scarce wireless spectral resources, spectrum sharing between communication and radar systems has become a promising research topic. However, traditional network association strategies may not result in efficient hybrid communication and radar systems. We circumvent this problem by formulating a partially observable Markov decision processes (POMDP) aided network association scheme, where the radar user acts as the primary user (PU), while the cognitive communication user is the secondary user (SU). For maximizing the network throughput, whilst minimizing the interference imposed on the radar user, the communication user is configured for adaptively selecting its underlay or overlay access mode. Moreover, a low-complexity near-optimal reinforcement learning algorithm is proposed for the co-design by considering both its complexity and feasibility. Finally, we quantify the performance of our proposed POMDP based network association scheme.",JingJing Wang; Sanghai Guan; Chunxiao Jiang; Dimitrios Alanis; Yong Ren; L. Hanzo,21,,IEEE Journal on Selected Areas in Communications,2019.0,JournalArticle
4a54de893fee1a7c7626bd6f476b7e271dee9041,Research Data: Quantum Topological Error Correction Codes Are Capable of Improving the Performance of Clifford Gates,,Daryus Chandra; Zunaira Babar; H. Nguyen; Dimitrios Alanis; Panagiotis Botsinis; S. Ng; L. Hanzo,0,,,2019.0,
4b73a4d6b3e364a0d8c33fa768148c68768fedaa,"Next-generation Wireless Solutions for the Smart Factory, Smart Vehicles, the Smart Grid and Smart Cities","5G wireless systems will extend mobile communication services beyond mobile telephony, mobile broadband, and massive machine-type communication into new application domains, namely the so-called vertical domains including the smart factory, smart vehicles, smart grid, smart city, etc. Supporting these vertical domains comes with demanding requirements: high-availability, high-reliability, low-latency, and in some cases, high-accuracy positioning. In this survey, we first identify the potential key performance requirements of 5G communication in support of automation in the vertical domains and highlight the 5G enabling technologies conceived for meeting these requirements. We then discuss the key challenges faced both by industry and academia which have to be addressed in order to support automation in the vertical domains. We also provide a survey of the related research dedicated to automation in the vertical domains. Finally, our vision of 6G wireless systems is discussed briefly.",T. Ho; Thinh Duy Tran; T. Nguyen; S. M. Ahsan Kazmi; L. Le; C. Hong; L. Hanzo,43,6296aa7cab06eaf058f7291040b320b5a83c0091; 95403a875db0e70877f21b37d5c031c99625e09b; 3e4ed9c70073ccd32665d14c81daceea5b0e6fde; aa042667952020e4a24824ed099f596bab1c7335; 3ef51140f11a06f4ff17d47fc3cbdb0cef893fed; e8cf3725181319f1d58f510d7a8c3f92a604bf39; e468b817bb9022efd516b85e961a5a5197f41dab; 9a650c7df5e0c3458e18ee2d269dfff5a5dadbfb; 479088cb796f07240b5dc145a5cbbabb3123cef2; e46882ea6d06b60558ebb0241cae78fba402e64b; cf6225095886b6b203d61539f917956748c4b8cf; 98929800f75790c41e1c88e5f613c3c9412fac6f; 969a40369ce85a7bb2889142df4571a1f7a4b2bb; bf976cf1b2035d58a7691ed15a550389d3cd608e; 8cba938f82b3ac2251d1afceb098110a7c3f63cd; f0d48828abf6329b9fc2aad869453a0559fd43e2; c39a6b39cf5cfc1a117b6345e3713c3220b4b521; dbd1023040690bd91b376f4a89b59d2a0372f2e5; d3c058fe64ba6dcd3abf8229ea558c1979989958; 92563bf28cf1474f5672eddc680cc50d495b2ec0; c31f7e1a7ce3c668f3a48c462261137e3bc71feb; e423b59a542316464544d67637da16051914ccc9; 27d6b20365e3b9fb9120f5e3e2b94b8483f2c1c8; 5528c14150abe03fde5c0ccb0f58ef509ce85c16; 85736b14d0a2fd039fa244d9c322cc4f295ff858; 4a333658f27d620f6f37dc54868cea8dabb574e7; 0d6d90ef9fbdb60c353b748478f102b0d91f96fe; 83f3b8760ee924996967907ce677b8db144d675c; 1bdfe1bce9de608be2cf643a6d2e433692b59d4c; eb2ec23aeb3fc2493c1a01e149b30a4d56b7c4d6; 8338dc6e516773f0c5b4ca6da2c4bae67d44479c; 2cdae0171cbd56f7fd1a4065484c7023af52c140; 4c6214529d52ac10c2bd9b2ff7c26db93e5f3ca8; 2d3d53f9b558dedd801cccf6bec579b0d8c3a06d; d07493968a6fb23694e47e867ad2061e1f770a19; feed2f436790182bc1b2ce080dbc1d9f5acab5ed; b16668283904cd77d4acad08cae90e92ae2af753; 6b1abecc6c0a712a67cd18eaf3fc5feb2efd1af3; 47bcd5477c5c1ac2de744c7b4cef1fa3ca2d8586; 03c7af3cd6348ef0427dafdeea4f0a944e50e3eb; 149d31381f599ae7ae90498ca6b2e69dd54826eb; 403c5ad6445ad0d17f11bf1ae1e0e1c986332c71; 4c35c3501ed1ed01ed86d5f2280542560c2f5cac; f660838aafda9a37e7f22fc8ae17abc1c633f58c; 043b0f74aae98fe9a3c6a434d30aec743222502d; e7f07b7a939d1900c82f0641b8e1433d168d0b47; ff48361ffeafd84c4bdb2b55151144eb19e372fb; d6ca71cd019b77b1307f047e6adbc7e403e5a7b4; 9a3339fd92c2b8399f25af248a0920a3b9725b0a; 17f2103562305daa511b3f6f09075d4cd47fab4a; 24c8390c27230564a656b2cc24c94904ce374e50; d68ee3fd122eb633dd75882ac36ebc2843f4de57; 68ce41a396a5a2680cbb486c64447e2be9c16384; 259545bc8fb23659e033995dcb2c7e37bc5291d9; 53bcc221d73de14ba0f7a7528cbf775b05daa091; dbff7fc6b4ff0b8c8a0243641745f83de2323a3c; 5d116e46a751d3cc9761caa0e4af95e6fe112bcd; 87fe2d3674252ea84e079b264f536dffef972c62; d64573deab0e0c4fdf01b3baf35691e7579ed12f; bb09fe7841523d67401bf9ef78cfbc682eaaa335; 116d6c83227469e96d44d41659a90475e90db99b; f1131d241ede0b52f5ab7c201e69f6d351800381; 2db598519a473b3203912df74fdaf534010027c6; b55c303c919191b6ca7679fbd43496acc09be797; 1f438ea04912b4587ef25214feec1edb6f08b748; d56b5ff6d5ff0f2415b79b6a0fce6c9d8001ce4c; c82f93b5c09dd873735619f62cff2ff665ac4ef2; a76a87fefc7dfe5667bddab88758af50612e8507; 3bf0aea5f7f7f5d10e2a842d0af6202b91a5924d; 14069c6e220413784ca000da04848da10f41bf54; ac76eae172aa9db6f80768191e936d0fbe4a49d8; 951a022ed29f9b31562d63f5320001f74bcf31ff; 5fb09ed1256ceae1bcec21ffd1ea38c63f46088f; 3483dcf6abb97f995cc7fd0ec8db9e9c274a8953; 19c8a7c6dcb6a4d4c76903d59ec0e772e0ce5828; 52698f1ab8d02556e8bd1c46046bd32153caa474; 67ef3a839ff79d1095fe09214b0d28fa734df640; 8607ebe580efd839f802ee4b0f7cfe7cbacfc813; 1d3326c2c367074ef35542a59bd9bb20f42f3aed; 458d4433221984c2c80f156868eca74eb475ded9; 8ec66ecc30e8cc84ae45469283b7dbf8f59ea09e; 5f550f7078f56127637a180767d3871fa62835a9; 483aa5d4b9699c268c1bc7383b9aa444cfa4d90a; 2faf7efc2bae70054d9a97a4b19c3b2a7f6833ba; b54f0249a008bcd3cc9c95d7fb5e0303f1cc84a8; 7b018a9c68377e6a4b4b3eca18a0decbbdac6ada; 5819865342642e310bf28db3327167a30eb142f5; ca15ccfc30f216b0985251883ea886d145d46141; 3c9390dc4977e476f9765d41feacf08b4c46a48d; 74871be2eb945a8aef6a66f9005f2ff1ff84a6ba; 94d4fdef5868358680f63e03da0757f0dd69c9f7; 46302f5fb3b876742bc7024ebd977fb74da7f13b; 7fb38f752049135cb94f9440ba41ffddda1e3272; 7848098e71692bc6b104b01bafdff9d311370f63; ddc4e6f8d41d1789632969ef716703a0185fe47e; 0bf2b95c890f17ac47ab9ee85faeda7fa952e2e2; 4c41840f82442b32a8fb2b4f12b501b8ac7c9dfe; 78105c56a9aec8455a206af1bb26a80b9cc7f3fc; 734feb56e8fd29069c8e383cedf97d598a533634; 2cf6886a506d0acfd087694009d0ded4191fca35; 520a997fd18314175b979baeaaa19f35d88e775c; d81e8b3adadcd99106bab67322d8020c0aa995bc; c9e974a0af2ad4004fb60dddb66e4ff450e9fa26; abdc7e423ab66bae468b85c96d08536012bed731; 9fdec04c0b9bd408e38c30bcaa4e1add910aa3a1; ea1d3603dde7a1b2fd5a0132ad00385ad8556ec3; 4050ed7aeabb29955b662e3d4616c8c6549299da; 6f8439ecc8665fb7cdcb1fa7f1a5ceb288e71e0d; 46cc80b47d6d7a0a34cbe2215c795739977efa8a; a7d711137253583afd856459a9e222c7554dcbcc; b4ad0fa1a01359112733badcaca44b7f6c51f181; ca3d314f042a1cefe15621b3aa047a361c016948; 597c2656e41af5a63156031f4dc99c2b16c0a29f; 07332f23db8949b8a4f2232f3cf6b550ec4544ce; 461f02db53a0bbfb479ab209848688719de82b64; bfc086825dd4812a99ba3217b5c734371c878848; 286772192deba000b34606a4eed0d28fa423c11b; 460bceaea00d1402f45f6eef739f8e00663dcebf; 1bb98a23bc1aced0dcdc495ce5d436b6496740bd; 4499f86c2a99bbe29ab00cb2f783d5baaaa86ec9; a2abdbf87f9f1645b4e1d6898f5613b5b86f780e; 1528e0ec5cadfa23c2fd6de0bdbff448b429c2cb; 938eea4c419631e8d150eaa34241ad943d7573f6; 7373a9b84cbe42061fed83f16fa1948c7202cdaf; 0a3a66c402be5a1e50a4263c26d75056bea7c60e; e5d19ca8e2cd7fd9ec828226e70c2745f88b6d72; a65beef422a164a7dab9105e7cab726ae8171338; 86b901d7f3bfb6e324a164e64a95d0a7a76b1ee9; 6296e6544d7580f9ad5b51386380c3c07a171354; f5be1d7d4698ebfdce64163cfd72a638c34d2ab5; c9bdd59e9addd4730992842c392fdf4aadde4d73; 2ce7c24abb1bf25a469a6b527617a4e4bbdfbd48; f5c68464293e930983500e05279d9d086b8b5dfb; 00bc73da397e8ee60c6da1417ad7fc7210df22ac; 23983767a7ed6bb2385f2f1d8ee39c39aee0457a; 1a471d01055c72af10c9771a2ed6236ce4e31c0b; 37c547f0324263fe33cb02a51b8e23000e92feb3; ecb1fad89435126c9a3cdd8717a6c2aaa3947132; 94141a49e6dc013750a2285aa6560c55b37a6d28; 863192b159c06f6681ded48372ed6b3578d9ff91; 40c60fbb589781c5e71c733786b083da1f454d10; c666b021b4baab6a11ef1e834d915529358f14ef; 123d07ae55781bf32fc04d33bce46e6995a98af4; 1d3b6e19045c234b1591b1e721da28053d195e61; 9e2d2873204d849728b2fa2a51f50260866bd912; c4793611fea2fffc876c3c6c69a668304fbf8fc3; 735a75cedfe899a111e157944c5ce1e27a31327d; c0d61b70aaa3c8898e42ab8054a9457e483a0fe5; a790dbf3b72cbcebbb9c6eb9364d2640d2275f60; b43135b3b85be5a2da4226199e7523d15bfae9b5; c806be0a2c0dfa0f48ca734f80fc8d34635900bc; 7c278a575b42debb78b5210aa7bf60512d5799cd; 243cd845c18638c0e6a1f173cdc2691d5ef2ba40; 907ee34a78e8e8e86a3e5448c82114a9c846265a; f46a697619b14753b6a96dde63ae761b4c4d9ce7; 065c4d84bcd70462744f6a7243d23076569aff9b; f7ac2ccc79fbe31b5a36ee876b360f4d42361ba7; 0e06ac47e4c1f9949e5f004cdd7c5f40db013836; 9fe07f7d02dbd6c30c739e16e7264c3d4b0cdeb7; a99eaf5cff5fc7323d78b6e56b9b878cf73f72f1; d9a3f52e6b9aae604110437027a58aa22cbe8493; 0dc2a6de596d4b2a69dd55ae10871a98caf6f53f; d5f72c61d597fec4513b92e1f8d914ae8dbffb7e; 6d4212aa9cf060d41b4b0a3b6519bfda659209ce; 5ca7db754ddd252c6c7b90724f20e81baf6de7f9; 18b5229025c392a64d1540bd417ea8e45c4c119b; fe51ee9db58b64b517e26f0ff8a050d2e7a374f0; 47828aca2c7399ba5fe8a5dc5c294e3fa8ff7c35; 12a610bc9d845d8a78609217ae8d879952171bb6; 2da822ef69bceedf484e85bbe9ade4c3d1bb5e9f; 021332da6de9f907f77a39a0a6aefb110140d2cd; dc69d7b00bf1c9c53d12a39dd9d1c1a077851d40; ae851189c73abe644449bc3913e38a217e8b49ad; eb8153a07a292f77b13cd4dc289c9102840bd591; 33bea1e86caec44496c2933d982e4f3cc4f1c262; 729829fba258ef1979e75d7483df33b60ebd008e; c74b3d28248df0ada27186004b672147348d805f; a3756579b9e4c2ba1530c709ec40c5d8445343f6; 7e810a45996fcc6700487f9407685b1b55c5f789; b8396e8529b2408e1d25ab713b2b6f2f829ec709; 256d37f0ebf064862a057c61cba7156f6cb6837b; e866f31c718ae38df6eac5095e9ba4dc44e6694b; 04c8ef2bd08f49306bdc4579436b6201e61e411b; d92653255a67c9009624cadafad1111e83f165f1; 5442692adefe38d226089e12bf8236244feb70f8; d7e352e12f7792f8464e1f6ba37540e579bd4162; f6aa41419770fd2c6cc1c352b36a35ce5a38fde5; 80858e7cad0aca346948c9fb0f56fcf774572209; 4778c0fa4b723ccb8d7714ee24519111919a40d2; 793a981d858d9de18a3d4fb95f3527fdf3c362b9; e7802902c6b91f67e37d2076a727b1ef799a8131; 615bcd1cc5713f2eda36bbfa02137ee05169a0cd; 612cc29c22b544fc329ed17c8d5e3b86a8fa1cd3; 0783d624885ecc92213bce33f8224a6145eadb1e; b20aca71bfb85d514bb2e75948b133c472bf865d; b50f3dd6e47ab2d9679de0afd87596a0be730904; 5f5bd1ade9fd15df3f9063f820ab840191292183; 075bf3da603ade6e58e0199ad38aa810fd98b673; 7a6f802c089c339256dcbff9d3039abbe60ea076; f181074db9c979eccf0645532233039a8fb85628; 7a1fa0ed34b7714155af89e055b68faacfde884e; 20cf74ef2961d0e4779dd05a1e0011e97c44fa9c; 63da243f3d1ab9e241320f949079bcb48f13c654; 533fb7d723bb866ce12e4e0380d75adf171b1333; 01774b0680f9af8caa5c73e5776f89dd4931326f; e269c3203742844915270185f587c12f91744e6f; cfc13664b5c6aecc4e591dcee1ba0c93b4c7431b; 29ec6d070828fabc60982fb3251fe6acdd04eb19; 95d129c40631ca1284c931ecb7d1c10d1ad11b55; a1cf64b9d2d12a3d87bf366775342f9b3f623e88; c1ed76c207f8be3d8f28af2441a0eb913906ef43; 39dc0eec702095da7677bac7705003dfe8553b55; 8cec9a988094cc1906c6706ab493d51b55585746; 01b273345aa672b0ee7fc7bbf11fb5daf596d214; 7bf098cd274decf125190e4f21b4e1d40c1cb302; f962da1e7238fc5e3608cfe219f5930200ffcf08; 220228915e09fb8decd170a93cce786469e6e646; 87113d76a67846ed696bb5a724eedf591cd3184b; acb894cb059dda2dab5dcb2ae9a736dd5467dfcc; d1ea50bc39721c55c4da32f37129b2384f6a7462; 74d267a30b7614b8ff4c9e2b8561bb92547bded5; 13a50356be9b18cc63218a4238ec4c524e6644fc; ab5faa90e71154e09838e265e2ebcc7d99a99953; 88bcf19ed5d042321608d3bf58792da882465373; 1f69b7576601bfa3cce13a8b273c86ab6f6079e6; ed65e3a71b57a3243a8b9d0bb2a86a52587427fc; 9cce2f8b5c2e463974ab332be74258bc06a4c0ee; c419ee7315b9edfd8fc55bab16534fc55a564fcd; 48c41b8abfb742cd020c162d7ff866441011bf20; 4ed375f1267ce15172e6747d312b16bad5ecfe6b; a541a641b706773e62a35db500b600ebc9412c0c; 3ed2265e1f5854306ebd2ed85159c4e23b8f1eb2; 03b58adbaf6d68a57c668ecfcc18e4a4a4145adf; e123cecb786595c9c245b9a1e72e7be7d8c8b7fa; f650749537730cf53f3e50e693b2e95f929ad329; 45ac4f5d3c66461b21fe8a8de2bdaeaf38bc86e9; fc554b3aa954c163847ea0d35196a94554fc796f; de75772ed055e211cfb54ceacc9617410502d5f7; 6d4cbf756aec53aa2208e19e229b3b1489341196; 1e7e0b44edbd8638bfd82737cfb7a60eb9e8fb52; 387721a46d1b2da487e96a7d97e2c6f283b1d3f8; 7cf98c63576f21a26081f034a9c7061c91c665de; 0830c3e92ab36b1024e696a21b614fb0d283f5e9; dbdde2755e570cbe2c1ce8492c48460fab1f7073; 24c2be2b51b8e0e3e225b29972c391e5cb8fcb5e; b003b0e7c5936b39dcfb08bd3219f11ff3072a6b; 1dc0045a555984126c4b7f9cbd7b244f899c06c7; c16071ae166c575bf08c7cc9e74ccef4a1f9f376; 5c6d033951722816ce6e715d4f039c26dc56bab8; 1344fe3bef4c477ece1b0614f7ac9b8eb79353b2; 1fc3ddeea51c024ee239ecf6e0fa8ec2eba37b08; 0f08bbb967e1fad09f522e31e1d0deda5d5a242d; 2603139fe1de6916164bd44c9dceef3d76d10024; d75dd782dceab951b7663730e1b3f5d3ba1136df; 9922ca6a0f08bd86b40d3daa905092f933750dbb; 6d1bb23f910d0c46742bafa80f785f680fcc14ab; 0907e77fa596e2779a0be98a2be95b9dad8b51ee; 4ed464dc550641fc1ed9b7b1ebb5d762ba3bbdab; 9f49ec7f342d4eaa7fa8e5cf25b25ecd5811af68; 8a431a2451f6d37fa5d6843ba2f4e629acf35223; 15560099d6a434c46ad00be76fd4171fcd2f4bb6; 39632be8a9f9885f5d0cd340f0525abb7feb63f1; 9fb89a8d7053dd85f41b8bd66012287b057bc1d5; e1e3cccfde487601747fa903543bddfbb95624f5; 226769c8acab2c2952823355f3339d8a1dd237e2; 84b1cccf73b68b8a511498f6a786743267426948; 76925b455073c8021c05157d64332a616f0c8aab; dd41d656e21c30dd761bee2eba303d1aa014d120; c7d3d4e37857bd53ce2b86ad074b2c436e9f48da; 756acf9c9f838424ea66204f9aee4216e0da071a; d88df0fc98f0fee63f94dfa2f14ae732141b7369; 3b198869df03d98b81c0c882753845a3bca36c63; 0862b2365616a8f97f5caacb017b5431630be3cc; f471efb4cb817f215ec3804ae3d44064a7775c7d; 8173fb36d43c21381323eb0901bf4ee79999683f; 4224eb7e4a362c5e1add2a20f7f53a3df59a0117; b1b845fff5a468c08ad572e5b8b028df7f2f9164; e9253bf2ff09858a0dc07293071225e9a1d1d534; 7e2d6582352f7e0863db47af09fc79c62b38a99f; 5bd39762c12780b85ec42152dcc742b5d7273b5d; 9d8f37f5f403ac88c5d161a8adfda81975cdda9f; f96f285cba36a631b1d881bd0296f05a6f7aa648; 6469072674470f4ea51cbd7d389d9c1290e5b916; f9e7acd716db8e0459c3ab1dcd2b316c704bc4c2; 090bc90d20e2e27a01ed56b9a37a24c7d9bf19c6; bcd55add6ffdacba1ce8c62da363ab951554832e; a5eb7d791c78e23a3a9ae89cfe445352a953196a; fe2ada4f93f11de2ec8698d24d977b760d924f83; 191b6cabbf40348d3931b96644e0cba2ee6bf29b; 96fd3a94f589e4a16bbe69d0aa689ee46dc4403e; 8566f36d7917d4bd5705e1f7dff39197e2d22817; 78989616eeeac55b202e3e4205225e7135054185; 5b8377c228761d0ae926821ac390fff31cb119c2; f3b944046602765fc1efc94264d291e4052a1a84; f5182bf3b13bc2bb18074933acc9c198efe102c8; 7388c3ac248e2d4a1823432e1c3ae0363fcb7b56; 4caddca24c03fe85948e060d2bf222ed926d6c1d; ce7e07e8804ddb6cd99b7b38793cc6f99c3c0d52; 7f79b9d8c50cd4a5158998710b2f7c0373ab7dfb; 5c02251cbe2b63d9e1baad9d08ab523ab5e695a6; 600947fc8065c60bc42b8d938650bcd238288241; 6726669fa1f1db1dc7c8e3189a86d11d1ec72daa; da143dd83e1a2a45355b4b2461ae02324a83df68; a5d076d6280aaae34ffb199b15fa81d79fe67413; 41efe606b201cda542c3a8d8779867e4eb868d89; 2daee015dd66424f0f2c6dd73f66b585e7a66ca6; 87ed69c7f4430074a9a0970924f8a85bec008993; e50a37622e4d3752728503c6ec99ff54b7e636f2; 964c42d42e67f6d69a4343ae587cc4db1d6ccaf5; 2ab00484fa293a4960ffeced35402d43ce59254f; b641ea7978dc6f08df9f25e52c465b2fba184263; 34f38bcd5f09178e9abf6c2604c9e583f4d0f575; 55c41c58efac7bbe59649c0a6d6e2f4dff39c94e; e287599d90d586a575f2b5ac14023215576bccc7; 1fb9b83018166cf215ac282123a773a41b00433d; 28faa96fbad6f79b638a073fa58704b44206e45f; 3a6c8f251967edc139832e3a7ce20b066f6bb1da; 4a489acca9b76c37d868b7d6f3a510ef735335c2; 5f24db2789b1d9f4ff591cd94e5cba0170a499bc; 84590524abadda4761829b4d5f19d3eddee55645; 2124ee47c15c40ddcc17857c6a3d91fc6e0fdb5a; 5f0e8818651aeddb42a23a074e18cbc85a9a2adc; eb0c95c0d95cb794ee2e5c3b4acc7f3f767ab465; ad7141c6c9b68f1d7806c17f2ecbf206d095c4c8; 060b5d862ac106dcaf596b193c6236a6b2594829; d620dac7e36218f6d2a31331397d72a071af1848; bfe0f470d90e008b98e87cb92039c032479f316c; 66f25a8b5b0bf2eceb3490156a9a6aa971c8d8b8; ccbd02b5346ef37c6b6440f880c97bd654ec201b; 81a3be77da796058defc1b570a24f11e7951dd95; f66422c17162579df3d65b49af22ece5b4cbecb1; 8ff8b468a9e8907ffc54d5d24b877cf179940302; 8af26be11f9b0df2f9c3409fde853cc2573b2c8e; 316b8a0c3096cefbbbd8d8d678ab7db62a1b4f39; f32e0c482d9f721131f79b02f5af2aa6c25fdb8b; 14189330ef6b7abfcc32191f7c1afd34f6dac371; 8495d5ef0f6ffbce016c7e4b1926a8b891b91909; a212ac09fe4db82cf414a57d2f7c686adfa85654; aacd7a194369ed1ee48fb171c58bbb47f1e47fa9; 99bc136f50581fcf6bbc35356adadb1e1d751565; a0343b93b2f94a1178697eb2510250737b39f79b; 3bf21df6125bb513ceb95e57de04cc9a7de70af6; 30cb38359ae3412cea5b5f339018bb1bf545069b; 87fa46ea10b6d423dbbac1dd5198a4f3051bb4ef; 35f975ceeef88c16da588472ababe1b88489f0dd; 9479a12b744985f8766e266775f2d0590bff6a8f; c2a868716b0061614b0f08f352061656c626d179; ddde84264728fa7b4776a968aebd11625711d43e; 5f4edc9860ff11101fef2481fbe98053f240f33d; 158f41bf3ef1a90a6683286c5dfb754a8554e9e3; 65f51b2c798c02003ca7b66c95572c1330e26e0f; fdf9d05af88eace75f6fdbdf6534a2c2d07bb7e7; c3034c2476af69e0e279899e3ffd0749a5e784f4; dbba60b6c318142a2236f95ef67ed240c11b70c8; bf562ad813055e86924bfe0c933db42b437d8915; 22be38d7ee05dc7ea8ff6f4b8b72205f0e5ecb45; 280a83cb8422b1e7d7712a18d999aab5f5a6b21b; 14e84c085ca4d01ebc641db17312843a7cf69736; 84f25ddd053e414f239b91552410dab0adbaedad; d671a82d31358385f274afd6706d7ef8cb1a2162; 73a924bf7ea233344daa59cbb058ce0af3473edf; cddb22908f28a1636cbbdeb3a4f0e00f9cef05a9; 9c8f12528e0f73205e01f0eac0990f22b18680fb; 31eca51f5a902d1e6a2bced7c62daf286d7790ba; 6d9999f763f875faf8994c48a8b46f24f7e03198; 76b881f2d3a1ba4cb4585eb4490d78639e023554; 671b535682614c52ab9162b96e0f123604f87f10; cf9151750af4d3aeedf328bdb2c2d1c47b6f76a1; 8549b42ee8b28da7912299a6ec53fa4236c17390; 88eb122e4255c9797e41584931594e1e385f9a21; 76ec51fc493e090fa35b225acce006cc35226847; a2d54fb1dbb7e087da72258df40c4ffeb132de62; f2058f9e04c36ee354eb240d8740a2a832cf3829; 8e24458aae174967fab5fc24dfb7c9d7646a29a5; 5c8759a27edc58d646f54fbc01ea37520a00cfae; 5ad71503bf14b64a38bc2f4c820ee249dd30272f; 4031634f65918048326748476a21db30b409fbb5; 52f168c6c4f42294c4c9f9305bc88b6d25ffec9a; 16e6b778046c509e19632fbdabc3588a8246f24e; 203bea3b7283059cc7ac1681227d1e564d704eb4; 4f4b71920b4f7fe06a8dc159aff6259212e6cbc7; 37a3021a3c9bf25cfe37ce65d0c41be119249999; b4b55edefc77455c80b415d0e76ce3dcf02ae67e; a5866de43e0a2998f190b7a41523b0e66485a5b2; 73b51b02a061e2eae2eebe2ceae45872ea7d509d; e46c86d66a0e1eb2ff1dc4dcf7365a02ac4e135d; 14ae68f8699b1f9f3900fd1e2fde5b4e1e86b468; 08e14fd788cd5c1a548a343f4707640c54fa161a; 6f4cb953a392e0a812c837953d3bc517b4eb9d1e; 69ef09e89206fa10b4d9bc102d1e83df76411b6b; 56cc403a338814d4cfbc324195391bf5a8b2b1fa; 3493e0285fe329a710f54be2ef82350fdaafc991; d240006a762bd69ff685a6cec5ed61f16bb8c87e; f0907d66e795edbbabd7b64ecf08b9243bf8ef20; 65272eabae410e58ef3bcd99caa4d5be50584388; 663606a79fec3227105bfdf5105836439072b727; 56cbf796681f544dff90471b4c2a24d3a8859c05; de6445d98c8735b4716dc70f73be020754a91d3a; 7153705c5c87f00a594cca4f028170f04aa21344; d47d760ad126faf9c6929c4a947c2009f0e3aa5c; 391fe536011f97c3b6ff9231578685c34c0a6b83; 276c6accf2f8ea6ec1701c1c604500e6fa2854d8; 2556b0b2bec9c185a4dfb5b8e5db666f742783ac; 55cfcafce02d0b9f5a65d979dcfea635eece46af; 9e319acd49f1e766c2a655c7983cafc9ee8b2a33; c59611eb9e70cd74104716a8c128dc7cd301e62a; c2d9225ca2f6db43acc9a1b7540262befa80b0dc; a8ae91f1ec267ab3a2b0493fa2e4d0bad3becf6e; e126715499fdaff4da940b24f08a0192fc914573; 6c639cda0fad844e36bfd3a685bea1f0db383901; ce56968ef3e7bbe147d496e65b259f13641a23a8; 8b1831623a974abea7449826e607bd53353aeae1; 36beba189254316117f884c64aaba780a9d54678; 11f714b964fedb999fe261260004f0b46f80a189; c81d60b1e72888b6458c26d840afce4704af33ce; bb5f7edd1556cf905967b70b0a55646db1411c98; b5a501b7e58daafc923afe953e503e0dde27639e; 6a22a55e250ea42a878f65c3708c586b5faa87fd; f0bf8dbaa57e1bf37cfc2f441f6699fd8712ee6f; 0f9ab3990514262a709f1d62ee509c090c05e928; 4707df69d00d3c9fff78496ddfab972a8d923381,,2019.0,Review
4fe1036829b7835862c07bae23594b1a16f797ec,Adaptive Coherent/Non-Coherent Spatial Modulation Aided Unmanned Aircraft Systems,"UAVs are envisioned to be an important part of the device-centric IoT. These bespoke Unmanned Aircraft Systems (UASs) that support UAVs significantly differ from traditional terrestrial and aeronautical networks, both of which are evolving toward their next-generation forms. The major challenges of the UAS include augmented interference due to strong LoS, the dynamic shadowing effects owing to 3-D aerial maneuvering, the excessive Doppler shift owing to high UAV mobility, and the SWAP constraints. Against this background, we propose to invoke the recently developed coherent/non-coherent SM and its diversity-oriented counterpart of STBC-ISK. These arrangements employ multiple TAs in order to improve the network's QoS, but they only use a single RF chain. Furthermore, based on the throughput, delay and power-efficiency, we conceive a novel three-fold adaptivity design, where the UAS may adaptively switch between coherent and non-coherent schemes, switch between single- and multiple-TA based arrangements, as well as switch between high-diversity and high-spectral-efficiency multiple-TA based schemes.",Chao Xu; Tong Bai; Jiankang Zhang; R. Rajashekar; R. Maunder; Zhaocheng Wang; L. Hanzo,41,,IEEE wireless communications,2019.0,JournalArticle
54ccb86382484478556f019cc9992ac545ece958,Coherent and Non-Coherent Multilayer Index Modulation,"Index modulation assisted OFDM (OFDM-IM) has become a popular technique in wireless communications. In this paper, we proposes a novel multilayer framework for OFDM-IM. Being quite generic in its nature, the framework can be amalgamated with most of the OFDM-IM variants. For coherent OFDM-IM, we propose three different schemes; 1) multilayer index modulation (MIM); 2) dual mode MIM; and 3) compressive sampling aided MIM. The schemes strikes a compelling tradeoff between the BER, energy efficiency and throughput. Finally, we extend this multilayer framework to non-coherent index modulation, where the structure provides an improved BER performance compared to its single layer counterpart, albeit this is achieved at the cost of reduced energy efficiency. The performance analysis of the proposed scheme is confirmed by our simulation results.",S. Gopi; S. Kalyani; L. Hanzo,5,,IEEE Access,2019.0,JournalArticle
5533f42eddb24d05df8ce27f5aa30d9986259d7f,Robust Beamforming and Jamming for Enhancing the Physical Layer Security of Full Duplex Radios,"In this paper, we investigate the physical layer security of a full-duplex base station (BS)-aided system in the worst case, where an uplink transmitter (UT) and a downlink receiver (DR) are equipped with a single antenna, while a powerful eavesdropper is equipped with multiple antennas. For securing the confidentiality of signals transmitted from the BS and UT, an artificial noise (AN)-aided secrecy beamforming scheme is proposed, which is robust to the realistic imperfect state information of both the eavesdropping channel and the residual self-interference channel. Our objective function is that of maximizing the worst-case sum secrecy rate achieved by the BS and UT, through jointly optimizing the beamforming vector of the confidential signals and the transmit covariance matrix of the AN. However, the resulting optimization problem is non-convex and non-linear. In order to efficiently obtain the solution, we transform the non-convex problem into a sequence of convex problems by adopting the block coordinate descent algorithm. We invoke a linear matrix inequality for finding its Karush–Kuhn–Tucker (KKT) solution. In order to evaluate the achievable performance, the worst-case secrecy rate is analytically derived. Furthermore, we construct another secrecy transmission scheme using the projection matrix theory for performance comparison. Our simulation results show that the proposed robust secrecy transmission scheme achieves substantial secrecy performance gains, which verifies the efficiency of the proposed method.",Zhengmin Kong; Shaoshi Yang; Die Wang; L. Hanzo,36,,IEEE Transactions on Information Forensics and Security,2019.0,JournalArticle
579a48ef338d05ca31f8ad7c182018c85373a5f1,Sixty Years of Coherent Versus Non-Coherent Tradeoffs and the Road From 5G to Wireless Futures,"Sixty years of coherent versus non-coherent tradeoff as well as the twenty years of coherent versus non-coherent tradeoff in Multiple-Input Multiple-Output (MIMO) systems are surveyed. Furthermore, the advantages of adaptivity are discussed. More explicitly, in order to support the diverse communication requirements of different applications in a unified platform, the 5G New Radio (NR) offers unprecendented adaptivity, abeit at the cost of a substantial amount of signalling overhead that consumes both power and the valuable spectral resources. Striking a beneficial coherent versus non-coherent tradeoff is capable of reducing the pilot overheads of channel estimation, whilst relying on low-complexity detectors, especially in high-mobility scenarios. Furthermore, since energy-efficiency is of salient importance both in the operational and future networks, following the powerful Index Modulation (IM) pholosophy, we conceive a holistic adaptive pholosophy striking the most appropriate coherent/non-coherent, single-/multiple-antenna and diversity/multiplexing tradeoffs, where the number of RF chains, the Peak-to-Average Power Ratio (PAPR) of signal transmission and the maximum amount of interference tolerated by signal detection are all taken into account. We demonstrate that this intelligent tripple-fold adaptivity offers significant benefits in next-generation applications of mmWave and Terahertz solutions, in space-air-ground integrated networks, in full-duplex techniques and in other sophisticated channel coding assisted system designs, where powerful machine learning algorithms are expected to make autonomous decisions concerning the best mode of operation with minimal human intervention.",Chao Xu; Naoki Ishikawa; R. Rajashekar; S. Sugiura; R. Maunder; Zhaocheng Wang; Lie-liang Yang; L. Hanzo,76,3b31df463ae416893ed39edac06d02b778708ec0; 3b8f67f4a287773032f0535a33968aea6a0a1eef; 31681c05cfd515e8a9ba5a0ca32b44a20571554d; 72cb9b7db52ef30f9fab2f5f8df9f224598c81b7; 4fe1036829b7835862c07bae23594b1a16f797ec; dc88161ee9f426f9b5648f21b0611167d7515af1; e468b817bb9022efd516b85e961a5a5197f41dab; 7e14e5f8afc7aa6348c59c344842959597fb6fc8; 1acf7d3af11c96ec31cb1713f27762474bc3062d; 849c4a19f889f1b095ded01fa89953860f7ae538; 6d75a2745e1838642716aa768881efa0f6f582a3; 9a8e30bab65708f217f4b67581e15632ab5dbb4b; 7848098e71692bc6b104b01bafdff9d311370f63; 7b3ba490ee64d25c417a77f530b8ad0f5cff469e; 243cd845c18638c0e6a1f173cdc2691d5ef2ba40; 30a17f848c6389f4e2a613254773bf9c4c9f6b7d; 245980325f6949099dfc961d1e835b022c68cda4; 0e06ac47e4c1f9949e5f004cdd7c5f40db013836; 1f87b401da9bfafa898b87b434639e8a5f1e1178; 20cf74ef2961d0e4779dd05a1e0011e97c44fa9c; cac387fad3c55860a7eb3f6bcf78e9e2ec717b01; 0538023afacb91787842b0a24e039a0765ce1c85; 06844071cd02973324953874867ba48bf365cf18; 1f69b7576601bfa3cce13a8b273c86ab6f6079e6; 163482dfeb5f70979ab102d9f9d9f7959a5687e6; 75509ed4e2ca15fa6e7b00af4699b70a398df27e; 4150de879dedde7cffa012c6a87bc43dc92230bf; 0dd8bf3c15c19355846719d8eaf300d6954dac95; dd41d656e21c30dd761bee2eba303d1aa014d120; 68bbb215e088d5910bbf6e5fe24fc8a23e8ef3a2; 81a69480b76ed39f9b2a4fad630a1485ba2b6276; 4bca61005a33a9f46029d603e8a5341d5a8181b2; 7d8d3d25e313e48420faae1eb77877e2a26b680f; 0bc35076b04462b719f3a550176c08ae7f9c5875; 8c62d764b72f92dad32b70f5a5aff9470493dffe; 305c699a42a870e38c374b6be49057064fe67f5d; 64b60bce298e696bb804af40dabb3ac38293cab4; 037a611a2ee27998cdefccd49a4c151d1c69eb0e; 4d444f7191a7449e2bbebb2bbeb64142ff8f74d1; 97a4aaad33b71d9a1a684ac21c272567d1eec8e0; bf8a4ee17cb92bd25ee886ce76bb104433b9ac50; 3aee3f0e12d703285d0f891a04a6b6691beae4ee; 13dea252b2bbd3a0f644d813ebc86b1f8d225dcc; b248fbfaf73a0a4f7f1ff494d271080811980cfd; 44eb7b0263a02f9b49fcf520f0c01e1def9f6bce; 832158d7f8e81bb3cd1b0801227206779e6eb21a; 4c69b2dd6bd4a528bfff7172bb623589328199fd; 3cb80b8887fd4d4d7e09e198c2628b12b9d8c831; 0aac7f8543d3487fc8e010f033076cf86ed4439c; 72ac313e818f2fb27aa0875e215f1f69919fc106; 9c8f12528e0f73205e01f0eac0990f22b18680fb; af974c84257013ae2d379595bd95f82e59685633; 48ceb89d2ccf24dc8774d702bdedee60e3edc935; 9af2eee4f190f27ba718992026c5fa8dfabdda27; 126a406bdce3fe7a528fe009c162db618ef54237; ecfa0452164fc39e6b1d63b7e298e1b74582ef8e; e27111671ae9f0d77c40f8648b2161d342ac8428; e7121cc91eab11e985a1b7f532bffd676f67f366; 3e9e85d2028044a1c61370b3e63f3598d3d881ab; 7f8c7783a92d4c2f388902fffb3b378921f9e8ad; 36b272fa0cf9098426ac88c6e96f346c2dceacbb; d2cdf7133aee7d0c5ecf332ba37ea07ff9e46164; 8219cad8a3f3c8bd87738ae200cee6c1cf31e23d; d76e5cd8e43441df5b0e1b0aa98a4fb6562e7e4c; b63bca611bf78661ee4ec0fd6ff0101c18efabe6; 09d98da251a67d8b6b6fcb085e1a7f083bc71dde; 7cd16cdb3abb5e08ba253f1c403598c055c69793; 4f4b71920b4f7fe06a8dc159aff6259212e6cbc7; 0af3f86ee32504bc030c6513c1303ca1a1b08361; 6eaaea792ebe2aae62b997e32da4270e718ca043; 04a2435bc0426e00a465ec99626926c268ccf9c4; 0e7d8823cfd5486357fbfa6ee8986233cd382c43; 4b6d62af6f8d6a925f68d5dc38ed72165189575c; 887c1e6493f4d1cebdd2419df65bea1c26be1d88; 5ac38297a3c256c88a67597fa8f5d0c44d5957c8; df76fb6103b8efe7044b68fa03eab4b9c9fb35df; 0d8f52429518ae1e147f27588f186b2c7fe74834; 594a314d9ac4e4d7905d80399e46661a377cdefa; 73b51b02a061e2eae2eebe2ceae45872ea7d509d; 26759b897c27de5cb678c0ca3d945125f3f5911e; d1bcd9c32a0fdcd25d18a6a553931c43a66f14da; 84b1a0f165423bc7337024132fab18148a2e4122; 42bfe6cfbd51a00467fa2ca35a4f00c42dd0b2c2; 51b3d9f23e9fe6393516325397b66f1db7730962; c2ff4624f706cd0daedc638fe673ddace1e599ff; 504b12ecd2e77567be519a78aeb07dd4d2b9a40e; 43e65f5625232884a12fc18c8dcd148cfac07484; 93b9dd74c39f5888ab73a9a745f28d23401b0fcc; 2790f31afb6c9723081dc6341162acd6f8b02873; 9f8a764ee0dbafae0a8ad91f0f8389226e78b006; b064819ae71412fe8ac75a2c82726962536eed38; 0510d14a37738fb5b85d2bea24f9af6a85949ccf; 6c51c0e4c5cf636c16d1049f4f0e76b79f65aa09; 56f1201f435a9a4ae354963a6730d7d31d98fd4c; 6f4cb953a392e0a812c837953d3bc517b4eb9d1e; a73f8586f5d11840fea4d1cfcf0339f706446993; d73a87896b36565997550eaf16ab7a998c13bf67; 69ef09e89206fa10b4d9bc102d1e83df76411b6b; b38ec025706bbc33a17d690c14f378bad320c800; 1ad82747c959ad7836cb83fce027b5b2303e25b2; dbefc42938fe6d423f19f39c48e412febd55bf03; f9bca7f18bd31ec6aa4535f89dcede1aee7b6614; ac8715c5b432d21ecad557dead06a5c05b4d170e; 1eb575a32fa3f7b5d1042f804fef5f83db71fd39; 5d6df3d37f19b15532fa57c8f4153da2b7a65e18; 934fc41035e3270b53b01104398d3bf0061a6c2f; 085435f147102875a0eb401a780436377f7b6922; 63c2134dfeea8c506e97f6d1fab3bd077f571468; c7e54d444e3ba07095a1a8f151641edc19337a05; 8866088bc733f5ff60c32bbc3f38183b8fc9171f; f41887f8e4d88df3c3949fa6f0eaf6ed9676b509; 7bef06c237eebfaddb4f45e6a640664a9d983249; d88c72e26d4e71edfd3926cd44baf5b878d335fc; 602e7f432167818b670bebc6be4ed9c2c9117b72; 7fba6c332cfe5f7e7cb10e53e73f3ee140766e1e; c8a73ba59f58def5e99c96f3b670a3adcbbd2b85; 5deac20da2a1e366971f87c3207092bcf95ac2a9; 88b553b5d677d178cd1dfb2f4d1106933b3d31ea; 796ab519eab45b2129f45280ba6e8ab7ca1814b5; 4ae524c2596f43ab443da10cc881ecd1b302e916; 24a1962d2a357db2bc2c8c557260d0e7cc33949d; 7e252a9840a5c3c8943167dd9edb4b17c3145604; 8a1e1b082224ff05a1664980fb6244d4913fe2c0; 1bdac1498dd7c193812458c73b0d0d2b482582ae; 9014aecb5bee96c9bc0f5cef17461b9a700458d7; 24dab622ec437a2199f4d38bc2eb3aeebec9df0b; 747570e56c03a0476a2edadc8bc0062afc8d6e20; e8812b98a05922d6392c4c4d8b732c91833d8a92; af66e7bda9e7f1fef06336697d2779af9826e312; 906e1af8589d3b8918b0af239cadb246c8a8837e; 0b2ba054873715f1e8a87a39fc5501c5abadb186; b9e1c6869c6d786cf2ee48232d23308b5b0e8df9; 55c5ac89a61193d25c6ea568e72a312417796e9d; aac8bb22268b59b7bc93fa4feff9460e405badf2; 1c534ad595f8d92f1d7a95d2d989f53f91ffe55a; e66ed37d30898a2363a35a77baade08d49221676; ce2e2eb38ad4678d90c05bdf7e43df4ffc732a40; 0ec2a201f86c3732ac285235929afdbcd2015419; d40a3ec4f026ef03187a1af9d42bd5cb11035917; 0948153638c379f27bba12d531ff5cdff5ecfe74; 00fc19647ca1aa9a3910abe7cf3414af2f811e64; 94b7ce89ff9decafc7ef721bc40b87f6c86fefcd; 7357c31e083786d0cb044bc28c0e18173b213f61; e938e1ffa36fd7ad0ef97386f2e65fe7ef8e68b7; f58e92181ce328c13ca80ffb366d7effa5029ee1; 2369171f9d7a1b28c38d4190a435e513ccf188ce; 20671a28a4bebb155afb623438362cceb869cda3; 2f8af00a3d8746c0a10c40bd7e11d9bee927cd41; 34b05e81ec819a3e72cfe08eb9a2377197af560a; 0f699ec18762bcbb4a05e607a090bd8c5014c05c; c82f9149012261707f4afa13b1695d6f4ce6dde9; 5190f12fbd92898a853477824ea7b8b388c98d13; d2dc8421f6c3e1254317f3f97fa4836d1d8d6d2f; 9181dacb39dfecc2958ed04e8416d5ccbc9bd361; e3d200dcdc1452a0d61795fd9135b3030a8bf07f; 627c3fdb4fb52923fb11077274f99ba767245966; cc611049fa1029230858ec62399b571cb40bfb71; 11e99320f3dff436c8862728e78c3c6582621c6d; 29bc554671a4512186cb3afb8368939dd1d723ee; ec0b56e0f45b10987d7e8747567ec7cb5e4bbee1; 96451ca0c14181169789197a4c7955ca989235b0; a8f8bf8d91c2a445a40c17557ebafeed70d02946; 1bf4fdca0312678da2fd9f8e8173f1ce340bc762; e123f79c923e4e1ed773af3f5f1eb324ce181f4e; bff49d0d56c6c4d3e87e600a6cf026fa2c226ddd; fc9fe53a8f98cb0ba65cb2d099558001d7ae5143; 374052c30c26bee6997abee603084aa28df0ec30; ce6b714142866cd9d16dd65ee94d8ad4e2632dfd; 16ecc009d14b1e6ee441717b10dea1fbf148013c; 8af3c3c4852275b621f4a3b36910778313d02d66; 9adccd4fff81b3bfa50fe79c75eaa2f3662c7540; 920ac3dd1ad59c6aa8360683875b3278ad665c63; 1d5f47ac85bd071ee1e4bde5daba33f55d9cf72b; 934132ace4e241a21914f1f8e2d1994b13a67a90; ef3abd3f8f9564f5f2c5f61659015ad8ec56be4f; 4a7d16e0a006eb38b75a6505dea336cfe7989d83; 4dd4144d2f405337c92b5a494a04d6cf6706c83c; 52a4c9f31d1bfc947292b00bc1d65e104150f0a3; f6be3202e7f300218f3ebbc2e1a9d7e4f567e0d0; ce3b78d9d62eebafad45b7c2d9c27a687cd31104; 03ed4077e541bad60cc96fafb3c193680908fa53; e2e2181473eb2f10e46ac953f867d67a6bdcf2ed; d57904a2f58cf4e1e8a05fe35c71ac91a5d1661c; 6f759b52188b29f594df6714c5751fa5895f333d; 77bd9a4952b04d6b06c11dee1b24f3fe2860557c; 7d363ae95855cf7222ea0a09356aef96897c4375; 538cca01df385e7d936500e5d222c5f8789304d3; ba1dba8af2e3cee3213794fe722d13e90de5baac; be572fcc4656072127acbdde1133c6bb8385ff01; c6bb8736bdac606793d46d6af494540c3984211a; e7abe3b9ba0abd2d43497f9936a83f3130384a09; 7f33ec743be02f31beb407b32d9e47b042ee12de; ad5aaea888597be8ad50e360379938903c28b7d9; b9dfab88652c4e3f1d72e11738f020bbc30e9f96; 6c898063d72876e684cec34c3e239dcc89a47a7d; c8407012eaeb86d57b91b0dd664d562b8c769d0c; 6902ad3a2beadc9979db4d2daa770f76d82af139; 760aa40ccc970b5c530cc586de9e9976fc43d421; 7de28aa59efb795bb94b1e35404b80b86cbcf45b; 65962c456c54742695b9b9d9b35b4544fe61c5cd; a365a598e22c0c1cbfb6a557fb245cff64f8a135; 9ca288e89cb861a25685fb71cc92bd4e46543449; 7057a2720f85b27c3f990396ebdf61fc33f732b6; b9dd509f70d53047708dc182d1749109422e7c01; a6806d0f9128f050e23844d0a6c74fee3d7d5473; fa338fbd84b22d02c9f88035c3f8ade44546967d; 05a8ee2a8f150e180e9fe726b027d1bb97b8b765; bfae4fc8db24cb875401f3039590b085bcad3592; 8f32224e5ae64799eb7a61941706dcdf89dfef81; d23fa055fccf2ab5cfe2588b2671ad58e3ad6ff4; 3bb038bd98ae9b42386639d2a70ef936c99fe0de; c8e460e601a23cd6d1723b4be00c085b22a928bc; a58771ec54647f8e5fde55e60cf90fd461f7d0b0; c446a92c8e67f55e7cb0daabbc7598959692b524; 5ddbb8758da7b240bb6e0299da5f000adbef62ec; 18b718e5b69e5e99d3b7d3f1c5a5c2544d7c05b8; 777802b611c4424067f0e50eb1c37761eb2ba6b9; 4962120519f1010ab188853c4189dd9ffffec189; 1b292b6ab74ada94b2f7e142acfba9cb0c0a9e6d; ae7e18d02d59c6e156cc04b9cd5fbd85f1f02063; 420db4f3173a00ce5d9be2fe0731ffe72e81ab62; 24250979fb48db43ea631507966eb648be5c19ba; 4a3e4cc0880a901c168d3c454af84686c58fbb4c; 60417ec79d23f56fd50d441ddd61433815d8a032; 00ec04ad8cd404a28210bcdf3f2cac161a68a3e5; 95fbf583fcbedba4f1641f3041e64904c556576b; fd72e6f2a9b5e59d53a92e5ffdbd9b080caa361d; 8d48b8dabb12930eee88c9947909e8b433aa59e7; 889cf5fc707a9508e4fa8d2a84e03b4506edeca9; e0402acdb2be147020641d2181d88830e089d15f; b4c54919054860552e1d72b15193a74e2d657062; f5d5f89acff0a70b89fd951140c27be7c6e7cb71; 33f04dcd2bcf31f2d47ecd5e1787f48ac0ea3c66; d4f99246db3aecc00cf30b9d28d414392a744b48; e7e6c400a0e360cfefa0a0586c80008c7c784e23; 3caf522f886d092646137af65bef17182e6eb0e1; 539c1bfeec128eb507323fcbcadf3189f87438dc; cdddebf8e389625de53a2bbab5a156196d5db6ce; e1228cfba9c811f2632febc81f3d646f232d90b7; cc4cf57bfd3bdbf3c88d9db87fff169b3ea7b785; 256487c645131a43d865aed7d6cce5257a44076c; d9f15b0e387a5ca49cdaa4eded01cb26a60f93d0; 96f82f7f45342e58a077671f93e0da239e3233bf; 6e5b08672c0d3bef2b384978d0699d0a04fb2964; 10bb2d33fcaa4389e72bb55b31e5df6d802f8b27; a77b6d231597f0bb378a1476d70268be19e15e5f; df96f6588a0c3a4810971aa8a090627aadf51de8; ff2d9b3fd81cdf0df27308fe099612a7907e4fba; 9e319acd49f1e766c2a655c7983cafc9ee8b2a33; 26ada8b85a7f7afeb7662049ef204f7c13c1f6f5; 53d7b988a205e11d8472021ea85cd4fbaf7b5097; 112f2ee048da086bf3cc434e7cced49d7d5c1def; 794b3ffd28d28606230efc975eeec9f0522fb139; 6b500ff40769bb54c039d5e82a35e1186e6de735; 317a436137120d1f378cdcf332983ac886236ed9; fcb7de8e8f4fb0c464ddb46bc480720b7d5a2def; 425b5ceac668a85a5874f75d22bec2992fa9fbf9; 6a22a55e250ea42a878f65c3708c586b5faa87fd; 73a5191f69803afd795d85bdcaff89de61d8241c; 861b352c3f0c685bf7d131c82a94f5a6d2da4a18; db6996fe0edd2e780eed63125c8c6248ebec332f; 9cda05ec89c89e25f8e3082273dccd10a80fdefc; c02e8b207fdcb54b39ab827cff1a34cd8ddbe17a; f9f2921a1da77390b087a442cd835f61cc6f08a9; 67ca76b188e831d3b831889a94bd374eb83159a4; ef0e83b0a8b0aaec7a22928493c637c628d07e9c; 5ea4d0b4135bd460557b1118990250c3e25cb8bc; 17cc28370274dfc6bd2c5631e9dea8919fc617a2; 4fa53b7d42fd452f2ab322ef3c714a58ec299429; 8948bee6d88e2a392a3a1c7fba44e1a77428e28e; cb9fcb99855df7726f798047bcb1d59fe89af35c; 532232137e363f5b9430dcb393896c98efd978d3; 874f9fd8b0b05924d63f442e8b936676f006014c; 77c67ad16c313b24c73cf0045c847dbe5bdd7bb6; e9806e6e1c2c40292b40510cec1d2e00a55a4626; 799230bea443b8d08fea0c2ef068faa1527001b8,IEEE Access,2019.0,JournalArticle; Review
5a0678528b33c24762142a69420c6112931555cf,Joint Active User Detection and Channel Estimation in Massive Access Systems Exploiting Reed–Muller Sequences,"The requirements to support massive connectivity and low latency in massive machine type communications bring a huge challenge in the design of its random access procedure, which usually calls for efficient joint active user detection and channel estimation. In this paper, we exploit the vast sequence space and the beneficial nested structure of the length-$2^m$ second-order Reed–Muller (RM) sequences for designing an efficient RA scheme, which is capable of reliably detecting multiple active users from the set of unknown potential users with a size as large as $2^{m(m-1)/2}$ while simultaneously estimating their channel state information as well. Explicitly, at the transmitter, each user is mapped to a specially designed RM sequence, which facilitates reliable joint sequence detection and channel estimation based on a single transmission event. To elaborate, as a first step, at the receiver, we exploit the elegant nested structure of the RM sequences using a layer-by-layer RM detection algorithm for the single-user (single-sequence) scenario. Then, an iterative RM detection and channel estimation algorithm is conceived for the multi-user (multi-sequence) scenario. As a benefit of the information exchange between the RM sequence detector and channel estimator, a compelling performance versus complexity trade-off is struck, as evidenced both by our analytical and numerical results.",Jue Wang; Zhaoyang Zhang; L. Hanzo,37,,IEEE Journal on Selected Topics in Signal Processing,2019.0,JournalArticle
642292d010b4c73a93265c4a11dc89d05adc4fb0,On the Energy Efficiency of Interference Alignment in the $K$ -User Interference Channel,"Interference alignment (IA) is regarded as an important physical-layer interference management technique. Most research contributions on IA were focused on the analysis of its achievable spectral efficiency, either from the degrees of freedom or from the capacity perspective. Meanwhile, high energy-efficiency (EE) has become a key requirement for next-generation wireless communications. Hence, we focus our attention on the EE of IA in the fully connected $K$ -user interference channel, where each user has either a single antenna or multiple antennas. We consider both perfect and imperfect channel state information scenarios. New insights into the achievable EE of IA are obtained by investigating the impact of different precoding matrices, the number of users, the number of antennas, symbol extension values, channel estimation accuracy, total transmit power, and power allocation schemes. In particular, we demonstrate that in the single-antenna-user case, the IA schemes relying on unequal power allocation achieves higher EE than their equal power allocation counterparts. However, in the scenario where each user is equipped with multiple antennas, equal power allocation achieves higher EE than unequal power allocation for the IA. Furthermore, using non-uniform precoding-matrix-generating vector ${\boldsymbol {w}}$ is not necessarily beneficial for improving the achievable EE of IA. We also find that the EE performance of IA with smaller symbol extension values is higher than that with larger symbol extension values, the achievable EE of IA decays with the increase of the total transmit power, the EE performance of IA degrades as the channel estimation accuracy becomes low and that having a larger number of transmit/receive antennas on each user achieves a higher EE in IA.",Xiaqing Miao; Shaoshi Yang; Changhong Wang; Shuai Wang; L. Hanzo,3,,IEEE Access,2019.0,JournalArticle
67779d9964aecac42f50605b658dc91ac31984b3,Impulsive Noise Mitigation in Digital Subscriber Lines: The State-of-the-Art and Research Opportunities,"DSL relying on twisted pairs and on homepassed fiber network is still widely deployed in a large part of the world. However, its performance is severely restricted by the occurrence of impulsive noise. In this article, we present both the state-of-the-art and open research opportunities for impulsive noise mitigation in DSL. Its necessity is first discussed by briefly characterizing impulsive noise and outlining the deleterious effects imposed on the system. Then, the state-of-the-art is discussed by categorizing the mitigation techniques into those at the transmitter as well as into parametric and non-parametric mitigation solutions at the receiver, followed by a detailed comparison in terms of mitigation efficiency, spectral efficiency, computational complexity and processing delay. Open research opportunities are discussed from the perspective of noise modeling for parametric mitigation, advanced mitigation design and machine-learning aided mitigation.",Tong Bai; Hongming Zhang; Jiankang Zhang; Chao Xu; A. A. Rawi; L. Hanzo,11,,IEEE Communications Magazine,2019.0,JournalArticle
6cb4886d236300291d857210bfcd8022d481c922,Dataset for: Multi-User Full Duplex Transceiver Design for mmWave Systems Using Learning-Aided Channel Prediction,,Satyanarayana Katla; M. El-Hajjar; L. Hanzo,0,,,2019.0,
752db53714e090e7ab1226400182187d8c982812,Secrecy Outage and Diversity Analysis of Multiple Cooperating Source-Destination Pairs,"We study the physical-layer security of multiple source-destination (SD) pairs communicating within a wireless network in the face of an eavesdropper attacking the SD pairs. In order to protect the wireless transmission against eavesdropping, we propose a cooperation framework relying on two stages. Specifically, an SD pair is selected to access the total allocated spectrum using an appropriately designed scheme at the beginning of the first stage. The other source nodes (SNs) simultaneously transmit their data to the SN of the above-mentioned SD pair relying on orthogonal resources during the first stage. Then, the SN of the chosen SD pair transmits the data packets containing its own messages and the other SNs’ messages to its dedicated destination node (DN) in the second stage. Finally, this dedicated DN will forward all the other DNs’ data to the application center via the core network. We conceive a specific SD pair selection scheme, termed as the transmit antenna selection aided source-destination pair selection (TAS-SDPS). We continue by deriving the secrecy outage probability (SOP) expressions of both the TAS-SDPS conceived, as well as of the conventional round-robin source-destination pair selection (RSDPS) and of the conventional non-cooperative (Non-coop) schemes for comparison. Furthermore, we carry out the secrecy diversity gain analysis in the high main-to-eavesdropper ratio (MER) region, showing that the TAS-SDPS scheme is capable of achieving the maximum attainable secrecy diversity order. Additionally, we show that increasing the number of transmitting pairs will reduce the SOP, whilst increasing the secrecy diversity order of the TAS-SDPS scheme. It is demonstrated that the SOP of the TAS-SDPS scheme is better than that of the RSDPS and of the conventional Non-coop schemes. We also demonstrate that the secrecy diversity gain of the proposed TAS-SDPS scheme is $M$ times that of the RSDPS scheme in the high-MER region, where $M$ is the number of the SD pairs.",Xiaojin Ding; Yulong Zou; Xiaoshu Chen; Xiaojun Wang; L. Hanzo,2,,IEEE Transactions on Vehicular Technology,2019.0,JournalArticle
794f14ba07ac470d92a5b457ffb95adb565aa22d,Learning-Aided Realtime Performance Optimisation of Cognitive UAV-Assisted Disaster Communication,"In this work, we propose efficient optimisation methods for relay-assisted unmanned aerial vehicles (UAVs) in cognitive radio networks (CRNs) to cope with the network destruction in the event of a natural disaster. Our model considers real- time optimisation in embedded UAV-CRN communication involved in recovering wireless communication services. Particularly, by conceiving advanced optimisation techniques and training deep neural networks, our solutions become capable of supporting real-time applications in disaster recovery scenarios. Our algorithms impose low computational complexity, hence, have a low execution time in solving real- time optimisation problems. Numerical results demonstrate the benefits of our approaches proposed for UAV-CRN.",T. Duong; L. Nguyen; H. Tuan; L. Hanzo,39,,Global Communications Conference,2019.0,JournalArticle; Conference
7e5e08c09cb7dbd5e76386083138eb9068afc930,Robust Energy Efficiency Optimization for Amplify-and-Forward MIMO Relaying Systems,"We investigate the energy efficiency (EE) of multiple-input–multiple-output (MIMO) amplify-and-forward relaying networks relying on the realistic imperfect channel state information (CSI). Specifically, the relay jointly optimizes the source covariance and relay beamforming matrices by maximizing the EE under additive or multiplicative relay-destination CSI errors. The optimal channel-diagonalizing structure is derived for the source covariance and relay beamforming matrices under the spectral-norm constrained additive or multiplicative CSI error. Then, the existence of a saddle point is proved, which shows that the channel-diagonalizing transmission strategy is optimal in the robust EE maximization under these two types of CSI errors, and the original matrix-valued fractional robust EE problem is transformed into a scalar fractional problem. We propose the Dinkelbach method-based alternating optimization scheme for this transformed robust EE problem, which is capable of finding a locally optimal solution of the original robust EE problem efficiently, and show that the semi-closed-form solution to each of the two associated subproblems can be obtained. We then prove that the channel-diagonalizing transmission strategy remains optimal when the statistically imperfect source-relay channel is additionally imposed. We also extend our work into multi-hop MIMO relaying scenarios and prove that the channel-diagonalizing structure is optimal for the source covariance matrix and the multiple relay beamforming matrices.",Shiqi Gong; Shuai Wang; Sheng Chen; C. Xing; L. Hanzo,10,,IEEE Transactions on Wireless Communications,2019.0,JournalArticle
816e3d68a1ab683743934b23632d7e4c5718d943,Requirement of 5 G Background on channel codes Turbo codes and decoding LDPC codes and decoding Polar codes and decoding Comparison Information throughput Error correction capability Flexibility Recommendations and conclusion Appendix : Table of survey results,,Shuai Shao; Peter Hailes; Tsang-Yi Wang; R. Maunder; B. Al-Hashimi; L. Hanzo,0,,,2019.0,Review
8ada5a8bb5d5748f1e0a2dcf630faf07a82074e6,Dataset for: Deep Learning Aided Fingerprint Based Beam Alignment for mmWave Vehicular Communication,,Satyanarayana Katla; M. El-Hajjar; L. Hanzo,0,,,2019.0,
8e0c7bf51e58f3262feae2bd32722a328a560a70,Cell-Free Massive MIMO: A New Next-Generation Paradigm,"Cell-free (CF) massive multiple-input-multiple-output (MIMO) systems have a large number of individually controllable antennas distributed over a wide area for simultaneously serving a small number of user equipments (UEs). This solution has been considered as a promising next-generation technology due to its ability to offer a similar quality of service to all UEs despite its low-complexity signal processing. In this paper, we provide a comprehensive survey of CF massive MIMO systems. To be more specific, the benefit of the so-called channel hardening and the favorable propagation conditions are exploited. Furthermore, we quantify the advantages of CF massive MIMO systems in terms of their energy- and cost-efficiency. Additionally, the signal processing techniques invoked for reducing the fronthaul burden for joint channel estimation and for transmit precoding are analyzed. Finally, the open research challenges in both its deployment and network management are highlighted.",Jiayi Zhang; Shuaifei Chen; Yan Lin; Jiakang Zheng; B. Ai; L. Hanzo,399,6bb9378c1227cb22dd6a2d0497cfa162ee8bf286; f4ea0570a8d087c16cb4d30f3453fe4e8a209d81; 31391877ba94b91f22405b29fbd08aee776e19b6; b6a7677b7457f46a8db6da4c83d0946b6eff1675; 8beb573fbac2601b5f7450cb6f3c636e0ed7a31c; dc2397fa8cc0069ea6c18e7ee88e829d3ebe9be4; 26b81b1632c582267236871c9efc91ccffffdd9f; 2fb26a65f612c486dd0de7be825dc47e65c24f3e; 68d413ce1f7feae7f764073bb4ea38d0708fb363; 9ee53cf15ae51e1a95946ca7d3435a07ea2a77d0; b81d09b0773e055aa97f3df19405b2aeaae6eaa1; 687ce6721396a8cc6217bd73c7fc27832e34aeff; acf87047c1f156bcc610d94c84a0034a9b3b3b28; a46779a0bf567b7ebf057190b68bad564cb2b577; d89c1e8df24210fde6cb2ba8ab35bc1c7ad0f68e; 6974a95fdc7fe187fee35da2b19edfe26eb04c51; d02f92a001c628ae371af3af8b406132eac8dedd; c5cdb1a3a144d2064eddfe14ed97aec90c54eefa; 30a17f848c6389f4e2a613254773bf9c4c9f6b7d; a8a532a7738ccd183598a388dd8671437d03d31c; 022608dadaf6db02620f4cebb1cb50a10e3aae1d; 887f3c0f713c4ba8df35c98b7f6f056e4ff2c8dd; bb7a0b574780b2e8f3a41016d5d0139d79d88402; 91c54e91e76177faf62b52fe7f3bcda772b20210; a6a20092f68d0a1006d71849f83bd7223fab9345; 8e29529f0ad6baee60af22bf08170fc94a12bc3c; 6669c4dea3eb4c664486cbaee5c2ede83017f7d7; b6465c7ae4c2932cb10312fd692223ac898371c6; 258293f0bc7a22f2e892b97b3f3562ade1032009; 80e29411847c8e0c9c01f038354a7ab19159f588; ad7722c4a30fc14f392e7a96d694f74fd2b11f88; 620f78a8d96224ff1fac3aec58366b1c0b4a6238; 3dde301f76dc578630c2f3708df893c423844787; dd3091f6ee750cb08cdfe25e10531debc94b993c; b4e5eb8ee16bf18584a5ce3882a4eb8a5bea68d3; 99bc136f50581fcf6bbc35356adadb1e1d751565; 1abcc0e21344b8044224f5a1424b2bfbe068bc3a; 72dc88ad5663a3defa305ae5d2a72e0fa4695681; 76116b7fa6ace076fc82a9b0508a990ad6624070; bde62852a04efb2363f1ffd9d466ac1e9f002a42; 14e3521bec6a283ac57862fc8245af90ba203636; 225515762f193b5dc26bc8ce836951acb82bbf1d; 76b0505020ea959df387ce9896900799828e41d7; d3413207aff3002e3b291db5b7efccc7689b40ba; 30dfe7a6173be9d2de358c0c53e549d5c56d7568; f9bca7f18bd31ec6aa4535f89dcede1aee7b6614; e62e2f7e6d91d77bf97672dda98142bb160520f0; 0b33858aa5c43c00d96dc46c4f486da40e6bb0f2; 343598ad4d67ce06bf789c69f5dbb2d66719821e; f6be3202e7f300218f3ebbc2e1a9d7e4f567e0d0; f88ac20de7f344df2af0201362a2be5aa4ed0cb3; c8e460e601a23cd6d1723b4be00c085b22a928bc; 9e319acd49f1e766c2a655c7983cafc9ee8b2a33; 274934e72c9926850792d38f7a5d9a49a1c70483; bdcf538b46b3e30a6fd976f7556112cbc41a2654; 8f36a0ba8c2820c67c6517600a3511a9b9bba23b,IEEE Access,2019.0,JournalArticle; Review
968868595fcce366c8ef457f0e718d57fc5f432c,Channel-Covariance and Angle-of-Departure Aided Hybrid Precoding for Wideband Multiuser Millimeter Wave MIMO Systems,"Hybrid precoding is essential for millimeter wave (mmWave) multiple-input multiple output (MIMO) systems due to its inherent advantage of a high gain, whilst alleviating the high cost of hardware. However, most of the existing literature considered either the narrowband or wideband single-user mmWave MIMO scenarios. Hence in this paper we focus our attention on the more challenging design of hybrid Transmit Precoding (TPC) for wideband multiuser mmWave MIMO systems by exploiting the long-term channel’s covariance matrix and the angle of departure (AoD) information. Specifically, in the analog TPC designed, firstly, the analog TPC matrix having an infinite angular resolution is constructed based on the channel’s covariance matrix. Then, we also propose a non-uniformly spaced quantization codebook based analog TPC having finite angular resolution. Furthermore, a phase compensation operation is carried out to alleviate the effect of beam squint. As for the design of the digital TPC, a two-stage scheme is proposed to cancel the inter-user interference and to attain multiplexing gains. We study the effects of various parameters on the achievable sum rate and demonstrate with the aid of our simulation results that the proposed hybrid TPC is capable of achieving a similar performance to the excessive-complexity fully digital TPC.",Yun Chen; Da Chen; Tao Jiang; L. Hanzo,71,,IEEE Transactions on Communications,2019.0,JournalArticle
98620cb6218a4415eba3e7acd9b90ed9e386d29e,Dataset for Sixty Years of Coherent Versus Non-coherent Tradeoffs and the Road from 5G to Wireless Futures,,Chao Xu; Naoki Ishikawa; R. Rajashekar; S. Sugiura; R. Maunder; Zhaocheng Wang; Lie-liang Yang; L. Hanzo,0,,,2019.0,
99c7257865ead39bd1ed9456bee31260174b1467,"Joint Radar and Communication Design: Applications, State-of-the-Art, and the Road Ahead","Sharing of the frequency bands between radar and communication systems has attracted substantial attention, as it can avoid under-utilization of otherwise permanently allocated spectral resources, thus improving efficiency. Further, there is increasing demand for radar and communication systems that share the hardware platform as well as the frequency band, as this not only decongests the spectrum, but also benefits both sensing and signaling operations via the full cooperation between both functionalities. Nevertheless, the success of spectrum and hardware sharing between radar and communication systems critically depends on high-quality joint radar and communication designs. In the first part of this paper, we overview the research progress in the areas of radar-communication coexistence and dual-functional radar-communication (DFRC) systems, with particular emphasis on application scenarios and technical approaches. In the second part, we propose a novel transceiver architecture and frame structure for a DFRC base station (BS) operating in the millimeter wave (mmWave) band, using the hybrid analog-digital (HAD) beamforming technique. We assume that the BS is serving a multi-antenna user equipment (UE) over a mmWave channel, and at the same time it actively detects targets. The targets also play the role of scatterers for the communication signal. In that framework, we propose a novel scheme for joint target search and communication channel estimation, which relies on omni-directional pilot signals generated by the HAD structure. Given a fully-digital communication precoder and a desired radar transmit beampattern, we propose to design the analog and digital precoders under non-convex constant-modulus (CM) and power constraints, such that the BS can formulate narrow beams towards all the targets, while pre-equalizing the impact of the communication channel. Furthermore, we design a HAD receiver that can simultaneously process signals from the UE and echo waves from the targets. By tracking the angular variation of the targets, we show that it is possible to recover the target echoes and mitigate the resulting interference to the UE signals, even when the radar and communication signals share the same signal-to-noise ratio (SNR). The feasibility and efficiency of the proposed approaches in realizing DFRC are verified via numerical simulations. Finally, the paper concludes with an overview of the open problems in the research field of communication and radar spectrum sharing (CRSS).",Fan Liu; C. Masouros; A. Petropulu; H. Griffiths; L. Hanzo,1519,d993b66255544df13938bc207304b9d2d08ff0ba; e767ac30df7242f95dde4ac101ed350fbf9b64d9; 5f2af9a97b203b25bb30b01cf9dfef96a8b15ab1; 70f1a8750e15576120c41d8ff4426a6bd3f6605d; 87bee78c45207cbf1c78b4aa509d29af2870f373; acde4bf826bcf19385f2f41bcdaf9ea2c5fd72b9; 3579dae2eb61e148f6849a290a1e30faeb84f052; db0be98a651768b71ba0bf27032822b997125e92; c363c82bf2d320ee497904426f8bd69bcab4eaf1; e4bdae77c5cb7c11dec90cc8e54940ec010312e6; b4b0c455737de988f4a6b22dec893d7ca265407f; e55d254070f8f1ed96a464c24e79836a7e6f65a5; e39a61aace380f26c4c0fe557b280158786ceeac; 5d7a117a617c42e331fbaa40e8e2b17a81158c1e; 0757ab13dd3b8f9a288a7689600121de7999f814; bc8a8ecc045a6dc5b18c57042ac422d80ba64d6f; 12bbd3e72154096d9d626946dbdd24b2a9cf849c; 2b80fd32269318f22673190859e2a3d60c2d26c5; d24a475f90575a1ea59eaedd988d0a1aa2c070ae; d9b826bf3fe005554fe05b5d219e34ec160d9270; 8279466e62d4500acc2481885130856441dc2175; b2e4a7b68defad053a70011ab52d9533356ae670; 7375e03b668cbc84e66db847a4cc0d6882b7f28d; abaf9a91f636542a230d32dec71206bfeba703e1; 520fe5dfff2add7370ddf78f2584947c6c69d241; 3f831c834e5a7b703b5b42a93bc69735d57c0be8; 68eddfb60e9a58c623002b307bfc5d666aeede69; 1779fe00e49b4d36ad98e0c535831e9803203f63; c14902a822d285a25eafdeb8a54b6afe2e5f2a75; d234e2a45d52dbc9bedc6270de0085d551575e0e; cda8af3961eb6056cffeb826da0f285dd07007a3; 85a5549ee8d4fb5a27c467c9194f0b972230ae81; db8881789538e66767f9f748ff9163a000310631; 27d4794f03ff8d0652c0fda3b60b04a59903f372; 41e1160c09610fb52db0d57a3a64e82db64df143; 523574026bc58d6393158ab19c4927487f7f29c5; 036d003b98fefb2365ba785489a8e26c02259ef4; 1c02a75824e02dc1af0d9b556f63ca13e5710a22; 0629f18be1cef0fadd165278e00dcad01bb4ea93; f1c4083b230d91c4d13c41f7d4aed1a12177b42d; d2ebb19ba686098b50d69d644af0956d2c0b2ce5; a31351a924f167c332daa40faace3c126b9d5bd8; 256a90a976cdee5ba93157cf92a96ed7bca0954d; 1b97bfd6a955e44c24afce321439dc1e34e7964f; 4ae237fd7d97372b21899f5cf14de2a2287756c4; f6dbf1ff699154b4158d3a7a3dd535bdb7a8bf5d; 99efcf462a636aba2b661b0b51e9467af80cceca; b7a3845a438b4e3b12142a0c5aeea3d2de1490f0; 6038f4b6c30657d0fe7411a5b439a21f617435ab; 299de583db996534281617e423bcc4b7a35738e6; 141f4e5770a090abc50655525d69ba7d679ee50e; 32b081516be148d9010068675af3f2d6823b1249; 1192ff49d8e5392eaf1699bf452aec0d42cbd5e9; e022e57ec1877de91d9f129d31bbae4053d7983e; 35dac3da4b082ea87b2ecf15fd73cf16f77763ab; 13dea252b2bbd3a0f644d813ebc86b1f8d225dcc; 708665e4a4bbe1ad9f96a66f69aef78d67c9a8d6; e041fa68318ee6080e323ece3632ec73e08a1f9f; 2c90ecf0949cdabc7c3792c6fbc3a7d8c9574567; 44734dbe97cfbdaa9ff2a5c40393f00b7290ee7e; 040ad40973fc9949bc2bcd1100db9bb9279955f4; f7104b891859d433cedbba8670ecfefd768b256f; 46f1ba485e685ff8ff6232f6c04f1a3920d4f33a; 8e24458aae174967fab5fc24dfb7c9d7646a29a5; db8562310d794b72dd62f1cd1963d671b378c2c6; 43585729747d0dd4eb8b45dc3e874be769aa6521; 31c484407fe16d6c40fa4c8bcbc02f54d859b35b; 509731b8d916d6429dc02c281955037463df3f3a; d76e5cd8e43441df5b0e1b0aa98a4fb6562e7e4c; 233256661cc578f071fee89f466761836953d237; 82c4bb942fc7d792f41a42918c3085f998b1e6a1; 3b79ce3ab14fd860fefeedaaa9d3aa4b5a89a948; efa958769552c5c5717fdfcb85def4bbe0e2e581; 261bfaf79635c455c7ed8bd2ddc6785fd9d9ced0; 5ac38297a3c256c88a67597fa8f5d0c44d5957c8; a5a7b7286440e720983366abe24246c1dc610218; 6995ad2d8f733162bed9648434ce73b8feeab6b8; 57dc61be41549c76c0ed05b40625ca327558678d; cb6e364ff8f15c7fad8008d9369020a4a6a3382f; 74bb0daae9da64f598f280e215bc0548bf4f2de4; c825d263a684bfd3ab46b12030860b795d02c16c; 52c037dd6c7363c19b64ff51edd3445d3ac85b47; 7b3617c7f5335c39c69da940b254cb7c15dc11b7; d5d83ea5851d681eece6103c5137853b5f5d7116; f9bca7f18bd31ec6aa4535f89dcede1aee7b6614; e9ad434c2cc85f0f95844bf5b86ee194f22756da; 155ed7834a8a44a195b80719985a8b4ca11e6fdc; 2f909a114f47c063bcb0b78a620171a44895c06d; ba073f707a0b9914a8926d03371efdf9a50c8a06; 84549f080870eb19e4fc5fd426b8294bed07ce70; a24cc3d1e04fcc4ead5d517a218935781d3496fc; 0c0c5d35cb850bb8c637d6dd67fcc91420fdce0d; 620b5678bc7c27560bf6c02ca55e5e76e5ae72a7; 760fb5310b3eaeeda0898d44b395580db5cc7d73; 72d33e076225d972d93c69818ab1ec941037cd4c; 0387828ebdde8b3ebe6a5772904bd83dccf33a1c; 26f825b4ae30b08241df7031a900892761c0f9c0; 065222a1e88061c70e35d2601dd54bd649dcf507; b072a73beb1d625c6b8220f01f74976ce216c6df; b22afebe5ec3b91634bb74fd460d768e53b0d33c; 541e5bbfbff7f0a4b8900174e70753f094c2d77f; ff118ca8a85867c08101cb68acd37a73be3b43b6; 710b99df478588745faebf772acb4f44833f182d; fda8c1e5080a45613d9c74718ccc2b5ab86d5c00; 6fd368160c30136daf708b4eccd681e8a818dca5; ba841b3c6236793f084f3e056c858abbd05fe6a7; eb37e00568f43642853fa954f84a2e083a1cebf3; f6be3202e7f300218f3ebbc2e1a9d7e4f567e0d0; a78f39f6444de91f0a410811dc82145a5af0a27a; 51ec796a5c5d226c8ba77437271dc50b1adf1bff; df317b9ce48fbc3971d37f432928d213c6561b1a; 33d42affd6a5f09fecbd11fd235ded7ef22ccf76; 9dcc4d4fe864f34a93803039db50d83a8584f63c; 831ed2a5f40861866b4ebfe60257b997701e38e2; 408a8e250316863da94ffb3eab077175d08c01bf; c9a43b9eef2b1b700b286af79beb8efde798707b; 3a256c7642cb5adbfdc2a10b8cd693fbe634234d; d9ca156e63d069ece4d8253f5106254d1424f46e; 5b8ec0ed2ff8036c15828dfd5baa855f40b23608; 9d68ab96e645f96b2036ed5af096ce3b61123a32; b552d64d8fcbbdc1a15789b039579e2590565eb7; 1c2b14fe7ce0c0caa35ac64997cb003cd79df95b; cabe22dd163239fe53f459de200e26d8dd4bce0a; 3ecca1f1e252f09ae19669fba44d3b0df506943f; 53d6f5ff98459ca2a02f3a164ab0ae40fe56be95; 572b86619faf2d658743e951b28cb48a9433f3bf; 732f03fd7f485358ec18fc775f57dea8bdcc690f; 98ec941f07556008c3c3226fd755d7c42ea21b3e; f9ece1649236db29d52ae7cabcdafd31b1d988ca; 32f775ed551246d7f43a89f342dac0f6e7824d70; aacdf9580c075ea380b31574ef88a1d3d883c69f,IEEE Transactions on Communications,2019.0,JournalArticle; Review
99fd6b8ab8e7718af7807d374ad52fa315333a34,TOA-Based Passive Localization Constructed Over Factor Graphs: A Unified Framework,"Passive localization based on time of arrival (TOA) measurements is investigated, where the transmitted signal is reflected by a passive target and then received at several distributed receivers. After collecting all measurements at receivers, we can determine the target location. The aim of this paper is to provide a unified factor graph-based framework for passive localization in wireless sensor networks based on TOA measurements. Relying on the linearization of range measurements, we construct a Forney-style factor graph model and conceive the corresponding Gaussian message passing algorithm to obtain the target location. It is shown that the factor graph can be readily modified for handling challenging scenarios such as uncertain receiver positions and link failures. Moreover, a distributed localization method based on consensus-aided operation is proposed for a large-scale resource constrained network operating without a fusion center. Furthermore, we derive the Cramér–Rao bound (CRB) to evaluate the performance of the proposed algorithm. Our simulation results verify the efficiency of the proposed unified approach and of its distributed implementation.",W. Yuan; N. Wu; Qinghua Guo; Xiaojing Huang; Yonghui Li; L. Hanzo,61,,IEEE Transactions on Communications,2019.0,JournalArticle
a0c7be848d79c4238722f491e7ecdaf265fbd339,The Security–Reliability Tradeoff of Multiuser Scheduling-Aided Energy Harvesting Cognitive Radio Networks,"We study the physical-layer security of a cognitive radio system in the face of multiple eavesdroppers (EDs), which is composed of a secondary base station (SBS), multiple secondary users (SUs) as well as a pair of primary transmitter (PT) and primary receiver (PR), where the SUs first harvest energy from their received radio frequency signals transmitted by the PT and then communicate with the SBS relying on opportunistic scheduling. We consider two specific user scheduling schemes, namely, the channel-aware user scheduling (CaUS) and the energy-aware user scheduling (EaUS). In the CaUS scheme, an SU having the best instantaneous SU-SBS link (spanning from SUs to SBS) will be activated to communicate with the SBS. By contrast, the EaUS scheme takes into account both the amount of energy harvested from the PT and the instantaneous quality of the SU-SBS link. We analyze the security–reliability tradeoff (SRT) of both the CaUS and EaUS schemes in terms of their intercept versus outage probability. We also provide the SRT analysis of traditional round-robin user scheduling (RrUS) used as a benchmarker of the CaUS and EaUS schemes. We demonstrate that the EaUS scheme achieves the best outage and secrecy performance in the high main-to-eavesdropper ratio (MER) region, but a worse secrecy performance than the CaUS method in the low-MER region. Moreover, from a security versus reliability perspective, the CaUS outperforms both the EaUS and the RrUS in the low-MER region. Surprisingly, this also implies that although the user scheduling criterion of EaUS exploits the knowledge of both the amount of harvested power and instantaneous channel state information (CSI), it exhibits a degraded physical-layer security in the low-MER region due to the fact that the increased harvested energy is beneficial not only for the legitimate SBS receiver but also for the EDs.",Xiaojin Ding; Yulong Zou; Genxin Zhang; Xiaoshu Chen; Xiaojun Wang; L. Hanzo,38,,IEEE Transactions on Communications,2019.0,JournalArticle
a4ab6aa9d9ab361048dae4751edaa518668fa794,Editorial: Recent Advances in IoT as a Service (IoTaas 2017),,Der-Jiunn Deng; Ai-Chun Pang; L. Hanzo,1,,Journal on spesial topics in mobile networks and applications,2019.0,JournalArticle; Review
b338f309e4b779947128d2f045b95b6750586eee,Heterogeneous Networks Relying on Full-Duplex Relays and Mobility-Aware Probabilistic Caching,"Joint optimal resource allocation and probabilistic caching design is conceived for device-to-device (D2D) communications in a heterogeneous wireless network (HetNet) relying on full-duplex (FD) relays. In particular, popular contents can be cached at user devices and at relays that are located close to users. A user may request the contents of interest from another user via D2D communications and also from a nearby relay equipped with FD radios. If the requested contents are not found in the buffers of other users/relays within the coverage range, users may opt for connecting to the macro base station (MBS) via a relay by using an FD communication. Furthermore, we propose a beneficial mobility-aware coded caching philosophy for D2D communications in the HetNet considered. Especially, we model the mobility pattern of users as discrete random jumps and exploit coded caching for improving the throughput attained. Subsequently, we develop mathematical models for analyzing the throughput in the presence of edge caching, where both the system-level co-channel interference and the FD self-interference are considered. We circumvent the high complexity of stochastic optimization by developing low-complexity optimization. Finally, numerical results are presented to illustrate the theoretical findings developed in this paper and quantify the throughput gains attained.",L. Tan; R. Hu; L. Hanzo,30,,IEEE Transactions on Communications,2019.0,JournalArticle
b6bca7b7a0b8fb28e8da43d4c02616ded860770c,Majorization-Minimization Aided Hybrid Transceivers for MIMO Interference Channels,"The potential of deploying large-scale antenna arrays in future wireless systems has stimulated extensive research on hybrid transceiver designs aiming to approximate the optimal fully-digital schemes with much reduced hardware cost, and signal processing complexity. Generally, this hybrid transceiver structure requires a joint design of analog, and digital processing to enable both beamsteering, and spatial multiplexing gains. In this paper, we develop various weighted mean-square-error minimization (WMMSE) based hybrid transceiver designs for ${K}$-user multiple-input multiple-output (MIMO) interference systems, which are applicable to both millimeter wave (mmWave) channels, and Rayleigh fading channels. Firstly, a heuristic joint design of hybrid precoder, and combiner using alternating optimization is proposed, in which the majorization-minimization (MM) method is utilized to design the analog precoder, and combiner under unit-modulus constraints. It is demonstrated that this scheme achieves comparable performance to the fully-digital WMMSE solution. To further reduce the computational complexity, a phase projection based two-stage scheme is proposed to decouple the designs of the analog, and digital precoder/combiner. Secondly, inspired by the fully-digital solutions based on the block-diagonalization zero-forcing (BD-ZF), and signal-to-leakage-plus-noise ratio (SLNR) criteria, the low-complexity MM-based BD-ZF, and SLNR hybrid designs are proposed, respectively, for approximating the corresponding fully-digital solutions. Thirdly, the partially-connected hybrid structure conceived for reducing system hardware cost, and power consumption is considered, for which the MM-based alternating optimization algorithm still works. Our numerical results characterize the sum rate performance of all proposed hybrid designs in comparison to the existing benchmarks.",Shiqi Gong; C. Xing; V. Lau; Sheng Chen; L. Hanzo,37,,IEEE Transactions on Signal Processing,2019.0,JournalArticle
b6dddee0d5abadfd7effb98748eb6ba17fe8f2e4,Research data for paper: Boosting Fronthaul Capacity: Global Optimization of Power Sharing for Centralized Radio Access Network,,Jiankang Zhang; Sheng Chen; Xinying Guo; Jia Shi; L. Hanzo,0,,,2019.0,
bb6a72c1e27af784050ffcac66e11c4f0168a797,Scanning the Issue,"Visual cues can be used alongside GPS positioning and digital maps to improve understanding of vehicle environment in ﬂeet management systems. Such systems are limited both in terms of bandwidth and storage space, so minimizing the size of transmitted and stored visual data is a priority. In this article, the authors present efﬁcient strategies for computing very short image representations suitable for classifying various types of trafﬁc scenes in ﬂeet management systems. They anticipate that the set of interesting classes will change over time, so they consider image representations that can be trained without knowing the labels of the target data set. They empirically evaluate and compare the presented methods on a contributed data set of 11447 labeled trafﬁc scenes. Their results indicate that excellent classiﬁcation results can be achieved with very short image representations and that ﬁne-tuning on the target data set image data is not mandatory. Image descriptors can be as short as 128 components while still offering good performance, even in the presence of adverse weather or illumination conditions. This article proposes a new personal-based hierarchical driver monitoring system (HDMS). During driving, the ﬁrst layer of the proposed HDMS detects normal and abnor-mal driving behavior based on normal personal driving models represented by sparse representations. When abnor-mal driving behavior is detected, the second layer of the HDMS further determines whether the behavior is drowsy driving behavior or distracted driving behavior. The experimental results obtained for three data sets show that the proposed HDMS outperforms existing state-of-the-art DMS methods.",I. Akyildiz; Massimiliano Pierobon; S. Balasubramaniam; Jiankang Zhang; Taihai Chen; Shida Zhong; JingJing Wang; Wenbo Zhang; Xin Zuo; R. Maunder; L. Hanzo; Jiayu Chen; Jingyu Liu; V. Calhoun; Alexander B. Magoun,0,,IEEE Transactions on Automatic Control,2019.0,JournalArticle
c12294269cecf14d71a191e086eba6a6a9119005,Dataset for Arbitrarily Parallel Turbo Decoding for Ultra-Reliable Low Latency Communication in 3GPP LTE,,Luping Xiang; Matthew F. Brejza; R. Maunder; B. Al-Hashimi; L. Hanzo,0,,,2019.0,
c5d3abfbc147dec2f7952ad3dae77aa5ca6fe135,MIMO Assisted Networks Relying on Large Intelligent Surfaces: A Stochastic Geometry Model,"Large intelligent surfaces (LISs) constitute a promising performance enhancement for next-generation (NG) wireless networks in terms of enhancing both their spectrum efficiency (SE) and energy efficiency (EE). Hence we conceive a LIS-aided multiple-input multiple-output framework for providing wireless services to randomly roaming users and analyze its performance by utilizing stochastic geometry tools. As such, each user receives the superposed signals reflected by multiple LISs. We aim for serving multiple users by jointly designing the passive beamforming weight at the LISs and detection weight vectors at the users. As a benefit, the intra-cell interference imposed by the LISs can be suppressed. In an effort to evaluate the performance of the proposed framework, we first derive new channel statistics for characterizing the effective channel gains. Then, we derive closed-form expressions both for the outage probability and for the ergodic rate of users. For gleaning further insights, we investigate both the diversity orders of outage probability and the high signal-to-noise (SNR) slopes of ergodic rate. We also derive the SE and EE of the proposed framework. Our analytical results demonstrate that the specific fading environments encountered between the LISs and users have almost no impact on the diversity orders attainted. Numerical results are provided to confirm that: i) the high-SNR slope of the proposed framework is one; and ii) the SE and EE can be significantly enhanced by increasing the number of LISs.",Tianwei Hou; Yuanwei Liu; Zhengyu Song; Xin Sun; Yue Chen; L. Hanzo,46,f81305b6fddc30597106907ed1147221ca5aae3b; 9fc65a1ccc0563fcbf9c48c6edfe5ea929d639ee; 877e7d3ce96d6d35e983343e0efc36700df86234; 32cfe017bafe9a86546c026dd7e220b4aa0d5293; b0fb124026ffe84100095d952a2ddf53e279dc85; 842987ac1bd8813c720ee7368fe4a7b05d0971d0; fa3c0f3c0dc834d65cef14105e3f8070cef20dd9; 36e3111b1b2e86e17ed38245d65d61756f5e35af; a84d02ba7052ab0e9cf8bc3c0e1a5bcdd622da34; bd23a8fc834e6a4c53ca0e8efea67d93901d535d; 47dd746d2726db55a6cdaeca560ac5ca4ff88546; 511a58da4ec8520bf17a321c73d5e4273cbd611a; 0b3d6929b4a6478543342a19e01e137abe3f8ba3; 4d27308bed1e29a0d8c40ef9b4dfe28d84e73ea8; dfa1802dfddb13874469db17cf832bdcb34cd151; 29a169de88d8b61104bd71b3a4de89269f947249; 2ad7d69e1aaf29203a05612e78ee7c3abfad6eef; 2006b6cad640274d88195b7520bacaac4711c2ce; f2c02359e0cd01efec6ddeec691f19eab50d539e; d81e8b3adadcd99106bab67322d8020c0aa995bc; 9ffe9d57352e4e8edb52efe4ed110801290018b6; 5dd0acb7d9b1682d3079a032597f025c46304243; 4cedc3b10212986b854c7dd64d4d45fd692d5f3d; 24c2be2b51b8e0e3e225b29972c391e5cb8fcb5e; 2dd76649a06d06ae73ec409870a659e426d535bb; 73ff6d01bb56a75d1c87f456848d84c1c6ee75ae; cb39a455ff4ec7808f1fe4570f0324ba832bd014; 0bfc3626485953e2d3f87854a00a50f88c62269d; feef4a5af917580055fb7d661fff9d9fe55cb265; 646d364792cb12fa9b679c6a2c40e822011064e0; 6cf61e7e30e1646f5dcbbf1351e8d27b29342b11; d9c64e51a90e20cf8bf56799ee3643fc63b33c90; b962e6dd7493b8b4e1e20025941b758dc1a59a3f,arXiv.org,2019.0,JournalArticle
c97ffa705ec5086bd029f7edb3dc0bfb339d16ad,Cooperative Full Duplex Content Sensing and Delivery Improves the Offloading Probability of D2D Caching,"A novel policy is conceived for device-to-device (D2D) caching that facilitates content sensing and delivery using full-duplex (FD) communications. As a benefit, the user devices become capable of performing content sensing and delivery over an extended geographic range, where more aggregate cache units are available, hence circumventing both the limited communication range and the limited storage of individual devices. Based on stochastic geometry-aided modeling of the network, we analytically derive the hit ratio, defined as the probability that a content requester can obtain desired file via a D2D link or an FD D2D link with data rate larger than a given threshold. The accuracy of our analysis is validated by our Monte Carlo simulations. Our numerical results show that the proposed policy achieves higher offloading probability than that of the existing approaches, even in the face of limited self-interference cancellation capability.",Yingyang Chen; Li Wang; Ruqiu Ma; B. Jiao; L. Hanzo,12,,IEEE Access,2019.0,JournalArticle
d176866a520e2139644eed41f7d1b60fe12a3b10,Energy-Efficient Computation Offloading for Secure UAV-Edge-Computing Systems,"Characterized by their ease of deployment and bird's-eye view, unmanned aerial vehicles (UAVs) may be widely deployed both in surveillance and traffic management. However, the moderate computational capability and the short battery life restrict the local data processing at the UAV side. Fortunately, this impediment may be mitigated by employing the mobile-edge computing (MEC) paradigm for offloading demanding computational tasks from the UAV through a wireless transmission link. However, the offloaded information may become compromised by eavesdroppers. To address this issue, we conceive an energy-efficient computation offloading technique for UAV-MEC systems, with an emphasis on physical-layer security. We formulate a number of energy-efficiency problems for secure UAV-MEC systems, which are then transformed to convex problems. Finally, their optimal solutions are found for both active and passive eavesdroppers. Furthermore, the conditions of zero, partial, and full offloading are analyzed from a physical perspective. The numerical results highlight the specific conditions of activating the three abovementioned offloading options and quantify the performance of our proposed offloading strategy in various scenarios.",Tong Bai; Jingjing Wang; Yong Ren; L. Hanzo,174,,IEEE Transactions on Vehicular Technology,2019.0,JournalArticle
d4848971487853e9ae9ee1e91e63970d62b96908,Dataset for Constant-Envelope Space-Time Shift Keying,,Chao Xu; Tong Bai; Jiankang Zhang; R. Maunder; S. Sugiura; Zhaocheng Wang; L. Hanzo,0,,,2019.0,
da369b19f79afd66a1fd93e386eaae6acc5e5958,Joint Iterative Channel Estimation and Frequency-Domain Turbo Equalization for Single-Carrier Spatial Modulation,"Single-carrier frequency-domain turbo equalization (SC-FDTE) has gained widespread adoption in the emerging broadband spatial modulation (SM) systems operating in frequency-selective channels, where the channel model considered is a quasi-static Rayleigh fading channel. In this paper, a new class of robust FDTE designs based on the minimum mean-square error (MMSE) criterion is conceived for broadband single-carrier SM (SC-SM) systems relying on realistic imperfect channel knowledge. First, a robust time-domain soft-decision feedback (TDSDF)-aided FDTE is proposed to cope with channel estimation errors at the receiver. Furthermore, its robust frequency-domain soft-decision feedback (FDSDF)-aided counterpart is derived to offer a low-complexity approximate solution. Finally, by exploiting the carefully selected reliable soft-decision output of the channel decoder as pilots, we refine the resultant decision-directed channel estimation. As a benefit, the performance of the two robust FDTEs can be further improved. Both our simulation results and our extrinsic information transfer (EXIT) chart analysis demonstrate that the proposed robust FDTEs achieve significant performance improvements over the conventional FDTEs.",Yan Zhao; Yue Xiao; Ping Yang; Binhong Dong; L. Hanzo,5,,IEEE Transactions on Communications,2019.0,JournalArticle
db7023f7533ead380254aeeb6a174d9aa75c1c0f,Transmit Power Policy and Ergodic Multicast Rate Analysis of Cognitive Radio Networks in Generalized Fading,"This paper determines the optimum secondary user (SU) power allocation and ergodic multicast rate of point-to-multipoint communication in a cognitive radio network (CRN) in the presence of various quality of service (QoS) constraints for the primary users (PUs). Using tools from extreme value theory (EVT), it is first proved that the limiting distribution of the minimum of independent and identically distributed (i.i.d.) signal-to-interference ratio (SIR) random variables (RVs) is a Weibull distribution, when the user signal and the interferer signals undergo independent and non-identically distributed (i.n.i.d.) $\kappa -\mu $ shadowed fading. Also, the rate of convergence of the actual minimum distribution to the Weibull distribution is derived. This limiting distribution is then used for determining the optimum transmit power of a secondary network in an underlay CRN subject to three different QoS constraints at the primary network in a generalized fading scenario. Furthermore, the optimum transmit power and the asymptotic ergodic multicast rate of SUs is analyzed for varying channel fading parameters.",Athira Subhash; M. Srinivasan; S. Kalyani; L. Hanzo,9,9269606e2d354c3679a9d7aebcd55ec3a74e73c8; a0c7be848d79c4238722f491e7ecdaf265fbd339; fdf898b7897396d892f58d601f92d614d4246709; 12920a95ee6a47f79fcc2ccdf639253df19a2629; eb7075e0cbc89aa676cb47f85465500a652a39a9; 7ce8d32f523e3e5311b71972dd652411fca400e7; 46687b2423656625167b23201e1504827fdf2391; 030cd0e28f7a51666438ace123b900d845f3e795; e2900487c6784e3c3dafdf31105e570f10d6aadb; 13592ab7a0151e0b29e9145d5af74b4bd590f820; 11634b18b81aa2b470a2fb4e4a0b67a9e0c3edb0; 4a8bae74557a520c46a0951350402e8d8bfecd85; 85b819a28635ea223808ad2bbb8901c7183c814d; b687d0430e4cd3bb83a9d61e5baf1a6876cdc4ab; 1d4c92487013c02b5266d4bdb6df6c99ace0ed22; f55ea592a5da6ab41b1ee2f0477b64131d0aa2a7; fd45751066fe345e82d84b6297230dc2f18d34f8; eb43193a2645511229055689e2fa14561358873d; b67978ac0e3bce5c532e9a768051a571461230cb; 2ddeb77d905f3093bf91409dec7fd61e246af467; 29c7ee0f76efffe450363d53841b8d6ef59382b6; d3601dd609f87f182881e2d463dbfad0dce8b668; 1b4ee550df52db8c9e1d167e2ff171760230d37f; 99bf2922de0eaaa4b0ae06d67dc73b728d34ab47; 85308b24ed1ee89698280495545b72caa5ffa481; f4efdc729b49181fbd658febd488806420aed4a1; 954e4cf021d48e29b31fb0542306ca96977ca385; 195870357e9a5d1391f76d11a306bbeb99972d17; 901f0b5261d2eef07998b28b6abf523bb28a3076; 82379a6e909f4d48a1bdf9366218aa0975ab0bbf; f4e10a2c4ce3b201831283b6656175cb5d38d5eb; d5a9cfe2f22a813704b59fb99cc87259bf86e2e3; 227893d64b523c7698f333e9873e59b2ed9f0a80; 8ed780f5023621341ea4cfc738c089ca4bc080a3; 73cff8528383998fc7d0b7675ef51ddf0ddc1db2; b2a779eb618cfe1efac53abd4b815a678ff3b13f; aedd55b4d8117fb395dc37bc51b5d43bf2903b78; dc867ac083bc5c6d1de7cec46950833a6f8e9437; fb7d636f86cfc9ebf60a8474b3bc4b332f86354a; 5120ba4b48ba51c51de7acd39a13ab09913cd835; de78d282665babd0067c10fa4665de63aeba158f; aa4fee9ec92cb71d8ad9e2be26f1f4f1e22e0439; 307af03ccdcab7ad0e6feafff22b2ddbabccf8bd; 40dcc312bd6fdac0a38a93ef878063802049f9b6; 3f052dc2366a752f3af9a76fb82d3bb9dc4d3ba7; fb6c8650e18f35570616f476eac424fc78253712; db601da2a1c0b46ebd56f0a2c37d08a175bbb565; 7c16d55d139782727652491c33048ded4c71e5c4; cd732fbd56f39b07def2783069c82702f6810518; cc97c8ca7d4787e850cd3bd529969b698f5bb5ee; 50f896754317f16885424a647e033e3ace14cfce; f0a8d35cd6bf3af1e2dd343a1ca7ac2f8d6ee804; 1ca7e61a8f8f39d565496c9d543f2ad0a582e1c9; f59e8ddc16f5cf3852a519ea5a357cd3696b9494; 34a2e2323200b799d2b560aac1021bb4c8c27c30; 93e2af5e487d0eee93796abf3585e99792f887d3; 70b1aceedd49614349c518fd34f9fffb050a707d; 37b51df7c14364f825b46c1f8ba011c00a207723; 7654b1e6f5a8a654bbf4bf891f7c7b6a8c0764e4; 648199b257952c71b6bc72d7d5ae868c987b96cb; 6d26936b88ac80d3fb50e5676cee1cdf31d78209; 8f40501277f349f0e1fc3b6355728891c4eb70c7; 195ddd38fdae0a2efc520781c95985bed13660a2; 83ab748550dada27a3da1bb6352c00487ca08a22; e15c99b784f58eeb572d949c2d9cf40ce7fdc5f9; ddd6faaf9e1d67e3badd7b02a3b360f0f1ca1ab8; 9e2bbce51bf98209b0f76971cce90db5a847c30f; 91c3e53c160e3532d43f7b4901b9d54fa4dbe99f; 820c35af7517d9268abb94d06daa1035072f2e37; e5a65efeb335d540660876211a5002714bf6811d; 15374b1acbd6ab578b969524ee616ff87ecee464; 99dde4eb6413b64a4669fdfd9256c597685a2d0c; 2ed32c3a4043caa33d763922dd1e5281d2763eb4; 588f47357f6da3682d641504addce068f36e2848; 99c5a259d2f8355b59e130f3be06fee6b2feeee1; 519f158dbd167adf3c627334f32b72ec6f37cddc; e8ecf4d0544938e3ddf89853196784f1661dbc75; 88204a0a40797c831a0784be35533b7cc471b2ca; d1e609f340bd301e1c9b1b60bc449e05d77f31b6; caa28873688729c6122bc0eb59da2413de2c508b; 184277e5c2e2cfb5f8e134b4f99d3f8410e4e54c; dbdee9c4ef45a3fbf24bf65eaba2de1e43104bac; fe19b57782dc7029a1fe644267ff9adb06220a63; db6996fe0edd2e780eed63125c8c6248ebec332f; 3cf479f9dbfb7ed40b3e06b741197041a1965eec,IEEE Transactions on Communications,2019.0,JournalArticle
e468b817bb9022efd516b85e961a5a5197f41dab,Aeronautical $Ad~Hoc$ Networking for the Internet-Above-the-Clouds,"The engineering vision of relying on the “smart sky” for supporting air traffic and the “internet-above-the-clouds” for in-flight entertainment has become imperative for the future aircraft industry. Aeronautical ad hoc networking (AANET) constitutes a compelling concept for providing broadband communications above clouds by extending the coverage of air-to-ground (A2G) networks to oceanic and remote airspace via autonomous and self-configured wireless networking among commercial passenger airplanes. The AANET concept may be viewed as a new member of the family of mobile ad hoc networks (MANETs) in action above the clouds. However, AANETs have more dynamic topologies, larger and more variable geographical network size, stricter security requirements, and more hostile transmission conditions. These specific characteristics lead to more grave challenges in aircraft mobility modeling, aeronautical channel modeling, and interference mitigation as well as in network scheduling and routing. This paper provides an overview of AANET solutions by characterizing the associated scenarios, requirements, and challenges. Explicitly, the research addressing the key techniques of AANETs, such as their mobility models, network scheduling and routing, security, and interference, is reviewed. Furthermore, we also identify the remaining challenges associated with developing AANETs and present their prospective solutions as well as open issues. The design framework of AANETs and the key technical issues are investigated along with some recent research results. Furthermore, a range of performance metrics optimized in designing AANETs and a number of representative multiobjective optimization algorithms are outlined.",Jiankang Zhang; Taihai Chen; Shida Zhong; Jingjing Wang; Wenbo Zhang; Xin Zuo; R. Maunder; L. Hanzo,137,,Proceedings of the IEEE,2019.0,JournalArticle; Review
e495a6121fc94418764a26cdcbb3bb2a7a392531,Uplink Sum-Rate and Power Scaling Laws for Multi-User Massive MIMO-FBMC Systems,"This paper analyses the performance of filter bank multicarrier (FBMC) signaling in conjunction with offset quadrature amplitude modulation (OQAM) in multi-user (MU) massive multiple-input multiple-output (MIMO) systems. Initially, closed form expressions are derived for tight lower bounds corresponding to the achievable uplink sum-rates for FBMC-based single-cell MU massive MIMO systems relying on maximum ratio combining (MRC), zero forcing (ZF) and minimum mean square error (MMSE) receiver processing with/without perfect channel state information (CSI) at the base station (BS). This is achieved by exploiting the statistical properties of the intrinsic interference that is characteristic of FBMC systems. Analytical results are also developed for power scaling in the uplink of MU massive MIMO-FBMC systems. The above analysis of the achievable sum-rates and corresponding power scaling laws is subsequently extended to multi-cell scenarios considering both perfect as well as imperfect CSI, and the effect of pilot contamination. The delay-spread-induced performance erosion imposed on the linear processing aided BS receiver is numerically quantified by simulations. Numerical results are presented to demonstrate the close match between our analysis and simulations, and to illustrate and compare the performance of FBMC and traditional orthogonal frequency division multiplexing (OFDM)-based MU massive MIMO systems.",Prem Singh; H. B. Mishra; A. Jagannatham; K. Vasudevan; L. Hanzo,35,8a31e78693d6efcdbb45305275e6330c1a6f61f6; da8b28b48c9033bbe311782c0e898337f6324e99; 84e9ea3cbe851d6b022180249ddeee9721928510; 8a178bd4b820e18d8a37a823332e1ade860cd5bc; 3116dbdef79f3807739e90d7f4d9ba849c27fe22; aad69f26b14ee7ccf61d7ba96e7600832fc192a8; 3b89b594df669fde06d2626a71f6bde0909216f6; c1e3591c78b0c66911050885a5d2612a4f025b68; ba45ccc184185ef90a1e7c40a7c0c62288002faa; b4bc657d204e4af226fe66df58b57ebc3e8d1dc8; 6ffb3107e1a9ae1741f3e781ac6a97ecbdec41d5; a7f8f79a7ed7f1bfd8967c09d70c1c1ebc33bc37; 0855c9ac4b5edeb6948daa021d126ab4ec14d084; 81656916c9b04e72345a74c735d70850a20e0076; 7098e4347fed4e57049823bb669f7b3c21cdad46; 4ca7fad03e0b0bc3cff29be65fd0c926220ee897; 5717d45423740b12c1b5c068dcfa4936290e00fd; c27f55a2dbdc7186e777c06dbe132f886b91e6d5; da9c100655ea2134214f67f24131954448b466e3; cdda2103131365c6ae1af3ca2c3bc7e1375a5e8c; 524e4c2d4049b052d1e08c371c20e5afecb0444e; 2ecd119b6213e72546e25d25ef2bdd799ad8ffd9; a03b2cc34a95fa9bbb234f6f128d40e91f826d72; 4c524ada61de09664e254d1c1639555c6542c982; 5e9d2767e40dfe94e8f90c306aa1aff6576fff3e; 8869b50a14b16d281d0763ea483cb6025d2186de; 65a22720d985204b6d4e80c2530312c5fd6752e8; 4faafb98dc103a9756def8fcf4644a312651bfde; 7a6b0e23b5d771c80f6f2428bc14aeb254434d3b; 553d3e245b8646c388f5e8cffc4ae51411230221; 32a28c1a8c51b1d9d0131810855fd0d7036d6469; eb12d2129990b7ab3e4fda48ff5e140f7836fe9a; 2b18967cae09d508b3791e6e51c65e900d3f87a4; 1336d3aa5ac2411df329e964d7ce4e8ab90f946e; 12a94772ea32de920c729f962a5ea787ad47f66e; 541e5bbfbff7f0a4b8900174e70753f094c2d77f; 2c1a96e25d567fe347574339ca2c22d920f8b9e5; 9fa7388979ccac1a9e78d039177efab6f7394b5b; da9ecbd77102bae3336e8840468f95d47724bda1; 10abc77989313db8dde143f3f124bb0023c4ca02; 57480cd6f16f293c79eb052404744b468ad02118,IEEE Transactions on Communications,2019.0,JournalArticle
e67962b7b594c2ba769e825fb25313010bc9007e,On the Performance Gain of NOMA Over OMA in Uplink Communication Systems,"In this paper, we investigate and reveal the ergodic sum-rate gain (ESG) of non-orthogonal multiple access (NOMA) over orthogonal multiple access (OMA) in uplink cellular communication systems. A base station equipped with a single-antenna, with multiple antennas, and with massive antenna arrays is considered both in single-cell and multi-cell deployments. In particular, in single-antenna systems, we identify two types of gains brought about by NOMA: 1) a large-scale near-far gain arising from the distance discrepancy between the base station and users; 2) a small-scale fading gain originating from the multipath channel fading. Furthermore, we reveal that the large-scale near-far gain increases with the normalized cell size, while the small-scale fading gain is a constant, given by $\gamma = 0.57721$ nat/s/Hz, in Rayleigh fading channels. When extending single-antenna NOMA to M-antenna NOMA, we prove that both the large-scale near-far gain and small-scale fading gain achieved by single-antenna NOMA can be increased by a factor of M for a large number of users. Moreover, given a massive antenna array at the base station and considering a fixed ratio between the number of antennas, M, and the number of users, K, the ESG of NOMA over OMA increases linearly with both M and K. We then further extend the analysis to a multi-cell scenario. Compared to the single-cell case, the ESG in multi-cell systems degrades as NOMA faces more severe inter-cell interference due to the non-orthogonal transmissions. Besides, we unveil that a large cell size is always beneficial to the ergodic sum-rate performance of NOMA in both single-cell and multi-cell systems. Numerical results verify the accuracy of the analytical results derived and confirm the insights revealed about the ESG of NOMA over OMA in different scenarios.",Zhiqiang Wei; Lei Yang; Derrick Wing Kwan Ng; Jinhong Yuan; L. Hanzo,171,7b04d2168e27434aed1ffa18f85df34ae4d55248; 82a305b727b3f4eb25d66ff7222ab1da257895bf; 4e08186d669c735484469268ee8727220e461cdf; 756f6c774fd4da49b3300d299477e20dc37e0efc; f2f8e70ba6a8f690316d3d7348dc20dbb1210178; 2bcd1ba652a8e660d58c0dfe662abb3e21d6ddc9; c173118ef13fe2c605f77ce04f2a719fc49be46c; 833a93680ae7f5b543f900cd4da6a5a0121934c3; 426ac66ddbd1d717a5b04339b29f0fd808876287; e252be5e896e33b1b73cfd158634deec5601e6ac; 5ba7944dd68b0e18efad4ca11fb1475cdb0ff618; 67e4b32c5094467aef00af5473d9779be73b3d72; c8a8a500ad85e4a8fa4f50391aab751fd376521c; fcefc80e1d00f0924c34fa9e797f36df7296c13d; 7796354f52e5815e40369101fa63605eb6c8398e; 5fde6f2472b0635dba3fd52f75a0989a3edd5f8f; b6b37252954355d1c2085a0d04ccaa11e2979fbb; 20cf74ef2961d0e4779dd05a1e0011e97c44fa9c; b9366623d4bb03d7454a762bfdbd8de372c1f3e0; 35b1e4352b568c4f0414c495268cd107176a22b7; 5030feaa26599c0cd4067a492a4c30117c94eafe; 1f69b7576601bfa3cce13a8b273c86ab6f6079e6; 89b687f6b0b8f384a1d90a4b05a03a0f2a91150c; 7b5edcb5860e93d54240f9baa0e4540ce098a2b6; c534f462514d578aecdd5874764082cfad365fa0; 6a76e7ec1d91852dcfc085131a6fa32f50919ddb; c8ff63115d8e0c837b6822257dd5cb263bdbc0ff; ec2b502efd2cedfbcd223224c3e057c6cf0cd73d; 9f49ec7f342d4eaa7fa8e5cf25b25ecd5811af68; 8a431a2451f6d37fa5d6843ba2f4e629acf35223; cd0f14cc80732901353a1fed8e62add1316174ea; 0b30c8514aef85641a1471e71c8fcd403137dfeb; 10da6f6fb78ea9f12a7353db59675b3f261a1cfb; 44e7a2edc39c3ca2b308887619f0e4ec243bc802; 0f7653f886f2972ad14851ab4aa70121d7548d47; 45b5d7aa2b5f042bf3f4047423ca24e9957ab9fc; e37b367831a45d1479a1f8a05278af9e5b20526c; 506977c3ea6fcbbb49fef93228e021cd9244b886; cca673dbe63d96cdf6836325d18c0bd7ee703277; 28f13a17c487b4882884b874f171eb530f6ddd8e; 710f48e132ec81db95ff292183d607f50d558a79; 060b5d862ac106dcaf596b193c6236a6b2594829; ffa44a55c3a08d876059ca6b0ab2279cb26c574f; c5d5ff11d974574fb79907151dba2f23b5f08063; fa94882070e3d0260e45d47d68b350e82eec8a9b; c4e819adf4221be6ac4eb0862e5762ce34a38106; 44eb7b0263a02f9b49fcf520f0c01e1def9f6bce; 9bee9788979907192852ab30c89b4fb7d8949721; ea70e3bfbaf289bca960fcd27fc5b11f3aac145d; 3cb80b8887fd4d4d7e09e198c2628b12b9d8c831; 93b91f9b1dd25a1cfa629f39c3acdc06066675ee; e0dbf97a5a9cd43a196111c3aab250a0e7c9d47c; e81f0fd3a3ecdfa6d874bd86b221827ddbc8d30c; 6ac1852ab5fc4c94fe22bcfbbb3fe9bba71dc3d1; 5ac38297a3c256c88a67597fa8f5d0c44d5957c8; 08f0fa4dcac60865d1a66b14a1102f9ddd0a6cae; 182395db2bfc4ab72ef5404d9b2fb48b80687264; 8869b50a14b16d281d0763ea483cb6025d2186de; b85c434175d88645c0fad70b0d771776384e5b1f; 3345e98832f89ffd32b759518ad8f90dd6e5286d; fbee43d6dc76b6541e73ce3dcd7e1f726010680e; f9bca7f18bd31ec6aa4535f89dcede1aee7b6614; feef4a5af917580055fb7d661fff9d9fe55cb265; f8a5930eb9ae5f0b8a67657afa6a58cdecc2ada1; d1ebc790714bbf3ccc9e92da52f4b38ffb0f7a09; 88893ae76a76c7e3c67f7741f4dac5b988c17aac; 541e5bbfbff7f0a4b8900174e70753f094c2d77f; 7dbdb4209626fd92d2436a058663206216036e68; fda8c1e5080a45613d9c74718ccc2b5ab86d5c00; 0539cd9ce0819c4f3478fafdc34e8910d902409d; bbc98335d9ed5a04cd8551fe1178082aa969561d; b3d88c1dd5e07cc565c8cb4c47348f939cb7cc98; b221e7d231da64dab5ab1203b82775ef23b6ea37; 951cde9aa2c51157966601da99f0939191fd055e; 2369171f9d7a1b28c38d4190a435e513ccf188ce; e68728b42e8aabb5c4022551b283d2807d377c38; 20382659ac68d75ffae5d0c1373efe64fb153e92; 0f699ec18762bcbb4a05e607a090bd8c5014c05c; ecb39c5f5de1cd2102dadc92d11dcb6050161dec; f333fbec2a0caf953ddf969184d575c27c18cdf1; c63a67cf2de559edfdf92ff6ff1d7a087dee1860; 528fbadb65b6e6ac094f7f63ad92f9c8747480ac; 92d5f6f2d13484c688ca4c08c1279229ba266089; bdcf538b46b3e30a6fd976f7556112cbc41a2654; 2ff9db724a06e0ede696e39e2f2841279b97de47; 66b8cf3eae06c9a4bebc781238bf61761b33ea84,IEEE Transactions on Communications,2019.0,JournalArticle
ebf813b81c971ca6be0a911b8b29a0dbc48b42da,Unequal Error Protection Aided Region of Interest Aware Wireless Panoramic Video,"Panoramic video with its flawless immersive tele-presence is considered to be the near-future video format of choice since they carry 360 degree coverage of the designated scenes. However, the viewers may focus their specific attention on perfectly lip-synchronized video as part of the panoramic video scene, hence only have a peripheral vision of the remaining parts of a frame. Therefore, it is intuitive to allocate stronger protection to the panoramic video region of interest. As a solution, we propose Region of Interest Aware Unequal Error Protection (ROI-UEP) for wireless transmission of high-efficiency video code (HEVC) sequences. Specifically, the ROI of a panoramic frame may be deemed to be within the 120° angular range of the viewing center, which can be estimated from the viewing trajectory of a head mounted display. Then, the most appropriate unequal forward error correction (FEC) coding rates will be found for the ROI signals by minimizing the expected video distortion. Moreover, the so-called weighted peak signal-to-noise ratio (WPSNR) is proposed for evaluating the quality of the reconstructed panoramic video, where the weights of pixels are taken into account for calculating the distortion caused by the related pixels. Our simulation results show that the ROI based equal error protection (ROI-EEP) scheme substantially outperforms the EEP by a WPSNR of more than 10 dB, while the ROI-UEP scheme further improves its ROI-EEP counterpart by a WPSNR of 9.4 dB at a channel $E_{b}/N_{0}$ of 6 dB.",Yongkai Huo; Xu Wang; Peichang Zhang; Jianmin Jiang; L. Hanzo,3,,IEEE Access,2019.0,JournalArticle
ed06c5bd9a97ddb755c1d74f749d952b84d18d4b,Mobile-Traffic-Aware Offloading for Energy- and Spectral-Efficient Large-Scale D2D-Enabled Cellular Networks,"This paper investigates how to enhance the energy and spectral efficiency (ESE) performance of large-scale cellular networks by offloading mobile traffic with the aid of device-to-device (D2D) communication. By appropriately exploiting the D2D-based mobile-traffic offloading mechanism, the users’ behaviors and the specific network operating conditions, we develop an ESE evaluation framework for large-scale D2D-enabled cellular networks. This framework enables us to characterize the explicit relationship between the network’s ESE and the offloading parameters as well as to quantify the influence of the users’ behavior. Explicitly, we quantify the effects of the mobile-traffic intensity, the users’ quality of service requirements as well as the base station density and other cellular system parameters on the achievable ESE. Tractable closed-form ESE-expressions are derived for a pair of spectrum sharing schemes, namely, D2D overlay and underlay in-band modes. Furthermore, we apply the analytical results to derive an optimal D2D-enabled mobile-traffic offloading scheme for the D2D overlay cellular networks to maximize the network’s ESE under a specific maximal cellular user outage and D2D transmitter power constraint. The numerical and simulation results are provided to verify our modeling accuracy and to demonstrate the impact of the system parameters on the achievable ESE.",Guogang Zhao; Sheng Chen; Lin Qi; Liqiang Zhao; L. Hanzo,37,,IEEE Transactions on Wireless Communications,2019.0,JournalArticle
f480eb7609e03130f73ada5beffc8e580d1c5887,Efficient Resource Allocation for Relay-Assisted Computation Offloading in Mobile-Edge Computing,"In this article, relay-assisted computation offloading (RACO) is investigated, where user <inline-formula> <tex-math notation=""LaTeX"">$A$ </tex-math></inline-formula> wishes to share the results of computational tasks with another user <inline-formula> <tex-math notation=""LaTeX"">$B$ </tex-math></inline-formula> with the assistance of a mobile-edge relay server (MERS). To enable this computation offloading, we propose a hybrid relaying (HR) approach employing a pair of orthogonal frequency bands, which are, respectively, used for the amplify–forward relaying of computational results and the decode–forward relaying of the unprocessed raw tasks. The motivation here is to adapt the allocation of computing and communication resources both to dynamic user requirements and to diverse computational tasks. Using this framework, we seek to minimize the weighted sum of the execution delays and the energy consumption in the RACO system by jointly optimizing the computation offloading ratio, the bandwidth allocation, the processor speeds, as well as the transmit power levels of both user <inline-formula> <tex-math notation=""LaTeX"">$A$ </tex-math></inline-formula> and the MERS, under some practical constraints. By adopting a series of transformations, we first recast this problem into a form amenable to optimization and then develop an efficient iterative algorithm for its solution based on the concave–convex procedure (CCCP). By virtue of the particular problem structure in our case, we propose furthermore a simplified algorithm based on the inexact block coordinate descent (IBCD) method, which leads us to much lower computational complexity. Finally, our numerical results demonstrate the advantages of the proposed algorithms over the state-of-the-art benchmark schemes.",Xihan Chen; Yunlong Cai; Qingjiang Shi; Minjian Zhao; B. Champagne; L. Hanzo,37,26f3222ade42ae714df0272d3c4294b79fbff683; 67d0bdbb4ce2c7cc29522fa7d82ba79d6021c3e6; e6f3ddb221fbdbceb89634521fa9f4a83d7c0efd; 4ad9761221adc4b2a68b8665a9a36b00ef3bd7b7; 8961213b7bf4ecb0e15d00f4374603a1c310abca; cdb2a32822a21dba84568038a817e71979036766; 8d294f04432640a0b55515924046fece9fb03098; aa76fb74c956625e5f4355d671a6f721e5f1300b; acef0b3223ae0b5315fe74a6c2030b7f0cd448c7; d273b8a945d635a50d1c0c9c7b33335070f8c148; 1326dfd0370420c134a6d6fc7608da6fa2c7e555; 7354dfd6fbd7f8685544d56e76424b63ddf82eae; b5c1351c5aa35b11f52b8e69a2119108afa52d65; 92da94fa6c7683a1e7cdf54954879af46d504775; 6f59148bf0074de716b09c6dd1b74afb1321410d; e1e634c486ec59ba0f01a4e8136b0e76888b7edc; 9e0eb64b8085d9b73166775317c7d0e02d80b9b0; 4495b7c788be454df3f0529fae5fd7b03aa9bd75; ba2c3ee8422f7cb28d184d0abd7ca6c27669ce8a; a70aa20d295aa376bc229be48cf987583e71dcea; b613f4eeb9d5b2c389958a684d970a4835e5bfcd; 807cdcaf52307ecfc93e981505b6a2766ec741e2; 0d88252e3a8777618d680fbb7fe64f8c1bdd1483; 712817fbf4adfec8bb283ec83f2a9cb91bebfadf; 950fe508821ce06dde9d19df8af14c7a7e5f2b2b; edcc427da2213913b010c9de56a607514bf563ab; e1639f8d4e80906ea593875a715d4d5e839ea03f; e3e626edff4c63fc44dc29f23e80117ebd612b6e; 42bfe6cfbd51a00467fa2ca35a4f00c42dd0b2c2; 3d9301b7c4a408c14a9860b9ffd9a108a6279eb7; 562836843897bcb98801838b44f3e5ff09fe212a; 8aabf5ba342d37edc1ebd89ba898c70b0a4ca121; 15c8225754e0fe75215d768e024ce2db592d2e7a; 7a8704e143cd93edee5ee4fd7077cdc0c0469e5c; 646d364792cb12fa9b679c6a2c40e822011064e0; ffb607e61e10a3bb54463b334aaf5ea9c7c04be6; 2780cdc95a89013fddd89c7dec7f5d6585c43d29; e5cc5272b5d124cccd1d341de92e6fa20a34bd9d,IEEE Internet of Things Journal,2019.0,JournalArticle
f817a4bd5b9b9f67735d2be925c1bc8d1b4b6255,Physical Layer Security for the Internet of Things: Authentication and Key Generation,"A low-complexity, yet secure framework is proposed for protecting the IoT and for achieving both authentication and secure communication. In particular, the slight random difference among transceivers is extracted for creating a unique radio frequency fingerprint and for ascertaining the unique user identity. The wireless channel between any two users is a perfect source of randomness and can be exploited as cryptographic keys. This can be applied to the physical layer of the communications protocol stack. This article reviews these protocols and shows how they can be integrated to provide a complete IoT security framework. We conclude by outlining the future challenges in applying these compelling physical layer security techniques to the IoT.",Junqing Zhang; S. Rajendran; Zhi Sun; Roger Francis Woods; L. Hanzo,143,,IEEE wireless communications,2019.0,JournalArticle; Review
f95a591d372d8f0eaabb1c0e61668b98ad48e030,Subcarrier Subset Selection-Aided Transmit Precoding Achieves Full-Diversity in Index Modulation,"Index modulation (IM) is a recently proposed multi-carrier transmission scheme, which conveys information both by conventional symbols as well as by the specific subcarrier activation patterns conveying them. However, an impediment of IM is that it lacks transmit diversity gain. In this paper, we circumvent this limitation by proposing a limited-feedback assisted IM transmission scheme. Specifically, Euclidean distance based subcarrier subset selection (ED-SSS) is proposed and its attainable transmit diversity order is shown to be <inline-formula><tex-math notation=""LaTeX"">$N_c-N_{IM}+1$</tex-math></inline-formula>, where <inline-formula><tex-math notation=""LaTeX"">$N_c$</tex-math></inline-formula> is the total number of subcarriers in an IM block and <inline-formula><tex-math notation=""LaTeX"">$N_{IM}$</tex-math></inline-formula> is the number of subcarriers used for IM. Furthermore, the ED-SSS is shown to be amenable to low-complexity implementation owing to the orthogonality of its subcarriers. In order to attain the maximum transmit diversity order of <inline-formula><tex-math notation=""LaTeX"">$N_c$</tex-math></inline-formula>, ED-SSS is further extended with the aid of transmit precoding and its transmit diversity order is quantified. The proposed precoding assisted ED-SSS is shown to subsume several of the existing precoding aided IM transmission schemes. Simulation studies are conducted for validating our theoretical claims and also for quantifying the attainable performance gains of the proposed schemes. Specifically, at a BER of <inline-formula><tex-math notation=""LaTeX"">$10^{-3}$</tex-math></inline-formula> an SNR gain as high as 8 dB is observed in case of precoding when compared to its counterpart operating without precoding.",R. Rajashekar; Chao Xu; Naoki Ishikawa; Lie-liang Yang; L. Hanzo,4,,IEEE Transactions on Vehicular Technology,2019.0,JournalArticle
fa53d8f787524d08bc79e1990f2b5980da95bffa,Dataset for Energy-Efficient Computation Offloading for Secure UAV-Edge-Computing Systems,,Tong Bai; JingJing Wang; Yong Ren; L. Hanzo,0,,,2019.0,
ff2d9b3fd81cdf0df27308fe099612a7907e4fba,Finite-Cardinality Single-RF Differential Space-Time Modulation for Improving the Diversity-Throughput Tradeoff,"The matrix-based differential encoding invoked by Differential Space-Time Modulation (DSTM) typically results in an infinite-cardinality of arbitrary signals, despite the fact that the transmit antennas (TAs) can only radiate a limited number of patterns. As a remedy, the recently developed differential spatial modulation (DSM) is capable of avoiding this problem by conceiving a beneficial sparse signal matrix design, which also facilitates low-complexity single-RF signal transmission. Inspired by this development, the differential space-time block code using index shift keying (DSTBC-ISK) further introduces a beneficial diversity gain without compromising the DSM’s appealingly low transceiver complexity. However, the DSTBC-ISK’s performance advantage tends to diminish as the throughput increases, especially when an increased number of Receive Antennas (RAs) is used. By contrast, the classic Differential Group Code (DGC) that actively maximizes its diversity gain for different multiple-input-multiple-output (MIMO) system setups is capable of achieving a superior performance, but its detection complexity grows exponentially with the throughput. Against this background, we propose the differential space-time shift keying using Diagonal Algebraic Space-Time scheme, which is the first DSTM that is capable of achieving the DGC’s superior diversity gain at high throughputs without compromising the DSM’s low transceiver complexity. As a further advance, we also conceive a new differential space-time shift keying using Threaded Algebraic Space-Time arrangement, which is capable of achieving an even further improved diversity gain at a substantially reduced signal detection complexity compared to the best DGCs. Furthermore, in order to strike a practical tradeoff, we develop a generic multi-element and multi-level-ring Amplitude Phase Shift Keying design, and we also arrange for multiple reduced-size DSTM sub-blocks to be transmitted in a permuted manner, which exhibits an improved diversity-throughput tradeoff.",Chao Xu; Peichang Zhang; R. Rajashekar; Naoki Ishikawa; S. Sugiura; Li Wang; L. Hanzo,22,,IEEE Transactions on Communications,2019.0,JournalArticle
0743cab9d067d6178ab4d81b56aad2aa3b46502d,Multi-domain index modulation for vehicular communications: A survey,,Ping Yang; Yue Xiao; Y. Guan; M. Renzo; Shaoqian Li; L. Hanzo,2,,,2018.0,Review
0b2f413219bb7c39393f27e4e6c7434ccb736ae1,Beamspace Channel Estimation for Wideband Millimeter-Wave MIMO with Lens Antenna Array,,Xinyu Gao; L. Dai; Shidong Zhou; A. Sayeed; L. Hanzo,25,,2018 IEEE International Conference on Communications (ICC),2018.0,JournalArticle; Conference
0f8d072190a51005f35899de25a39a3ca8dac523,Conceiving Extrinsic Information Transfer Charts for Stochastic Low-Density Parity-Check Decoders,"Stochastic low-density parity-check decoders (SLDPCs) have found favor recently both for correcting transmission errors as well as for improving the hardware efficiency. The main drawback of these decoders is that they require hundreds of time periods to decode each frame, but their chip area is smaller than that of their fixed-point counterparts, so they can achieve higher hardware efficiency and may consume less energy. In this paper, we propose a novel extrinsic information transfer chart technique for characterizing the iterative decoding convergence of all the sequences involved in the SLDPC. We have conceived a new model, which takes into consideration not only the sequences exchanged between the decoders but also the sequences generated inside the variable-node decoder (those which are stored in the edge memories). In this way, the model is able to predict the number of decoding iterations required for achieving iterative decoding convergence, as confirmed by own decoder simulations. The proposed technique offers new insights into the operation of SLDPCs, which will facilitate improved designs for the research community.",A. Pérez-Pascual; A. Hamilton; R. Maunder; L. Hanzo,0,,IEEE Access,2018.0,JournalArticle
12d8f42595f78f9b50bef817b77bee7f3947d1f1,Trajectory Design and Power Control for Multi-UAV Assisted Wireless Networks: A Machine Learning Approach,"A novel framework is proposed for the trajectory design of multiple unmanned aerial vehicles (UAVs) based on the prediction of users’ mobility information. The problem of joint trajectory design and power control is formulated for maximizing the instantaneous sum transmit rate while satisfying the rate requirement of users. In an effort to solve this pertinent problem, a three-step approach is proposed, which is based on machine learning techniques to obtain both the position information of users and the trajectory design of UAVs. First, a multi-agent Q-learning-based placement algorithm is proposed for determining the optimal positions of the UAVs based on the initial location of the users. Second, in an effort to determine the mobility information of users based on a real dataset, their position data is collected from Twitter to describe the anonymous user-trajectories in the physical world. In the meantime, an echo state network (ESN) based prediction algorithm is proposed for predicting the future positions of users based on the real dataset. Third, a multi-agent Q-learning-based algorithm is conceived for predicting the position of UAVs in each time slot based on the movement of users. In this algorithm, multiple UAVs act as agents to find optimal actions by interacting with their environment and learn from their mistakes. Additionally, we also prove that the proposed multi-agent Q-learning-based trajectory design and power control algorithm can converge under mild conditions. Numerical results are provided to demonstrate that as the size of the reservoir increases, the proposed ESN approach improves the prediction accuracy. Finally, we demonstrate that the throughput gains of about $17\%$ are achieved.",Xiao Liu; Yuanwei Liu; Yue Chen; L. Hanzo,292,0f006d4b6955c0ab5bb1167229c9390e5ab5fd42; 6f31ebb07de0465d222e0143c3870c156a8ff169; bc816b2b4171bbf8c7ac7ab13df78f9c438e10a9; 7d9d59f13c6211a0660152c64d0f963101e247ba; bc8a8ecc045a6dc5b18c57042ac422d80ba64d6f; 9ffe9d57352e4e8edb52efe4ed110801290018b6; 44c20cbfa98a71255700b9a74c5e4dae4df96174; f5a4095a6b9cd914cc8661fe4e6749ddc22fcc7f; 16c99c6e2a6e4c4866cd46f2e808467086584bff; 5d9d5a50fc93594a152a0344925c423a416658df; 021332da6de9f907f77a39a0a6aefb110140d2cd; 6afe0547271a2261f6e503e3fed43d150660b3dc; 940c94e2935e4bf69aaaf6fc5613a56de596a208; d4a1144e9c7a5f1c85989b5ce4d5f756694d3645; 7f94c159321e0fcc305b54b60768c56be09e9b52; e9917491319da099a8d3af0d8689b8ace6e92c04; a9ab91f87eb1e861a2cd0e180368248640a1060e; 2526316bbda1e9c0d61ba02b3f1142e99b568935; e442e48ff6f09b6a9db00f3715f65a993f66ca93; 08568135f6e524084d16e96c4e3031643ac7b2ae; 3b30b5b5cc861be94387905ad013ac9f4c427a98; acd20371004c8a6911509a8e7aa7e6f854f27e3b; ab4e45c96d9bdf2e53fc2ad8d86dd28b86b0f1ae; 5ac6a9f0b83316244c9643ef41a69bcaaeb70a53; 04539b2adf342ecf278f592e5fb60b1a9016b1dd; 00e8e69fab41cf7273918400a1e0d18f63f9fea4; 784c0d1932544579da48b8d71f0500511efbf4cb; 4050270f1afe99c3c7fdb6ec10c84b40031e9f0b; 529be8287751f80e2a809663ac235f40d7122a67; 774c755a1c2bda4e312547c64fe1531c1f3ce3b4; 5b108b1f9c0afd915799f84ea619a5cab77c6ba7; adf581691aef09a0da06dae8bc87248f33ca348a; ff74b6935cd793f1ab2a8029d9fc81e8bc7e065b; ff0a0d60fd23208531ba8dfa97b23270dbfc3254; e022e57ec1877de91d9f129d31bbae4053d7983e; 60326587aab13915bdfb9384c0758d7b1a593155; 0483fbe1af4a2e0fa581e2f922eff3a326a5bf48; 65753ff3e5ab97d0d6fd85c826cc0251c1eefae9; 9030a1321afb712bcca5ef7dbb722ebccf042592; 2f59364cc877bfe975ff105d5a214441b6c8bebd; 9b62b67ad39542e3b6d3e44741af6a460cb12e04; 455854773cfdd4e293699f00b34136e12a73f566; 13b7488c3b4eeb252288575d45a8b936eef79c75; 666010dc3621e1a08fb6830f03a1f7857c7377cc; 7cd316505f52aa337ef8a2aff10bc6bf1df561d0; ed80a804175be54a1829a3c6bbab796e2d96c9b1; 4e9d797427cd56be90932d6092fc3b6282dfb96f,IEEE Transactions on Vehicular Technology,2018.0,JournalArticle
14280f958d11efa352d810b1cb87785ecc925e01,"Vehicular Sensing Networks in a Smart City: Principles, Technologies and Applications",,Jingjing Wang; Chunxiao Jiang; Kai Zhang; Tony Q. S. Quek; Yong Ren; L. Hanzo,162,,IEEE wireless communications,2018.0,JournalArticle
15b6af9057f9c0d3b4e006aac6489e4de8be6159,Millimeter-Wave Massive MIMO Systems Relying on Generalized Sub-Array-Connected Hybrid Precoding,"In this paper, we consider a generalized sub-array-connected (GSAC) architecture for arbitrary radio frequency (RF) chain and antenna configurations, where the number of RF chains connected to a sub-array and the number of antennas in each sub-array can be arbitrary. Our design objective is to improve the energy efficiency of the hybrid precoder of millimeter-wave massive multiple input multiple output systems. We first propose a successive interference cancellation based hybrid precoding algorithm to maximize the achievable rate for any given RF chain and antenna configuration. This algorithm first decomposes the total achievable rate optimization problem into multiple sub-rate optimization problems, then it successively maximizes these sub-rates. Since the number of RF chains is limited, we can afford using an exhaustive search scheme to evaluate all configurations and identify the one having the best energy efficiency. Moreover, to rely on an attractive limited feedback, we also propose a beamsteering codebook for our hybrid precoding aided GSAC architecture. Our simulation results demonstrate that the proposed scheme achieves a similar rate as the corresponding optimal unconstrained precoder. Furthermore, we show that the energy efficiency of the proposed scheme is better than that of the existing schemes in the fully connected and sub-array-connected architectures.",Yun Chen; Da Chen; Tao Jiang; L. Hanzo,35,,IEEE Transactions on Vehicular Technology,2018.0,JournalArticle
1f003cba94da7e3aec2a285a1cc36b8724ea739c,Multiple-Antenna-Assisted Non-Orthogonal Multiple Access,"Non-orthogonal multiple access (NOMA) is potentially capable of circumventing the limitations of the classic orthogonal multiple access schemes. Hence, it has recently received significant research attention in both industry and academia. This article is focused on exploiting multiple antenna techniques in NOMA networks, with an emphasis on investigating the rate region of MIMO-NOMA, while reviewing two popular multiple antennas aided NOMA structures, as well as underlining resource management problems of both single-carrier and multi-carrier MIMO-NOMA networks. This article also points out several effective methods of tackling the practical implementation constraints of multiple-antenna NOMA networks. Finally, some promising open research directions are provided in the context of multiple- antenna-aided NOMA.",Yuanwei Liu; Hong Xing; Cunhua Pan; A. Nallanathan; M. Elkashlan; L. Hanzo,128,,IEEE wireless communications,2018.0,JournalArticle; Review
22a114ba98faaa112505b534bc215190abd8e675,Multidomain Index Modulation for Vehicular and Railway Communications: A Survey of Novel Techniques,"Vehicular communications have recently attracted considerable attention due to a range of new applications and valueadded features. Compared to conventional communication systems, vehicular communications suffer from graver challenges due to the high-Doppler spread caused by the mobility of vehicles. In this context, index modulation (IM) constitutes a promising design alterative for vehicular communications due to its appealing benefits. A key feature of IM is that it conveys the information bits using the specific indices of the transmit resources, such as antenna, subcarrier, precoder, and channel-path indices. The resulting transmission signals tend to be sparse in one or several of the resource domains, which increases their robustness and reduces the detection complexity. In this article, we introduce the basic IM concept and highlight the applications of IM in the context of road vehicle-to-infrastructure (V2I), vehicle-to-vehicle (V2V), and conventional railway and high-speed train communication systems. Finally, some design challenges of IM-based vehicular communications are listed for future studies.",Ping Yang; Yue Xiao; Y. Guan; M. Di Renzo; Shaoqian Li; L. Hanzo,42,,IEEE Vehicular Technology Magazine,2018.0,JournalArticle; Review
2b333d4d73895e8c0a3ba907af8d133b3bc8dc03,Hybrid beamforming design for dual‐polarised millimetre wave MIMO systems,"Millimeter wave (mmWave) communications provides a favorable solution for the ever-increasing data rate demands because of its abundant bandwidth availability. The conventional wisdom about mmWave communication channel is that it always exhibits line-of-sight (LOS) propagation with directive antennas. However, it has been shown in the literature that in mobile communications, mmWave frequencies suffer from frequent LOS blockages and exhibit multipath propagation, which motivates the study and analysis of the polarimetric properties of the mmWave channel. While the exploitation of polarization is promising, the cross-polarization associated with it can be detrimental to the overall performance. Therefore, in this paper, we propose a hybrid precoder design which mitigates the cross-polarization by the joint design of a radio-frequency (RF) beamformer as well as the precoder and combiner used in the baseband. We demonstrate through simulations that the proposed design outperforms eigen-beamforming by 10 dB at a given rate, when considering polarization.",K. Satyanarayana; T. Ivanescu; M. El-Hajjar; P. Kuo; A. Mourad; L. Hanzo,8,,Electronics Letters,2018.0,
30a17f848c6389f4e2a613254773bf9c4c9f6b7d,On Low-Resolution ADCs in Practical 5G Millimeter-Wave Massive MIMO Systems,"Nowadays, mmWave MIMO systems are favorable candidates for 5G cellular systems. However, a key challenge is the high power consumption imposed by its numerous RF chains, which may be mitigated by opting for low-resolution ADCs, while tolerating a moderate performance loss. In this article, we discuss several important issues based on the most recent research on mmWave massive MIMO systems relying on low-resolution ADCs. We discuss the key transceiver design challenges, including channel estimation, signal detector, channel information feedback and transmit precoding. Furthermore, we introduce a mixed-ADC architecture as an alternative technique of improving overall system performance. Finally, the associated challenges and potential implementations of the practical 5G mmWave massive MIMO system with ADC quantizers are discussed.",Jiayi Zhang; L. Dai; Xu Li; Y. Liu; L. Hanzo,252,80e29411847c8e0c9c01f038354a7ab19159f588; 71e2fccf43e9acb8ad45016cda02e69efa0f4d36; 9f7fc659385adba84e632b671addf1ef25deb4eb; a27baa059012bf6ee1b32f9c4603d467a2141b81; 1e9db4c07a1c48d3ef51f2eca4d45a3439496046; 3d9d9758c9f3e721ceab60a6d5d1b47c67ff6765; 85d672f33f6325b2b1a6b8bcda8319b3d2937bb4; fa77b6cfd39dfa5ec2462e1ca5f4edabb4ef5683; a545ae7528a3cac70162fb8816f93b59e999c78a; b166a51f873301af5d186224310127e66cc02fe7; 49a35aeb575ae655f76842509e1e9e83cbbec1fb; 1fd2d0fcbb83cfb58d573d2e9a762f8f56a611b9; d3413207aff3002e3b291db5b7efccc7689b40ba; 206b34968f5e420bcdb3f9778eabada9e1443f6d; 19fd5ca0b6fee4847277e156a31212175a8d3ee7,IEEE Communications Magazine,2018.0,JournalArticle
36c98f1946ea20bcdde2fd2fa9200d37339c6d33,Research Data: A Quantum-Search-Aided Dynamic Programming Framework for Pareto Optimal Routing in Wireless Multihop Networks,,Dimitrios Alanis; Panagiotis Botsinis; Zunaira Babar; H. Nguyen; Daryus Chandra; S. Ng; L. Hanzo,0,,,2018.0,
374f109fe29188307a40f79d136dc81c658c1358,"Learning Radio Resource Management in RANs: Framework, Opportunities, and Challenges","In the fifth generation (5G) of mobile broadband systems, radio resource management (RRM) will reach unprecedented levels of complexity. To cope with the ever more sophisticated RRM functionalities and the growing variety of scenarios, while carrying out the prompt decisions required in 5G, this manuscript presents a lean RRM architecture that capitalizes on recent advances in the field of machine learning in combination with the large amount of data readily available in the network from measurements and system observations. The architecture consists of a learner (or a few), which learns RRM policies directly from the data gathered in the network using a single general-purpose learning framework, and a set of distributed actors, which execute RRM policies issued by the learner and repeatedly generate samples of experience. Thus, the complexity of RRM is shifted to the design of the learning framework, while the RRM algorithms derived from this framework are executed in a computationally efficient distributed manner at the radio access nodes. The potential of this approach is verified in a pair of pertinent scenarios, and future directions on applications of machine learning to RRM are discussed. Although we focus on a mobile broadband context, the concepts proposed hereafter extend to any radio access network technology where one can conceive the idea of a central learning unit gathering data from distributed actors.",F. Calabrese; Li Wang; E. Ghadimi; Gunnar Peters; L. Hanzo; Pablo Soldati,130,,IEEE Communications Magazine,2018.0,JournalArticle
376448ff0de816eaf8c834c3aba425ee71fa64cb,An Adaptive Multi-User MIMO Scheme for the Millimeter-Wave Downlink,"Space-time shift keying (STSK) constitutes a beneficial multiple-input-multiple-output (MIMO) technique that strikes a compelling trade-off between the multiplexing and diversity gains attained. Its close relative, namely layered multi-group STSK (LMG-STSK) combines the concepts of multi-user MIMO, STSK and beamforming for simultaneously conveying information to multiple users. Generalized frequency division multiplexing (GFDM) has been proposed as a promising multicarrier modulation candidate for dispersive wideband channels since it benefits from its time-frequency domain structure when combined with a powerful MIMO scheme. As a further evolution, we propose a novel GFDM-aided adaptive layered multi-group STSK (LMG-STSK) system for the downlink of millimeter wave communications systems. The proposed system tackles the propagation challenges of the high pathloss at millimeter wave frequencies, where multiple users are clustered into groups served by different antenna layers at the transmitter. We propose an adaptive scheme that can adapt both the number of transmit antennas (TAs) per layer based on the number of users in each user group in order to maximize the number of users served and also the STSK codeword in order to maximise the achievable user throughput.",Siyao Lu; Ibrahim A. Hemadeh; M. El-Hajjar; L. Hanzo,1,,"IEEE International Symposium on Personal, Indoor and Mobile Radio Communications",2018.0,JournalArticle
4ad9761221adc4b2a68b8665a9a36b00ef3bd7b7,Social Networking and Caching Aided Collaborative Computing for the Internet of Things,"The IoT, as the latest information technology, is expected to support the ubiquitous connectivity of anything, anytime and anywhere. Since numerous IoT devices will be connected to cellular networks, the conflicting demands of ultra-low latency, massive connectivity and high reliability impose significant burdens on the operational wireless networks. Exploiting various temporarily unused computational and storage resources by invoking cooperative caching and computing has the potential of supporting these demanding applications. One of the key characteristics of next-generation networks is the boom of applications in social networking. By exploiting the benefits of social networking, the burdens imposed on wireless networks by the IoT applications can be mitigated by the proposed caching assisted collaborative computing IoT framework.",Yutong Ai; Li Wang; Zhu Han; Ping Zhang; L. Hanzo,16,,IEEE Communications Magazine,2018.0,JournalArticle
4d5ba2101b6c1850bc60a7a123e3b355594ff788,Effects of Mutual Coupling on Lattice Reduction-Aided Millimeter Wave Hybrid Beamforming,"Millimeter wave (mmWave) communications has gained considerable attention due to the availability of large bandwidths, which can be harnessed to meet the ever-increasing data rate demands. Directional beamforming combined with baseband precoding should be used owing to the high propagation losses encountered at mmWave frequencies. This is typically referred to as hybrid beamforming. In hybrid beamforming arrangements, the adjacent antenna elements are closely spaced, typically at half-wavelength spacing in order to compensate for the propagation losses. In this antenna array configuration, the mutual coupling between the adjacent antenna elements becomes significant and may limit the performance of the system. Therefore, in this paper, we propose a reduced-complexity near-optimal detection scheme, namely the so-called Element-based Lattice Reduction algorithm, for hybrid beamforming in mmWave communications and we investigate its performance in the presence of mutual coupling. We demonstrate that the mutual coupling affects the spatial correlation of the channels between the different antennas depending on the distance between the antenna elements, which has a direct effect on the achievable rate as well as bit error ratio (BER) performance of the system.",Denisa Prisiceanu; K. Satyanarayana; M. El-Hajjar; P. Kuo; Alain A. M. Mourad; L. Hanzo,2,,"IEEE International Symposium on Personal, Indoor and Mobile Radio Communications",2018.0,JournalArticle
4e240a522663de0cc25c62940eb7d43b42be3090,Hybrid beamforming design for full-duplex millimeter wave communication dataset,,Satyanarayana Katla; M. El-Hajjar; L. Hanzo,0,,,2018.0,
4f836672eb2c060c8eef0023f220a1e940032a33,Artificial Noise Aided Secure Cognitive Beamforming for Cooperative MISO-NOMA Using SWIPT,"Cognitive radio (CR) and non-orthogonal multiple access (NOMA) have been deemed two promising technologies due to their potential to achieve high spectral efficiency and massive connectivity. This paper studies a multiple-input single-output NOMA CR network relying on simultaneous wireless information and power transfer conceived for supporting a massive population of power limited battery-driven devices. In contrast to most of the existing works, which use an ideally linear energy harvesting model, this study applies a more practical non-linear energy harvesting model. In order to improve the security of the primary network, an artificial-noise-aided cooperative jamming scheme is proposed. The artificial-noise-aided beamforming design problems are investigated subject to the practical secrecy rate and energy harvesting constraints. Specifically, the transmission power minimization problems are formulated under both perfect channel state information (CSI) and the bounded CSI error model. The problems formulated are non-convex, hence they are challenging to solve. A pair of algorithms either using semidefinite relaxation (SDR) or a cost function are proposed for solving these problems. Our simulation results show that the proposed cooperative jamming scheme succeeds in establishing secure communications and NOMA is capable of outperforming the conventional orthogonal multiple access in terms of its power efficiency. Finally, we demonstrate that the cost function algorithm outperforms the SDR-based algorithm.",Fuhui Zhou; Zheng Chu; Haijian Sun; R. Hu; L. Hanzo,253,b1dc87924be2b0045a3589fe5c89781f5273a713; 074b9ac82582768ba176e08ba0322c516f493f18; 2eef4fcbb821ae662d22ee9620404f6fd0aad6d9; 0df5bb10a7b83bc675f5310e92c7af47599b61a1; fc554b3aa954c163847ea0d35196a94554fc796f; 6163f91451ec2de5c5d7e5f95c9995b626aaad39; b870e2bfed2428ae908c0cea0a548c55f69731f5; 776a39ab39f492b8bee17a35a719810446eb819d; 45d0a932e8c8a91c0d2ca72ca92006e98d12ddb3; 26b06cb762d3613a2ed1a615fa80c0fc351a3c12; a3db77b23ac85198fd31792b1f16c9e7fc2ccf8c; c718f71cbabeb9bf5ba2230bf494b7d5ff73d198; c955ea0058ad18ddac7c4e86656c4c1a12e393b8; 967b44ec1ec2e1b23cd27e16768dd1763ad88ebd; 24e6bcdd4d2d9b3723b36156a67a00954656072e; 1a8d765ecad034135495b715e6cdac300caebdac; a493f66b30f4b46f15ed4b46be96a21585755a4c; 31b9cb9af732887db19175ef36cd4be8782b29ab; 0fab95898ac87039aa8f1b0f11c9c3770e946e18; 68fdf92d7d0a606956df9c82b72430af2668a35a; 3bfcbefdd2ea2a183ccac4e2e7fb17dc1785c2e7; 0117d9dd2940beda9659c1108ab00ac96b967988; 80d8288773fcb4412568e9d44ac59ff48f76cf63; cdc50beca509b69bebd45fc479c0a4839d99892b; c07e65b56f87c9c3b72698317301fe2ab25252e0; bc319602da2b1944a30c00fb503e5d201f04adaf; ab6ed9e7967398892f3eedf3ab5d7bb079b07823; c0bee196588ddc30c40c90983e62ce44e76c9a46; 69a50326aec40aa1373544df455705bd6b8ab781; 73cff8528383998fc7d0b7675ef51ddf0ddc1db2; caf4e2e3b17eac0f1bd8c798251fc36736ca55b3; 4486705af85888740173de5fb8755829d3d8d250; 26b668f459158fd87c60e2ad57f6edaf532d3bb0; 65ef995f70f6cdd94885b123a30668b5d716b208; aedd55b4d8117fb395dc37bc51b5d43bf2903b78; 6ac1852ab5fc4c94fe22bcfbbb3fe9bba71dc3d1; 3ccf752029540235806bdd0c5293b56ddc1254c2; 61f9514f86fbc371b0d9bc1d5f9a4f2a90cd1541; fb6c8650e18f35570616f476eac424fc78253712; 9e2b9a1956b6c0a25c596e6803f0943832f781e4; 7c16d55d139782727652491c33048ded4c71e5c4; 882de469aea7cdc8cb3ec8130ceb43f3eb3d0ecc; 6d70f4afb0a37b0e38a07baafe9b375171733bf5; 8d323dd115cf72eb22179951d9c6e45acf03ce2a; 4f607f03272e4d62708f5b2441355f9e005cb452,IEEE Journal on Selected Areas in Communications,2018.0,JournalArticle
572105def70ae5ed0de53582341832e9b6dda04c,Multi-Domain Index Modulation for Vehicular and Railway Communications : A Survey,,Ping Yang; Yue Xiao; M. Renzo; Shaoqian Li; L. Hanzo,3,,,2018.0,Review
587f2f16410f53f7ca4dbe0d1b33edc26b23afe8,Dataset for Multi-Set Space-Time Shift Keying Assisted Adaptive Inter-Layer FEC for Wireless Video Streaming,,Yanqing Zhang; Ibrahim A. Hemadeh; M. El-Hajjar; L. Hanzo,0,,,2018.0,
63e9b4f66faa1c3d5c4f73996090fa1e2d2015c6,MBER Transmit Precoding for the Rank-Deficient MIMO-Aided Internet of Things,"The Internet of Things (IoT) will support a massive number of devices, which will be connected to the wireless network. In the wireless IoT, the base station serves a wide variety of devices in the same time-frequency resource, where it is expected that the number of devices will be greater than the number of base station antennas. This results in a rank-deficient system. In this paper, we propose a minimum bit error ratio (MBER) precoder for rank-deficient MIMO systems in the context of the IoT, where the IoT devices are generally stationary. We invoke the particle swarm optimization (PSO) algorithm for solving the non-linearly constrained MBER problem and we show that the PSO assisted MBER precoder outperforms the conventional zero forcing and linear minimum mean squared error (LMMSE) precoders, which produce an error floor in these challenging rank-deficient scenarios.",K. Satyanarayana; M. El-Hajjar; P. Kuo; Alain A. M. Mourad; L. Hanzo,0,,"IEEE International Symposium on Personal, Indoor and Mobile Radio Communications",2018.0,JournalArticle
65bacf11f1e4aa08e0bea328a6068b7ffb73f35b,Generalized Sub-Array-Connected Hybrid Precoding Improves the Energy-Efficiency of Millimeter-Wave Massive MIMO Systems,"In this paper, we propose a generalized sub-array-connected architecture for arbitrary radio frequency (RF) chain and antenna configurations, where the number of RF chains connected to a sub-array and the number of antennas in each sub-array can be arbitrary. Our design objective is to improve the energy efficiency of the hybrid precoder of millimeter-wave massive multiple input multiple output (MIMO) systems. We also propose a successive interference cancellation based hybrid precoding scheme for any given RF chain and antenna configuration. This scheme firstly decomposes the total achievable rate optimization problem into multiple sub-rate optimization problems, each of which is only related to a single sub-array and then it successively maximizes these sub-rates. Our simulation results demonstrate that the proposed scheme achieves a similar rate as the corresponding optimal unconstrained precoding scheme. Furthermore, we show that the energy-efficiency of the proposed scheme is better than that of the existing schemes in the fully-connected and sub-array-connected architectures.",Yun Chen; Da Chen; Tao Jiang; L. Hanzo,2,,,2018.0,JournalArticle
7ce8d32f523e3e5311b71972dd652411fca400e7,How Many Cognitive Channels Should the Primary User Share?,"Despite almost two decades of research, many challenges remain unresolved in Cognitive Radio scenarios, especially the fundamental problem of reliable spectrum sensing. Hence, we propose a Channel Partitioning Scheme based Cognitive Radio relying on realistic imperfect spectrum sensing. The channels licensed to the primary user are partitioned into two sets. Channels in one of the sets are exclusively reserved for the PU, while those in the other can be accessed by both the PU and the secondary user after spectrum sensing. The PU prioritizes its transmissions over the two sets by first transmitting using the channels in the reserved set and then moves on to the unreserved set, if required. It is shown that this simple policy significantly improves the overall detection performance as well as the simultaneous achievable rates and reduces the overhead associated with sensing.",A. Patel; Mohammed Zafar Ali Khan; S. Merchant; U. Desai; L. Hanzo,5,,IEEE wireless communications,2018.0,JournalArticle
828da57792fd239a3f371d6635c116ef3b53f542,Spectrum Inference in Cognitive Radio Networks: Algorithms and Applications,,Guoru Ding; Yutao Jiao; Jinlong Wang; Yulong Zou; Qi-hui Wu; Yu-dong Yao; L. Hanzo,171,,IEEE Communications Surveys and Tutorials,2018.0,JournalArticle; Review
83619e016d15e7198daaede9d07ee96977f6056a,Low-resolution ADCs are capable of realizing practical 5G millimeter-wave massive MIMO systems,,Jiayi Zhang; L. Dai; Xu Li; Y. Liu; L. Hanzo,7,,,2018.0,
8525dd4e91e67e6c019091efe3692033bb37de5f,Graph-Based Joint User-Centric Overlapped Clustering and Resource Allocation in Ultradense Networks,,Yan Lin; Rong Zhang; Chunguo Li; Luxi Yang; L. Hanzo,66,,IEEE Transactions on Vehicular Technology,2018.0,JournalArticle
85b9f2a784bcee203f10df55cc3fe38f9858177a,"Anticipatory Association for Indoor Visible Light Communications: Light, Follow Me!","In this paper, a radically new anticipatory perspective is taken into account when designing the user-to-access point (AP) associations for indoor visible light communications (VLC) networks, in the presence of users’ mobility and wireless-traffic dynamics. In its simplest guise, by considering the users’ future locations and their predicted traffic dynamics, the novel anticipatory association prepares the APs for users in advance, resulting in an enhanced location- and delay-awareness. This is technically realized by our contrived design of an efficient approximate dynamic programming algorithm. More importantly, this paper is in contrast to most of the current research in the area of indoor VLC networks, where a static network environment was mainly considered. Hence, this paper is able to draw insights on the performance trade-off between delay and throughput in dynamic indoor VLC networks. It is shown that the novel anticipatory design is capable of significantly outperforming the conventional benchmarking designs, striking an attractive performance trade-off between delay and throughput. Quantitatively, the average system queue backlog is reduced from 15 to 8 [ms], when comparing the design advocated to the conventional benchmark at the per-user throughput of 100 [Mbps], in a <inline-formula> <tex-math notation=""LaTeX"">$15\times 15\times 5$ </tex-math></inline-formula> [<inline-formula> <tex-math notation=""LaTeX"">$\text{m}^{3}$ </tex-math></inline-formula>] indoor environment associated with <inline-formula> <tex-math notation=""LaTeX"">$ 8\times 8$ </tex-math></inline-formula> APs and 20 users walking at 1 [m/s].",Rong Zhang; Ying Cui; H. Claussen; H. Haas; L. Hanzo,42,,IEEE Transactions on Wireless Communications,2018.0,JournalArticle
8badbccf8b389af6f060b49d1dfc4dddb1efca6b,Research Data - Multi-Class Coded Layered Asymmetrically Clipped Optical OFDM,,Xiaoyu Zhang; Zunaira Babar; Rong Zhang; Sheng Chen; L. Hanzo,0,,,2018.0,
956769748a266e371e97b6dd349c7683c9fd9d60,Simultaneous target detection and multi-user communications enabled by joint beamforming,,Fan Liu; C. Masouros; Ang Li; Jianming Zhou; L. Hanzo,8,,International Radar Conference,2018.0,Conference
96a8e638daaa4f6ec29cb103743e65d47b2d5c92,Network Association for Cognitive Communication and Radar Co-Systems: A POMDP Formulation,,Jingjing Wang; Sanghai Guan; Chunxiao Jiang; Hongming Zhang; Yong Ren; L. Hanzo,1,,2018 IEEE International Conference on Communications (ICC),2018.0,JournalArticle; Conference
9a881b394d916265b75986108baa04fd9a85cbcd,NOMA in Vehicular Communications,,Yingyang Chen; Li Wang; Yutong Ai; B. Jiao; L. Hanzo,5,,Multiple Access Techniques for 5G Wireless Networks and Beyond,2018.0,
a9b8058d45c03ea238ae5c5ba582aae7f313f5f8,Low-Complexity Generator Polynomial Search for Turbo Trellis-Coded Spatial Modulation Using Symbol-based EXIT Charts,"A low-complexity generator polynomial (GP) search method is proposed for spatial modulation relying on turbo trellis coding (SM-TTC), which achieves a high coding gain over independent and identically distributed (i.i.d.) fading channels and is robust against spatial correlation among receiving antenna elements. The proposed GP search method invokes symbol-based extrinsic information transfer (EXIT) charts and does not need to execute iterative decoding. It is demonstrated that our SM-TTC scheme with the best GP obtained by the proposed method outperforms one with conventional codes.",Takanori Hara; K. Ishibashi; S. Ng; L. Hanzo,5,,International Symposium on Turbo Codes and Iterative Information Processing,2018.0,JournalArticle
b0471f7a58079f0f88f4d288dd019cacacdc9e4c,Experimental characterization of the radio over fiber aided twin-antenna spatial modulation downlink.,"In this paper, we present the design and the experimental demonstration of a radio over fiber (RoF) network relying on state-of-the-art spatial modulation (SM), that activates one out of multiple antennas. We propose a novel RoF-aided SM encoding scheme, where the optical single side-band signal generated by a Mach-Zehnder modulator (MZM) is used for both the antenna selection and for the classic modulated symbol selection. The SM encoding is optically processed in a centralized fashion, aiming for the reduction of power consumption and for enabling cost-effective maintenance and management, which can be employed in the context of a cloud radio access network (C-RAN) and a small-cell front-haul. Furthermore, an experimental demonstration of the proposed system is discussed and analyzed, where a 20 km standard single mode fiber (SSMF) is used for transmission. In this experiment, a 2 Gbps transmission relying on two transmit and two receive antennas is achieved with less than 1 dB SNR degradation compared to those operating without RoF.",Yichuan Li; Q. Yang; Ibrahim A. Hemadeh; M. El-Hajjar; Chun-Kit Chan; L. Hanzo,10,,Optics Express,2018.0,JournalArticle
bc29a60ae4eb0355580aff668d28eea91eb1d212,Dataset - Compressed Sensing-Aided Space-Time Frequency Index Modulation,,Siyao Lu; Ibrahim A. Hemadeh; M. El-Hajjar; L. Hanzo,8,,,2018.0,
be4ae7aa73848cd4b90110aba0477b05466f194c,Non-Orthogonal Multiple Access: A Unified Perspective,,Qi Wang; Rong Zhang; Lie-liang Yang; L. Hanzo,106,,IEEE wireless communications,2018.0,JournalArticle; Review
cfa8785923b96f3c1b6354afe741938cd5d223fe,Chart-Aided Convergence Analysis of Recursive Soft m-Sequence Initial Acquisition in Nakagami-m Fading Channels,,Abbas Ahmed; Panagiotis Botsinis; S. Won; Lie-liang Yang; L. Hanzo,0,,,2018.0,
d2184095c07aa6a1425afb177f5bc6e1292f73cd,Regularized Zero-Forcing Precoding-Aided Adaptive Coding and Modulation for Large-Scale Antenna Array-Based Air-to-Air Communications,"We propose a regularized zero-forcing transmit precoding (RZF-TPC)-aided and distance-based adaptive coding and modulation (ACM) scheme to support aeronautical communication applications, by exploiting the high spectral efficiency of the large-scale antenna arrays and link adaption. Our RZF-TPC-aided and distance-based ACM scheme switches its mode according to the distance between the communicating aircraft. We derive the closed-form asymptotic signal-to-interference-plus-noise ratio (SINR) expression of the RZF-TPC for the aeronautical channel, which is Rician, relying on a non-centered channel matrix that is dominated by the deterministic line-of-sight component. The effects of both realistic channel estimation errors and of the co-channel interference are considered in the derivation of this approximate closed-form SINR formula. Furthermore, we derive the analytical expression of the optimal regularization parameter that minimizes the mean square detection error. The achievable throughput expression based on our asymptotic approximate SINR formula is then utilized as the design metric for the proposed RZF-TPC-aided and distance-based ACM scheme. Monte-Carlo simulation results are presented for validating our theoretical analysis as well as for investigating the impact of the key system parameters. The simulation results closely match the theoretical results. In the specific example that two communicating aircrafts fly at a typical cruising speed of 920km/h, heading in opposite direction over the distance up to 740km taking a period of about 24 min, the RZF-TPC-aided and distance-based ACM is capable of transmitting a total of 77 GB of data with the aid of 64 transmit antennas and four receive antennas, which is significantly higher than that of our previous eigen-beamforming transmit precoding-aided and distance-based ACM benchmark.",Jiankang Zhang; Sheng Chen; R. Maunder; Rong Zhang; L. Hanzo,28,,IEEE Journal on Selected Areas in Communications,2018.0,JournalArticle
d340628524a62b44f8e7d26d97a417a694d99eb2,Research Data: Air-to-ground NOMA Systems for the “Internet-Above-the-Clouds”,,Panagiotis Botsinis; Dimitrios Alanis; Zunaira Babar; H. Nguyen; Daryus Chandra; S. Ng; L. Hanzo,0,,,2018.0,
d97f461ca585ff0b614900e548710f90c2b43a5b,Research Data: Duality of Quantum and Classical Error Correction Codes: Design Principles and Examples,,Zunaira Babar; Daryus Chandra; H. Nguyen; Panagiotis Botsinis; Dimitrios Alanis; S. Ng; L. Hanzo,0,,,2018.0,Review
d9a34fce5d769e295aa1fc43a16b3a03a2d74bac,Data set for Transmit Antenna Subset Selection in Generalised Spatial Modulation Systems,,R. Rajashekar; Lie-liang Yang; K. Hari; L. Hanzo,0,,,2018.0,
0101e5cb2263fa327cef1fda6c42b1bd871ad4a7,Quantum Search-Aided Multi-User Detection of IDMA-Assisted Multi-Layered Video Streaming,"Moore’s law is expected to lead to the gates of the quantum world in 2017. Therefore, the emerging quantum computing research is expected to give rise to novel quantum search algorithms, which may replace the currently used classical ones in wireless communications, leading to performance improvements and complexity reduction. In this paper, we demonstrate the benefits of quantum-assisted multi-user detection (QMUD) in the uplink of a multi-user system, where the reference user conveys a multi-layered video stream to the base station, while using adaptive modulation and different rates per video layer. This is the first study, where a QMUD is employed in a video application. The QMUD does not treat the rest of the users as interference, but rather detects the signals transmitted by all the users. We have evaluated the system’s performance both in terms of its bit error ratio and peak signal-to-noise ratio versus the channel’s signal-to-noise ratio, while quantifying the complexity reduction achieved by using the QMUD instead of the optimal classical maximum a posteriori probability MUD. The effect of the number of users on the system’s performance is also quantified.",Panagiotis Botsinis; Yongkai Huo; Dimitrios Alanis; Zunaira Babar; S. Ng; L. Hanzo,4,,IEEE Access,2017.0,JournalArticle
023802ec448777c087c13e1c1e5e6970388596ec,Unified Framework of KKT Conditions Based Matrix Optimizations for MIMO Communications,"For multi-input multi-output (MIMO) communication systems, many transceiver design problems involve the optimization of the covariance matrices of the transmitted signals. The derivation of the optimal solutions based on Karush-Kuhn-Tucker (KKT) conditions is a most popular method, and many results have been reported for different scenarios of MIMO systems. In this overview paper, we propose a unified framework in formulating the KKT conditions for general MIMO systems. Based on this framework, the optimal water-filling structures of the transmission covariance matrices are derived rigorously, which are applicable to a wide range of MIMO systems. Our results show that for seemingly different MIMO systems with various power constraints and objective functions, the derivations and water-filling structures for the optimal covariance matrix solutions are fundamentally the same. Thus, our unified framework and solution reveal the underlying relationships among the different water-filling structures of the covariance matrices. Furthermore, our results provide new solutions to the covariance matrix optimization of many complicated MIMO systems with multiple users and imperfect channel state information which were unknown before.",C. Xing; Y. Jing; Shuai Wang; Jiaheng Wang; S. Ng; Sheng Chen; L. Hanzo,1,,,2017.0,Review
032ff37400e4245a2e07400dadf63cd80a2ff168,Research data - User-Centric Visible Light Communications for Energy-Efficient Scalable Video Streaming,,Xuan Li; Yongkai Huo; Rong Zhang; L. Hanzo,0,,,2017.0,
05186f864142e7454c83fd23a64b1d4e85e2fb7e,Research Data: Unary-Coded Dimming Control Improves ON-OFF Keying Visible Light Communication,,Zunaira Babar; Azri Izhar; H. Nguyen; Panagiotis Botsinis; Dimitrios Alanis; Daryus Chandra; S. Ng; R. Maunder; L. Hanzo,0,,,2017.0,
0641dd25a4dcdb942292e5bc2ab5c2056e59adca,Network Coding Aided Cooperative Quantum Key Distribution Over Free-Space Optical Channels,"Realistic public wireless channels and quantum key distribution (QKD) systems are amalgamated. Explicitly, we conceive network coding aided cooperative QKD over free space optical systems for improving the bit error ratio and either the key rate or the reliable operational distance. Our system has provided a 55% key rate improvement against the state-of-the-art benchmarker.",H. Nguyen; Phuc V. Trinh; A. Pham; Zunaira Babar; Dimitrios Alanis; Panagiotis Botsinis; Daryus Chandra; S. Ng; L. Hanzo,6,,IEEE Access,2017.0,JournalArticle
0d40e5342c912171f060b6399c2b29a89f2018d1,Research Data - Performance Analysis of Layered ACO-OFDM,,Xiaoyu Zhang; Qi Wang; Rong Zhang; Sheng Chen; L. Hanzo,0,,,2017.0,
0d4c5594e2f9c0863ab34a31f925350dda83815f,"Dataset for ""Hardware-Efficient Node Processing Unit Architectures for Flexible LDPC Decoder Implementations""",,Peter Hailes; R. Maunder; L. Hanzo,0,,,2017.0,
0edf5b2c89c3407344b662b16386af9c5d56795c,Dataset for Spatial Modulation Aided Sparse Code-Division Multiple Access,,Yusha Liu; Lie-liang Yang; L. Hanzo,0,,,2017.0,
112f2ee048da086bf3cc434e7cced49d7d5c1def,Full-Diversity Dispersion Matrices From Algebraic Field Extensions for Differential Spatial Modulation,,R. Rajashekar; Naoki Ishikawa; S. Sugiura; K. Hari; L. Hanzo,43,,IEEE Transactions on Vehicular Technology,2017.0,JournalArticle
16864b9e53b0e582196a7ca7854f3307e097de3a,Generalised Precoded Spatial Modulation for Integrated Wireless Information and Power Transfer,"Conventional wireless information transfer by modulating the amplitude, phase or frequency leads to an inevitable Rate-Energy (RE) trade-off in the presence of simultaneous Wireless Power Transfer (WPT). In echoing Varshney's seminal concept of jointly transmitting both information and energy, we propose the so-called Generalised Precoded Spatial Modulation (GPSM) aided Integrated Wireless Information and Power Transfer (IWIPT) concept employing a power-split receiver. The principle of GPSM is that a particular subset of Receive Antennas (RA) is activated and the activation pattern itself conveys useful information. Hence, the novelty of our GPSM aided IWIPT concept is that RA pattern-based information transfer is used in addition to the conventional waveform-based information carried by the classic M-ary modulation. Following the Radio Frequency (RF) to Direct Current (DC) power conversion invoked for WPT at the power-split receiver, the non-coherent detector simply compares the remaining received power accumulated by each legitimate RA pattern for the sake of identifying the most likely RA. This operation is then followed by down-conversion and conventional Base Band (BB) M-ary detection. Both our analysis and simulations show that the RA pattern based information transfer represented in the Spatial Domain (SD) exhibits a beneficial immunity to any potential power conversion induced performance degradation and hence improves the overall RE trade-off when additionally the waveform-based information transfer is also taken into account. Moreover, we investigate the impact of realistic imperfect Channel State Information at the Transmitter (CSIT) as well as that of the antenna correlations encountered. Finally, the system's asymptotic performance is characterised in the context of large-scale Multiple Input Multiple Output (MIMO) systems.",Rong Zhang; Lie-liang Yang; L. Hanzo,1,,arXiv.org,2017.0,JournalArticle
1aaad44421d710147f33707a0b5539ac9c72caae,Energy efficient resource allocation for the software-defined VLC and RF small cells,,Haijun Zhang; Na Liu; Keping Long; Victor C. M. Leung; L. Hanzo,1,,International Conference on Innovative Computing and Cloud Computing,2017.0,JournalArticle; Conference
1c5be577826b8b1ae6671f826ac2d2b796900327,Coherent versus Non-Coherent Quantum-Assisted Solutions in Wireless Systems,,Panagiotis Botsinis; Dimitrios Alanis; Zunaira Babar; S. Ng; L. Hanzo,7,,IEEE wireless communications,2017.0,JournalArticle
2768fd708d11a0ecaf7a7a8e7a37f7a1c26ad17c,Quantum Coding Bounds and a Closed-Form Approximation of the Minimum Distance Versus Quantum Coding Rate,"The tradeoff between the quantum coding rate and the associated error correction capability is characterized by the quantum coding bounds. The unique solution for this tradeoff does not exist, but the corresponding lower and the upper bounds can be found in the literature. In this treatise, we survey the existing quantum coding bounds and provide new insights into the classical to quantum duality for the sake of deriving new quantum coding bounds. Moreover, we propose an appealingly simple and invertible analytical approximation, which describes the tradeoff between the quantum coding rate and the minimum distance of quantum stabilizer codes. For example, for a half-rate quantum stabilizer code having a code word length of <inline-formula> <tex-math notation=""LaTeX"">$n = 128$ </tex-math></inline-formula>, the minimum distance is bounded by <inline-formula> <tex-math notation=""LaTeX"">$11 < d < 22$ </tex-math></inline-formula>, while our formulation yields a minimum distance of <inline-formula> <tex-math notation=""LaTeX"">$d = 16$ </tex-math></inline-formula> for the above-mentioned code. Ultimately, our contributions can be used for the characterization of quantum stabilizer codes.",Daryus Chandra; Zunaira Babar; H. Nguyen; Dimitrios Alanis; Panagiotis Botsinis; S. Ng; L. Hanzo,11,,IEEE Access,2017.0,JournalArticle; Review
2849f03cfcb087a1437c6483bc57cb30a3e4ec85,Dataset for Delay and Throughput Analysis of Cognitive Go-Back-N HARQ in the Face of Imperfect Sensing,,A. Rehman; Lie-liang Yang; L. Hanzo,0,,,2017.0,
2a2d74984afbdfd9253a9258006492614c203b00,Performance of a Non-Coherent Massive SIMO M-DPSK System,,V. M. Baeza; A. G. Armada; M. El-Hajjar; L. Hanzo,19,,IEEE Vehicular Technology Conference,2017.0,JournalArticle; Conference
2df3a9935cfac7d59fad08f97ff92d60962ccacf,Compressive Sensing Techniques for Next-Generation Wireless Communications,"A range of efficient wireless processes and enabling techniques are put under a magnifier glass in the quest for exploring different manifestations of correlated processes, where sub-Nyquist sampling may be invoked as an explicit benefit of having a sparse transform-domain representation. For example, wide-band next-generation systems require a high Nyquist-sampling rate, but the channel impulse response (CIR) will be very sparse at the high Nyquist frequency, given the low number of reflected propagation paths. This motivates the employment of compressive sensing based processing techniques for frugally exploiting both the limited radio resources and the network infrastructure as efficiently as possible. A diverse range of sophisticated compressed sampling techniques is surveyed, and we conclude with a variety of promising research ideas related to large-scale antenna arrays, non-orthogonal multiple access (NOMA), and ultra-dense network (UDN) solutions, just to name a few.",Zhen Gao; L. Dai; Shuangfeng Han; C. I; Zhaocheng Wang; L. Hanzo,232,f4ea54c06106fdcdf041f26f5e0b740de8caa7f5; 446d4b87093ea9ead41a99bdd3ccf5924fab0f42; 6d7a437a86efe7d97bb6702b2574fb8a508ef806; 871a9d50909079e563c529bb8c5b6350dcd4ed1b; daf57c8b704135ff87a7378ad34f2776b204f5f9; a0343b93b2f94a1178697eb2510250737b39f79b; 24e58a843c99abea1d8c40c332d61fdc85395e4e; 13dea252b2bbd3a0f644d813ebc86b1f8d225dcc; d5469f136687120487dcd6a55289f97a6be288e4; 3cb80b8887fd4d4d7e09e198c2628b12b9d8c831; 523435c4921a707f88131161733aef9932cc3e87; 04d4e52fc3331a855862d6d0214b1db7b47df2b9; 29e436abff5e8a110b3ca2e4565b1f2cfd9bf9a4; 9ffa2394a8ec97c27c8c7d6ec0da4c54b7fcffff,IEEE wireless communications,2017.0,JournalArticle; Review
370b82cbcfa98f3228aa473b50ac8ceaff3eb1a0,Trellis- and Network-Coded Modulation for Decode-and-Forward Two-Way Relaying Over Time-Varying Channels,,Yanping Yang; Wei Chen; Ou Li; Ke Ke; L. Hanzo,2,,IEEE Transactions on Vehicular Technology,2017.0,JournalArticle
46556e478b50bb2bcccc65bead941cf0305b1383,"Minimum Error Probability MIMO-Aided Relaying: Multihop, Parallel, and Cognitive Designs",,A. Dutta; K. Hari; C. Murthy; N. Mehta; L. Hanzo,11,,IEEE Transactions on Vehicular Technology,2017.0,JournalArticle
494a470cc9995ca680ffcf68476744f66de21702,Research Data: Distributed Joint Source Coding and Trellis Coded Modulation for Symbol-Based Markov Sources,,Azri Izhar; A. Aljohani; S. Ng; L. Hanzo,0,,,2017.0,
4ac7cfbb2f76e426cacf93066b8301b58e7ffd21,Online Measurement-Based Adaptive Scalable Video Transmission in Energy Harvesting Aided Wireless Systems,,Jian Yang; Weizhe Cai; Yongyi Ran; H. Xi; L. Hanzo,8,,IEEE Transactions on Vehicular Technology,2017.0,JournalArticle
4c066a3d6f99aaa5637648d2675d88a74689a74e,Research Data: Quantum Topological Error Correction Codes: The Classical-to-Quantum Isomorphism Perspective,,Daryus Chandra; Zunaira Babar; H. Nguyen; Dimitrios Alanis; Panagiotis Botsinis; S. Ng; L. Hanzo,0,,,2017.0,
4d1148d3c3e5983f995cd86eac203fb9f67bf29a,Probabilistic Small-Cell Caching: Performance Analysis and Optimization,,Youjia Chen; Ming Ding; Jun Yu Li; Zihuai Lin; Guoqiang Mao; L. Hanzo,102,,IEEE Transactions on Vehicular Technology,2017.0,JournalArticle
5069a87e6bb7c112fcc90597827a11fd13695617,Short Codes and Entanglement-Based Quantum Key Distribution via Satellite,,Xiaoyu Ai; R. Malaney; S. Ng; L. Hanzo,0,,2017 Sensor Signal Processing for Defence Conference (SSPD),2017.0,Conference
520fe5dfff2add7370ddf78f2584947c6c69d241,MU-MIMO Communications With MIMO Radar: From Co-Existence to Joint Transmission,"Beamforming techniques are proposed for a joint multi-input-multi-output (MIMO) radar-communication (RadCom) system, where a single device acts as radar and a communication base station (BS) by simultaneously communicating with downlink users and detecting radar targets. Two operational options are considered, where we first split the antennas into two groups, one for radar and the other for communication. Under this deployment, the radar signal is designed to fall into the null-space of the downlink channel. The communication beamformer is optimized such that the beampattern obtained matches the radar’s beampattern while satisfying the communication performance requirements. To reduce the optimizations’ constraints, we consider a second operational option, where all the antennas transmit a joint waveform that is shared by both radar and communications. In this case, we formulate an appropriate probing beampattern, while guaranteeing the performance of the downlink communications. By incorporating the SINR constraints into objective functions as penalty terms, we further simplify the original beamforming designs to weighted optimizations, and solve them by efficient manifold algorithms. Numerical results show that the shared deployment outperforms the separated case significantly, and the proposed weighted optimizations achieve a similar performance to the original optimizations, despite their significantly lower computational complexity.",Fan Liu; C. Masouros; Ang Li; Huafei Sun; L. Hanzo,756,43c3bfffdcd313c549b2045980855ea001d6f13b; 3f831c834e5a7b703b5b42a93bc69735d57c0be8; 68eddfb60e9a58c623002b307bfc5d666aeede69; 58d55a365a7fa26d94d928deea0a5181558b3d7b; 9c15aac6606a5105f15022966bebdd4e484c8798; 3ab5ee80b548a2ced4dd02bb96f9b8aa4b87c06d; 41e1160c09610fb52db0d57a3a64e82db64df143; 0629f18be1cef0fadd165278e00dcad01bb4ea93; 5a31d7d1346fb5a8fc06c5ef03f0a3052bad6ed0; f1c4083b230d91c4d13c41f7d4aed1a12177b42d; 154794902baba1bac2c93956576146119dccd01d; 1f4f8206c1d459f60324f06967173b906a12ef6a; 62b4baa455ad30d8c0c0f4057a220b86e5afee67; 06b5281dc549f06c781a611b9280705262e68cdb; 299de583db996534281617e423bcc4b7a35738e6; 0027a6462b6f484f3a810382fd98914cd3efb5f5; a5c69116253988e705dd9ab95b3e23500911bf29; 2c90ecf0949cdabc7c3792c6fbc3a7d8c9574567; 49d484aa9f8ae9832f96209457e2b84922438d88; 44734dbe97cfbdaa9ff2a5c40393f00b7290ee7e; 31c484407fe16d6c40fa4c8bcbc02f54d859b35b; b1b03b18aa80e2cbfdb02c4e2bff345e3e74e132; e527c620c056e33bfd19dec6bdcb86967478b2f9; 40f391bc3860e8cd71d7ea68ec11d80d5e12c02c; ae9c2914ab16b1b65b8ce50f65a4ab8b9f360828; 9588234174650dcfe9315d706848cf3d868c1328; 57dc61be41549c76c0ed05b40625ca327558678d; d5d83ea5851d681eece6103c5137853b5f5d7116; 2527f1b5d69b8abe14bb9d10c791a3b96c7cf1b4; 0b14178e7d79ac426d0a39700e1ac8b2c6f2e752; 760fb5310b3eaeeda0898d44b395580db5cc7d73; 038f4e8f1bb1c1365d2acd212a71b47fa8c23db3; 26f825b4ae30b08241df7031a900892761c0f9c0; 065222a1e88061c70e35d2601dd54bd649dcf507; b072a73beb1d625c6b8220f01f74976ce216c6df; 9d68ab96e645f96b2036ed5af096ce3b61123a32; b552d64d8fcbbdc1a15789b039579e2590565eb7; 36162427cf5fe4490401c39eb451950a116ebb0e; f7b4c27abb76dff4c017849049541f3fc91e77be,IEEE Transactions on Wireless Communications,2017.0,JournalArticle
54136b70482a54b1c609bf31162c5ad548567b2e,"Guest Editorial Spectrum Sharing and Aggregation for Future Wireless Networks, Part III",,T. Tsiftsis; Guoru Ding; Yulong Zou; G. Karagiannidis; Zhu Han; L. Hanzo,3,,IEEE J. Sel. Areas Commun.,2017.0,JournalArticle
552581ada82f974caf4b0e3ee64b3276427bfde6,Two Decades of MIMO Design Tradeoffs and Reduced-Complexity MIMO Detection in Near-Capacity Systems,"A pair of salient tradeoffs have driven the multiple-input multiple-output (MIMO) systems developments. More explicitly, the early era of MIMO developments was predominantly motivated by the multiplexing-diversity tradeoff between the Bell Laboratories layered space-time and space-time block coding. Later, the linear dispersion code concept was introduced to strike a flexible tradeoff. The more recent MIMO system designs were motivated by the performance-complexity tradeoff, where the spatial modulation and space-time shift keying concepts eliminate the problem of inter-antenna interference and perform well with the aid of low-complexity linear receivers without imposing a substantial performance loss on generic maximum-likelihood/max a posteriori -aided MIMO detection. Against the background of the MIMO design tradeoffs in both uncoded and coded MIMO systems, in this treatise, we offer a comprehensive survey of MIMO detectors ranging from hard decision to soft decision. The soft-decision MIMO detectors play a pivotal role in approaching to the full-performance potential promised by the MIMO capacity theorem. In the near-capacity system design, the soft-decision MIMO detection dominates the total complexity, because all the MIMO signal combinations have to be examined, when both the channel’s output signal and the a priori log-likelihood ratios gleaned from the channel decoder are taken into account. Against this background, we provide reduced-complexity design guidelines, which are conceived for a wide-range of soft-decision MIMO detectors.",Chao Xu; S. Sugiura; S. Ng; Peichang Zhang; Li Wang; L. Hanzo,39,,IEEE Access,2017.0,JournalArticle; Review
574a707f8b58936f859ffce43efc145bbbefcf93,Dataset for User Selection Algorithms for Block Diagonalization Aided Multiuser Downlink mm-Wave Communication,,R. Rajashekar; L. Hanzo,0,,,2017.0,
577fc209f802680d9db6e021ce0933726c57eef9,Dataset for Iterative matrix decomposition aided block diagonalization for mm-Wave multiuser MIMO systems,,R. Rajashekar; L. Hanzo,0,,,2017.0,
5eeb81c34b88c8f65c8c63f9e4d69340532454e1,Dataset for Adaptive Transceiver Design for C-RAN in mmWave Communications,,Satyanarayana Katla; M. El-Hajjar; L. Hanzo,0,,,2017.0,
5fbba998188ab79476c953ebfe014ae7e7432a20,Taking Drones to the Next Level: Cooperative Distributed Unmanned-Aerial-Vehicular Networks for Small and Mini Drones,,Jingjing Wang; Chunxiao Jiang; Zhu Han; Yong Ren; R. Maunder; L. Hanzo,378,,IEEE Vehicular Technology Magazine,2017.0,JournalArticle; Review
65606f60ee7424a2a17c2393969b877189118a38,Millimeter Wave Hybrid Beamforming with DFT-MUB Aided Precoder Codebook Design,,K. Satyanarayana; M. El-Hajjar; P. Kuo; Alain A. M. Mourad; L. Hanzo,17,,IEEE Vehicular Technology Conference,2017.0,JournalArticle; Conference
6ab3e58c1eb8ff288a6db85d002b28628ddf8e79,Two-Dimensional Precoding for 3-D Massive MIMO,,Zhaocheng Wang; Wendong Liu; Chen Qian; Sheng Chen; L. Hanzo,30,,IEEE Transactions on Vehicular Technology,2017.0,JournalArticle
6eb7a32a7ef8999d7a443233f8ca90d70b037654,"Dataset:""Hierarchical Multi-Functional Layered Spatial Modulation""",,Ibrahim A. Hemadeh; M. El-Hajjar; L. Hanzo,0,,,2017.0,
735665227a626de731f9de4bfb968d6fc1f168f8,Dataset for Joint Space-Time Block-Coding and Beamforming for the Multi-user Radio Over Plastic Fiber Downlink,,Yichuan Li; M. El-Hajjar; L. Hanzo,1,,,2017.0,
7654c2d2648428070521b8ba9c24058f3b9d98f6,Wireless Holographic Image Communications Relying on Unequal Error Protected Bitplanes,,Yongkai Huo; P. Kovács; T. Naughton; L. Hanzo,9,,IEEE Transactions on Vehicular Technology,2017.0,JournalArticle
7753a5a19fb1be4824dcccb59e0f99028b97e31a,Dataset of Dual-Function Hybrid Beamforming and Transmit Diversity Aided Millimeter Wave Architecture,,Satyanarayana Katla; M. El-Hajjar; L. Hanzo,0,,,2017.0,
7e6c72af8548f10b9c44e7cc4b8ae1e7b450ef43,"Dataset of the paper: ""Reduced-RF-Chain Aided Soft-Decision Multi-Set Steered Space-Time Shift-Keying for Millimeter-Wave Communications""",,Ibrahim A. Hemadeh; Panagiotis Botsinis; M. El-Hajjar; S. Won; L. Hanzo,1,,,2017.0,
88fd146d60770f1e0ac44ce5af399f4729b0f4e9,Security-Reliability Tradeoff Analysis of Artificial Noise Aided Two-Way Opportunistic Relay Selection,,Xiaojin Ding; Tiecheng Song; Yulong Zou; Xiaoshu Chen; L. Hanzo,78,,IEEE Transactions on Vehicular Technology,2017.0,JournalArticle
89e06065076619fa5749b8036fd47ef7ff4f4697,Information Credibility Modeling in Cooperative Networks: Equilibrium and Mechanism Design,,Chunxiao Jiang; Linling Kuang; Zhu Han; Yong Ren; L. Hanzo,17,,IEEE Journal on Selected Areas in Communications,2017.0,JournalArticle
8dd75d15562a54b3cc90e78f1940f27b2104e97a,Reduced-Complexity Iterative Receiver for Improving the IEEE 802.15.7 Convolutional-Coded Color Shift Keying Mode,,Zunaira Babar; Chuan Zhu; H. Nguyen; Panagiotis Botsinis; Dimitrios Alanis; Daryus Chandra; S. Ng; L. Hanzo,2,,IEEE Communications Letters,2017.0,JournalArticle
8ffe4b6ede321550bf5f2c3da52eea6f24d4e239,Flexible iterative receiver architecture for wireless sensor networks: a joint source and channel coding design example,,Matthew F. Brejza; R. Maunder; B. Al-Hashimi; L. Hanzo,2,,IET Wireless Sensor Systems,2017.0,JournalArticle
946cafbc832e062a7ad296d414849492e3d054c8,Generalized-Spatial-Modulation-Based Reduced-RF-Chain Millimeter-Wave Communications,,Naoki Ishikawa; R. Rajashekar; S. Sugiura; L. Hanzo,72,,IEEE Transactions on Vehicular Technology,2017.0,JournalArticle
99f35e1e7731791809951576b1757bed6119abcf,Research Data: Joint-Alphabet Space Time Shift Keying in mm-Wave Non-Orthogonal Multiple Access,,Panagiotis Botsinis; Ibrahim A. Hemadeh; Dimitrios Alanis; Zunaira Babar; H. Nguyen; Daryus Chandra; S. Ng; M. El-Hajjar; L. Hanzo,0,,,2017.0,
9cfd42aa6ecb3b373f1add5513311a8592ddb615,Research Data: Quantum-Assisted Indoor Localization for Uplink mm-Wave and Downlink Visible Light Communication systems,,Panagiotis Botsinis; Dimitrios Alanis; Simeng Feng; Zunaira Babar; H. Nguyen; Daryus Chandra; S. Ng; Rong Zhang; L. Hanzo,0,,,2017.0,
a485825ba9231d23d8245d03442dc1114727bee0,User-Centric Visible Light Communications for Energy-Efficient Scalable Video Streaming,,Xuan Li; Yongkai Huo; Rong Zhang; L. Hanzo,25,,IEEE Transactions on Green Communications and Networking,2017.0,JournalArticle
a80efeeb1ee540bb33639cf6dfa0f53ed0c1ce08,Research Data: Entanglement-Assisted Classical Communication Over Quantum Channels for Binary Markov Sources,,Azri Izhar; Zunaira Babar; S. Ng; L. Hanzo,0,,,2017.0,
ae5cf965af4e1a38238d8c6da56281fc9506748e,Towards the Quantum Internet: Generalised Quantum Network Coding for Large-Scale Quantum Communication Networks,"Large-scale quantum network coding (LQNC) is conceived for distributing entangled qubits over large-scale quantum communication networks supporting both teleportation and quantum key distribution. More specifically, the LQNC is characterized by detailing the encoding and decoding process for distributing entangled pairs of qubits to <inline-formula> <tex-math notation=""LaTeX"">$M$ </tex-math></inline-formula> pairs of source-and-target users connected via a backbone route of <inline-formula> <tex-math notation=""LaTeX"">$N$ </tex-math></inline-formula> hops. The LQNC-based system advocated is then compared with entanglement swapping-based systems for highlighting the benefits of the proposed LQNC.",H. Nguyen; Zunaira Babar; Dimitrios Alanis; Panagiotis Botsinis; Daryus Chandra; Mohd Azri Mohd Izhar; S. Ng; L. Hanzo,31,13902e411f43bdf2e8453812a768f0a8a3182d36; a9c612e2f47e33600896368a3ae6dc61ecd5fdcb; d1bb25919051e8a21dbb86fe981276366f2cec99; 7634da9e92b48d66542cdabba2a4ef4e11624d76; 83ceb849a8c786dd29c5f00f096221e8bb3afc57; c9e73103f516f7a86900decbac65530711bf7bb6; 960c6444d71e480b355220bda822b7e5568da425; 086a532e38009623d4a6a3d8a7eb8053d1621ef7; 7082b9b63dced0a7407e6cdf0e6999497b2df060; 3cfac2cd80a8eedd184ad79ad3c317d8bbdcaff6; e8b374dfc6a00a4662281d236b6f6e094fb79152; 64c32ace8692516207b85fcb4d2f10d9f56e763e; e7fb96d7e0ffcc4fa65d0f888b3e6fd0fc5b7287; bf6f87ee6c7422b773280529f93e940819d66538; 89ebe50b517698a0148ae410692f5893bbd4b8ff; ad4e804b8c71f60d3981d44b2619f43520ff4642; ffbd34451f0d57e3bea04fdd6ec97c2c0d11c89b; 2c8c325c04c207487ad6ce87fbdc9f92b6288286; 5cd4f4652b09e6340d7d5e7f09d36f72eaabb566; 2c25ea3775049377536895b25d52a39c84e4e499; 75421b62e5825fb1837239c85280d1e061b06261; e57c1b52974345e1e3d002f40467d1f7c02cf39d; 5b16e136e6e3c9ebe12fef4c1fc3317ba64a4a1e; 3da9ca88306322907030872e6944a6f9cd2eb9eb; ddbf9bc7a13e503f9afcaa4aea1a6495afb41dc8; 3528f6e81c3ae42b73050a79baafb2223a2fe326; 4509755a88035fa41e681bb87317501c6d91589c; eefa7b613f2a92f605e490fbce47950303d09cf2; 4245f2f7307f4b7d6014cc24fdb27227ace2b08b; c3d491fb09e04fa8231b72bd19df9ade5cd6aed1; dc2858033071789a643f051ba445f9c28d7f1eec; 637dee371553f4e6d86f06da834a9544685225de; 8b645ef587c35ed66648f87df4ed27849f51fbd7; e8fd71fc22004ae15a52d693c1e5efc3006973a5; 1a13c3f589390173808150478c08dec8fb8f3689; ba8cfca793d794b8a9373f5d76ab37a554caf9df; 744a4e2e6a3fd431d1b6aae59b1d7ba6888c93f7; 022f4ca76b07470a6ef1824fa546e5b093a9fbf2; 387588025d7b09aa8245308576b31af850a93a10; c9c911284e7291c96c9d0d67559174930b3a4e6c; d99b01aaf87ef033d389584608729fb9e957c91b; ecfa3cb4c159b35d1e468f53e8a919081a36d6c9; 8cec28449f2f21e79c46b0e51fe9f8669c5c500e; dc3f20a21727ac7540b4df84f2979a8e7288dc63; bf46761d39a3ca3cf81f17ced160533be1667379; d85eb0b9acef1e33d9c9af2733bfff10d28aebc8; f815ea4d8999392d681fced8ae33db11c97290ab; d18ccaad06d1d99b392948ec959b0ec39a72255e; 4c2b815d2beedaf0fe43e23b46d00309ef365fa6; ba74cf32369f77924bc4841ff278be0681c58e7b,IEEE Access,2017.0,JournalArticle
af1fb854594b0b276618b6d655f50da8afab3a94,Beamspace MIMO-NOMA for Millimeter-Wave Communications Using Lens Antenna Arrays,,Bichai Wang; L. Dai; Xiqi Gao; L. Hanzo,20,,IEEE Vehicular Technology Conference,2017.0,JournalArticle; Conference
b8acf882defc20e7affc117f9d6ae7e5f942ac87,Centralized Energy-Efficient Multiuser Multiantenna Relaying in Next-Generation Radio Access Networks,,Jiaxin Yang; B. Champagne; Yulong Zou; L. Hanzo,8,,IEEE Transactions on Vehicular Technology,2017.0,JournalArticle
c38e090ef1f2dc986d7d65cc49449630e1f1f1e0,"Research data for ""A Flexible FPGA-Based Quasi-Cyclic LDPC Decoder""",,Peter Hailes; Lei Xu; R. Maunder; L. Hanzo; B. Al-Hashimi,0,,,2017.0,
cd472d4b92092cf8dbf1261df278b2969e875712,Huffman Subcarrier Activation Pattern Activated Subcarrier Indices SIM − OFDM Mapper Variable − length Codebook Probabilities,,M. I. Kadir; Hongming Zhan; Sheng Chen; L. Hanzo,0,,,2017.0,
cd7637cf29525ff50f65321a9f37aa91eeee386e,User-Centric C-RAN Architecture for Ultra-Dense 5G Networks: Challenges and Methodologies,"Ultra-dense networks (UDNs) constitute one of the most promising techniques for supporting the 5G mobile system. By deploying more small cells in a fixed area, the average distance between users and access points can be significantly reduced; hence, dense spatial frequency reuse can be exploited. However, severe interference is the major obstacle in UDNs. Most contributions deal with the interference by relying on cooperative game theory. This article advocates the application of dense user-centric C-RAN philosophy to UDNs, thanks to the recent development of cloud computing techniques. Under dense C-RAN, centralized signal processing can be invoked for supporting CoMP transmission. We summarize the main challenges in dense user-centric C-RANs. One of the most challenging issues is the requirement of the global CSI for the sake of cooperative transmission. We investigate this requirement by only relying on partial CSI, namely, on inter-cluster large-scale CSI. Furthermore, the estimation of the intra-cluster CSI is considered, including the pilot allocation and robust transmission. Finally, we highlight several promising research directions to make the dense user-centric C-RAN become a reality, with special emphasis on the application of big data techniques.",Cunhua Pan; M. Elkashlan; Jiangzhou Wang; Jinhong Yuan; L. Hanzo,159,7dd59ef46b79e8f351e27b63f303a2b617da76e3; 544c8b7e3e33cf31c5ba580b4bc8f03d20b95d66; 208a20142d6fe4709b5b625d56d3e0f7320a4166; d213d23b864222cefa2a7efb6c1b26ed1d69c99a; 9f5841dd2fc87bd574044d2b768d72c9ab948296; 0adb74ffd54f13bc77a4f6697de7d92fd70da12c; 8e49e51d4fa3cbea6ad393576a09e1750ae0c768; 6964dde286738d1965162656becfd84ac77598a1; 503543734152be9f4f4cc1c51ccfefbbde06f751; 75d0e67db88bf95cdb88c8524fa98aad11f4759e; 6ac1852ab5fc4c94fe22bcfbbb3fe9bba71dc3d1; 1aa324fbf05f27c2fcca375c2adc203aa2d15ecc; d817d35d4dd8a79d7453b6ea400cc513249202a9; c2330b48bf56d7262ccc17c3f737ca6d97ec2595; 35e80d455959737638ec2d1d5fa4ae3b15183fbf; 31311d39540075ba5c5546488bbfbe237fe51196; 8b94336431ce63bd24eea8cbef9df43b19f573d2,IEEE Communications Magazine,2017.0,JournalArticle
cd803b837ee8137b917207afbb342d69745903d9,Bandwidth Efficiency Maximization for Single-Cell Massive Spatial Modulation MIMO: An Adaptive Power Allocation Perspective,"The concept of massive spatial modulation aided multiple-input multiple-output (SM-MIMO) systems, where the base station (BS) is equipped with a large number of antennas and simultaneously serves several multi-antenna users that employ SM for their uplink transmission, has recently attracted substantial research interest. In this paper, we investigate the uplink bandwidth efficiency (BE) of single-cell massive SM-MIMO systems, and derive a new BE lower bound when the BS employs maximum ratio combining for uplink user detection. The proposed BE bound takes into account the impact of spatial correlations at the transmitter, of imperfect channel estimation, and of non-uniform power allocation among each user’s antennas (i.e., different antennas are allocated with different levels of transmit power). These bounds are shown to be tight even when a moderate number of antennas is used by the BS. Based on this bound, a gradient ascent method-based optimization is carried out to find the optimal power allocation among the transmit antennas (TAs) of each user, so that the uplink BE can be maximized. More specifically, the optimal power allocation is found to be typically dependent both on the TAs’ spatial correlation and on the large-scale attenuation of each user. Aided by this new power allocation scheme, a substantial BE gain can be achieved over the conventional uniform power allocation schemes, which is substantiated by our simulation results.",Longzhuang He; Jintao Wang; Jian Song; L. Hanzo,11,,IEEE Access,2017.0,JournalArticle
cdb4836e2c4cd062573664f5d827cf9880ab5575,Spectrum Inference in CRNS Section I : Introduction Section II : Preliminaries Data sources Models,,Guoru Ding; Yutao Jiao; Jinlong Wang; Yulong Zou; Qi-hui Wu; Yu-dong Yao; L. Hanzo,0,,,2017.0,Review
d7c633d64a9a4513bc03155941809a4123c3ea6b,NOMA-SM for Cooperatively Enhancing Vehicle-to-Vehicle Transmissions,,Yingyang Chen; Li Wang; Yutong Ai; B. Jiao; L. Hanzo,2,,2017 IEEE Globecom Workshops (GC Wkshps),2017.0,JournalArticle
dd41d656e21c30dd761bee2eba303d1aa014d120,Machine Learning Paradigms for Next-Generation Wireless Networks,,Chunxiao Jiang; Haijun Zhang; Yong Ren; Zhu Han; Kwang-Cheng Chen; L. Hanzo,958,,IEEE wireless communications,2017.0,JournalArticle; Review
dfa4a85d4b22e14d911869757cda19cf29db454d,A Scalable Performance–Complexity Tradeoff for Constellation Randomization in Spatial Modulation,,C. Masouros; L. Hanzo,8,,IEEE Transactions on Vehicular Technology,2017.0,JournalArticle
e3dd7e071c4260c82d635147ef9a9dc1196b4259,Research Data: Towards the Quantum Internet: Generalised Quantum Network Coding for Large-scale Quantum Communication Networks,,H. Nguyen; Zunaira Babar; Dimitrios Alanis; Panagiotis Botsinis; Daryus Chandra; Azri Izhar; S. Ng; L. Hanzo,1,,,2017.0,
e85e6f3a0f642902e4306ab6264b8f7246fde66b,Energy-Efficient Cross-Layer Design of Wireless Mesh Networks for Content Sharing in Online Social Networks,,Jie Hu; Lie-liang Yang; L. Hanzo,28,,IEEE Transactions on Vehicular Technology,2017.0,JournalArticle
ec0aae03c73e3fe865a63cbcac1e9b765167a46b,Physical Layer Security of Generalised Pre-coded Spatial Modulation with Antenna Scrambling,"We now advocate a novel physical layer security solution that is unique to our previously proposed GPSM scheme with the aid of the proposed antenna scrambling. The novelty and contribution of our paper lies in three aspects: 1/ principle: we introduce a `security key' generated at Alice that is unknown to both Bob and Eve, where the design goal is that the publicly unknown security key only imposes barrier for Eve. 2/ approach: we achieve it by conveying useful information only through the activation of RA indices, which is in turn concealed by the unknown security key in terms of the randomly scrambled symbols used in place of the conventional modulated symbols in GPSM scheme. 3/ design: we consider both Circular Antenna Scrambling (CAS) and Gaussian Antenna Scrambling (GAS) in detail and the resultant security capacity of both designs are quantified and compared.",Rong Zhang; Lie-liang Yang; L. Hanzo,0,,arXiv.org,2017.0,JournalArticle
ee881c78f4d0a67228e5a08b1162aa59944cc3a0,Multiuser Steered Multiset Space-Time Shift Keying for Millimeter-Wave Communications,,Ibrahim A. Hemadeh; M. El-Hajjar; S. Won; L. Hanzo,16,,IEEE Transactions on Vehicular Technology,2017.0,JournalArticle
0061d50c01ffdec1b943a275e8360664682c0226,Dataset for Resource Allocation Under Delay-Guarantee Constraints for Visible-Light Communication,,Fan Jin; Xuan Li; Rong Zhang; Chen Dong; L. Hanzo,0,,,2016.0,
0156246ddb7375498b434212c24081f2d083b9d0,BER plot - FPTD vs. Log-BCJR,,An Li; R. Maunder; B. Al-Hashimi; L. Hanzo,0,,,2016.0,
02e3cd7095d9eec8fc580301dc27cb5da9e017bc,Supplemental data of Exponential Golomb and Rice Error Correction Codes for Generalized Near-Capacity Joint Source and Channel Coding,,Matthew F. Brejza; Tao Wang; Wenbo Zhang; D. Al-Khalili; R. Maunder; B. Al-Hashimi; L. Hanzo,0,,,2016.0,
037a20a3f24a1311a2a8c378abd171199a320f6c,Fully-Parallel Quantum Turbo Decoder,"Quantum turbo codes (QTCs) are known to operate close to the achievable Hashing bound. However, the sequential nature of the conventional quantum turbo decoding algorithm imposes a high decoding latency, which increases linearly with the frame length. This posses a potential threat to quantum systems having short coherence times. In this context, we conceive a fully-parallel quantum turbo decoder (FPQTD), which eliminates the inherent time dependences of the conventional decoder by executing all the associated processes concurrently. Due to its parallel nature, the proposed FPQTD reduces the decoding times by several orders of magnitude, while maintaining the same performance. We have also demonstrated the significance of employing an odd-even interleaver design in conjunction with the proposed FPQTD. More specifically, it is shown that an odd-even interleaver reduces the computational complexity by 50%, without compromising the achievable performance.",Zunaira Babar; H. Nguyen; Panagiotis Botsinis; Dimitrios Alanis; Daryus Chandra; S. Ng; R. Maunder; L. Hanzo,5,,IEEE Access,2016.0,JournalArticle
03e1dad173ca46eb07bab498e4c53b96ebfd32f9,Optical single sideband signal generation relying on a single-drive Mach-Zehnder modulator for radio over fibre communications,,V. Thomas; M. El-Hajjar; L. Hanzo,7,,IET Communications,2016.0,JournalArticle
044da4a7f3b6b25dd7050804a25e5d25b27cf68e,Constructive Interference as an Information Carrier by Dual-Layered MIMO Transmission,"We propose a bandwidth-efficient transmission scheme for multiple-input-multiple-output point-to-point and downlink channels. The bandwidth efficiency (BE) of spatial multiplexing (SMX) is improved by implicitly encoding information in the spatial domain based on the existence of constructive interference in the received symbols, which creates a differentiation in the symbol power. Explicitly, the combination of symbols received at a higher power level carries implicit information in the spatial domain in the same manner as that the combination of nonzero elements in the received symbol vector carries information for receive-antenna-based spatial modulation (RSM). The nonzero power throughout the received symbol vector for the proposed technique allows a full SMX underlying transmission, with the BE enhancement brought by the spatial symbol. Our simulation results demonstrate both significant BE gains and error probability reduction for our approach over the conventional SMX and RSM schemes.",C. Masouros; L. Hanzo,6,,IEEE Transactions on Vehicular Technology,2016.0,JournalArticle
04a527f1bb33a6cb6bdd6743899f28e6d64e2884,Spectral-Efficient Bidirectional Decode-and-Forward Relaying for Full-Duplex Communication,,Li Li; Chen Dong; Li Wang; L. Hanzo,26,,IEEE Transactions on Vehicular Technology,2016.0,JournalArticle
04e0bcf9acbaa75c0a9bcddfbb7734ab435a9d3e,Research Data: EXIT-chart Aided Quantum Code Design Improves the Normalised Throughput of Realistic Quantum Devices,,H. Nguyen; Zunaira Babar; Dimitrios Alanis; Panagiotis Botsinis; Daryus Chandra; S. Ng; L. Hanzo,0,,,2016.0,
0efbfb87334d748e0c27c0f9a68c3828449b1b3c,Secure MIMO Relaying Network: An Artificial Noise Aided Robust Design Approach,"Owing to the vulnerability of relay-assisted and device-to-device (D2D) communications, improving wireless security from a physical layer signal processing perspective is attracting increasing interest. Hence we address the problem of secure transmission in a relay-assisted network, where a pair of legitimate user equipments (UEs) communicate with the aid of a multiple-input multiple output (MIMO) relay in the presence of multiple eavesdroppers (eves). Assuming imperfect knowledge of the eves' channels, we jointly optimize the power of the source UE, the amplify-and-forward (AF) relaying matrix and the covariance of the artificial noise (AN) transmitted by the relay, in order to maximize the received signal-to-interference-plus-noise ratio (SINR) at the destination, while imposing a set of robust secrecy constraints. To tackle the resultant nonconvex optimization problem, a globally optimal solution based on a bi-level optimization framework is proposed, but with high complexity. Then a low-complexity sub-optimal method relying on a new penalized difference-of-convex (DC) algorithmic framework is proposed, which is specifically designed for non-convex semidefinite programs (SDPs). We show how this penalized DC framework can be invoked for solving our robust secure relaying problem with proven convergence. Our extensive simulation results show that both proposed solutions are capable of ensuring the secrecy of the relay-aided transmission and significantly improve the robustness towards the eves' channel uncertainties as compared to the non-robust counterparts. It is also demonstrated the penalized DC-based method advocated yields a performance close to the globally optimal solution.",Jiaxin Yang; Qiang Li; B. Champagne; Yulong Zou; L. Hanzo,0,,arXiv.org,2016.0,JournalArticle
1b4ee550df52db8c9e1d167e2ff171760230d37f,Achievable Rates of Underlay-Based Cognitive Radio Operating Under Rate Limitation,,A. Patel; Mohammed Zafar Ali Khan; S. Merchant; U. Desai; L. Hanzo,10,,IEEE Transactions on Vehicular Technology,2016.0,JournalArticle
1d63b20b513cc558fb93ad695bfaa7fea7629c2d,Power-efficient space shift keying transmission via semidefinite programming,,Adrián García‐Rodríguez; C. Masouros; L. Hanzo,2,,2016 IEEE International Conference on Communications (ICC),2016.0,JournalArticle; Conference
2082f866ba4714f0f03ae17eba3f4da0a51e8c9e,Performance of Cognitive Stop-and-Wait Hybrid Automatic Repeat Request in the Face of Imperfect Sensing,"The cognitive radio (CR) paradigm has the potential of improving the exploitation of the electromagnetic spectrum by detecting instantaneously unoccupied spectrum slots allocated to primary users (PUs). In order to support the process of spectrum reuse, we consider a CR scheme, which senses and opportunistically accesses a PU's spectrum for communication between a pair of nodes relying on the stop-and-wait hybrid automatic repeat request (SW-HARQ) protocol. This arrangement is represented by the cognitive SW-HARQ (CSW-HARQ), where the availability/unavailability of the PU's channel is modeled as a two-state Markov chain having OFF and ON states, respectively. Once the cognitive user (CU) finds that the PU's channel is available (i.e., in the OFF state), the CU transmits data over the PU channel's spectrum, while relying on the principles of SW-HARQ. We investigate both the throughput and the delay of CSW-HARQ, with a special emphasis on the impact of the various system parameters involved in the scenarios of both perfect and imperfect spectrum sensing. Furthermore, we analyze both the throughput as well as the average packet delay and end-to-end packet delay of the CSW-HARQ system. We propose a pair of analytical approaches: 1) the probability-based and 2) the discrete time Markov chain-based. Closed-form expressions are derived for both the throughput and the delay under the perfect and imperfect sensing environments that are validated by simulation. We demonstrate that the activity of PUs, the transmission reliability of the CU, and the sensing environment have a significant impact on both the throughput and the delay of the CR system.",A. Rehman; Chen Dong; Lie-liang Yang; L. Hanzo,28,,IEEE Access,2016.0,JournalArticle
24a8741c0c617a816bf1d4e649498b45b161c54d,Joint Cluster Formation and User Association under Delay Guarantees in Visible-Light Networks,,Xuan Li; Fan Jin; Rong Zhang; L. Hanzo,9,,Global Communications Conference,2016.0,JournalArticle; Conference
2634c2fecc28f06176a183bcd07643541f1ecfca,Multi-Set Space-Time Shift-Keying With Reduced Detection Complexity,"In this paper, we propose a novel multi-set space-time shift keying (MS-STSK) technique, where the source bits are conveyed over two components, namely, by activating one out of MQ dispersion matrices of STSK and M antenna combination of the Nt available antennas, in a similar fashion to spatial modulation but activating multiple antennas rather than a single antenna. This system requires a smaller number of RF chains than antenna elements (AEs) to achieve an improved throughput. We opt for STSK as the main building block of our proposed MS-STSK as a benefit of its design flexibility, where STSK is capable of providing the system with both diversity and multiplexing gains. The proposed MS-STSK system achieves both higher data rates and a lower bit error rate than the conventional STSK scheme, which is attained at the cost of increased number of AEs and a high-speed antenna switch. Furthermore, as the symbol rate of the MS-STSK system increases, its performance compared with the STSK scheme is significantly improved because of the enhanced diversity introduced by the additional AEs. Furthermore, we propose a reduced complexity detector for Quadrature Amplitude Modulation (QAM)/Phase Shift Keying (PSK) constellations, which-despite its reduced complexity-is capable of achieving the same performance as the optimal maximum likelihood detector.",Ibrahim A. Hemadeh; M. El-Hajjar; S. Won; L. Hanzo,22,,IEEE Access,2016.0,JournalArticle
2984fe10529ef05e0cd48bee32b71879e81e1260,Pricing and Resource Allocation via Game Theory for a Small-Cell Video Caching System,"Evidence indicates that downloading on-demand videos accounts for a dramatic increase in data traffic over cellular networks. Caching popular videos in the storage of small-cell base stations (SBS), namely, small-cell caching, is an efficient technology for reducing the transmission latency while mitigating the redundant transmissions of popular videos over back-haul channels. In this paper, we consider a commercialized small-cell caching system consisting of a network service provider (NSP), several video retailers (VRs), and mobile users (MUs). The NSP leases its SBSs to the VRs for the purpose of making profits, and the VRs, after storing popular videos in the rented SBSs, can provide faster local video transmissions to the MUs, thereby gaining more profits. We conceive this system within the framework of Stackelberg game by treating the SBSs as specific types of resources. We first model the MUs and SBSs as two independent Poisson point processes, and develop, via stochastic geometry theory, the probability of the specific event that an MU obtains the video of its choice directly from the memory of an SBS. Then, based on the probability derived, we formulate a Stackelberg game to jointly maximize the average profit of both the NSP and the VRs. In addition, we investigate the Stackelberg equilibrium by solving a non-convex optimization problem. With the aid of this game theoretic framework, we shed light on the relationship between four important factors: the optimal pricing of leasing an SBS, the SBSs allocation among the VRs, the storage size of the SBSs, and the popularity distribution of the VRs. Monte Carlo simulations show that our stochastic geometry-based analytical results closely match the empirical ones. Numerical results are also provided for quantifying the proposed game-theoretic framework by showing its efficiency on pricing and resource allocation.",Jun Yu Li; H. Chen; Youjia Chen; Zihuai Lin; B. Vucetic; L. Hanzo,148,b8accb87cf48714cec76b81233dd7424399f5034; b0704db380e4a59f55586f96a9bc6586e6ae0714; e7af7b711674982ee0bbdf78b3e88d3b39d2fee9; a1dae2490201f31fa359ab59910f73529296e7a2; 4cfcd6f7029f7d958176dab50ea901a043cdbbbf; d7b3ba575800076c8b935f816802a7e777ee0027; 267cf324f04f1993227f780af3555ea7d6c59c26; b7af39275de2781971dac80d39ac411f903b18dd; 1463087ef4fdd90ab849e2d0bc0118ae1bc8e1a7; 167ff4a8dfd3c0b0437e28360760a1019ceb7296; 93c541ce1eb1ffbb77fd1cc8a2340b7f7c97a86a; eccf0059529e67e07807c8b51e329a78d6f9ed95; e52b3a7daeb75eab6e78075874e3a3a22cb82e54; 8e778fee1c7ca86d2740356ed9c7ea6d559f6be4; b1befe95fba612686bc28ce581703dc2a358fbea; 008eb1704c39eeee3efc8db2db53f24d74743e06; 5bd9d3c01510f6ca571791abcfce80808c44ec73; 2e15d2065129939ce1fc26d984c47405535d0c65; 2947c1e1a48c22e1bcc0fb2e376701b7a3f1e45b; feef4a5af917580055fb7d661fff9d9fe55cb265; a0d31df776bb7a7a714f827c139f423b3ecbfd76; cc45a99711e10f755c395b8f1d4397d932976e25; 7b12113494cb5c6d5fa092c5e614fd4e5f5be606; 6cf61e7e30e1646f5dcbbf1351e8d27b29342b11; d9c64e51a90e20cf8bf56799ee3643fc63b33c90; 333b2c9b4e46895ce277ce34b166a1e0275a7072; 45072beb635fadba7820ce0d05f33b664c2a81bf,IEEE Journal on Selected Areas in Communications,2016.0,JournalArticle
2a9171ab3047af7024c059080352115d025dfb38,Supplemental data of A High-Throughput FPGA Architecture for Joint Source and Channel Decoding,,Matthew F. Brejza; R. Maunder; B. Al-Hashimi; L. Hanzo,0,,,2016.0,
2bbd19b88b69d9630da8987b2d21ca8cb0467e9c,Adaptive-TTCM-Aided Near-Instantaneously Adaptive Dynamic Network Coding for Cooperative Cognitive Radio Networks,,Wei Liang; H. Nguyen; S. Ng; L. Hanzo,16,,IEEE Transactions on Vehicular Technology,2016.0,JournalArticle
2cc5cb4087e6ff97b81d2b5af54d76456f82ded8,Compressed Impairment Sensing-Assisted and Interleaved-Double-FFT-Aided Modulation Improves Broadband Power Line Communications Subjected to Asynchronous Impulsive Noise,"In power line communications (PLCs), the multipath-induced dispersion and the impulsive noise are the two fundamental impediments in the way of high-integrity communications. The conventional orthogonal frequency-division multiplexing (OFDM) system is capable of mitigating the multipath effects in PLCs, but it fails to suppress the impulsive noise effects. Therefore, in order to mitigate both the multipath effects and the impulsive effects in PLCs, in this paper, a compressed impairment sensing (CIS)-assisted and interleaved-double-FFT (IDFFT)-aided system is proposed for indoor broadband PLC. Similar to classic OFDM, data symbols are transmitted in the time-domain, while the equalization process is employed in the frequency domain in order to achieve the maximum attainable multipath diversity gain. In addition, a specifically designed interleaver is employed in the frequency domain in order to mitigate the impulsive noise effects, which relies on the principles of compressed sensing (CS). Specifically, by taking advantage of the interleaving process, the impairment impulsive samples can be estimated by exploiting the principle of CS and then cancelled. In order to improve the estimation performance of CS, we propose a beneficial pilot design complemented by a pilot insertion scheme. Finally, a CIS-assisted detector is proposed for the IDFFT system advocated. Our simulation results show that the proposed CIS-assisted IDFFT system is capable of achieving a significantly improved performance compared with the conventional OFDM. Furthermore, the tradeoffs to be struck in the design of the CIS-assisted IDFFT system are also studied.",Hongming Zhang; Lie-liang Yang; L. Hanzo,21,,IEEE Access,2016.0,JournalArticle
2cf96f0e39433b89f32e6659c591ca2ad3843c04,A Tele-Traffic-Aware Optimal Base-Station Deployment Strategy for Energy-Efficient Large-Scale Cellular Networks,"With the explosive proliferation of mobile devices and services, the user density of large-scale cellular networks continues to increase, which results in further escalating traffic generation. Yet, there is an urging demand for reducing the network's energy dissipation. Hence, we model the energy efficiency of large-scale cellular networks for characterizing its dependence on the base station (BS) density as well as for quantifying the impact of tele-traffic on the achievable energy efficiency under specific quality of service requirements. This allows us to match the BS deployment to the network's tele-traffic while conserving precious energy. More specifically, we formulate a practical tele-traffic-aware BS deployment problem for optimizing the network's energy efficiency while satisfying the users' maximum tolerable outage probability. This is achieved by analyzing the optimal BS-density under specific tele-traffic conditions. Furthermore, we study the energy saving potential of our optimal BS deployment strategy under diverse practical parameters and provide insights into the attainable energy savings in dense random cellular networks. Our simulation results confirm the accuracy of our analysis and verify the impact of the parameters considered on the network's energy efficiency. Our results also demonstrate that the proposed tele-traffic-aware optimal BS deployment strategy significantly outperforms the existing approaches in terms of its energy efficiency.",Guogang Zhao; Sheng Chen; Liqiang Zhao; L. Hanzo,9,,IEEE Access,2016.0,JournalArticle
2e9b9febfe7a9b3d9ace3c69111559a0ad3defec,Transmit Antenna Selection for Multiple-Input Multiple-Output Spatial Modulation Systems,,Ping Yang; Yue Xiao; Y. Guan; Shaoqian Li; L. Hanzo,62,,IEEE Transactions on Communications,2016.0,JournalArticle; Review
308816a46e29898cde88db3bd9c946df4ee8689c,Dual-Layered MIMO Transmission for Increased Bandwidth Efficiency,"A dual-layered downlink transmission scheme is proposed for intrinsically amalgamating multiple-input-multiple-output (MIMO) spatial multiplexing (SMX) with spatial modulation (SM). The proposed scheme employs a classic SMX transmission that is known to offer superior bandwidth efficiency (BE) compared with SM. We exploit receive-antenna-based SM (RSM) on top of this transmission as an enhancement of the BE. The RSM here is applied to the combined spatial and power-level domain not by activating and deactivating the RAs but rather by choosing between two power levels {P1, P2} for the received symbols in these antennas. In other words, the combination of symbols received at a power level P1 carries information in the spatial domain in the same manner as the combination of nonzero elements in the receive symbol vector carries information in the RSM transmission. This allows for the coexistence of RSM with SMX, and the results show increased BE for the proposed scheme compared with both SMX and SM. To characterize the proposed scheme, we carry out a mathematical analysis of its performance, and we use this to optimize the ratio between P1 and P2 for attaining the minimum error rates. Our analytical and simulation results demonstrate significant BE gains for the proposed scheme compared with conventional SMX and SM.",C. Masouros; L. Hanzo,22,,IEEE Transactions on Vehicular Technology,2016.0,JournalArticle
31245599956bbf462cd924c7ac5df9176a91e070,Information-Sharing Outage-Probability Analysis of Vehicular Networks,,Chunxiao Jiang; Haijun Zhang; Zhu Han; Yong Ren; Victor C. M. Leung; L. Hanzo,39,,IEEE Transactions on Vehicular Technology,2016.0,JournalArticle
33ff5ee215eeef84c2c829af2d75e08b35226a98,Research Data: Joint Quantum-Assisted Channel Estimation and Data Detection,,Panagiotis Botsinis; Dimitrios Alanis; Zunaira Babar; S. Ng; L. Hanzo,0,,,2016.0,
341aa1740f3726a7a16e74c972a3fa2e33833b4f,Quantum-Aided Multi-User Transmission in Non-Orthogonal Multiple Access Systems,"With the research on implementing a universal quantum computer being under the technological spotlight, new possibilities appear for their employment in wireless communications systems for reducing their complexity and improving their performance. In this treatise, we consider the downlink of a rank-deficient, multi-user system and we propose the discrete-valued and continuous-valued quantum-assisted particle swarm optimization (PSO) algorithms for performing vector perturbation precoding, as well as for lowering the required transmission power at the base station (BS), while minimizing the expected average bit error ratio (BER) at the mobile terminals. We use the minimum BER criterion. We show that the novel quantum-assisted precoding methodology results in an enhanced BER performance, when compared with that of a classical methodology employing the PSO algorithm, while requiring the same computational complexity in the challenging rank-deficient scenarios, where the number of transmit antenna elements at the BS is lower than the number of users. Moreover, when there is limited channel state information feedback from the users to the BS, due to the necessary quantization of the channel states, the proposed quantum-assisted precoder outperforms the classical precoder.",Panagiotis Botsinis; Dimitrios Alanis; Zunaira Babar; H. Nguyen; Daryus Chandra; S. Ng; L. Hanzo,27,,IEEE Access,2016.0,JournalArticle
34b6c83d14bdf58a081a38bbdce673bace15eee3,Dataset for Unity-Rate Codes Maximize the Normalized Throughput of On-Off Keying Visible Light Communication,,Zunaira Babar; H. Nguyen; Panagiotis Botsinis; Dimitrios Alanis; Daryus Chandra; S. Ng; L. Hanzo,0,,,2016.0,
39f9cdb28bfb647d1547c004bea17cd756e77fa7,Research Data: Fully-Parallel Quantum Turbo Decoder,,Zunaira Babar; H. Nguyen; Panagiotis Botsinis; Dimitrios Alanis; Daryus Chandra; S. Ng; R. Maunder; L. Hanzo,0,,,2016.0,
3aee3f0e12d703285d0f891a04a6b6691beae4ee,Synergistic spectrum sharing in 5G HetNets: A harmonized SDN-enabled approach,,A. Akhtar; Xianbin Wang; L. Hanzo,64,,IEEE Communications Magazine,2016.0,JournalArticle
3bc35f2f1cc768afe6a8820ada2bf9872b3459a8,Joint Optimization of Transceiver Matrices for MIMO-Aided Multiuser AF Relay Networks: Improving the QoS in the Presence of CSI Errors,,Jiaxin Yang; B. Champagne; Yulong Zou; L. Hanzo,18,,IEEE Transactions on Vehicular Technology,2016.0,JournalArticle
3bfd630a35ba98ac2c1605c260bc3b169a480267,Energy Dissipation Versus Delay Tradeoffs in a Buffer-Aided Two-Hop Link,,Chen Dong; Li Li; Bo Zhang; Lie-liang Yang; L. Hanzo,5,,IEEE Transactions on Vehicular Technology,2016.0,JournalArticle
400e23a78b232c7589d3d80ed8cd4d28fa2d1662,Exponential Golomb and Rice Error Correction Codes for Generalized Near-Capacity Joint Source and Channel Coding,"The recently proposed unary error correction (UEC) and Elias gamma error correction (EGEC) codes facilitate the near-capacity joint source and channel coding (JSCC) of symbol values selected from large alphabets at a low complexity. Despite their large alphabet, these codes were only designed for a limited range of symbol value probability distributions. In this paper, we generalize the family of UEC and EGEC codes to the class of rice and exponential Golomb error correction codes, which have a much wider applicability, including the symbols produced by the H.265 video codec, the letters of the English alphabet, and in fact any arbitrary monotonic unbounded source distributions. Furthermore, the practicality of the proposed codes is enhanced to allow a continuous stream of symbol values to be encoded and decoded using only fixed-length system components. We explore the parameter space to offer beneficial tradeoffs between error correction capability, decoding complexity, as well as transmission-energy, -duration, and -bandwidth over a wide range of operating conditions. In each case, we show that our codes offer significant performance improvements over the best of several state-of-the-art benchmarkers. In particular, our codes achieve the same error correction capability, as well as transmission energy, transmission duration, and transmission bandwidth as a variable length error-correction code benchmarker, while reducing the decoding complexity by an order of magnitude. In comparison with the best of the other JSCC and separate source and channel coding benchmarkers, our codes consistently offer Eb/N0 gains of between 0.5 and 1.0 dB which only appear to be the modest, because the system operates close to capacity. These improvements are achieved for free, since they are not achieved at the cost of increasing transmission energy, transmission duration, transmission bandwidth, or decoding complexity.",Matthew F. Brejza; Tao Wang; Wenbo Zhang; D. Al-Khalili; R. Maunder; B. Al-Hashimi; L. Hanzo,8,,IEEE Access,2016.0,JournalArticle
410cfa9f8956c11d60aa2821bbb7cbdb8148947b,Joint Quantum-Assisted Channel Estimation and Data Detection,"Joint channel estimation (CE) and multi-user detection (MUD) have become a crucial part of iterative receivers. In this paper, we propose a quantum-assisted repeated weighted boosting search (QRWBS) algorithm for CE and we employ it in the uplink of multiple-input multiple-output orthogonal frequency division multiplexing systems, in conjunction with the maximum a posteriori probability (MAP) MUD and a near-optimal quantum-assisted MUD (QMUD). The performance of the QRWBS-aided CE is evaluated in rank-deficient systems, where the number of receive antenna elements (AEs) at the base station (BS) is lower than the number of supported users. The effect of the channel impulse response prediction filters, of the power delay profile of the channels, and of the Doppler frequency on the attainable system performance is also quantified. The proposed QRWBS-aided CE is shown to outperform the RWBS-aided CE, despite requiring a lower complexity, in systems where iterations are invoked between the MUD, the CE, and the channel decoders at the receiver. In a system, where U = 7 users are supported with the aid of P = 4 receive AEs, the joint QRWBS-aided CE and QMUD achieves a 2-dB gain, when compared with the joint RWBS-aided CE and MAP MUD, despite imposing 43% lower complexity.",Panagiotis Botsinis; Dimitrios Alanis; Zunaira Babar; S. Ng; L. Hanzo,24,,IEEE Access,2016.0,JournalArticle
42b5fe7a5e72c863847c4ea197808dbf5a7acaa1,Joint transmit and receive beamforming for multi-relay MIMO-OFDMA cellular networks,"A novel transmission protocol is conceived for a multi-user, multi-relay, multiple-input-multiple-output orthogonal frequency-division multiple-access (MIMO-OFDMA) cellular network based on joint transmit and receive beamforming. More specifically, the network's MIMO channels are mathematically decomposed into several effective multiple-input-single-output (MISO) channels, which are spatially multiplexed for transmission. For the sake of improving the attainable capacity, these MISO channels are grouped using a pair of novel grouping algorithms, which are then evaluated in terms of their performance versus complexity trade-off1.",Kent Tsz Kan Cheung; Shaoshi Yang; L. Hanzo,1,,2016 IEEE International Conference on Communications (ICC),2016.0,JournalArticle; Conference
43dbe4583210115fe54e9316c97906301e14805d,Hybrid Positioning Aided Amorphous-Cell Assisted User-Centric Visible Light Downlink Techniques,"Visible light communications (VLCs) have attracted significant attention in recent years, where the novel concept of user-centric (UC) VLC based on amorphous cells (A-Cells) exhibits extra benefits compared with conventional circular cells. The construction of A-Cells relies on the knowledge of the users' positions; hence, the intrinsic amalgamation of VLC and positioning becomes important. Therefore, we propose a novel hybrid positioning technique by beneficially combining the low-complexity of triangulation-based positioning and the high accuracy of fingerprinting, in order to support A-Cell-assisted UC VLC under practical light-emitting diode linearity constraints with clipping distortion and noise. Our simulation results demonstrate that the proposed technique is capable of achieving a much higher positioning accuracy than triangulation at a lower complexity than fingerprinting, where the resultant system throughput is similar to that of perfect positioning.",Simeng Feng; Xuan Li; Rong Zhang; M. Jiang; L. Hanzo,33,,IEEE Access,2016.0,JournalArticle
462ddfed85a33648cfe12404bef36778f6c9af53,1.5 Gbit/s FPGA Implementation of a Fully-Parallel Turbo Decoder Designed for Mission-Critical Machine-Type Communication Applications,"In wireless communication schemes, turbo codes facilitate near-capacity transmission throughputs by achieving reliable forward error correction. However, owing to the serial data dependencies imposed by the underlying logarithmic Bahl-Cocke-Jelinek-Raviv (Log-BCJR) algorithm, the limited processing throughputs of conventional turbo decoder implementations impose a severe bottleneck upon the overall throughputs of real-time wireless communication schemes. Motivated by this, we recently proposed a fully parallel turbo decoder (FPTD) algorithm, which eliminates these serial data dependencies, allowing parallel processing and hence offering a significantly higher processing throughput. In this paper, we propose a novel resource-efficient version of the FPTD algorithm, which reduces its computational resource requirement by 50%, which enhancing its suitability for field-programmable gate array (FPGA) implementations. We propose a model FPGA implementation. When using a Stratix IV FPGA, the proposed FPTD FPGA implementation achieves an average throughput of 1.53 Gb/s and an average latency of 0.56 μs, when decoding frames comprising N = 720 b. These are, respectively, 13.2 times and 11.1 times superior to those of the state-of-the-art FPGA implementation of the Log-BCJR long-term evolution (LTE) turbo decoder, when decoding frames of the same frame length at the same error correction capability. Furthermore, our proposed FPTD FPGA implementation achieves a normalized resource usage of 0.42 (kALUTs/Mb/s), which is 5.2 times superior to that of the benchmarker decoder. Furthermore, when decoding the shortest N = 40-b LTE frames, the proposed FPTD FPGA implementation achieves an average throughput of 442 Mb/s and an average latency of 0.18 μs, which are, respectively, 21.1 times and 10.6 times superior to those of the benchmarker decoder. In this case, the normalized resource usage of 0.08 (kALUTs/Mb/s) is 146.4 times superior to that of the benchmarker decoder.",An Li; Peter Hailes; R. Maunder; B. Al-Hashimi; L. Hanzo,29,fc3520adc0ed2c7506685edb92032edf7edbfb95; a767cfe364b8d3e0152c3750bdabb518e3d07354; acff1e4a0e8cd8103ed94bbbb2803b3cea7750c4; 32b0340b386940557bc4d9d61567edaec715ad54; 829b9f6686479aec4792483d4ee7354f4a6a7bfe; 94f736f474c0cffef48ea3bd7e21fd55c8ea4afa; 73a924bf7ea233344daa59cbb058ce0af3473edf; 28315d028c2292b351c35e5ca7d2061aca39d6a7; 2f59364cc877bfe975ff105d5a214441b6c8bebd; c5d1decd8318573d1660d588c57351cf125451f7; 8fbd3940fae8cd16e8a00cf3bb040370ce9767a0; b6f19978af1a4b394d4ee65aca96f188a22588da; 1e4f266afaafd1c4d9fae1b9203996d117db88fa; 2d6a14545111a015f9e7109d1e4282f17acbcc5b; 89a86680c02a5d58cfe108c5643e19bd7b843143; e69ac7394cab2e832b39b6be8b02a08d425b7835; 50949d74deaf63e58e4f89629a23a7f8ebe0dc45; 27ca6bf28fa5cbe8fba76897ee4716d3ead0e674; a0c11fd58a0538f9eae32f37ed910c79a3128226; 9d4e83db13ea001165d8968a3e869e8716c78377; b8c75331f6c58f85fe51807fb0752574f29012e7; ffdc45b9149cfaa49802f61a67996b72aaafc7ef; 687d4da32db81151629e50cf88f3aed78ce3f377; b9c77523673764087eb0893a85b832afce4fdef0; 8d008802aff70199cf375ab63b77439255f64088; 175e4565a8409367c9de922a8674d8774f40b229; cd7bc05175354786804e22009dd407745737109f; 6cb7366b7d7560aa1d74c714a84f0f882e36ee33; 0c2b503623d6c001534776d8157c63edb98d8c47; a3968a44d706e9c2e7c6ef43f242c877a809a6af; c7544076b7a874cd696c47745147e91876877bc6; 5c5289bf264f26d668d22bb7094343de667c801c; f38c355bb4e0244b89824328a70955602a4a88f4; 764ee434cbcd4d4a50559c67c00d4aebe67ac8c2; c501193353bec307a5b34b3345529ba9176c6477; 636a3861dde09ea557d4ce75884453800c3052f9; a1c91efdaf0e05434f81daaf15a2ca172a6b787b; bc6948ad90652a8c9063db05ded0572c5e2b9b75; e3eafbaddfb40e6ded682bddd36521c9e7dbdb23; 4930f7a0fca57dc5c1bc3f0f9a1825a34da11567; d061563242ca0ef21b712d83e234fd097d0d44d1; af2a5e79ea9b51e4f56d257dce4e299a95fbd0e4; 1ed93dccfbb98ced43ad141d3ee667132e48d3ee; 506949922c3b477e790d0df3b5d980c572a641b4; 63ede820b88d619ccc547ffeda046d9a8bb7648b; 75b0154aa9a656e60aee42193248725874edaffd; 390df5c58632df12e9cb9b5421fb70216f7859f8; 29312c2f21b0617b535f6f2b163ff978152929e3; 6d12a1d23b21a9b170118a56386552bc5d4727de; df60088a13170fa3e6d7a6d217d92b48f4fe15d6; d7fb5b5d8eacdf06b76ccc7beb98600241bb4ad6; 549e1994e74351422c6ce30fe748abd7044cdeea; 388fa95178e9b142b0ddec1dbc5dacbbab53ad8f,IEEE Access,2016.0,JournalArticle
4a55de9cd455dd0fcb731ba2380ccad9dae13cc5,Network Association Strategies for an Energy Harvesting Aided Super-WiFi Network Relying on Measured Solar Activity,,Jingjing Wang; Chunxiao Jiang; Zhu Han; Yong Ren; L. Hanzo,57,,IEEE Journal on Selected Areas in Communications,2016.0,JournalArticle
4d444f7191a7449e2bbebb2bbeb64142ff8f74d1,Soft-Decision Multiple-Symbol Differential Sphere Detection and Decision-Feedback Differential Detection for Differential QAM Dispensing with Channel Estimation in the Face of Rapidly Fading Channels,,Chao Xu; Li Wang; S. Ng; L. Hanzo,10,,IEEE Transactions on Wireless Communications,2016.0,JournalArticle
50169c9e4d8372828b4084015deade165b3c149b,Adaptive-Truncated-HARQ-Aided Layered Video Streaming Relying on Interlayer FEC Coding,,Chuan Zhu; Yongkai Huo; Bo Zhang; Rong Zhang; M. El-Hajjar; L. Hanzo,23,,IEEE Transactions on Vehicular Technology,2016.0,JournalArticle
530f1085cc6e80a14821deccf62f4c1ad8bfe5f2,Learning-Aided Unary Error Correction Codes for Non-Stationary and Unknown Sources,"Unary error correction (UEC) codes have recently been proposed for the joint source and channel coding of symbol values that are selected from a set having an infinite cardinality. However, the original UEC scheme requires the knowledge of the source probability distribution, in order to achieve near-capacity operation. This limits the applicability of the UEC scheme, since the source probability distribution is typically non-stationary and is unknown in practice. In this paper, we propose a dynamic version of the UEC scheme, which can learn the unknown source statistics and gradually improve its decoding performance during a transient phase, then dynamically adapt to the non-stationary statistics and maintain reliable near-capacity operation during a steady-state phase, at the cost of only a moderate memory requirement at the decoder. Based on the same learning technique, we also propose two separate source and channel coding benchmarkers, namely, a learning-aided Elias gamma-convolutional code (CC) scheme and a learning-aided arithmetic-CC scheme. The simulation results reveal that our proposed learning-aided UEC scheme outperforms the benchmarkers by up to 0.85 dB, without requiring any additional decoding complexity or any additional transmission-energy, -bandwidth, or -duration.",Wenbo Zhang; Zeyu Song; Matthew F. Brejza; Tao Wang; R. Maunder; L. Hanzo,5,,IEEE Access,2016.0,JournalArticle
55517f35517537159967b73f8724835c67a574f3,Historical Information Aware Unequal Error Protection of Scalable HEVC/H.265 Streaming Over Free Space Optical Channels,"Free space optical (FSO) systems are capable of supporting high data rates between fixed points in the context of flawless video communications. Layered video coding facilitates the creation of different-resolution subset layers for variable-throughput transmission scenarios. In this paper, we propose historical information aware unequal error protection (HA-UEP) for the scalable high efficiency video codec used for streaming over FSO channels. In particular, the objective function (OF) of the current video frame is designed based on historical information of its dependent frames. By optimizing this OF, specific subset layers may be selected in conjunction with carefully selected forward error correction coding rates, where the expected video distortion is minimized and the required bitrate is reduced under the constraint of a specific throughput. Our simulation results show that the proposed system outperforms the traditional equal error protection (EEP) scheme by about 4.5 dB of Eb/N0 at a peak signal-to-noise ratio of 33 dB. From a throughput-oriented perspective, HA-UEP is capable of reducing the throughput to about 30% compared with that of the EEP benchmarker, while achieving an Eb/N0 gain of 4.5 dB.",Yongkai Huo; Cheng Zhou; Junyi Jiang; L. Hanzo,17,,IEEE Access,2016.0,JournalArticle
59232a756c60bfcd9a92df16c088d141ec5f6e6c,Distributed Source–Channel Coding Using Reduced-Complexity Syndrome-Based TTCM,,Abdullah Aljohani; Zunaira Babar; S. Ng; L. Hanzo,2,,IEEE Communications Letters,2016.0,JournalArticle
5ca0da058e619f0b887d9043b74da5fcdf942234,Supplemental data for flexible iterative receiver architecture for wireless sensor networks: a joint source and channel coding design example,,Matthew F. Brejza; R. Maunder; B. Al-Hashimi; L. Hanzo,0,,,2016.0,
5d1df6246ca061d0937ada18e3ce18e8f5ff7005,Joint Dimming Control and Transceiver Design for MIMO-Aided Visible Light Communication,,Baolong Li; Rong Zhang; Wei Xu; Chunming Zhao; L. Hanzo,15,,IEEE Communications Letters,2016.0,JournalArticle
64120f989d71ec3add6a27f4bd740f1df8bba682,"LDPC and Rateless Channel Codes: Regular, Irregular, Protograph, Generalised and Pilot-Assisted Constructions",,L. Hanzo; N. Bonello; F. Guo; F. Kuo,0,,,2016.0,
64b60bce298e696bb804af40dabb3ac38293cab4,Multiple-Symbol Differential Sphere Detection and Decision-Feedback Differential Detection Conceived for Differential QAM,,Chao Xu; S. Ng; L. Hanzo,15,,IEEE Transactions on Vehicular Technology,2016.0,JournalArticle
665b8bd404efe1f68a4d7bd188d0a2dfe8324a14,Optimal Pilot Design for Pilot Contamination Elimination/Reduction in Large-Scale Multiple-Antenna Aided OFDM Systems,,Xinying Guo; Sheng Chen; Jiankang Zhang; X. Mu; L. Hanzo,38,,IEEE Transactions on Wireless Communications,2016.0,JournalArticle
66e3af2f37a5e05573bc5f11d121191180253666,"Guest Editorial Spectrum Sharing and Aggregation for Future Wireless Networks, Part II",,T. Tsiftsis; Guoru Ding; Yulong Zou; G. Karagiannidis; Zhu Han; L. Hanzo,0,,IEEE J. Sel. Areas Commun.,2016.0,JournalArticle
6767e0a3bc51c09a0b32273652652d1fb0d0aa60,Reordered Elias Gamma Error Correction Codes for the Near-Capacity Transmission of Multimedia Information,"A novel joint source and channel coding (JSCC) scheme is proposed, which we refer to as the reordered Elias gamma error correction (REGEC) code. Like the recently proposed unary error correction (UEC) code and EGEC code, the proposed code facilitates the practical near-capacity transmission of source symbol values that are randomly selected from a large or infinite alphabet. However, in contrast to the UEC code, both the EGEC and our proposed REGEC codes are universal codes, facilitating the transmission of source symbol values that are randomly selected using any monotonic probability distribution. However, the EGEC code has a complicated structure comprising two parts, where unequal error protection is required to balance the two parts with the aid of a specific parameterization that must be tailored to the source distribution, preventing its employment for unknown or non-stationary sources. By contrast, the proposed REGEC code does not need unequal error protection, and hence its parameterization does not have to be tailored to the particular source distribution, and thus the REGEC code is a more attractive scheme. More explicitly, our REGEC code has a simple structure comprising only a single part, which does not suffer from the delay and loss of synchronization that are associated with the two parts of the EGEC code. In a particular practical scenario, where the source symbols obey a specific Zeta probability distribution, our REGEC scheme is shown to offer gains of up to 0.9 dB over the best of JSCC and separate source and channel coding (SSCC) benchmarkers, when QPSK modulation is employed for transmission over an uncorrelated narrowband Rayleigh fading channel. In the scenario where the source symbols obey the distribution produced by the H.265 video codec, our REGEC scheme is shown to offer a gain of 0.7 dB over the SSCC benchmarker. These gains are achieved for free, without increasing the required transmit-duration, transmit-bandwidth, transmit-energy, or decoding complexity.",Tao Wang; Matthew F. Brejza; Wenbo Zhang; R. Maunder; L. Hanzo,3,,IEEE Access,2016.0,JournalArticle
68a1f1a2f67f85b6734b0bb41330bba89b737529,On the outage probability of information sharing in cognitive vehicular networks,,Chunxiao Jiang; Haijun Zhang; Zhu Han; Julian Cheng; Yong Ren; L. Hanzo,10,,2016 IEEE International Conference on Communications (ICC),2016.0,JournalArticle; Conference
68cf90d70c69f224dc1eea0a12bd6cad4d084aec,Joint Rate and Power Adaptation for Amplify-and-Forward Two-Way Relaying Relying on Analog Network Coding,"Analog network coding (ANC) is a promising technique of improving the throughput of relaying, especially when combined with both rate- and power-adaptation in the context of amplify-and-forward two-way relaying (AF-TWR ). In particular, the adaptation is employed both during the multiple access stage, when a pair of terminals transmit simultaneously to a relay, and during the broadcast stage, where the relay transmits to both terminals. Based on our bit-error-rate (BER) bounds, we formulate the explicit relationship amongst the data rates, transmit powers, and BERs. Then, we conceive a rate- and power-adaptation scheme, operating both under specific average power constraints and BER constraints both at the relay node and at the two terminals. We observe that the transmit power of nodes does affect the data rate and hence using a fixed transmit power is not always optimal. We then derive a closed-form solution for continuous-rate ANC aided quadrature amplitude modulation/phase shift keying (ANC-QAM/PSK) using the classic Karush-Kuhn-Tucker method and conceive discrete-rate ANC-QAM/PSK regimes for practical wireless systems. The performance of the proposed scheme is evaluated through extensive simulations. Our performance results confirm that the proposed ANC-QAM/PSK outperforms its counterpart operating without power adaptation in a broad range of scenarios.",Yanping Yang; Wei Chen; Ou Li; L. Hanzo,18,,IEEE Access,2016.0,JournalArticle
69508057a98d293f404955eccdb6c1825f0d73a6,Hybrid Bit-to-Symbol Mapping for Spatial Modulation,,Ping Yang; Yue Xiao; Lu Yin; Qian Tang; Shaoqian Li; L. Hanzo,21,,IEEE Transactions on Vehicular Technology,2016.0,JournalArticle
695e018d82a94759a37bd479d86d82141a5aeb2e,Outage Analysis and Optimization in Single- and Multiuser Wireless Energy Harvesting Networks,,Bo Zhang; Chen Dong; M. El-Hajjar; L. Hanzo,15,,IEEE Transactions on Vehicular Technology,2016.0,JournalArticle
6aabcf8cc5bf332d58a99b2824cd8095a81489df,"Database for the VTC2016-Nanjing accepted conference paper entitled with ""LDPC-Coded Index-Modulation Aided OFDM for In-vehicle Power Line Communications""",,Hongming Zhang; Lie-liang Yang; L. Hanzo,0,,,2016.0,
6dd9e64172231122038555889a8c7215a324a19a,LDPC-Coded Index-Modulation Aided OFDM for In-Vehicle Power Line Communications,,Hongming Zhang; Lie-liang Yang; L. Hanzo,21,,IEEE Vehicular Technology Conference,2016.0,JournalArticle; Conference
6e92bbbf27934cbec5cdb62fa6cebf2f43b979ab,An Efficient Direct Solution of Cave-Filling Problems,,Kalpana Naidu; Mohammed Zafar Ali Khan; L. Hanzo,21,,IEEE Transactions on Communications,2016.0,JournalArticle
710125a1720b0b521742f9b7bbb7a136d2f0e2f8,Stochastic Computing Improves the Timing-Error Tolerance and Latency of Turbo Decoders: Design Guidelines and Tradeoffs,"Stochastic computing has been recently proposed for the hardware implementation of both low-density parity-check (LDPC) decoders and turbo decoders, which facilitate near-optimal error correction capabilities in wireless communication applications. Previous contributions have demonstrated that stochastic LDPC decoders offer an attractive tradeoff between their error correction capabilities, hardware performance, and timing-error tolerance. Motivated by this, we propose a pair of stochastic turbo decoder (STD) designs having significantly enhanced timing-error tolerance and significantly reduced processing latency. Moreover, we characterize the tradeoffs between chip area, energy efficiency, latency, throughput, and error correction capabilities of both the timing-error-tolerant STD and of the reduced-latency STD. We demonstrate that our proposed timing-error-tolerant STD operated at 1.20 V, with a clock period of 2.2 ns and in the presence of a three-standard deviation power supply variation of 7%, exhibits an unimpaired performance, compared with the state-of-the-art STD, operated at 1.20 V and 4 ns and with no power supply variations. This corresponds processing throughput improvement by a factor of 2.42 and energy consumption reduction by a factor of 4. Finally, we demonstrate that our proposed reduced-latency STD has a processing latency that is an order of magnitude lower than that of the state-of-the-art STD. This is despite reducing the chip area by a factor of 4, increasing the processing throughput by a factor of 65, while consuming only 0.005 times the energy of the state-of-the-art STD, when using binary phase-shift keying for communication over an additive white Gaussian noise channel having Eb/N0 = 3 dB.",I. Perez-Andrade; Shida Zhong; R. Maunder; B. Al-Hashimi; L. Hanzo,16,,IEEE Access,2016.0,JournalArticle
737b08667e97da0836ba048f4b8f8cdc855604fa,Online Source Rate Control for Adaptive Video Streaming Over HSPA and LTE-Style Variable Bit Rate Downlink Channels,,Jian Yang; Yongyi Ran; Shuangwu Chen; Weiping Li; L. Hanzo,13,,IEEE Transactions on Vehicular Technology,2016.0,JournalArticle
73aa37e2fb6a381f608b653b2b9b25bd9fd599f3,Distributed Source Coding and Its Applications in Relaying-Based Transmission,"Distributed source coding (DSC) schemes rely on separate encoding but joint decoding of statistically dependent sources, which exhibit correlation. DSC has numerous promising applications ranging from reduced-complexity handheld video communications to onboard hyperspectral image coding under computational limitations. The concept of separate encoding at the first sight compromises the attainable encoding performance. However, the DSC theory proves that independent encoding can in fact be designed as efficiently as joint encoding, as long as joint decoding is allowed. More specifically, distributed joint source-channel coding (DJSC) is associated with the scenario, where the correlated source signals are transmitted through a noisy channel. In this paper, we present a concise historic background of DSC concerning both its theory and its practical aspects. In addition, a series of turbo trellis-coded modulation (TTCM)-aided DJSC-based cooperative transmission schemes are proposed. DJSC scheme is conceived for the transmission of a pair of correlated sources to a destination node (DN). The first source sequence is TTCM encoded, and then, it is compressed before it is transmitted both over a Rayleigh fading channel, where the second source signal is assumed to be perfectly decoded side-information at the DN for the sake of improving the achievable decoding performance of the first source. The proposed scheme is capable of performing reliable communications for various levels of correlation near to the theoretical Slepian-Wolf/Shannon (SW/S) limit. Pursuing our objective of designing practical DJSC schemes, we further extended the above-mentioned arrangement to a more realistic cooperative communication system, where the pair of correlated sources are transmitted to a DN with the aid of a relay node (RN). Explicitly, the pair of correlated source sequences are TTCM encoded and compressed before transmission over a Rayleigh fading multiple access channel, where our proposed scheme is capable of operating within 0.55 dB from the SW/S limit for a correlation coefficient value of ρ = 0.8, and within 0.07 bits of the minimum SW compression rate. The RN transmits both users' signal with the aid of a powerful superposition modulation technique that judiciously allocates the transmit power between the two signals. The correlation is beneficially exploited at both the RN and the DN using our powerful iterative joint decoder, which is optimized using extrinsic information transfer characteristics charts.",A. Aljohani; S. Ng; L. Hanzo,17,,IEEE Access,2016.0,JournalArticle
7648778506ccd0ab2af7f8ceeca5bdbf49e3edd8,Discrete-input continuous-output memoryless channel capacity of cooperative hierarchical modulation,,Hua Sun; S. Ng; L. Hanzo,0,,IET Communications,2016.0,JournalArticle
784c0d1932544579da48b8d71f0500511efbf4cb,Charging Unplugged: Will Distributed Laser Charging for Mobile Wireless Power Transfer Work?,,Qingwen Liu; Jun Wu; Pengfei Xia; Shengjie Zhao; Wei Chen; Yanping Yang; L. Hanzo,159,,IEEE Vehicular Technology Magazine,2016.0,JournalArticle
787b92532afc64165b6decfa966e673e3e99153c,Millimeter-Wave Radio Over Fiber Optical Upconversion Techniques Relying on Link Nonlinearity,,V. Thomas; M. El-Hajjar; L. Hanzo,86,,IEEE Communications Surveys and Tutorials,2016.0,JournalArticle; Review
7bf0c5b4fb4dc57226a0e0c17e07ba85f5b46efe,Energy Efficient Visible Light Communications Relying on Amorphous Cells,"In this paper, we design an energy efficient indoor visible light communications (VLC) system from a radically new perspective based on an amorphous user-to-network association structure. Explicitly, this intriguing problem is approached from three inter-linked perspectives, considering the cell formation, link-level transmission and system-level optimisation, critically appraising the related optical constraints. To elaborate, apart from proposing hitherto unexplored amorphous cells (A-Cells), we employ a powerful amalgam of asymmetrically clipped optical orthogonal frequency division multiplexing (ACO-OFDM) and transmitter pre-coding aided multi-input single-output (MISO) transmission. As far as the overall system-level optimisation is concerned, we propose a low-complexity solution dispensing with the classic Dinkelbach's algorithmic structure. Our numerical study compares a range of different cell formation strategies and investigates diverse design aspects of the proposed A-Cells. Specifically, our results show that the A-Cells proposed are capable of achieving a much higher energy efficiency per user compared to that of the conventional cell formation for a range of practical field of views (FoVs) angles.",Rong Zhang; H. Claussen; H. Haas; L. Hanzo,65,,IEEE Journal on Selected Areas in Communications,2016.0,JournalArticle
7c9d3453254800346ee71bf7ef20747f83bb27bd,Improving the Tolerance of Stochastic LDPC Decoders to Overclocking-Induced Timing Errors: A Tutorial and a Design Example,"Channel codes, such as low-density parity-check (LDPC) codes, may be employed in wireless communication schemes for correcting transmission errors. This tolerance to channel-induced transmission errors allows the communication schemes to achieve higher transmission throughputs, at the cost of requiring additional processing for performing LDPC decoding. However, this LDPC decoding operation is associated with a potentially inadequate processing throughput, which may constrain the attainable transmission throughput. In order to increase the processing throughput, the clock period may be reduced, albeit this is at the cost of potentially introducing timing errors. Previous research efforts have considered a paucity of solutions for mitigating the occurrence of timing errors in channel decoders, by employing additional circuitry for detecting and correcting these overclocking-induced timing errors. Against this background, in this paper, we demonstrate that stochastic LDPC decoders (LDPC-SDs) are capable of exploiting their inherent error correction capability for correcting not only transmission errors, but also timing errors, even without the requirement for additional circuitry. Motivated by this, we provide the first comprehensive tutorial on LDPC-SDs. We also propose a novel design flow for timing-error-tolerant LDPC decoders. We use this to develop a timing error model for LDPC-SDs and investigate how their overall error correction performance is affected by overclocking. Drawing upon our findings, we propose a modified LDPC-SD, having an improved timing error tolerance. In a particular practical scenario, this modification eliminates approximately 1-dB performance degradation that is suffered by an overclocked LDPC-SD without our modification, enabling the processing throughput to be increased by up to 69.4%, which is achieved without compromising the error correction capability or processing energy consumption of the LDPC-SD.",Xin Zuo; I. Perez-Andrade; R. Maunder; B. Al-Hashimi; L. Hanzo,5,,IEEE Access,2016.0,JournalArticle; Review
8043d796d0b73af39345164ad2ee6bd0d5aece95,Dataset for Hybrid beamforming in mm-wave MIMO systems having a finite input alphabet,,R. Rajashekar; L. Hanzo,0,,,2016.0,
8586c0fdf735b7afd4cd6935facfbf27963aa9d8,Research Data: Quantum-Assisted Joint Multi-Objective Routing and Load Balancing for Socially-Aware Networks,,Dimitrios Alanis; Jie Hu; Panagiotis Botsinis; Zunaira Babar; S. Ng; L. Hanzo,0,,,2016.0,
89022ae62d0eeabbd1fe0c5aff038663355a5adb,Decomposition Optimization Algorithms for Distributed Radar Systems,,Ying Ma; Sheng Chen; C. Xing; Xiangyuan Bu; L. Hanzo,17,,IEEE Transactions on Signal Processing,2016.0,JournalArticle
8b82875e552895f41e85b1cc94ac698e02894dc2,A Low-Complexity Power Allocation Algorithm for Multiple-Input–Multiple-Output Spatial Modulation Systems,,Ping Yang; Yue Xiao; Shaoqian Li; L. Hanzo,32,,IEEE Transactions on Vehicular Technology,2016.0,JournalArticle
8ead9d16fe31b6a5b422fa7a93d487ae160f6aec,Large-scale MIMO is capable of eliminating power-thirsty channel coding for wireless transmission of HEVC/H.265 video,"A wireless video transmission architecture relying on the emerging LS-MIMO technique is proposed. Upon using the most advanced high efficiency video coding (also known as H.265), we demonstrate that the proposed architecture invoking the low-complexity linear zero-forcing detector and dispensing with any channel coding is capable of significantly outperforming the conventional small-scale MIMO-based architecture, even if the latter employs the high-complexity optimal maximum likelihood detector and a rate- 1/3 recursive systematic convolutional channel codec. Specifically, compared to the conventional small-scale MIMO system, the effective system throughput of the proposed LS-MIMO-based scheme is increased by a factor of up to three, and the quality of reconstructed video quantified in terms of the PSNR is improved by about 22.5 dB at a channel SNR of Eb/N0 ~ 6 dB for delay-tolerant video file delivery applications, and about 20 dB for lip-synchronized real-time interactive video applications. Alternatively, viewing the attainable improvement from a power-saving perspective, a channel SNR gain as high as δEb/N0 ~ 5 dB is observed at a PSNR of 36 dB for the scenario of delay-tolerant video applications, and again, an even higher channel SNR gain is achieved in the real-time video application scenario. Therefore, we envisage that LS-MIMO-aided wireless multimedia communications is capable of dispensing with the power-thirsty channel codec altogether!",Shaoshi Yang; Cheng Zhou; Tiejun Lv; L. Hanzo,12,,IEEE wireless communications,2016.0,JournalArticle
8eb1be396c6eed6ec6435ad8366277c6b8345140,Research Data: Serially Concatenated Unity-Rate Codes Improve Quantum Codes Without Coding-Rate Reduction,,Zunaira Babar; H. Nguyen; Panagiotis Botsinis; Dimitrios Alanis; Daryus Chandra; S. Ng; L. Hanzo,0,,,2016.0,
8fad61905992e7d844559b1c8644d284bd67baf6,Cooperative distributed unmanned aerial vehicular networks: Small and mini drones,,Jingjing Wang; Chunxiao Jiang; Zhu Han; Yong Ren; R. Maunder; L. Hanzo,12,,,2016.0,Review
909f033dfa19cfca1e555594f686738e5a4619f8,Physical-layer authentication for wireless security enhancement: current challenges and future developments,,Xianbin Wang; Peng Hao; L. Hanzo,202,,IEEE Communications Magazine,2016.0,JournalArticle; Review
919f0c2abac33842b4cbc33a1dd0a5deb2547ef2,Buffer-aided relaying for the multi-user uplink: outage analysis and power allocation,,Bo Zhang; Chen Dong; Jing Lei; M. El-Hajjar; Lie-liang Yang; L. Hanzo,7,,IET Communications,2016.0,JournalArticle
954e4cf021d48e29b31fb0542306ca96977ca385,Error Vector Magnitude Analysis of Fading SIMO Channels Relying on MRC Reception,,V. Thomas; Suman Kumar; S. Kalyani; M. El-Hajjar; K. Giridhar; L. Hanzo,20,,IEEE Transactions on Communications,2016.0,JournalArticle
97a4aaad33b71d9a1a684ac21c272567d1eec8e0,Single-Carrier SM-MIMO: A Promising Design for Broadband Large-Scale Antenna Systems,,Ping Yang; Yue Xiao; Y. Guan; K. Hari; A. Chockalingam; S. Sugiura; H. Haas; M. Renzo; C. Masouros; Zilong Liu; Lixia Xiao; Shaoqian Li; L. Hanzo,194,,IEEE Communications Surveys and Tutorials,2016.0,JournalArticle; Review
9a04272ac430f58c0279f92f76376107feea69c5,Serially Concatenated Unity-Rate Codes Improve Quantum Codes Without Coding-Rate Reduction,,Zunaira Babar; H. Nguyen; Panagiotis Botsinis; Dimitrios Alanis; Daryus Chandra; S. Ng; L. Hanzo,9,,IEEE Communications Letters,2016.0,JournalArticle
9ff21abe4e6e36e4d1fed056c0574fd1f94ec28c,Distributed Reciprocal-Selection-Based ‘Win-Win’ Cooperative Medium Access and its Stability Analysis,"In this paper, a distributed “Win-Win” reciprocal-selection-based medium access scheme (DWWRS-MAS) is designed for a cooperative spectrum leasing system hosting multiple licensed transmission pairs and multiple unlicensed transmission pairs. Based on the proposed DWWRS-MAS, the primary transmitter (PT) intends to lease its spectral resources to an appropriate secondary transmitter (ST) in exchange for cooperative transmission assistance for the sake of minimizing its transmit power and simultaneously satisfying its transmit rate requirement. The ST has an incentive to collaborate with the best PT for the sake of minimizing the ST's transmit power under the constraint of its Quality of Service (QoS) requirement, while simultaneously winning a transmission opportunity for its own traffic. Moreover, based on the matching theory and queueing theory, we analyze the algorithmic stability and the queueing stability of the cooperative spectrum leasing system exploiting our DWWRS-MAS, respectively. Simulation results demonstrate that our DWWRS-MAS is capable of providing both considerable energy savings and substantial rate improvements for the cooperative spectrum leasing system hosting multiple licensed transmission pairs and multiple unlicensed transmission pairs.",Jiao Feng; Wei Liang; S. Ng; L. Hanzo,0,,IEEE Access,2016.0,JournalArticle
a39213e9b31c096a51fc0d8d5056275965971ccd,Resource Allocation Under Delay-Guarantee Constraints for Visible-Light Communication,"Visible light communications (VLCs) relying on commercially available light-emitting diode (LED) transmitters offer a huge data rate potential in this license-free spectral domain, while simultaneously satisfying energy-efficient conventional illumination demands. In an LED-based VLC system, the achievable data rate may be severely degraded owing to the interference, when the VLC system employs the unity frequency reuse (FR) approach. In order to mitigate the effects of interference, we propose a pair of interference avoidance approaches, namely, FR-based transmission and vectored transmission (VT). Furthermore, the resource allocation (RA) problems of indoor mobile terminals (MTs) are investigated based on different transmission strategies. Inspired by the concept of effective capacity (EC), we formulate our RA optimization problems applying proportional fairness, while satisfying specific statistical delay constraints. Our optimization procedure solves the RA problem of indoor MTs with the aid of a decentralized algorithm. Simulation results are also presented for quantifying the performance of the proposed algorithm. It is shown that both of our interference avoidance approaches are capable of reducing the interference, hence improving the overall performance. Furthermore, it is also observed that our VT transmission is capable of achieving a higher EC than the FR approach, when the statistical delay requirements are loose. By contrast, the FR-based transmission attains the best performance, when we tighten the delay requirements.",Fan Jin; Xuan Li; Rong Zhang; Chen Dong; L. Hanzo,38,,IEEE Access,2016.0,JournalArticle
a5d076d6280aaae34ffb199b15fa81d79fe67413,Compressed Sensing Improves the Performance of Subcarrier Index-Modulation-Assisted OFDM,"In orthogonal frequency division multiplexing relying on subcarrier index modulation (OFDM-SIM), the information is conveyed by both the indices of the activated subcarriers and the conventional amplitude-phase modulated (APM) symbols. It has been shown that OFDM-SIM is capable of striking a tradeoff between the attainable spectral efficiency (SE) and energy efficiency (EE). In order to further increase the EE of the OFDM-SIM system, while potentially increasing its SE, we propose a compressed sensing (CS)-assisted signaling strategy for the family of OFDM-SIM systems. Correspondingly, we first consider the joint maximum likelihood detection of the CS-assisted index-modulated (CSIM) and of the classic APM symbols, despite its high complexity. Then, we propose a low complexity detection algorithm, which is termed as the iterative residual check (IRC)-based detector. This is based on the greedy pursuit concept of CS, which makes locally optimal choices at each step. Finally, both analytical and simulation results are provided for characterizing the attainable system performance of our proposed OFDM-CSIM system. We demonstrate that in comparison to the conventional OFDM-SIM system, the proposed OFDM-CSIM arrangement is capable of achieving both a higher SE as well as an increased EE. We also show that the diversity gain provided by the OFDM-CSIM system is much higher than that of the OFDM-SIM system. Furthermore, our investigation of the detection performance shows that the proposed IRC detector is capable of providing an attractive detection performance at a low complexity.",Hongming Zhang; Lie-liang Yang; L. Hanzo,80,,IEEE Access,2016.0,JournalArticle
a767cfe364b8d3e0152c3750bdabb518e3d07354,20 Years of Turbo Coding and Energy-Aware Design Guidelines for Energy-Constrained Wireless Applications,,Matthew F. Brejza; Liang Li; R. Maunder; B. Al-Hashimi; C. Berrou; L. Hanzo,41,,IEEE Communications Surveys and Tutorials,2016.0,JournalArticle; Review
aacd7a194369ed1ee48fb171c58bbb47f1e47fa9,"Full-Duplex Wireless Communications: Challenges, Solutions, and Future Research Directions",,Zhongshan Zhang; Keping Long; A. Vasilakos; L. Hanzo,535,,Proceedings of the IEEE,2016.0,JournalArticle; Review
acff1e4a0e8cd8103ed94bbbb2803b3cea7750c4,VLSI Implementation of Fully Parallel LTE Turbo Decoders,"Turbo codes facilitate near-capacity transmission throughputs by achieving a reliable iterative forward error correction. However, owing to the serial data dependence imposed by the logarithmic Bahl-Cocke-Jelinek-Raviv algorithm, the limited processing throughputs of the conventional turbo decoder implementations impose a severe bottleneck upon the overall throughputs of real-time communication schemes. Motivated by this, we recently proposed a floating-point fully parallel turbo decoder (FPTD) algorithm, which eliminates the serial data dependence, allowing parallel processing and hence significantly reducing the number of clock cycles required. In this paper, we conceive a technique for reducing the critical datapath of the FPTD, and we propose a novel fixed-point version as well as its very large scale integration (VLSI) implementation. We also propose a novel technique, which allows the FPTD to also decode shorter frames employing compatible interleaver patterns. We strike beneficial tradeoffs amongst the latency, core area, and energy consumption by investigating the minimum bit widths and techniques for message log-likelihood ratio scaling and state metric normalization. Accordingly, the design flow and design tradeoffs considered in this paper are also applicable to other fixed-point implementations of error correction decoders. We demonstrate that upon using Taiwan Semiconductor Manufacturing Company (TSMC) 65-nm low-power technology for decoding the longest long-term evolution frames (6144 b) received over an additive white Gaussian noise channel having Eb/N0 = 1 dB, the proposed fixed-point FPTD VLSI achieves a processing throughput of 21.9 Gb/s and a processing latency of 0.28 μs. These results are 17.1 times superior to those of the state-of-the-art benchmarker. Furthermore, the proposed fixed-point FPTD VLSI achieves an energy consumption of 2.69 μJ/frame and a normalized core area of 5 mm2/Gb/s, which are 34% and 23% lower than those of the benchmarker, respectively.",An Li; Luping Xiang; Taihai Chen; R. Maunder; B. Al-Hashimi; L. Hanzo,48,a767cfe364b8d3e0152c3750bdabb518e3d07354; 94f736f474c0cffef48ea3bd7e21fd55c8ea4afa; 378a8f63c948ca70180f4898b37cf32392a09cdf; 8ede66d17912ebb1546638dcdd93d334dbf72bb1; 7c9cf5d00bf71bf408c2a1fed7f92bc78c6b542e; 1f0e2df1642943bf5a86a862ba06200853e78337; fdc2360e6faf4f17c42540c3ca21034d17ad4479; 97058c3f1dc8af5ba78c84f1c28c0997eba8bf52; 50949d74deaf63e58e4f89629a23a7f8ebe0dc45; b8c75331f6c58f85fe51807fb0752574f29012e7; 8d008802aff70199cf375ab63b77439255f64088; 23516dd89e44c546e270fd9e3297fcb03e1dc6e5; 6cb7366b7d7560aa1d74c714a84f0f882e36ee33; c7544076b7a874cd696c47745147e91876877bc6; 000372290caae5482dcdd7954feb895ccbab921d; c090bf5e7329edd583dbc46d2bb41da18180a4bc; 764ee434cbcd4d4a50559c67c00d4aebe67ac8c2; c21ca549c3a373b2e3bd696e5236b28a6871b691; 636a3861dde09ea557d4ce75884453800c3052f9; a1c91efdaf0e05434f81daaf15a2ca172a6b787b; be209153baeeae00c7434630307982a2006fdf3c; bc6948ad90652a8c9063db05ded0572c5e2b9b75; 64a97fb6b86a931745261af6b1dca263e98135ee; e7c19ecf1f797f3fe893938b33cfe04c15320574; f11a721cbc067cba431c3b2511c32a0dfe66994e; d63367d55e622d1aa92fe29844902eedbadbfab7; e3eafbaddfb40e6ded682bddd36521c9e7dbdb23; 4930f7a0fca57dc5c1bc3f0f9a1825a34da11567; d061563242ca0ef21b712d83e234fd097d0d44d1; af2a5e79ea9b51e4f56d257dce4e299a95fbd0e4; 7838b12e374506dd77a88d7ac2c578c58034db46; 506949922c3b477e790d0df3b5d980c572a641b4; 63ede820b88d619ccc547ffeda046d9a8bb7648b; 75b0154aa9a656e60aee42193248725874edaffd; 29312c2f21b0617b535f6f2b163ff978152929e3; 549e1994e74351422c6ce30fe748abd7044cdeea; 388fa95178e9b142b0ddec1dbc5dacbbab53ad8f,IEEE Access,2016.0,JournalArticle
add606c83153c16fb4ec4dde8fb9762d505f1831,Predicting the Affordable Rate in Interference-Limited Cellular Systems Using Higher-Order Markov Models,"In cellular broadband access systems, such as 3GPP long-term evolution, the user equipment (UE) feeds back a quantized rate metric to the base station (eNodeB), in order to perform rate adaptation. The periodicity of this rate feedback is fixed so as to minimize the overhead without eroding its benefits. However, between two feedback instants n and n+δ, the actual rate that the UE can correctly decode might change due to the: Doppler shift and change in the active set of interferers. Hence, to fully exploit the benefits of adaptation, an accurate prediction of the attainable rate is required. In this context, we argue that a non-parametric approach to rate prediction is necessary. Since the selected rate is from a set of discrete values, the rate prediction problem is mapped by us onto a discrete sequence prediction problem, and we construct higher order Markov models for the discrete sequences using source encoding algorithms. We then propose two distinct rate-prediction algorithms. One of them is the adaptive maximum a posteriori estimator, while the other is the adaptive Bayesian risk-based estimator. Both of these algorithms simultaneously estimate the best Markov model for each UE and then perform prediction based on the estimated model.",Saishankar Katri Pulliyakode; S. Kalyani; L. Hanzo; K. Giridhar,4,,IEEE Access,2016.0,JournalArticle
b244dbcc3c05633d2c72fefbda9a1866d1b0aece,Aperture Selection for ACO-OFDM in Free-Space Optical Turbulence Channel,,Junyi Jiang; Peichang Zhang; Rong Zhang; Sheng Chen; L. Hanzo,18,,IEEE Transactions on Vehicular Technology,2016.0,JournalArticle
b7af729201f20cf4d532dec5c407f6fadf1b8c83,Performance analysis of OFDM systems in dispersive indoor power line channels inflicting impulsive noise,,Hongming Zhang; Lie-liang Yang; L. Hanzo,1,,,2016.0,
c0c04fb5180cd91080b11a2d8152ed09df9ffdd7,Performance of Cognitive Hybrid Automatic Repeat reQuest: Go-Back-N,,A. Rehman; Lie-liang Yang; L. Hanzo,10,,IEEE Vehicular Technology Conference,2016.0,JournalArticle; Conference
c1c84797248c861567f09327a22ed9488b6f788e,Reduced-Complexity Soft-Decision Multiple-Symbol Differential Sphere Detection for Differential QAM Dispensing with Channel Estimation in the Face of Rapidly-Fading Channels,,Chao Xu; Li Wang; S. Ng; L. Hanzo,0,,,2016.0,
c477a6ab4d0b06b97e713c7918dd60f06f52170f,Hybrid Beamforming in mm-Wave MIMO Systems Having a Finite Input Alphabet,,R. Rajashekar; L. Hanzo,49,,IEEE Transactions on Communications,2016.0,JournalArticle
c58b3ea3e0b567210b7e63c9c998af67cfcde402,Cross-Layer Design of Adaptive Network-Coded QAM Aided Truncated ARQ in Two-Way Relaying,,Yanping Yang; Wei Chen; Ou Li; Qingwen Liu; L. Hanzo,1,,IEEE Vehicular Technology Conference,2016.0,JournalArticle; Conference
c684b563d7353830f554208271c9ebb6c38604d0,"Original data of figures for ""Piecewise Companding Transform Assisted Optical-OFDM Systems for Indoor Visible Light Communications""",,Hongming Zhang; Lie-liang Yang; L. Hanzo,0,,,2016.0,
c782d16ba4a5b0de9e4346263442d4c151de4678,Unequal Error Protected Bitplanes Improve the Robustness of Wireless Holographic Image Communications,,Yongkai Huo; T. Naughton; L. Hanzo,0,,,2016.0,
c79c0443ee4858899c914715b7813d357478938c,Resource Allocation for D2D Links in the FFR and SFR Aided Cellular Downlink,,Shruti Gupta; Suman Kumar; Rong Zhang; S. Kalyani; K. Giridhar; L. Hanzo,32,,IEEE Transactions on Communications,2016.0,JournalArticle
ccda3ae6142e3eaf3331c452279d52323554829c,Dataset: Multi-Set Space-Time Shift-Keying With Reduced Detection Complexity,,Ibrahim A. Hemadeh; M. El-Hajjar; S. Won; L. Hanzo,5,,,2016.0,
cd0f3739c90942cbd2f4a95915e3943a1dba1b53,Throughput Maximization for a Buffer-Aided Successive Relaying Network Employing Energy Harvesting,,Shruti Gupta; Rong Zhang; L. Hanzo,31,,IEEE Transactions on Vehicular Technology,2016.0,JournalArticle
ceb72d38e8570a6accd726564318ef5d80ae423b,Layered Multi-Group Steered Space-Time Shift-Keying for Millimeter-Wave Communications,"We propose a novel multi-user multiple-input multiple-output (MIMO) technique termed the layered multi-group steered space-time shift keying (LMG-SSTSK) for the downlink of millimeter wave (mmWave) communications, which combines the concepts of multi-user MIMO, space-time shift keying, beamforming and orthogonal frequency-division multiplexing to simultaneously convey information to multiple users. The LMG-SSTSK tackles the propagation challenges of the high-attenuation mmWave frequencies by sub-dividing the users into multiple groups. The proposed system allows more users to be served simultaneously in the downlink over the same time- and frequency-resources than a system dispensing with the proposed grouping technique.",Ibrahim A. Hemadeh; M. El-Hajjar; S. Won; L. Hanzo,23,,IEEE Access,2016.0,JournalArticle
cffe4687f39e03debede5813b1b8823de47eb9fb,Energy Efficient OFDMA Networks Maintaining Statistical QoS Guarantees for Delay-Sensitive Traffic,"An energy-efficient design is proposed under specific statistical quality-of-service (QoS) guarantees for delay-sensitive traffic in the downlink orthogonal frequency-division multiple-access networks. This design is based on Wu's effective capacity (EC) concept, which characterizes the maximum throughput of a system subject to statistical delay-QoS requirements at the data-link layer. In the particular context considered, our main contributions consist of quantifying the effective energy-efficiency (EEE)-versus-EC tradeoff and characterizing the delay-sensitive traffic as a function of the QoS-exponent θ, which expresses the exponential decay rate of the delay-QoS violation probabilities. Upon exploiting the properties of fractional programming, the originally quasi-concave EEE optimization problem having a fractional form is transformed into a subtractive optimization problem by applying Dinkelbach's method. As a result, an iterative inner-outer loop-based resource allocation algorithm is conceived for efficiently solving the transformed EEE optimization problem. Our simulation results demonstrate that the proposed scheme converges within a few Dinkelbach algorithm's iterations to the desired solution accuracy. Furthermore, the impact of the circuitry power, the QoS-exponent, and the power amplifier inefficiency is characterized numerically. These results reveal that the optimally allocated power maximizing the EEE decays exponentially with respect to both the circuitry power and the QoS-exponent, while decaying linearly with respect to the power amplifier inefficiency.",T. Abrão; L. H. Sampaio; Shaoshi Yang; Kent Tsz Kan Cheung; P. Jeszensky; L. Hanzo,30,,IEEE Access,2016.0,JournalArticle
d20e6f162e4c2dd0976717e3af0b3bc2fe736fbf,Single-Carrier Spatial Modulation: A Promising Design for Large-Scale Broadband Antenna Systems,,Ping Yang; Yue Xiao; Y. Guan; K. Hari; A. Chockalingam; S. Sugiura; H. Haas; M. Renzo; C. Masouros; Zilong Liu; Lixia Xiao; Shaoqian Li; L. Hanzo,52,,,2016.0,
d700001ad38b7ea255668a9d3018610fb58dfb24,"Guest Editorial Spectrum Sharing and Aggregation for Future Wireless Networks, Part I",,T. Tsiftsis; Guoru Ding; Yulong Zou; G. Karagiannidis; Zhu Han; L. Hanzo,3,,IEEE J. Sel. Areas Commun.,2016.0,JournalArticle
d7c6a667c02b0c8f3d7e63e37b0273322d85531c,Constellation Randomization Achieves Transmit Diversity for Single-RF Spatial Modulation,"The performance of spatial modulation (SM) is known to be dominated by the minimum Euclidean distance (MED) in the received SM constellation. In this paper, a symbol-scaling technique is proposed for SM in the multiple-input-multiple-output (MIMO) channel that enhances the MED to improve the performance of SM. This is achieved by forming fixed sets of candidate prescaling factors for the transmit antennas (TAs), which are randomly generated and are known at both the transmitter and the receiver. For a given channel realization, the transmitter chooses the specific set of factors that maximizes the MED. Given the channel state information (CSI) readily available at the receiver for detection, the receiver independently chooses the same set of prescaling factors and uses them for the detection of both the antenna index (AI) and the symbol of interest. We analytically calculate the attainable gains of the proposed technique, in terms of its transmit diversity order, based on both the distribution of the MED and on the theory of classical order statistics. Furthermore, we show that the proposed scheme offers a scalable performance-complexity tradeoff for SM by varying the number of candidate sets of prescaling factors, with significant performance improvements, compared to conventional SM.",C. Masouros; L. Hanzo,49,308816a46e29898cde88db3bd9c946df4ee8689c; 044da4a7f3b6b25dd7050804a25e5d25b27cf68e; 1b4b3b3a3aa5892cb014094fc94aaf52aa7587fb; 33ff65a62312d4e502f665f9eed2e90d39b71e22; f2058f9e04c36ee354eb240d8740a2a832cf3829; c92f4fcbf11a41d692ccbd2d57a95b6d86dc75ef; 5371befada68518e21e48a260d5ae51d824b6626; aa12776509f0655754e130c00d56d688415f50f4; 54835b226d7274d63b1b7d10c0c1729ec0964a19; 6eaaea792ebe2aae62b997e32da4270e718ca043; 7342583a1a3b55c03374c9d011728182802a7a2d; 133f656f523da1fc550fe6eebf9af6f7bfacf988; 3c9a3ce016af92e119da34320d676bcf0988c677; da75e32ed9a7358dde8940adffe3a9cdb9950386; 2c5848346ef5cf7fd245e56fa8fbdde1b640c0c0; c0a22349105f56b942d15592cf5864ef9d2cf88e; 4fe728cbc80ec70221ca99183a01542b04278e38; 26759b897c27de5cb678c0ca3d945125f3f5911e; d736bed29fa3b3cd1f3429078bbaa2227331eb7b; f6d0a7a575d3fde69288b4f5c370f8058b00ad7a; af7fa13a6b26dff180fdef55f14f8f3428bfbc00; 43e65f5625232884a12fc18c8dcd148cfac07484; bc38b47785310f1f47bbde545830d4f19f442c1c; 69ef09e89206fa10b4d9bc102d1e83df76411b6b; 7561fd0dda133736f7555d66252c0c6939af2fd7; be2aa07ef400ab47dc611426653cfa619686b00c; 63c2134dfeea8c506e97f6d1fab3bd077f571468; 2720c554db24944546348fc0623a980953a3bbeb; dece80f4d9cd1264794765cad6b2c584a4e456fb; 08feb916cea50f54534a2cca5595be41a0d66099; 92d5f6f2d13484c688ca4c08c1279229ba266089; c25e0c1a328fec9be468c2bd362380bbdf4577da; 4298e662be5a0376b943d7d638217dd3a3bd8d68; be3c0496993fd9e8ab3d07f7893f9663bf8c9124; 4dacce2d848656302f13060867ad5bdcda840d0b; b0c6d57034dc715e4f78aa4d9ecb3e972770047a,IEEE Transactions on Vehicular Technology,2016.0,JournalArticle
d81edd27ddc5b368790f7616083ca61c626014ae,Information credibility equilibrium of cooperative networks,,Chunxiao Jiang; Zhu Han; Yong Ren; L. Hanzo,2,,IEEE Wireless Communications and Networking Conference,2016.0,JournalArticle; Conference
ded4e9fbf311d16c82f2fdd59993b2566bf1dfa0,Implementation of a Fully-Parallel Turbo Decoder on a General-Purpose Graphics Processing Unit,"Turbo codes comprising a parallel concatenation of upper and lower convolutional codes are widely employed in the state-of-the-art wireless communication standards, since they facilitate transmission throughputs that closely approach the channel capacity. However, this necessitates high processing throughputs in order for the turbo code to support real-time communications. In the state-of-the-art turbo code implementations, the processing throughput is typically limited by the data dependences that occur within the forward and backward recursions of the Log-BCJR algorithm, which is employed during turbo decoding. In contrast to the highly serial Log-BCJR turbo decoder, we have recently proposed a novel fully parallel turbo decoder (FPTD) algorithm, which can eliminate the data dependences and perform fully parallel processing. In this paper, we propose an optimized FPTD algorithm, which reformulates the operation of the FPTD algorithm so that the upper and lower decoders have identical operation, in order to support single instruction multiple data operation. This allows us to develop a novel general purpose graphics processing unit (GPGPU) implementation of the FPTD, which has application in software-defined radios and virtualized cloud-radio access networks. As a benefit of its higher degree of parallelism, we show that our FPTD improves the higher processing throughput of the Log-BCJR turbo decoder by between 2.3 and 9.2 times, when employing a high-specification GPGPU. However, this is achieved at the cost of a moderate increase of the overall complexity by between 1.7 and 3.3 times.",An Li; R. Maunder; B. Al-Hashimi; L. Hanzo,8,,IEEE Access,2016.0,JournalArticle
e0340078de070969647d034809bb3215630506a1,Optical Wireless Scattering Channel Estimation for Photon-Counting and Photomultiplier Tube Receivers,,Chen Gong; Xiaoke Zhang; Zhengyuan Xu; L. Hanzo,18,,IEEE Transactions on Communications,2016.0,JournalArticle
e2a91c4dceac6349aed9912b419969e08ac61a3c,Performance analysis of orthogonal frequency division multiplexing systems in dispersive indoor power line channels inflicting asynchronous impulsive noise,,Hongming Zhang; Lie-liang Yang; L. Hanzo,8,,IET Communications,2016.0,JournalArticle
e2dec8f0e8a5f5a722b6e005861bb642c3d79476,Single-RF Spatial Modulation Relying on Finite-Rate Phase-Only Feedback: Design and Analysis,,M. S. Veedu; C. Murthy; L. Hanzo,12,,IEEE Transactions on Vehicular Technology,2016.0,JournalArticle
e670444a0c3148f267c2cc75507843103fc585ba,Socially aware integrated centralized infrastructure and opportunistic networking: a powerful content dissemination catalyst,,Jie Hu; Lie-liang Yang; Kun Yang; L. Hanzo,14,,IEEE Communications Magazine,2016.0,JournalArticle
e8a92d0eb2547c354934bbfdf82287c9aca87f3e,Research Data: Quantum-aided Multi-User Transmission in Non-Orthogonal Multiple Access Systems,,Panagiotis Botsinis; Dimitrios Alanis; Zunaira Babar; H. Nguyen; Daryus Chandra; S. Ng; L. Hanzo,1,,,2016.0,
ea6e03a630720ea357684211ce79b455e043def4,Bandwidth efficient spatial modulation by signalling in the power domain,,C. Masouros; L. Hanzo,0,,2016 IEEE International Conference on Communications (ICC),2016.0,JournalArticle; Conference
eb2b04cf8fbc1ed7df7fa956a61133b3b6037d25,Performance analysis and optimization of energy-efficient multi-pair massive MIMO decode-and-forward relay systems,,Tiejun Lv; Fangqing Tan; Shaoshi Yang; Hui Gao; L. Hanzo,0,,,2016.0,
ec98b5a81dbcf969b00adfd5f75d0afceb637ad1,Optical wireless scattering channel estimation for photon-counting receiver,,Chen Gong; Xiaoke Zhang; Zhengyuan Xu; L. Hanzo,1,,2016 IEEE International Conference on Communications (ICC),2016.0,JournalArticle; Conference
ed399d25df83742c2b071424e9c77d944c6db56a,"Dataset for ""Compressed Sensing Improves the Performance of Subcarrier Index-Modulation Assisted OFDM""",,Hongming Zhang; Lie-liang Yang; L. Hanzo,0,,,2016.0,
f23bbb83882281b75a40a6d7530f75fc571e3958,Delay Analysis of Social Group Multicast-Aided Content Dissemination in Cellular System,,Jie Hu; Lie-liang Yang; L. Hanzo,24,,IEEE Transactions on Communications,2016.0,JournalArticle
f32e0c482d9f721131f79b02f5af2aa6c25fdb8b,Subcarrier-Index Modulation Aided OFDM - Will It Work?,"The achievable performance of subcarrier-index modulation (SIM) is analyzed in terms of its minimum Euclidean distance, constrained and unconstrained average mutual information, as well as its peak-to-average power ratio (PAPR). Our performance investigations identify the beneficial operating region of the SIM scheme over its conventional orthogonal frequency-division multiplexing (OFDM) counterpart, hence providing general design guidelines for the SIM parameters. More specifically, an SIM scheme is shown to be beneficial for the scenario of a relatively low transmission rate below 2 b/s/Hz. In addition, we demonstrate that the PAPR of the SIM scheme is comparable with that of its OFDM counterpart under the idealized simplifying assumption of having Gaussian input symbols.",Naoki Ishikawa; S. Sugiura; L. Hanzo,190,37f62af731a31914e5e8cbe7b607c920cd51f994; fa6ee6ec1fd560acb2c30931324e75add0818af2; 82dd5487c2708f8f3874cfaaa872b3ac3e382d90; 97a4aaad33b71d9a1a684ac21c272567d1eec8e0; 4c69b2dd6bd4a528bfff7172bb623589328199fd; fc316a7b9b886ebacc26d6f81cc8497d01ae1251; 6fe912fd47af9ebbcb09f9c393a3b17d85e5068b; 2b83badbb7b2bb0000db2c685b77ce7edd7f7fe0; f2058f9e04c36ee354eb240d8740a2a832cf3829; d3ab9acfdbfb77504976d2e63bb9109fd3b3721f; a1253e8249f8694b5f308a362b7cb010ce927339; 1c24fec3cf69e5480170a293c6c42c6315fc1cd2; dbd6561f4cd523295058bf457076392eeef1c1e6; cf8706768c26513e4230b8cb671390a346d85134; 8e633477b2fd6b2f25266e952672339c435129c7; 9ebe14dab5a7bb310c3cfce47ed5db48ae7c6be5; 8dfa93543b00e1e76a43102b87fa7636001520ca; 7bada86aca29c37920c76fa5055ee64660d76063; a1d901ac06b5fa3b7b1c6af19535021b9e169e56; 7e252a9840a5c3c8943167dd9edb4b17c3145604; bc584fca3e6d20aa81c2da8b6ae2d3de29ffaff8; 2f8af00a3d8746c0a10c40bd7e11d9bee927cd41; 7a5a76a9369586dd0dd34dda156d8f2779d1fd59; 6a2122b317ee398b9592693d0706a7a45c506a2e; e107a448408bfc02a01840b8cb866e80cd748df5; e3b733aaaf147a0aa1da4dd4a8442f0dc25b3904; 9ee96fe67f3ab8d7931dae289ee6316d20413339; e4bce3c859c5cb57a4b16f2a715026ddce2ac5c7; 60aff9f61e32d6f45c69f05419379f1e9cebe847; d20e6f162e4c2dd0976717e3af0b3bc2fe736fbf; ec97620520e0443eee352f7d2c96d7bde3a92b3b; 425b5ceac668a85a5874f75d22bec2992fa9fbf9; c25e0c1a328fec9be468c2bd362380bbdf4577da; 2768c2844a870b85cfdd3299b7cfd54d0449144b; f7f15848cd0fbb3d08f351595da833b1627de9c3,IEEE Access,2016.0,JournalArticle
f5eaa607991539b5dda0293dba3ac60aac066fe4,Users First: User-Centric Cluster Formation for Interference-Mitigation in Visible-Light Networks,,Xuan Li; Fan Jin; Rong Zhang; Jiaheng Wang; Zhengyuan Xu; L. Hanzo,60,,IEEE Transactions on Wireless Communications,2016.0,JournalArticle
f66422c17162579df3d65b49af22ece5b4cbecb1,Hierarchical Colour-Shift-Keying Aided Layered Video Streaming for the Visible Light Downlink,"Colour-shift keying (CSK) constitutes an important modulation scheme conceived for the visible light communications (VLC). The signal constellation of CSK relies on three different-color light sources invoked for information transmission. The CSK constellation has been optimized for minimizing the bit error rate, but no effort has been invested in investigating the feasibility of CSK aided unequal error protection (UEP) schemes conceived for video sources. Hence, in this treatise, we conceive a hierarchical CSK (HCSK) modulation scheme based on the traditional CSK, which is capable of generating interdependent layers of signals having different error probability, which can be readily reconfigured by changing its parameters. Furthermore, we conceived an HCSK design example for transmitting scalable video sources with the aid of a recursive systematic convolutional (RSC) code. An optimization method is conceived for enhancing the UEP and for improving the quality of the received video. Our simulation results show that the proposed optimized-UEP 16-HCSK-RSC system outperforms the traditional equal error protection scheme by ~ 1.7 dB of optical SNR at a peak signal-to-noise ratio of 37 dB, while optical SNR savings of up to 6.5 dB are attained at a lower PSNR of 36 dB.",Chuan Zhu; Yongkai Huo; Junyi Jiang; Hua Sun; Chen Dong; Rong Zhang; L. Hanzo,15,50169c9e4d8372828b4084015deade165b3c149b; c2a868716b0061614b0f08f352061656c626d179; b08f66baf3158619f81b1f052e2b806b85020474; 0e7def0ecda7f5cb3e20a605213cd6187389a6ab; 9c967fd2b465046379e17c2e5603dd3de1380e5e; af33908a7bfcef408f81f6d5a10b65e18373014f; 5c8759a27edc58d646f54fbc01ea37520a00cfae; 84c81ae3d6a94ab0b924b93f7e500a4099f802a5; 1998522caacf90595e0a66748dfbfac38fef7eba; b15e569776af5dd7d8759b9314573712a01c3e71; 269b3f36b45e2806c5145d40932cf830d95b1e58; b8f52b9a6e70df6edd8533c36d7adae83cdd959f; 5d3dbc190c1ebb07277a517e5c415229ab65a87f; 20ff693e7efd4c1eaa95a411ad7aacc25f201ae3; 00908566951ff4b20535ae8b2ed016ce93dd502f; e53279ecb46be75cf39d62868a16bfa95428a948; 3ded006fbf7388bedb0148f07ce89a271650d50f; 3abfe6ba4737cdea4c514c165ec7ac7a514de037; b9b47cf5baf0f66f19faca23204d88f7be7b74a4; 9981c65d5527cd2881cf92a91ee38f8af2594ca8; 82fa87540b23b912200b07591f00136adb6fe56e; 9124831dbd614fecdd2bdf8cf162bc6fdb627544; 816d232a7b1fe41a8482f95b4989b2aa81232f0f; 7715ceba778ca0f1feddd34a70d2c2e83144f5b7; e6af343babb6be00d4b99739f13a2844e62130c3; 63c13258f7f9a37a4a5980a3cf1daef0064a17c5; 330500a77fe4560e8d041da6f528ad795e792b18; 3119187ab49fc7d615ed174dc79a0686c2585e68; 51e16b8757c054c7370e8c445588da3e72dcd77d; ae48b31c8637fd46d1967c1d8c1647d4b74e4472; b299e728ec8a2a4449899b7a16100d1998139c56; 9ff0442885a134ae1fe950638149533dd4040f0e; 304d23fa055682468676c66a336ec161a7f35d4d; a5d8c9c6329a2f6f9192386258f5e44c0b19e0c4; 6043e9c0c2f56176fe7f9145d635331ee5c31f32; 5a6e985cb1b88c15d0758c63ecb7ccf428efeae0; 97674e3d5905193bff7767544e23d98918dea05a; bbb76cb21d94600d8d97a9fbebdf20b73efa6069; d5cf21a03886446123625fc002d3b499c9bef582; e4e22a7caf35ea7c66f36c2fe5b2925f130c6294; 5652c201feb57d9f0e690ccc0c86dd4db6537528; 0983f740d6cea3a45d65425a4a16710e88ae81ba; 1a24ae704f5a47941372259c3d5929e5e3d63438; 73deae8cc89bc8790244d0bfba7c4f9697109177; 0788b840a1e75ce5f7ac1708d7c9676634e43662; ccd3485054d86861d1787080bc9c0695cac3e836; 55458a44b93b9c12d0a81768210ef60d58480e3d; 829c92b0fa875bad6ed1036c800a83de02981ffd; 732aefdca3e530a4969d0702663828694294c4bd; d980c7fb53f8eb8650d80ef72cbca69a5dc23cf6; 40a408a74d956626f3ed2879c2f497a90636c7d3; 1d4581943b5bd5669e836a8424fcdb3b31d06d50; 6c9d79de897a9071d599d73a616902d20e087504; 61b95cb5ce5faa1c2605ff7b52beb41b664ce41f; b2c944bb6113bc9033cbd0032d7644c0d78f5ac6; c8e0b757f231aff985d933fe24964aad65ae12f1; 9b6384dd02ee97327b2386d3f7267cce0c2f2e07; 941eb05ea7447397deb5541f792e9c08d5909699; 17b48e2629c10992ceb6ac0cb37775af2e48ac34; 2a111514faa08ae8d84b5017e9633bcb6a8c8b32; f7b7e6493f459c163fa4a847f3d8c06d79886cb4; 0565e32805210b1949a34e220b8b7989645c0295; 53a93845d072902c9fb24318dbf13c39764be572; 313b9613f6475ccba67891450c31e301a39f10ba; 1a8b6adf07c1aee1bbbf859b83471d9a48714cb5; 6c9f4111a5f2c6566ef732b04c08708345a1f985; 915460c46c1c0dd200650035295ffefae0d3e41f; 7e84e3f3d1a9652d27fac5624ce52883f6ec49ce; 23cf0ac35100e391a87a70f9731903eec14a6566; f5eddd72c62968845dc07c4c49fa972ffd88a2dd; d63e15ce1218b84283f3d512b5d3fcfa841d229e; ae4641a4f306f3b763b41e8a81e88a96d626c9db; 8a69f1b2890a7ded07a3664df891a95d80ad9464; dc63454620c4820ecd4cf7fb4d63fe78e868715f; 61ab571a53ac5d6e7d348d40349d5eb5a9c5b952; f3c9ffc4496c07e055da294fdc455cb58f6532da; 11ffb8cca8015a6a3959d3611ccaaed59c4a3374; 6c5a78c337198a7bd24fb90f16c6beafab2e9fc2; 9df8240724e2967edbb1ac1456b0233d08c61eeb; 75db6d3adb41e9fa5ec6f9a6ac84ef620e8ad1c5; 6dd66f0bff9ccab2bd4f15bfc01f198572f46548; b48403e417bccb057dcb2669e26de6029e7be24d; e3e60e1a96e8b25e3f9db3dcf2d6a8bd24463694; 9437af1502445bc3e35139ee076e3290c39efada; cbe64e0110f0189b2e1041f5c837c28ccb5b61c1; 6454576a441e83a4707dc769d4a3ab671c90754e; 03c78ce3420d776fd47b43626a4aca2b3a8fdcef; 136e5bf80c2fe330f75f3198ae971f56c5521996; c57828aa4464c814b82e808176a268654f85163d; 0dec2e2dac9401365b71e025ded2481bb67be2a4; fc7676104cf92f343ee4b0ba7493e8d26233d5f9; 4886c484b5a9b4de1e2a71676de00e41f76a9752; bd8e5ec59c44a7fa82aa3ba2c6e4fa2357236a84; ada162e549d4e5c02e2a44e329747316fc80dbad; c76fc706bc10049f673ed68440cf21e4d91165e1; 0dae01bc642c5e42d75f5600192db90144825629; 5fbf2ca5f4bd94d22fc2f1ff574d77a1875346e9; 2bc6502c2b402faadfa75780994bd0820ec4d935; 24682a3c2af09bbac3496bc3e6687b80727c7922; bcaded4558e4f625a98ba38492b88fecb059b8db; 121619dddb0c8a402d08c6299391950c6d88b00f; 23a185eaf09ab6c494a0a7dd895b2c42453be48f; b741116c1a1ab854b180222c1142bc5617f4dffc; 2648e587093c35a715e127e6ff770aba70b0feec,IEEE Access,2016.0,JournalArticle
f90e61f1a0e255140c724d0d4e9011feaf52d497,Performance Analysis of Non-Linear Generalized Pre-Coding Aided Spatial Modulation,,Rong Zhang; Lie-liang Yang; L. Hanzo,21,,IEEE Transactions on Wireless Communications,2016.0,JournalArticle
fc3520adc0ed2c7506685edb92032edf7edbfb95,A Survey of FPGA-Based LDPC Decoders,,Peter Hailes; Lei Xu; R. Maunder; B. Al-Hashimi; L. Hanzo,86,,IEEE Communications Surveys and Tutorials,2016.0,JournalArticle; Review
fdb453ed943dbd145aff84a5b11316b01e48fd03,Transmit Precoded Spatial Modulation: Maximizing the Minimum Euclidean Distance Versus Minimizing the Bit Error Ratio,,Ping Yang; Y. Guan; Yue Xiao; M. Renzo; Shaoqian Li; L. Hanzo,106,,IEEE Transactions on Wireless Communications,2016.0,JournalArticle
fe3e9404154c0413e124f50327bb2fc280f21e58,Construction of Quantum LDPC Codes From Classical Row-Circulant QC-LDPCs,,Zunaira Babar; Panagiotis Botsinis; Dimitrios Alanis; S. Ng; L. Hanzo,12,,IEEE Communications Letters,2016.0,JournalArticle
ffa083522f736d3434c44be5e2fbba2e85de63fc,Research Data: Quantum Error Correction Protects Quantum Search Algorithms Against Decoherence,,Panagiotis Botsinis; Zunaira Babar; Dimitrios Alanis; H. Nguyen; Daryus Chandra; S. Ng; L. Hanzo,13,,,2016.0,
03929b76d1e4626e834310986ef5eeeadecf67cb,Hybrid-ARQ-Aided Short Fountain Codes Designed for Block-Fading Channels,,Hong Chen; R. Maunder; Y. Ma; R. Tafazolli; L. Hanzo,11,,IEEE Transactions on Vehicular Technology,2015.0,JournalArticle
04d3cca29791e27ab1727101c89782fb16b75cf3,Fifteen Years of Quantum LDPC Coding and Improved Decoding Strategies,"The near-capacity performance of classical low-density parity check (LDPC) codes and their efficient iterative decoding makes quantum LDPC (QLPDC) codes a promising candidate for quantum error correction. In this paper, we present a comprehensive survey of QLDPC codes from the perspective of code design as well as in terms of their decoding algorithms. We also conceive a modified non-binary decoding algorithm for homogeneous Calderbank-Shor-Steane-type QLDPC codes, which is capable of alleviating the problems imposed by the unavoidable length-four cycles. Our modified decoder outperforms the state-of-the-art decoders in terms of their word error rate performance, despite imposing a reduced decoding complexity. Finally, we intricately amalgamate our modified decoder with the classic uniformly reweighted belief propagation for the sake of achieving an improved performance.",Zunaira Babar; Panagiotis Botsinis; Dimitrios Alanis; S. Ng; L. Hanzo,107,1bfcc0af57b449b99fd144f9663985e51f3d9c84; 99e014848d45d17421268b002e2c11853e5b6221; 523826d68e59b799597bd94bcc36991fd394cbb8; 41c290d1e8dbcf060bcbd30f97152bf57b016e60; 20e176fda8e23b51cd62a957e9a59a801413bf56; 853713aa2871c927e421275298908ef2c7719765; 17c16c133ab46e66ea0a08f40d19b3308733c348; e8b19ad28c1a7bcac6117986b3def54140e2b946; b6a313a773c2caa92654839504a10fced7cc61b4; ffdb80d70275d2c202f6860e1caf152b0046a942; 1d27dd9c527ae6765cc053a5098a5d26814cc3e5; fec47903164143f4dde4095c6d6a6dd1ddf32779; becf735c604d9a8ce1bb6cda2d53a52fbb369b16; 3ce02cf8e5cd73aef179923a411d79c2e6f52b97; ae50380dd7d2011cec08df7ce12b982ccc12ee5a; 0fc596835cb769dcfaf21d6a3b2fad7d18cf1707; 673490812ab8cb4274778bd38e3845fc1fcd581f; d770c8fd2c1cc2e76c4d8350f252e0107a1dc5b4; 91bdab93e124ea92711866412222cd929ab850a3; 9fd23f338ebefc7033418a65c3f67b27277c1c26; 31056fed3f76ef37e098e4713c7cc3b75434d83b; ddbf9bc7a13e503f9afcaa4aea1a6495afb41dc8; 7280e7d6b6ae3a7280ffc9342f8b60e2d33914f7; 7574d0af82fc6f6097a8de5981dbc3cc0ae46423; e9b89a78169e4b87adc77bdcfe1bd36d478362b4; 2fffa25e98758848b80017d138c5794a9392c678; a17c94a0000af9d5b008bfa08eb1abf128e7b60c; ae43228925caea63b78472f50a03dcc96a5e5c63; dd573fa5ab5e7c88a55be977c8f6075609dd66a7; de9d32ff862f0b1d1df758b7c26fdc5a739aa7b4; 624b7cf160fc9ca740f71b7962cca5a1d4a38f1c; ab1e54158656d373d4ace124267868fd0da22ffe; c8a67129f9fdbc08fdec232697e068cb835385d7; 22e3e73b9764be96cf07fb6ab3d9986cbff29ef7; 502ac1a6fe9761b6d4a25d383092bede9ff472a1; 0e1951dd949a360ff3fb100d1344ffddc4075621; d462f1c6bfcb0fdce1326dc3cfdd699fdb6489b5; d7dc9805a76c9e40f5cdcd7137a063d6bd43ba35; 7ee85af0e73155d1b7f621d46cb7b9a53ad7acce; 4ec8143dad4bd2bec0352c6c8ad6be76292f9e8f; edce6f4422d815c98ed82dfa6057e1d5179ec34f; 1c0efdcb43174abc38822fcc19824a5ae85ca1ea; 3f68e391856b3a57d1c89d7d9d069069b3a6c583; f863aa34c2bf405114277d66672429414e6923d0; 4ffb4b55f5c9a5c03b9f7ef2c4e317e0b62424bd; 854f2fb6ffdf9f3c1e76801afe6ba77fe53e9a34; dcc1e6ab4ade23dd46584b0d6a8e847ed3901508; 34482bee52c5fae505511c849dc1ac2db2f12bec; 88f85439043694cce8edd23cedb4ec041f8707ed; 3b96bd1ca49d508cd1c1b110d90d8d3e24fc4bb8; 38f8878f0ca36b3067b3b1a783442f4f1e7d8560; e2ed40fece56ed6e1fcedb07d4c0374c2ed6af8a; bfc3d1c8085323049c39ddb63fcda24622423dda; 17d0afe4f814e5abc6252e572e3b039082bf6f07; ceec501a0eb160f5e29ae3ae1cf974131cc48ee9; 4b14c7ec0724440993f38189946f80cf40ff9b8d; f178383deb578992b2a62844a08a6451cbad16ed; 92d31fdea94d5d232c728c1b6dc7dba012c04844; 10a92686b943e0445d9688f36fcfd3fcbb6f18b7; 7d46cfcabe5d461b9982fad86d76eaa5ab96a3e1; 3d5abc6eb9799ee515e8b65422b14531c65addd1; 7598fc3f9a850c6592a0bcb98897bdf8e68f8a06; 71b3f10f2e2f9c4389944383c855a4e56c15b7ce; f2b32222ec8955c4378fd2804757f4f8449d9241; 02746a7981e1e6a8fd252b80e31bf782f5843eec; c9257d782ba57d62e0ec4a1200527a4cc0ed2855; 26194e9bd95b81914ac279626bbd3b0dbf1e9ebe; 8774218d13a0261d5f01a6c726cf5cbbb1812dbf; 2a421807060ce02d670f50a7e6403a1cdb43e414; e28fc01c3f8ca4151abf9b61296b56dc318d3b26; 5685c6189cfc06bd474339957e3adf08e995eee1; a05944c509c8ae61eb34830b7698471409b8f366; 882fc6a49671030fd33b29bdc646498436b3cad6; db5c47769e7b1a852303220fb75b8e9d6e2086ce; 8767cb5f49dc7e08b5b6f347283dd052c9b281cd; ea0e59db4e8de0cc01d8682eadb5615570808d7c; fd0a53923a9dd5a595c90680154c88aa06c50ed9; 07d24b026039998137affa0ae10b5a7f22640dcc; 067b1059f443e53276d39fc6eddbf273cc103531; 839366c5e0b37a1b2078f7e25f40981f369ea220; 5e29000d24d5ded11e7a32216a91bdadaa9877f1; 89715d7033f6394729fd7648a5b26b89a67b471e; 3279c5c39353f394623eeee54fccdb49737c2227; 113d74607008788820649ea2f433c8af41001235; b02d649b277fc71899971ead46aa08b0bf9ca665; f7f15848cd0fbb3d08f351595da833b1627de9c3; 358fe86fda1f8635483a45c707773aaa8d45c7b9; 376b4787f0101d13125d81913d5cdc9a8037dee6; b2252e5660c8511a7e5f386afa96d5ac4086add1; 73f36ff3a6d340606e09d2d0091da27a13af7a6f,IEEE Access,2015.0,JournalArticle; Review
058c2fc0c9e40b8f8d17dd8efc6f54144b9e920f,Performance Analysis of OFDM Systems in Dispersive Indoor Power Line Channels Inflicting Asynchronous Impulsive Noise,,Hongming Zhang; Lie-liang Yang; L. Hanzo,0,,,2015.0,
09a54452ee3e6d22316ea4348eaca971d44b2b27,Research Data: Multiple-Symbol Differential Sphere Detection and Decision-Feedback Differential Detection Conceived for Differential QAM,,Chao Xu; S. Ng; L. Hanzo,0,,,2015.0,
0aac7f8543d3487fc8e010f033076cf86ed4439c,Research Data: Reduced-Complexity Soft-Decision Multiple-Symbol Differential Sphere Detection,,Chao Xu; Xin Zuo; S. Ng; R. Maunder; L. Hanzo,5,,,2015.0,
0c3c1a4b60a2c022e7c33bcef898d6c30526395e,Fifty Years of MIMO Detection: The Road to Large-Scale MIMOs,"The emerging massive/large-scale multiple-input multiple-output (LS-MIMO) systems that rely on very large antenna arrays have become a hot topic of wireless communications. Compared to multi-antenna aided systems being built at the time of this writing, such as the long-term evolution (LTE) based fourth generation (4G) mobile communication system which allows for up to eight antenna elements at the base station (BS), the LS-MIMO system entails an unprecedented number of antennas, say 100 or more, at the BS. The huge leap in the number of BS antennas opens the door to a new research field in communication theory, propagation and electronics, where random matrix theory begins to play a dominant role. Interestingly, LS-MIMOs also constitute a perfect example of one of the key philosophical principles of the Hegelian Dialectics, namely, that “quantitative change leads to qualitative change.” In this treatise, we provide a recital on the historic heritages and novel challenges facing LS-MIMOs from a detection perspective. First, we highlight the fundamentals of MIMO detection, including the nature of co-channel interference (CCI), the generality of the MIMO detection problem, the received signal models of both linear memoryless MIMO channels and dispersive MIMO channels exhibiting memory, as well as the complex-valued versus real-valued MIMO system models. Then, an extensive review of the representative MIMO detection methods conceived during the past 50 years (1965-2015) is presented, and relevant insights as well as lessons are inferred for the sake of designing complexity-scalable MIMO detection algorithms that are potentially applicable to LS-MIMO systems. Furthermore, we divide the LS-MIMO systems into two types, and elaborate on the distinct detection strategies suitable for each of them. The type-I LS-MIMO corresponds to the case where the number of active users is much smaller than the number of BS antennas, which is currently the mainstream definition of LS-MIMO. The type-II LS-MIMO corresponds to the case where the number of active users is comparable to the number of BS antennas. Finally, we discuss the applicability of existing MIMO detection algorithms in LS-MIMO systems, and review some of the recent advances in LS-MIMO detection.",Shaoshi Yang; L. Hanzo,707,a1d59af7749a130b25879e0893c2af0da0eaf18c; a2f5eb5d77ca77a7aa90498f0d3dc5811b6c6737; 2fbfd6946a9e876086aae03b6a3775b5c1ec5c3e; 6ac1852ab5fc4c94fe22bcfbbb3fe9bba71dc3d1; 9a73d97f60745002c04453a69bfc9d35e813769e; e0dbad7fa1bd8886f6eeede47076db3a358bb4c8; 98c9a28ff7d9eebe7cb48f02fc139f580ab42093; 49c1d8dcb7916f15f28087c1c2efc63b01f0a0a1; 082b013ea2275e4b7972865968b65624c9dad35b; 4634deeb86c935c7d031445a73361e4926d5b7a9; c19f221ca961b5b37c4248e72469dc6be9755974; d94e42eaa78e5129ce1abf72dde780c1c3c2ee11; 0e1b8c9d718c6622f896c81bd8a1073fbb1a9fa1; 1fd2d0fcbb83cfb58d573d2e9a762f8f56a611b9; 20d259b8469628311b542258d67f9b8553a9b498; 3a1f085ff4eb8e4b31af297cb1facac40d7e0c8b; 7a9d83bd88e940e5f92dc8ba6be7defd1e4bb6ec; 9285001847e85ea873869cc2286a4f481641e26b; ae812f98ee810218315145b414cb418155d2c2ac; ed169cdf8d0ada7371c8d29570a33eee0759fa33; 3c16d40f4ff970634ee222115922c0660fc34943; 5ac38297a3c256c88a67597fa8f5d0c44d5957c8; 1a61bcc44b0afeecb8418fbc42248e95800f7ba2; 0a72488fd766f30622e715d9fb202a3945899925; 14e3521bec6a283ac57862fc8245af90ba203636; 0e9108e4bf2e57b959ce4bca45b455389810d48f; eaf51faae179cab8f6c30fa828a449ada6f08301; 76b0505020ea959df387ce9896900799828e41d7; c15ff4e5c8ba0576dda76532b49c58e935cd8283; b3ca1775114822961de4597dc31aff0cbeacf349; 5db2ee5a87e138781caa579b4217e17be41e1e74; ce999483509f3d7cb34f025d474dbeec68c9c1c8; c7b3d92e203492327ded1419ddd358769ef0f481; 98ec17d12711a1321fe32a0ff1e0459d5a5e2618; 5e6f7d5330ebb5f085bc61298c4d8b4ff0502f4f; 7280e7d6b6ae3a7280ffc9342f8b60e2d33914f7; 7574d0af82fc6f6097a8de5981dbc3cc0ae46423; 1bb051bea85d7a78229a5bad5fa73353bce67e4e; 2d0eec270872866bb9dcc5b6ae18e85477bdac96; c57a807a25b290d8c1fbe669d3c7b3a801733878; 194d6a82705955890224909d57e95932e59e8eb9; eae1f9257a87ed570bde64b6b5f973c005cae1f4; 4898dc84919119c977f0c51b55819beffc723c8b; aa6a4c5bec96865ef5c3a1d2b6a504bcdcc6d295; 82ee78c7293c7b02f2c067a87d797f5c379ac615; 8869b50a14b16d281d0763ea483cb6025d2186de; f64b15fc49f3e61bbb642a5448621017a19ea66d; 35321033b57ffad021a0cce9fbff2de3cdd461de; 39d04df133ab9e460963c52ea452f1d162e3ebfb; d44de09fa65217011bbf47af1f9c5aea2051c1f4; 43fb09b327c85914727dc8983c8b2e015cff4d3f; b9dca407e5f6290dfed841ad19cafd017c115a5a; 5a9c7cbe6251a8cb7a2aff233514331dc77e7b26; ec001df4ae41cbe6998dc6d7122fae3e7cf9b571; d3413207aff3002e3b291db5b7efccc7689b40ba; 47de2d265f9b0faea482bda61a4cfd6b005737b6; 21d453eedaa83792b560af1133c699319fb13311; 70173e5cf5354f72ff4ab7e333fc025c20e2bad2; be50557d1ca408e9d43cc018f2986ec90f8e9a39; 431d2e9966c8910bc876b860efe06f6bcf3eee13; fdd0241d7b494333d1f78f07c428ec41faa03113; 0a0333c6d824851ed9c34cb921a845bab094a6d4; 6584b39cce0f8fcf3ddcc4279a037033b791af9c; 5798c85b3c078df74c4d0da030a197fc5c76c4fe; 2d243f27bbb70ef66a7aff6e6b1e37dcd000ebd6; d6aa4588a21c2065b781c0926de5337f39831dc6; fe3089813b853fcf92e5a25e7b96a32aa8b9f1ad; 90643343a56af1c123881d5a551025e15263b7ec; fae2640222e9eb06e738fedcde8c52cb8bcac9c8; 48888d64a3fefada1f4ab924549dfe064c03a264; 6c51c0e4c5cf636c16d1049f4f0e76b79f65aa09; e20ac5d752c13f0f313cc72a4eaa9d00d8a4fe68; 4b280eba6ffff97a237de0a4cc0979d0ecfa3f84; 8bca765b0c4f511c990df707a03430700f54365a; 16bd4ba633fd5b565e9ecf434d8d0e01265a1650; db75b77ad6bbf0ccdc1b41bbcaead5803ac7ebd0; 3766781b92b9437cd942e1e3bbe499dab5f53791; 75bfd9c500f457084ef7cc323a0c1a3081652196; b8a4fc76cb47ffa681057ad694395773f7884852; a5e6e95602bcd0fcb5bee37b8ea1e5bde135f6c0; 80e142dd1feeb31863d31025ae5bc40f54ca4210; 3acfeb990bb9ac2eee4c9554066e3975a05fe749; f9bca7f18bd31ec6aa4535f89dcede1aee7b6614; 005d4871f1c1c5fcb765e018e91ddc04dbe4ada9; dbefc42938fe6d423f19f39c48e412febd55bf03; 7b9ba1cf7b8794a2b86a27e2eb4b5625ceb24c65; 6501969157489b3b55f4a9cd03b26704d21eadb7; 620af2faf895bdcce40be7b8bebf465790c8c15c; d8f17db275367427f47bc623048a39c80cca0c9a; 6df72d03cbc258b367c15b92b4364063d0928482; 5cea593971e628b002a6d7cf9cdcebbc495ae273; a608e6140e473f2d7a75c127963e3902a2b7ead3; 6d1ea9327a05346aae2dcf36b9b9d5958ebc6f5e; ade76ba40f9773eaa6ee4fe7d2a65d359a5d2daf; 9767af7d04b3c0c4ab90f86ea98351c37e410aac; ee10adbd90ec087449255f15d97886c7c90c6bfa; 2527f1b5d69b8abe14bb9d10c791a3b96c7cf1b4; b0580b57cfa9613d6915f02e1ab954f8861f1628; d4c82191662d5da14bd4ac2d8d3095315cb816b2; 92020a3eb56271a97199fc8ca4b15b2af227bce2; f7ad2c984a5d76460ae190ecd3dfdd9fee1895f9; cc9c4e8c88a623d26bbcafb1ca28d4cfec9b3f8b; 9579baf219b15f35432c0de8b7a8fb82c5a4057b; a7249fa0427855a1f90620e09f56f280b51e5140; 4f2d894206cf5e8689c742a21382d3d48a2bd55b; 43d8e1a6cdc8eea0eca59c3e356048ded00e4b12; ededc071bf0dc6c2d4febb032d407b8c35d22a53; e41cff44515b5fc7d4cccdfd0c645dc7f4e49291; 5f7c391425a4b1746175440cfddb42c09d14ba2a; 0ddae7664c53bc2bc86b8051f1b019020b4eac55; 73849249f8da6b692a3595094b673d881caa4c88; c381dc0291d443dd1bfeb772b719841c357092e6; 9ee8b0a27298a0aa4b087ac19ad98cfc6b48d938; 4229041c9f20c6b49f714d81ae94658af1b17c84; 20f5015e9248826954adfce43c416414c5fc54a0; 46f5f4fae28a3a5bc521218f049e20559635e127; 80b3889e277feb6352f77c0bb86f4f2b43159441; 14201df0f2e595b3beef613ca3217672ead53e75; 5d6df3d37f19b15532fa57c8f4153da2b7a65e18; c2a1dcc20d45645ec602f9ad2e54d4394e251fdd; a37d688928dfc50b850d3733f52814d2c070f15e; 0d6dbe0847a71dc4b14617cdf566312216f8832a; 7bada86aca29c37920c76fa5055ee64660d76063; f1b3793a8475ae512bb93dae6ad658315f098996; 58f47dc4dec1ef975aa80ac930d4aabbdd60fee2; a381fd488ad745244b0ee119a6221f460b6e6af5; 8bd227a16d9fd41dcfc6782f974363f34c553483; c74d9d7b5a9c152bc14ceff6bb444a8ff2a5b34c; 45283dccfbe873906e3d5bd62f9d519db821c23c; 31e6159c0e5eea1c913115953fa044e61e7d6d8b; 216278f63c85b734c7ee6432e3bd449bbaee3a2d; 2ef3536a5ef52a2e00dd1d048a05b2b1bdfd54fd; 39936d1e71a3b8ed42a10afe7eaa8eeb7ab06de5; 238c817a211dcc497d5df1d49dcb8d85aac2418d; 5d943b84291f007c077d035ae81a3d3a58b5724b; 52d2cc2d6d877e0f8664dedbecad6bdf5dd704fd; 2600469e4abfe3b8182bf94173ad8fb0843c6a3a; 07a79f839bd05e11582daa3c24cca249e5ba5671; 397c3ec71ebab105e32b49edfba33cb664df18d5; 3f29b1048f7c5f708ef2fb5298c02099efbea073; cabedad184faad37dbb0f2e103bd5ed94780eaa3; 760fb5310b3eaeeda0898d44b395580db5cc7d73; d56f58575d55cf638345495d185428292414a6bd; c00cfa1b836b36ee54b1d458e6dd0d6a70e55c4a; 1946328ec6cd31ad5cf1cbf514d9feb755c5a535; 889036efc0aace67f54795499cccf94fbb872295; dddfb89938b2a3a89fcac264b498ae71ad47a4b1; ca47d195fb566cb7e029b6833289f414a50fde7f; 64a2f1160fc2188351513c932b8f41e4ade21cad; 5dd82b4d58706fc35aec01df567eafb4620b9005; 98b2c4b5747ec5690a027305e2e0ef9e677c2539; 056820be40299429928895b7444d6abee99aee92; e8ff8a0aa1b615ffdf4ad74946e6b9676aeff3db; 80d48fd34f34dd73f38de7a9abc51e8b256c448e; 9c80cc9812a150e96098759b2e7a854b77775449; 43dd38dc779d1dbff52ef68f3c51b309874824b7; 35eace648537a41fb216d367545de07f77b18c0e; 08606282c2a2151e2c7e9d5ef961c47dfeb3bb32; 99f6713ee3baef580761a3a192b74232d9ee37d7; c394b410daf326e178b28502a9ce2e94782ba33c; bd7eb51963f268347dd8ac6c41acdb97a448ad1c; 557155de880b04bfc1af862d82f777a7058bb41a; c49d11d78ae6bf8b1613129e690070e6df3dff63; 9260d76620922ffb45ed46705b09e3a4bb62ea63; 53e0b13aeb27befb3d8527df2d19372580220c1c; d67de3644514c8a88a4e2d95d658c0370e864439; 71a2587f524e8bdbce14015c2ad507f84d215565; 1899780f15f0fddd186f0d3272c80d4ad10f142d; 37bf6a1de51ce93d427d4eb373b6f0ba599d7ec4; f4f9beabdbfada2da8508d9d27a4ccad0c6e2102; 08bc43be60f1dd6c086b098214c19197c59a62c5; 3a377251c89b26f00d4d95cb84d4c3e5a4abe620; 316786bec7ba23f10c083848b015a7cda3e8c0bb; 5553859b0da7c867f638aa2087496d5559f5a0b7; b477c642594f5198186e2fb14b5100c49bb47e61; 294f5e2d64b4ba834acc32e1b0e4231c19da2f01; 9d45cfe6af8c6dd365be8cd45cb92f302ee9f796; ce4fd15b0d05f57eca833134216e793dca0c3021; 60f188a20e14e2116f5e38e4307eb3f026f96736; 8ef5c3b528c7e21084c82be96905d7d6d344d032; aa4f10a97a7d02c0cdfd8ec2357205de088dd79f; 26002f66ba2f5f4cc085fb235b4589e0feab366c; ac6f388d9bdc0abab8cd3ce742ed415d6978a29a; 7a9470b9c16337a52c83bb9c22bb5ad324d519d2; 625c0e68584b728b6c37c4a5f72154de7ca5df7b; 14c6208baa80212ab3391aae8bd6fe4094665df0; a905c5589a302fea5109c96b4d31e2c8c1addb13; 26f825b4ae30b08241df7031a900892761c0f9c0; 2720c554db24944546348fc0623a980953a3bbeb; 23c679a7c4be383d55984bfd77fa02780111b57f; 12a94772ea32de920c729f962a5ea787ad47f66e; ae45fa8ef64ae5bc60321323d8f5a66bc264da03; 68c972899d5829c8e04ee7c48e9d66c314cb46e3; 35a0e0ad32ad86db6cfd87f275e557b4f6bbcb39; 7fd413deded10961ebb60e33d1297e75ce143907; 958a602e0f46df8bf61d99916aaa5015f73d6036; 267735d8d553ae280e623ca46c731c0260ebceb0; 5e5e45ce956d1806becec96cd991cddcecfedc5f; 6d55053c3be5a2e58fe0008cff6f9815d43e449f; 06f97494380ce5880aa2a9e0216cb37e3cd1ec74; 0a833add49050675440bdfd76df7d365da64b437; f75c58b393e940ec0ce6725dfa7813969201762d; abcc171293fee4b1858de9d87e566d4dd45fc7cf; 1f4f75df1099cfb593a44ef26bc8f1307fb002fd; e9387daa1673327119d883ebf85bff9f9205f823; b2ada03e30d208a5c673bedbd176de86be3432a6; 602905a5f42f77ef16cd160fac9a3fe33abbb845; 8b8da620ac60ee2dc9158f148318febcbff181ff; 8030ef28b634cb6f98eb18966409810713b1d064; 6b01f275e0f16b173f0fcc626578207866b210e9; 490dd3aa1b108471715af1111315062c7e44119f; 406c8c841666789cb7a82e6ec7c1028fbe357987; ed2446c9238a97c69188321c543c7f651cb654fa; 27b1e1148b266f2ddee0aeb1554d3b633faf9e62; 0d6435287f32afcf8a846aa00ada8892ea7bc111; 06a47ada9b993f157d49155200ff1570dcc63598; 779609ac24d762695fe991139212ba4230686762; 5152ec177eace8cef2a6198aa8fb0bc7544197c6; c3341ba3f8f2c37a8ca09f387e2e00f3b42c4229; d6f8c34acbbe9a434f66815c028c1c339482f6f4; a0a7192dfab791a3ae6812905ec191bea0551482; d33e839dc464443ca9fdb58e1201a2e07e1d9bee; b21adfe9eca8f7555d6bcdac38ee417b318f22fc; 67fabb66988f81d56098a978783fe6568a2c4843; bc9b74f0aea6d26c561c14d94a52728c626ea43b; 192d136d11f37002cff67d649d00566db606b523; 8cad596aafd5a2e3e7ae7e9a68630757a3ee2c0c; 502f30954d61d0f2e8f76df261ab6ad61107cc58; 2538b9163f50cf91603467f6a599ec6fc345bb05; 8b0d9e5da35aafa4efdd8ba6b3f118bce60c451a; ef8e1de2e8cef20e179b4d255de2132dac9fc726; b2cd343c704805441b4afb61c33e5c331703abd3; e60d44441319657316c172f5ba66594501fb5728; a39f6b2e995320e8a3f25fe96b3f92a679f187c0; 33f4d052ae208d30913a1a34f631b6e9f36c8d2f; 3ade4b52a0faa67a45bb10bcd704f20090dd6330; e1c9694fec04c8332f31013795dff088bec0ff5f; ff13c6e68bfaaa710cf8ac456c257e46eaaef8cc; 55451137f0b79380240ab72ed12e4c464d469df0; ad8f210075d9af43484ccdd04e7c4c2a8e515381; ba09ddf34826155ecafcd10c526990ad6740236f; 686e014b4303dd75d346569a0adefc8af47942b0; b3da6ddfdd5381dc3e16737c01a91cd08d6d5ce8; aa9763dfa671df2a57d4c19209b06e6e6c710651; bccec5f0900d3bd25e69696d4f1dda84e7fbeb47; c7814120f7908d93c02cea7463ec197cd156c511; 906e1af8589d3b8918b0af239cadb246c8a8837e; 1e66d882f1441f8222011d1097819bb8b3e2bf6c; 1af3f37aecadee9180d8bd99a8ee0bdda620d03f; 5512ab2f94d9f7eb810a643e597f0a4e4ad922cb; c3f8a4d7d9b2211a3e5375feed7664984815690c; 64f2c78761a47405a939ef2e78cb29fdf8e029bc; 45b5a9de7259f1938227ebf59978b4c4405bc004; 96086998b137d72ecfa706d04225e8566fd516ce; aab8c612823dac3142c08ebaaf692893d94b89e9; cac319b4d948ca1560111c5e369cde14a80ed5ab; 72218966530d0c6568ce4d9ed6a97ce257730acd; fda8c1e5080a45613d9c74718ccc2b5ab86d5c00; 872140d82c636cd8691b4535a3bebbeb729ef920; d0eba6b3a5b17797f3490483ddb2370b34b6c7b0; ae48497325496831afbcc8f2b9a26db0e5cd109d; 84bce981b0bd0b7a0b5d6d0feb01fcee1cb5aaa7; 0539cd9ce0819c4f3478fafdc34e8910d902409d; 2be49478417ceb0a9fbec1af67c4ab378491649c; 8bc6a13a9c3ac14c3927a57906854993230e2e0e; cf76cabdff25dd004607f80d8d2ad8b4d239c0f2; 70d078021682bdeb2efa4515f819b4b8661edd61; 4fddf3a1dde6b9a1e04aaf4a916e962f233bc943; 5ba24c1a0bdaff7382afc73d2a0c02ae9e669330; 1616e1b083e4a67fc4e7cb80c3394132d238fca9; ac0da1c9815764381f9671f1b0415c1950c8359d; 646d364792cb12fa9b679c6a2c40e822011064e0; 6ac366c7394c384087b8720f887efc80148fcc5c; 0e16d4d85c77fa0eb9e7afee7baa45a8f58b3ac7; bff563e6af9e9ba8b1f9f328e7400d8a5bc9bcb8; 4aa3b12071996473d84f6c27ed18c2ab5134c46a; 130d2792d7ca3844a8d3015582c87876fb371096; ac9542197f188898b005e06b909a1f257123ec37; 3756b34a7c20774d5ff6f5f3dcc1083368805e7c; 137f7b21586a5a1ac1d489634102d3af2e4e097a; 4c08cefc7cfffe4bb6a5c26f3d5f80f13988d46d; 381195721d49d6f8bf9d13284bae21889da15476; 973d98d517473fa5cfa249be54153470192b3f09; 15cc8fc59da89db8c0cde58cefe95ffb9e69160a; 24138a670dbfe3add56712a7d1ebe220abf092dc; 545c2f7c9c47d0db104c7cca08675d9ee544c486; eb073fdcc0490fdf01c497c64f9d103e913132c8; 9ca83a2419850a6bb9f6cd10ee609cc9caecaaa3; 67051aa6f129f2b8bda35225a25af8a6ed8cce57; 17d0afe4f814e5abc6252e572e3b039082bf6f07; 15f9879ac5b48976a0b9b99a52e2f1c16a323cb3; 8ddee40c1b561fa8c99fed3969e37c3fe43316f6; b62e163eba5102f0e9b720c17e95dbbc8a2aba14; 2c1a96e25d567fe347574339ca2c22d920f8b9e5; f8abcaa849460745002405e1a4cf3405d8405d91; ec4e22bc7c8401ce17386777682aeb271193f82a; 53748971739d769ea2105f4a501e5ec79ab0c651; 4f13c8bc4d2910181c8040d763cc117a61d8ccc8; c9eff9ecd56513a45b2af1598c0728091f18862d; b31d4b7a5ff55ef6b89824860447669efcd7eb08; 4b7c79d44c5198802ee7293f66d49a1bdca9fa6d; e4f00050c6c2c7e03f21beeb358e416961b10471; 256df3e43e9d6e929d18314c14d3665b3d092ec9; 75261fe999b0924194384322b7c8a36abb5c79a7; ba841b3c6236793f084f3e056c858abbd05fe6a7; 385fa502f374a6b65e3ad7ff515a1c24c50e20d6; 4f607f03272e4d62708f5b2441355f9e005cb452; bc18d3be98fcdf5f0161ae83b19e418d947841d8; 9f6d3d6a1f1f553a5aac12bd662050029cf02ab7; 8cafdaf8aa75381e65bc31414598f318447f8fef; 4503c42e1a5eed8f0e7533d7c1237bbe1c8fdf80; 6f60bb6d389c5b801e3197dc9c477e1341c8a11a; f91430da8f0f7678ee595c640e99f1633addb8c4; e8b952b06e95ffee3163fc56fe520a3bf34160ae; 92ff12c094d944fbd99d9235a38415f46d60e769; 1fc3d99380f08c8af65bc16cdbabd7e783a214bf; 75ac55f5f5d5532c5070640060b43a4d26644ca5; c0dbad6881ac69dee47e45f2cdd72aeda292dc93; e938e1ffa36fd7ad0ef97386f2e65fe7ef8e68b7; b221e7d231da64dab5ab1203b82775ef23b6ea37; 79c0a9e86dce82db3b84c414118682aa9f7e7171; 2369171f9d7a1b28c38d4190a435e513ccf188ce; f88328290db676f3a672c636f4cb95a25268d7cf; ceb559522bf44d6b72ceb5c45fcd0a3e865ded4b; da0b7d70baa264d0cf3c68ab52a090bb9662beeb; 82aea2d0afa1c82bcc78f57ee0277f6639f9eddf; aa29c3f207c394901a77ab6b229034bde774c3eb; 5d9aa20117f52b4e8b4704f882d1e3acbc1c2792; 7246fca44c273ce47b78d7532be732cf927e7fae; 9c013da5cf67808d0c396679c7c691d21099cf25; a6cde75f10a580495d11c09781314b317f8c82af; 852f7b6f5e7631a8d4d8ade88f0eaa1400a47ac5; 91e2410a304b9f4a8f6d9df2f34dd1208a2c830e; edf64aa4efe8a0d75c8d02b4279b66410d53ff86; 4aa43e34bd46dbcd0257080886c1057f9b41f708; 853d1b599d8beab800633b0397bdbe53b901f8b5; 83562355838c9e42317ef1c84330c684fda05ea3; 0f699ec18762bcbb4a05e607a090bd8c5014c05c; a3817dd860f6bb06a8011f51ef58ab581b5f96f1; c82f9149012261707f4afa13b1695d6f4ce6dde9; 97ff6c33984b86b44f8f085c75470f17a606ecac; ee5551a02be01157ba948561c7a220d869cfc7e1; 50b918b7a223112c22f8e66693610835328c6162; 5190f12fbd92898a853477824ea7b8b388c98d13; 2e470444baa71f6f5f0f172818da244c8494615b; cce23caca56e80db60f63a27fc196ce3a9bfd85b; 98b2f4094a692e44d440b2c3cb5a77d3f73ae228; 3d72f01e8cb928c076c64738b744f767effbbcca; 4f151246a3b4d87afd17e80b75eaf198ab5ab029; 94b687bd784c054d022a29f496db1b9d2142d74b; f902fcbf204c80971e93c678b60d355fdf876f31; a101fd6c9fd917f79d54086cfcdc7180caa8305e; 76bdbc8966e48577d6529db1a758ab4a9594fcf8; 243037d089aa4fa95883c2db9dc84816887f0ad0; 3b9306d131e284ef103e6ede41ad2b80a15b859c; d4ca19091020f15f0917ea96fe4cd456c2f9c2d7; 6a170b3abb352613863393f5ce1d321697a7d5da; 01bf01cd5313c38f4710c32f47bb688c8061c843; 96451ca0c14181169789197a4c7955ca989235b0; fdbd60782407fb6a5b147bbbdeb67a449ee4acff; fb3b97917ca6bbceb0e5194a85464d65fc2b1038; ef6551b9c23cbc01ea6fe489058221655fe66716; 8207b3bbb971581d5a6c62588d51fa48614a233f; fcc2e46eb796282cf44cee471a3cc98d8b92fed0; c21ca549c3a373b2e3bd696e5236b28a6871b691; 364d4434ebd54abd575d25868437feb1634135aa; 939381533b5ce59dd11907a437f28de25755b0c5; a7cb3e4953df3adb71683ced0e1cf10dcba4789c; 4c2252667c3e71662c914772b817cde64ac01223; 2b0224328e70aa0c6d5685096414ef64a534038b; 8af3c3c4852275b621f4a3b36910778313d02d66; 157235ae3b7703461956a5509b84b9ed60e662cf; dc9ad4de86b67fabca8eb6ebffadda9b804a6d79; 1d5f47ac85bd071ee1e4bde5daba33f55d9cf72b; 096635ec64121f06244562b1becc56f374355d56; f6be3202e7f300218f3ebbc2e1a9d7e4f567e0d0; a2de4eb91cdf20e7e9a815f08b59fe319dc7c5c4; b1386be13ff99856c80edce254811ed395c60ada; 642d086d255429645e8a24382ac9679c2de7f14a; 86d8adbb1b6389860f0de14217c2f364da9eac8a; f4026a6fdb3e7ad921025b08b8c7b82f01ded104; 3f0cdcb0d090e75b7053a0bd080aa0aef47f4bee; 29a363d3734f31ee35d77f6d516767b7c120bd15; 585fb8494e1cb9cb9cd48b8c70e9d8b632b1e176; 0efec059f78f4620933ea6f57ca63eec9c6c7ebd; 9093f58ba7ccdc99ee7b407b7af7095254b510af; daef8fd1dd3ae1f5fa42250ff7e3bec2ad9b719e; 98a8ca7da03759d722deed6b67130b145c61dcd1; f900014bf41a6ecef62c9c52672d9cd0075e5a61; d6664d2cdb14daf0f61b983f463f531b61d3c580; 610dfce50dce17e58cc09c7be00e61e55189adf3; 77bd9a4952b04d6b06c11dee1b24f3fe2860557c; 7d5c62c094971c5d655647878660320212d0c7bb; 4e25a0bfc3dc070fc1380048cb0d14879588a7ee; 3edf332167e9c64a2c39969bd29af86d31914175; a38aa4b0759f037743130a19575f3e08c93ebf97; 3ffd669ac236adbe06126fc4b8391a98d36802b5; d48f8294c673442f3673b4f9b89433af38d44490; ba1dba8af2e3cee3213794fe722d13e90de5baac; b449bbcafe8b56ed4c8c15d017c8a2e75373cc91; 07c0dc8e019553ff856474521e0e3738f8609a61; c5830a1c04b53403f2c9f8f77c72ed3cca47b1f1; 4d748cd835f62f691f3ca032ae9c7074336bc0eb; e7abe3b9ba0abd2d43497f9936a83f3130384a09; 4679a10d6bfd291c644dc905a206c2c23bb65d58; 4eb055826d0099af518716ec6f8480ba2db3a26d; 194b3c6c772d1883caff495f9781102a939a3c5c; e6ad74e66d5694ed6bfe38adeaf88c6be3889450; 5550bc0daf69ce7379e51fb146fea134f8f1dfa1; b9dfab88652c4e3f1d72e11738f020bbc30e9f96; fb5d1bb23724d9a5a5eae036a2e3cf291cac2c1b; e293cc644ebe7b4162ab57e4efec4d4d39133c5b; 7f13d3fb0055690d3c9a8d03c48bfae8345a25c1; 6902ad3a2beadc9979db4d2daa770f76d82af139; 4e8fdfe90652b79df55efd2484f68926364eb9c6; de27bcc993fb198d7932d577ada96fd826d7f27f; a0d6d6c699d115c2a5355f5b508da7893465cb79; 66dd1f94731662e21a78623e590ed478cda9a6b1; f333fbec2a0caf953ddf969184d575c27c18cdf1; dce0ff2238fc6fdfdb251f3fb04ce432d1c01241; f8c0df49a35cb79c50c344d76ab3d3699712aede; 1aa579989fe6c28e5c7cf65bd3b369ef53980d1e; b49eb630005f8bf0ad436968f916f7adbc87fd44; 82a0f639ae37fd6132242d334246da13bc05fd97; 7057a2720f85b27c3f990396ebdf61fc33f732b6; f997d8c1da22a10dfbc659d809b694e700215099; 17373f8d1bb0c9dc1d840a5f77c72644ebee3ded; b9dd509f70d53047708dc182d1749109422e7c01; 7b92a52aad5d9a9c8c3d7967484192a926276ab0; ea7c14da12d4a7c2aa01f47651cca9276fd7bffb; e86a140533f0418c475c0eb63bdbc6ade52d255a; c5447564b97ff9b589f299e9275f519cc85be377; aba4aa3becbbdd6b05ca03d6718eea6a2f76663c; 8e1ef16e097af31819608c880661bf1687aa25dd; ef8ecc63d186486ef629efae002fdc3bd0c494aa; 51ec796a5c5d226c8ba77437271dc50b1adf1bff; 191fb544c77bc46ff61b302986d8cd93e9a4f2bd; 23bac74ff6ec28581b99cfbd8e064930b315f300; 099a4211cee5dd83e7a17ba288c62051b5c95b22; 0c6cb0454d3197369ce19eeb8371701969695c1e; 76e3b10490897ceb0b7e170147987dc135f4202e; 501b9a55b26611491f9e383abb00495d8bbcd203; c078dea7399d1b488f6cef5fe3cd3f5d5db724a8; 6eae682819936d20c8aba50fb711c3d071ab0b45; a3e8cc55765335fae0e8c431243ebb6ca264cea8; 51e8f2713c7494f18bd2e2c88364cf1f6b57c54d; 3f3860db79d21ee719ca9ef98513a6789efa78bb; f88ac20de7f344df2af0201362a2be5aa4ed0cb3; 3f3d8df7d4ba3f27eac1281c3bb24728b2ad79bb; a4b1521ebecaf6dfe4ea7c87f6ad78a68debb2c4; 8292acb8763c49008c8d664ada105573c801425f; 8046167b99b5b4cbbb6e14c29928586b907781b8; 1e31961ea1df04b6f69e063525048412c6586760; d5d47623c67801a0ebff137f3d5d2cc8137ae453; fbf85b75d9d3d8c224de034005d2f2cbc7c4fac2; 160d3da647f8875dcb7f0b7008a0185f5f6bf9b8; c8e460e601a23cd6d1723b4be00c085b22a928bc; 30c2c4486140b653ee4de4a963a10ea9b9ef9739; d7b350b6d469ac30c02f10aa4e62f77f79c0106b; be8d32137088ae1ccb598b11bfbe89cea2a8f228; 4932d56f84b0a3750cab1504f48933a6a2cc4c8c; 329dfdb2751e6f4135a3c5ec9e0df8f3367815b4; f097b3d75144cd82f25912220a1e55d55afa86a7; 431a9994daece825ba8d655da3a61f9f7723b56e; e992d67123a9c9ee81ced6137de721ae89ec390c; 25659c3ae7262798ed96063b6048818e810f2511; dd2137ae2f431f639cf32f514456c60b05ea2a7c; 671431f57cdd42c9d8028e3e0f54bdaec7047a5f; 362a652d96b4bdd2c1eda44bf88c84de96077555; a7bca831d512271c5d5240c0bbac1b23432edb4a; e311269893afe6d4b2e81d2df9192cdb3b149f96; e7389b06d62eac968155400862067a64d709d094; ce50ce47bfa2b4cd23a70d204933d0de9d532274; 71b284660bfb961d201ab2d94e100429b4c0a014; 183004d68723914b765431121af58ea17f7b44bb; 033c6ea86b461b4dd2333e87068c81bb934c59f4; b13269729f83053c6d876d36e22ddb63ca142d41; 7959af02ab279d2e061806c7f24a28a90e4ac5b2; a8fe6a83020169fb96d98a02512e914e3e4ac159; e4b7b7c346ab7281e486ad3af65f680cdd49e933; 2a1d4d325be99ce29f761f3fe89c8c742ddb76f0; 0c270d73ce8ea21fa03c61d701a6d25a117b6646; e4c0082829966c38d1a498df7af169c8ea5d4fab; 66afc725aaf0b2e339dd05a68d29c54bc1a50c07; fe490b2c71293b15b614a93b4ed9682e8990ca1b; 907f27e0152977187f2f7cdaa3ce3cd5b8833078; 3ba9baa534a8ea39a31c69e72ada959aaa6a4dc1; 7a8b8cdcba68317ea03059699a3effd310ad0437; 9dcc4d4fe864f34a93803039db50d83a8584f63c; 594445440046a857004cf520156bfa6933a96899; 19219a507de29cc2adf849f9c2afdba3f5e9cdd2; eb71f41ff22b9833904550ef356e035a70f28cd2; 2e13e84d09d19e36c5142675a7273d7bd08a7574; 2e3465b4c9652195ebabcb5f152f8ed05ac8f622; b4f66238b4ea59880092ab0e998b2639303951ef; faeb4c4f8bc815c6b5ef281823edc2f971640a92; dbc1a98648ecc0f867214cd48183e078be6634d6; f43adf529d723a1efdd6e791cc34f382d562c524; 0bce9dca695b0bf84aeb889ea4de630cea4d2e27; ca9742f2d1bca725a1a66164e036ad6378c5625b; e84b88a2772f579f8002e8a505f91cda56faa26f; b21d2259da5614ea8e7f6b26d109895a7ce3dc3f; 2450dcbe75a1d5313649d1b521022d6afc694b2d; 5ba9c0cf90bfaf64daf452bb87442a8e496e3b54; 2760d8b22c361bebafa81651df099430c610e1c3; 9ee2e1bfb46c061a252a315c826cb50f99477ca7; e0402acdb2be147020641d2181d88830e089d15f; dad88f8de900c21a5e9c50fb1166c982d633673c; fb2a72f75c465ec01fc8795f8d026c8458a6726a; d95e53fd6ee8c21585b1597d133f9e0bce6dc15f; c59117fd609b34bb026015c220f122c8bbeefa7b; 95840aaf3e6682cd6015f9201442ba2067053827; b4c54919054860552e1d72b15193a74e2d657062; d0a07ae36caafacf8b97bc3088b4d0032b4b29a0; 4020bb0b3d8869438280fcd5a21990bea85a3ecc; cec81cabbf8e7c03261d6a93cd372823f35dca26; e697ae68d6d26bc607015a41df9b28f61a4e1bda; 8552ca0754b496e3bb6af4119cc106c5fb51f31f; a68a2574283b4b29013b6994e428f86548565ebb; 7c2127de0683c05163a400cdf4b34b1562611a70; e0d182ce1c2c01f190be3269c01a231c446a4933; 245f605123771901144072ddae30236c99ce282c; 0a0a5b8eff2a7039b867045bbb58392751d3e4d1; a2b8e3c886d5940382bd7899051add4cd778d282; dfab11cb38d20c859a827dec1a860640f2ed754b; 44526d714e418b0ce4165417ef8967a8327b787c; d332ab62bf4eb1aab84e5a2b56b0f4fcd9b7989b; dd061264162a916dd6fa0b5eb508d73dc7847a7f; 827c671db043a5ba9628ae6608faceb677e32268; 5ea6951e78a77125b296876ad15b9d9dbbf599f3; ae36c8cc8c722b7be973202a44a68fc5e52b68c8; 5927088db8cb2a5e5ff186f6626dc3d17bcfe851; 3cced10c94b38b14d25fad9e996b79cecaef57d4; f7da74bbdf556045cce053e0bb372eb467345602; 34f552c32e14d48a0d8aeba27c158897437e273e; c5674b208d6b650127858a3eddd4a36d7eaa17c2; 6a47e62afd84ecd38527b69f4d105511e1d9ab51; 9079a4aa4539b460fd4473100ab3b2a2b37be1f6; deb2f726d8c9dc463ed077677e65eb5e202804ab; d172ca6cd96e1ccc5421b951b58c33b8708bd238; 661f9c3be632801d7fe7b20443ad8d986db85b6f; 86fb2e07e7f38e2326958b6e0322ccae0b9f29cd; 9556c44a5588051a7391144350e1e3f9d4b1bb73; 92c0e9dd350f6d9d89442dbd6621f345c04e001c; acf79b7d55433b662c8e216905db0f12991bdb79; 628878068b823a0c9f0c3dcc58907821d9eebf9a; abe8f0139d0a28dafae618154682bc3a167b958a; 0d19c7b8d220897e3126e8e2d01c3ba68731f712; 494efb5e3c1f697d2f995184ce705a716a993c9c; 293620136b122dbfb258fe95fd45ca85c814236c; d9f15b0e387a5ca49cdaa4eded01cb26a60f93d0; 3490a9d9e8f62acb87f9b1cd88c6c70a2b0c3393; 4c35dff367a7e6b728dc3bf222c399eaf1459ea2; ae9443b39a5abfbf3cc9776173c1ae4f94732408; 6530f68b39f7eb9a2552bebd31a37045830fac2b; fdc8d89e6e274fd7e898302be781bfac0065a36b; 88950c60307cc8f2a365fe0e566744a2f3427802; 145c0b53514b02bdc3dadfb2e1cea124f2abd99b; 7e79ddb48946d0be3e9ba5f285af4d8cb7fd3f44; af5b9e041638391fc392b9b09542314ec2e409e7; 61bbdfd09a650facf0602aeed668632fd5ccdc25; 45786063578e814444b8247028970758bbbd0488; 2fa54b2ef5638c444cfa96ea87f18c8c6bf31105; 684b5498d99dfef1fe1beac1a6b3864f0088d13b; 88af6b1cc06533240c263b6f6cb7f2619bc73ca6; 6a22a55e250ea42a878f65c3708c586b5faa87fd; cc1458c88a2ae916634d1e3fb54f1ff555b3579c; 6ca02c5c3b3261d61bd8cae3dc791dd013396bea; d50b79bc49be772256a4e2b474f6cffd9bfa794c; 9f337740587436f501fb108a43c7f2ee06cf5036; c74d602d5c71be0e445e92ea1ce43aef46a82142; cb03a2cf5c0e046d048fd19c6fe03111e3769567; ab4af62670d19c46664b3512cbcc5dccb0621b2b; 1ff387020e3672f74e40cfaaab46c2d12905ca35; a985d96f275c355aef9ed661f5dfa3b2206967e2; 8308e7b39d1f556e4041b4630a41aa8435fe1a49; 2abca251e7070a76edb79fbc67325ba2c4747e19; be9a0fa28f0956a47b559acd72bd7e97a5c5ffad; 5088474af6d6555e85574ce331b3ce4c83f0ff6b; bb8d6575e7b30b1b8b14bc7979e0604ce2650b45; 725dee239330431517e89d841fb51da78940c735; bd3a7c89f15afd4d253d3172363de4de5593a246; 0d19ddd7eae1f709e3d69c5e229e499d0b199f26; 0a604436643c39e77223f934d7ae60577521882a; f1fd338151f81fd94fb6c9741e9b880e3bb927b7; 8bfc5015f1f36e9ed9cd3b19165a21f4429459d7; 6d12a1d23b21a9b170118a56386552bc5d4727de; 71f1782c03d07a99031b4bbeda351104c4459e8f; c321208781b47306350294c640f0a9171ec75e34; 09cd0da490bf625e13718f17ba1a0ac85fe34d2e; 95759844c456ed5a07c07a55b93b770dd19a2c20; b7074dba23defb7d6eabb5c72cec5776725ca054; dfcd3aebceb3849df0a5fd1ab998bb70427c3557; 254ee2467f74b7d0c62d7d2c5a8db7d03e7605dd; ea1e3a422d123f31db43f7c0f05a2c8d6a02348c; be13a3bd7045c637e35a81491d7ba197729231aa; 3e393d714a43d0c03b57f98dbab98d7f96e18ebd; 67cf7c6fb23701227f65c8062900960262987776; a6208a8c78a9985e8fe74e6d5735c5f26b82eeb6; 16bb32c15bfe4a08b38d44db2cc302f307353be7; d2c93c5877977058a759cdbff0c0c95700cc3c2b; e7731fc21fafca71836999c134e624edebdc5de7; 9d25331abab226c34eb4fe403660d941321d43ff; 275a7ee84df197beb51cae1c31cc57902243e82b; 4bb81d319e862ce79ffe69c4b43b437bdc62da0d; 82dc0e2ea785f4870816764c25f3d9ae856d9809; 0f4fed7d216d6ce1989c690ef268ffd11a2c6089; f8b6546b43057b492d4a7120e58f1447e3196c57; 893ebe8d318c244d0d990f7b9c74970df685cbe9; b593b5c47c4bff941b0a9dd0ae9c48b3d4e6f0af; 403b5c450d1b213d3c7aefaf1fbe7643a45924f9; b1121283c1728045ea7b8b400518e7459a404107; e58ee64858f131d7f1a11ab293b27a07fe254a2c; aff318a439822a7ab47683b1e604a03bce633d26; 03e11a6503eac361e705d41c18b0d7ae9c8b23dd; 4fb790b028a7e9c5a24153fe6d4dc2ce100abeb5; 27b1996dc57dd04f22a4b3aee4d0364855db4675; baf254b4532c545475a8cc4b078fffe1330228af; 8840c1ef691bfd2029349a5d2fc7adf2c1b7a9db; beb48f1698da08c6f990feb8efb77b6bc122aaab; 04237a602bd9f1002cf3f0e4e2de5ca63f586de3; 31413e17fe8a72fd1405ee0823397a97057c8f65; d82a2a2a5e1ce467848e71972dafad4388a1651f; c34f01e631ba666df73afee0bbf19a1d96c90069; ec4f4f58c68c10072b46fb48523caf839913df90; a117319e0aa45cd6d18877cd5a0cab93e1130d8a; 531d048532c612b45c870bad767f25eb7dd64620; 2d41ded0788ee4202f3dd97212c387dd31fb2aaf; 472cafad45a41f2d54c2ba93466637de4e183dc3; 020a65b1f257f19cbf11cb3d502e4339a2a4fdd0; 59a26a2d95db9b713c512d96b2a9e1eafb72d312; 264b3828be2bc1cd6577b783786e1a9cc31bc0c3; 52e77cd5fbd87ec271099c7e5817b0446763c324; 1dfccdc3b85867dc76daa35e9dbb574da661486b; d1ab2e8353b0b575e565adfdb4e5949f09f06a1b; 444e24fd9dff66dfafeb70914b6b3c83e9003853; 2bdc64e504a8f272e0f3b02e8141f5ef15e18fc4; a1a44df49c1bdbb7eb9e202e1e3a5cc431892888; c39e75ed3cc4dd367bfff557899e8aead2650942; e9806e6e1c2c40292b40510cec1d2e00a55a4626; f574c719b66a122e219ccd5de5e1f922daba55e9; 8fd7e9feebd78234f972d2ba39002ea1d8b01cae,IEEE Communications Surveys and Tutorials,2015.0,JournalArticle; Review
0fc7561446c2fb6f5b81ca25fe3d8cc6ebf33775,Near-Capacity Wireless System Design Principles,,H. Nguyen; Chao Xu; S. Ng; L. Hanzo,25,,IEEE Communications Surveys and Tutorials,2015.0,JournalArticle; Review
103adbceea988fc58479e647587a9c84bc9dba5d,Cross-Layer Aided Energy-Efficient Routing Design for Ad Hoc Networks,,Jing Zuo; Chen Dong; S. Ng; Lie-liang Yang; L. Hanzo,36,,IEEE Communications Surveys and Tutorials,2015.0,JournalArticle; Review
1b4b3b3a3aa5892cb014094fc94aaf52aa7587fb,Pre-Scaling Optimization for Space Shift Keying Based on Semidefinite Relaxation,"The performance of space shift keying (SSK) is known to be dominated by the minimum Euclidean distance (MED) in the received SSK constellation. In this paper, we propose a method of enhancing the MED in the received SSK constellation and improving both the attainable performance and the power efficiency by means of symbol scaling at the transmitter. To this aim, we formulate a pair of optimization problems, one for maximizing the MED subject to a specific transmit power constraint and one for minimizing the transmit power subject to a MED threshold. As these problems are NP-hard, we re-formulate their optimization using semidefinite relaxations, which results in convex problem formulations that can be efficiently solved using standard approaches. Moreover, we design pre-scaling techniques for imperfect channel state information at the transmitter, where the existing approaches are inapplicable. Our results show that the proposed schemes substantially improve the power efficiency of SSK systems with respect to state-of-the-art techniques by offering an improved performance for specific transmit power requirements or, equivalently, a transmit power reduction for a given MED threshold.",Adrián García‐Rodríguez; C. Masouros; L. Hanzo,24,,IEEE Transactions on Communications,2015.0,JournalArticle
1dd851529f7f7e3b6478454bf531b5cb6ea57cca,Survey of Large-Scale MIMO Systems,,K. Zheng; Long Zhao; Jie Mei; Bin Shao; W. Xiang; L. Hanzo,279,,IEEE Communications Surveys and Tutorials,2015.0,JournalArticle; Review
1e99c4e7e9ff091f3ed7be571ddaadea231a3f3a,Wireless information and power transfer: from scientific hypothesis to engineering practice,,Rong Zhang; R. Maunder; L. Hanzo,54,,IEEE Communications Magazine,2015.0,JournalArticle; Review
21b090b6aba3cce36f58042b654db23303bdbac4,"The \""Rap\"" on ROF: Radio over Fiber Using Radio Access Point for High Data Rate Wireless Personal Area Networks",,V. Thomas; S. Ghafoor; M. El-Hajjar; L. Hanzo,12,,IEEE Microwave Magazine,2015.0,
252d60035c6b4a6c5656d9f0e376917bd3991e60,Phase rotation-based precoding for spatial modulation systems,,Ping Yang; Yue Xiao; Bo Zhang; M. El-Hajjar; Shaoqian Li; L. Hanzo,24,,IET Communications,2015.0,JournalArticle
2fcb3fb1355065c32781daab6e37e6c4ef57153d,A “SPOOKY PHENOMENON AT A DISTANCE” OR A POTENT WIRELESS TOOL DR EINSTEIN? QUANTUM-SOLUTIONS IN COMMUNICATIONS,,L. Hanzo,0,,,2015.0,
3f4dc905a92244a59fe7c2545865918b5a8dd2cb,Advances in Cooperative Single-Carrier FDMA Communications: Beyond LTE-Advanced,,Jiayi Zhang; Lie-liang Yang; L. Hanzo; H. Gharavi,55,,IEEE Communications Surveys and Tutorials,2015.0,JournalArticle; Review
3f6df2e538586d1800277b0816ee0dd3fcad7b9b,Performance Improvement and Cost Reduction Techniques for Radio Over Fiber Communications,,V. Thomas; M. El-Hajjar; L. Hanzo,127,,IEEE Communications Surveys and Tutorials,2015.0,JournalArticle; Review
41c290d1e8dbcf060bcbd30f97152bf57b016e60,Noncoherent Quantum Multiple Symbol Differential Detection for Wireless Systems,"In large-dimensional wireless systems, such as cooperative multicell processing, millimeterwave, and massive multiple input multiple output systems, or cells having a high user density, such as airports, train stations, and metropolitan areas, sufficiently accurate estimation of all the channel gains is required for performing coherent detection. Therefore, they may impose an excessive complexity. As an attractive design alternative, differential modulation relying on noncoherent detection may be invoked for eliminating the requirement for channel estimation at the base station, although at the cost of some performance degradation. In this treatise, we propose low-complexity hard-input hard-output, hard-input soft-output, as well as soft-input soft-output quantum-assisted multiple symbol differential detectors (MSDDs) that perform equivalently to the optimal, but highly complex maximum a posteriori probability MSDDs in multiuser systems, where the users are separated both in the frequency domain and in the time domain. When using an MSDD, the detection of a user's symbols is performed over windows of differentially modulated symbols; hence, they exhibit an increased complexity with respect to the conventional differential detector while simultaneously improving the performance of the system, especially at high Doppler frequencies.",Panagiotis Botsinis; Dimitrios Alanis; Zunaira Babar; S. Ng; L. Hanzo,20,,IEEE Access,2015.0,JournalArticle
4448854fb6d9d62907adaf9951a0841b6661b6cd,"Energy, Delay, and Outage Analysis of a Buffer-Aided Three-Node Network Relying on Opportunistic Routing",,Chen Dong; Lie-liang Yang; Jing Zuo; S. Ng; L. Hanzo,27,,IEEE Transactions on Communications,2015.0,JournalArticle
4496c4197716dfb2f052e9c9c19e64d4999a5c03,A Tutorial and Review on Inter-Layer FEC Coded Layered Video Streaming,,Yongkai Huo; C. Hellge; T. Wiegand; L. Hanzo,52,,IEEE Communications Surveys and Tutorials,2015.0,JournalArticle; Review
454ce6f26c51e58fda374494a97db493a2eebed8,Network-Centric and User-Centric Multi-User Scheduling in Visible Light Communication aided Networks,,Xuan Li; Rong Zhang; Jiaheng Wang; L. Hanzo,0,,,2015.0,
463dab1798fe6855ed28400cb1fde945c521afca,"Non-Coherent Successive Relaying and Cooperation: Principles, Designs, and Applications",,Li Li; H. V. Poor; L. Hanzo,22,,IEEE Communications Surveys and Tutorials,2015.0,JournalArticle; Review
4b4beb1eaadfc2b340bd58e22b72884718aa22c1,Outage Analysis of Superposition-Modulation-Aided Network-Coded Cooperation in the Presence of Network Coding Noise,,Bo Zhang; Jie Hu; Ying Huang; M. El-Hajjar; L. Hanzo,12,,IEEE Transactions on Vehicular Technology,2015.0,JournalArticle
4c1bb4e8dd71ce2e63673e6b3a4fb6c7db63520f,Network-Lifetime Maximization of Wireless Sensor Networks,"Network lifetime (NL) maximization techniques have attracted a lot of research attention owing to their importance for extending the duration of the operations in the battery-constrained wireless sensor networks (WSNs). In this paper, we consider a two-stage NL maximization technique conceived for a fully-connected WSN, where the NL is strictly dependent on the source node's (SN) battery level, since we can transmit information generated at the SN to the destination node (DN) via alternative routes, each having a specific route lifetime (RL) value. During the first stage, the RL of the alternative routes spanning from the SN to the DN is evaluated, where the RL is defined as the earliest time, at which a sensor node lying in the route fully drains its battery charge. The second stage involves the summation of these RL values, until the SN's battery is fully depleted, which constitutes the lifetime of the WSN considered. Each alternative route is evaluated using cross-layer optimization of the power allocation, scheduling and routing operations for the sake of NL maximization for a predetermined per-link target signal-to-interference-plus-noise ratio values. Therefore, we propose the optimal but excessive-complexity algorithm, namely, the exhaustive search algorithm (ESA) and a near-optimal single objective genetic algorithm (SOGA) exhibiting a reduced complexity in a fully connected WSN. We demonstrate that in a high-complexity WSN, the SOGA is capable of approaching the ESA's NL within a tiny margin of 3.02% at a 2.56 times reduced complexity. We also show that our NL maximization approach is powerful in terms of prolonging the NL while striking a tradeoff between the NL and the quality of service requirements.",Halil Yetgin; Kent Tsz Kan Cheung; M. El-Hajjar; L. Hanzo,45,4c3f615a53fe1fa2501675944122650d07df508d; 0bb71e91b29cf9739c0e1334f905baad01b663e6; b5a37a17a2e50664f7d9179a217cb65d6376c015; f121e5babd8475ec5365a865422d340534bf05b9; 7709c9e46f0cbd6990db7e8e22093e8c4d86378c; 282281f6ae7718a128df0e69bec73436b084861c; a2d54fb1dbb7e087da72258df40c4ffeb132de62; a8928fffbb2732f2a4eeb81cc49dd262f53bd423; 6073a10aa9c8928d2aacd29b0d78d1c358b5de9b; 2c26da863e8a1ec0646753aa861db0524e0cf5b7; a8aad1dfe05be70d314ab873576e42a662ce1735; e8b19ad28c1a7bcac6117986b3def54140e2b946; 083d26f7af978617868ff6fdfd223d0b9beb296c; 4f785cbb54acb6fc39170966efaa417bcf6f3a37; e56d717ff1edaa66942d4be7a862b7a7381ded0e; e40d0e3f485cc866788ec8ec972067266342d2b5; c15a23f80aa93dd1feba82f91a74bd6f7e9674da; 81deb7c2ec55b8f5bbd0eab03664472e1c70334a; e6ad2758f1b1c9ea6ad9e1344bb5c5775c7857fa; 79d2e5f9c6b1ae1ed06c299ee4bfe0c2e4b07af7; 2155913100598de910f36113bac96af54ea1f027; bf262d825595476ff7d54cee457bbea5d10ca1fc; 509e7ad9c3601aa320e543a72763439a2dc6b42d; f2b1aae4115042f439645ade9625795dc91a8e0c; a1c9316e82b2cd5e9eddb298c2f02b5b6b5cf453; 2c896240f7e30c51c146bf0eaf9fdaf1ac6e2faf; 8eead6e32d191326af696faf2c51dd8a0086adbf; 4a717669bdaea274b95546746d0530cf8b7b1249; 38a2aa51cfae8f100546469715d4677e1e92cb26; a9cfb92c25c148aaa8deec06bac24204ef095d97; 0d186e0c2b3bcaa2c647f3d59a3e990c69415d00; d8a1f6f6ff6b7b1bec2f888364c563c959331a82; 7743478992cc8c2d592cbff6eb198e977c76db75; 545b6563a96bbe1cc44214c08f0de9a8e2e3ba9e; a9a18376757b2ab3ef45eda2673cbce7e7f33c70; b6a54aa0c157234631e54834895ae885b7751b85; 308ac1c1ef03a71b8988c06856124060a68feb68; f7c9677e0f8bdf6701f71fe853bcc9cf2b083aa0; d17194411e69e32c7fdc8e75a38c16832c502c59; 212ebf41b8a8e92c8189e51ed9eda119d6b7fac8; 906e1af8589d3b8918b0af239cadb246c8a8837e; 85f96eaa19daa88958336e3b6223f4eff5cf2386; 6494f92537e462884d3f6c963c8a03bc5c06b469; 11c74f5ea6ba2c806bc2b69ed4f1b8187ab71995; d4ef008a5e9e19a0bc7da32fbb700942e449880e; a89183d70a01bb36824fed66a0ded8d3cd678598; cb69b52b4e38c41d962d79e1f2b8db980b84ea11; c3ed671bf7c9bb71c9b791309c11f2b8f3ecf204; 6eddc19efa13f7e70301908d98e85a19d6f32a02; 866338ba2bef96d32528aa9f76740a3a4fd4fc16; ca2faca49e85fe2f65a4ce52e970d0c0801f59cd; 00ca7e20a8f216b9078950d66d6fa4137dd528fe; 31377bf53926d311a86e52181032596c3047645c; cb5a988426b521717859c0ca96caf1c6761c7833; d4a5b72df7ee1d61633f6957778a9019499a0952; c24361216790ea70f758dd09ad9d5f2ff4c1f6d5; c15ca305c3dc6b587e0351fe0d2100ffe5c3f9af,IEEE Access,2015.0,JournalArticle
4c3f615a53fe1fa2501675944122650d07df508d,Cross-Layer Network Lifetime Maximization in Interference-Limited WSNs,,Halil Yetgin; Kent Tsz Kan Cheung; M. El-Hajjar; L. Hanzo,46,,IEEE Transactions on Vehicular Technology,2015.0,JournalArticle
523826d68e59b799597bd94bcc36991fd394cbb8,Iterative Quantum-Assisted Multi-User Detection for Multi-Carrier Interleave Division Multiple Access Systems,,Panagiotis Botsinis; Dimitrios Alanis; Zunaira Babar; S. Ng; L. Hanzo,46,,IEEE Transactions on Communications,2015.0,JournalArticle
532122a018ae4e9910e865c51f28560d2010167c,Quantifying the Transmit Diversity Order of Euclidean Distance Based Antenna Selection in Spatial Modulation,,R. Rajashekar; K. Hari; L. Hanzo,60,,IEEE Signal Processing Letters,2015.0,JournalArticle
5a3739ac333bb7a764ff683a0a7f4f4a474447bd,Visible light communications in heterogeneous networks: Paving the way for user-centric design,,Rong Zhang; Jiaheng Wang; Zhaocheng Wang; Zhengyuan Xu; Chunming Zhao; L. Hanzo,138,,IEEE wireless communications,2015.0,JournalArticle
5c8759a27edc58d646f54fbc01ea37520a00cfae,Analysis and Design of Three-Stage Concatenated Color-Shift Keying,,Junyi Jiang; Rong Zhang; L. Hanzo,41,,IEEE Transactions on Vehicular Technology,2015.0,JournalArticle
66ef67ce50aff4b7e82b084e0bd4f472ccdf2fca,Irregular Trellis for the Near-Capacity Unary Error Correction Coding of Symbol Values From an Infinite Set,,Wenbo Zhang; Matthew F. Brejza; Tao Wang; R. Maunder; L. Hanzo,9,,IEEE Transactions on Communications,2015.0,JournalArticle
6872c20142a33038df9ed30ec8e164d912686080,Reduced-Complexity Soft-Decision Multiple-Symbol Differential Sphere Detection,,Chao Xu; Xin Zuo; S. Ng; R. Maunder; L. Hanzo,6,,IEEE Transactions on Communications,2015.0,JournalArticle
6ce708e899337ff09ef5c4e0b9834188ece5782d,Content aware optimisation for video streams in indoor VLC systems,,Junyi Jiang; Fan Jin; Yongkai Huo; Rong Zhang; L. Hanzo,0,,,2015.0,
6d8de89b3b8032e4c9524a62ac5c8bbf75f1b494,Bit-by-Bit Iterative Decoding Expedites the Convergence of Repeat Accumulate Decoders,,Jinhui Chen; Wenbo Zhang; R. Maunder; L. Hanzo,0,,IEEE Transactions on Communications,2015.0,JournalArticle
6dde06b7f4dcc41c716e30c82e176d1ad5676c23,Coverage Probability and Achievable Rate Analysis of FFR-Aided Multi-User OFDM-Based MIMO and SIMO Systems,,Suman Kumar; S. Kalyani; L. Hanzo; K. Giridhar,14,,IEEE Transactions on Communications,2015.0,JournalArticle
716bc9c93e1766705931799203e2a7d535494665,Joint cell formations and delay guaranteed resource allocation for visible light communication aided networks,,Fan Jin; Xuan Li; Rong Zhang; L. Hanzo,0,,,2015.0,
752f929fa1de2e530f5fe2efae2ed2d0c080399b,Minimum-Error-Probability CFO Estimation for Multiuser MIMO-OFDM Systems,,A. Dutta; K. Hari; L. Hanzo,16,,IEEE Transactions on Vehicular Technology,2015.0,JournalArticle
7541468626967776c3890dc475c24442f6d9f134,User Association in 5G Networks: A Survey and an Outlook,"The fifth generation (5G) mobile networks are envisioned to support the deluge of data traffic with reduced energy consumption and improved quality of service (QoS) provision. To this end, key enabling technologies, such as heterogeneous networks (HetNets), massive multiple-input multiple-output (MIMO), and millimeter wave (mmWave) techniques, have been identified to bring 5G to fruition. Regardless of the technology adopted, a user association mechanism is needed to determine whether a user is associated with a particular base station (BS) before data transmission commences. User association plays a pivotal role in enhancing the load balancing, the spectrum efficiency, and the energy efficiency of networks. The emerging 5G networks introduce numerous challenges and opportunities for the design of sophisticated user association mechanisms. Hence, substantial research efforts are dedicated to the issues of user association in HetNets, massive MIMO networks, mmWave networks, and energy harvesting networks. We introduce a taxonomy as a framework for systematically studying the existing user association algorithms. Based on the proposed taxonomy, we then proceed to present an extensive overview of the state-of-the-art in user association algorithms conceived for HetNets, massive MIMO, mmWave, and energy harvesting networks. Finally, we summarize the challenges as well as opportunities of user association in 5G and provide design guidelines and potential solutions for sophisticated user association mechanisms.",Dantong Liu; Lifeng Wang; Yue Chen; M. Elkashlan; Kai‐Kit Wong; R. Schober; L. Hanzo,554,d4b0932928fcb7417ac61b984f7156c22096a2cd; 3bd8b1b88624121e017baa03512c99679c80c752; 14166ba8a71115166b813cced8d244fd99e32fa7; afed66f1cbf75d7c12f05d48e15e7f5797faa83d; 0ec8c81e1f751591eee584e38409c9288920b54a; 3f6aae5164f4ba2ce328218dc9be8dc06dee56fe; f4d1dfb65c912770426c275e68cbf2e0e6e23fa5; 8098b11ac88a55d4332c2b50d2768d7406df255b; 6710145706216c824f24383de70c00207c19ca81; a4943447d607e97592492b67bf20dab7d1436afd; 6b7e66b4b21e07a7a3ec9aa6a9d4021e56f679b0; 7b80e2a65c3d35c3dc9744aa125b43c3331c12f5; c1fdcfbfd9413a373ab3ccb96448b99108714c15; c39e34fb28928086713060389fca0b90ad6fca99; e91bf6f379c5ef4b251cb3025e3de70064fb49c6; 4d252fc98f9c162d6a90b1ca911bfab4ce8530f2; 0b5c204a92f88192ce5e6d6a64967b41b1663e37; 031192c0dfb2189429903d1f7d039466f4076b62; 9ddaa011145ed0964093f5df6baf6ebb3d9afd69; 9c8f12528e0f73205e01f0eac0990f22b18680fb; b6a5912f472a173946b3522f8b75cf541ce9d8d9; 59eb1e812941912b01d3cb9f48785aefc978bf30; 8a86c741628c709cd7104bacaf0e2bf003d5c266; 43f2967f7508e14dca264b5594f85c65ba8603e3; ba0ae47d2a002ef52f4789dfa2b7a28d1992540f; 0ab3bd6f33ebadb8303881384a66c09274799b98; d49e285a3f7717263002c43e8ffba84a39982730; 50c81a2ee1fc02e94d929fc801ee96b57360e0ba; 0a55aedd0d9e0a87d52f38de797b92388ef98510; 70e79755bb6a12516d3d91ecf0e47045ec73b795; da1a9bd62bf7576e5cde11a0c746ebdcd254b806; 68d2da63cc6ed0492291f22f8db4ff71f064555f; 1bb9eea4d08cbf1b19d7debe407ba8ebe7bd6616; 51bdf382498ad0e44837725ce3b1856cc041005a; 398a34b83ac2c82f35245d75621149f275b33cfd; 48ceb89d2ccf24dc8774d702bdedee60e3edc935; 1440704fe3880f132ca068c975f7da0325295460; 2801a23d1a9a50b83f9775502db43ea451ca9404; b70f2758b25f36f74f70c212363f34dd82f58845; e82ba75a6f50cbd485408927c7cda7116e53bb51; e50db41ef56a0c33832ac35b269e4b1139903dcb; 7f85b1e33bf9bf31165088821e36c499161eb172; 04ef390f53e7931354de984dcf854fec947ab9f2; ea963de3fe5e33d840fc0b2b745d80fe605386a1; 458432b420949c33497281a4d5b39dbedf251a99; 192d386cc337bef789a050e41c6d630bed53f083; dacaecde001b7a125bcbeb1d64b950ce44249302; 136f1d10d2d870d92de4881272eb3b1c2793d2ee; cad54c1f1f2ea9c406c9ee823a0d9157f851958a; 8b529d9f046e26e8c0b740668eb3b468cfc04f20; e841337dab591daca1fe354ebd8173067c0ae40c; e8beabe1df6a1e8688632be867baf7b78c6c782f; 5b4921ee97f90033e8e44fe7a3734145860f5734; fc29265f204c0c1ee499311290c5a36f02f27888; 1349b1b3510c5421376e4ba3902ec1313c10db58; b93bdaad35393058b9ac3ba9469a43e1983eff18; 4a39edd9994ef585adf61caf5b9cae83d4d3a932; acfde1c35468c434b9b3c75ae48c3be12ed8f21f; dcb49770f2528393a08d37ba3a5a2b8da469fbd0; 5d36a50a13b0a8bd28d6df55b96ba2db35ba9b22; a172cdeb2fb7d8a78007597f4ae6ebf810a953d2; 5924310a9cddbe10c13ea5baf960891e3c0db5e7; cf8205dddcf91b86814a18e6859b4d894f6b482c; 141164950ee3362a7cfc6e9f12a8c52dc264f112; 84dde16c5b08e198a841583e0b5b4aeb9125653c; ab4e3dc71f92c95708340f874f145e0d02d82945; d7b2cf873d0c4841887e82a2be0b54013b34080d; b086a0b2ac8bfb1ffe10944defffb9633d384bcf; b4697e7074300df73ef8e2eff8cad2a657b7f6af; d189b332ae0f855808cb29b19af9d8258f2342eb; 3d4caa9a896a2dba05cc715f95c0e33950ee900e; 0134b285a75cd1550665c684cbacda74ebb4b4a7; 99745fb78af979991d571c734e18da39f2ca65d1; 1948cd9a8bae5a382124e8e50c38517dc7c10bf0; 7a5731ff5635b8532e5276fe483a4f15b9d10622; 56b99cc9917eeeee0a7b333a0dfb8d8d6bfc2e0a; 0d05ce68100375a69a4d4c02f877f1670a0a9b6f; 501e330996b4e341eefc2f96835c9813770c4fd9; b900f2ebe4d8cc9d2ce00e84a41a81c0e30155e2; 1370429c9fb0c0b1fb653a4f31007a3835a49b6e; 0fb5ebafa119e95112aa33ede91b3683d7505f4c; 18351a2f0ad48e999d9e6418c806183370cd14d2; f2d8f65b392b857751d5d13a325cf759fb96f4f6; 07b3ba94fbeb467c922c984d08850e63e3212314; 3c6101f16630022992710963ab633106ae73d1fe; 78c472dcba60ee7fceed225c3fb88d9df847cf81; 61ec73ef2aa7374d63c9502abbcdc309ddf127ca; 6ac1852ab5fc4c94fe22bcfbbb3fe9bba71dc3d1; b11b74015282290078067b818c31f4b337b367c2; fe75d142073057382d658834be2da9cb4f45b5e9; 729031aab2f9b31aae5605bc3480af141368a07f; 359c6aaf078b89f3c67d527c3aca0b3590e19df0; b37230cc5e9c959821d7921e8a397020376bb7af; 737409d4ecc62548b0f3f4c86c321c99eccf0b7c; 0197cd99f31842c3c5c2a39170440accfb33ced1; 7bc128002ab28000c31c13b8523fa2e9183fbf94; a0100e450e8120e5eb062edb8acafd7dcb4c5517; a36a51596779d53b1adb6e77d772b45b47dc74da; 3573dcb2926f4648b4509ae976a9690a04879146; 73ff6d01bb56a75d1c87f456848d84c1c6ee75ae; 70f6a0fa645b6f4dc35d616fa3f844ce588ecacf; 32aaaa848e028cadee3ffc277e4122572c1722ab; 56e155343b6e636177850e934df750ba06c21e54; caa147a2b764ff252b77394cf12c3405457d849a; bdd9347c8a98be34f6c7fee29b59fb5a6f800c71; de98c39629914f3d806ce8138ccaa6bd91a8065c; d21d4f26b10c215be2c3e774319b40ef198cb9a9; ab5621f092a7e0b67617da6bdd4c0648ed2c9758; 83b0d862917afee54efaeb7735ed495dcd68162a; 9824fbc6252ce031fab8706d3739195769d91bd6; e95c068d5f19b560f64c5bb6c98e7950917c9dc1; 51f2804e45e9135006923a18da75b6a937335c31; 92ef0738e3b7fa3ec1bd71484c4be4fc9b7bdcba; 24ce82771847e0a4790c9005389c38da8ea8724d; de12cb25ba217ca83d53abf770d58e19ad3a2df3; 23c5416f8a46377473435fc3b26062c77bb6499f; b8ef33151808b86c3d6111149308160119b33088; b4cef5e39f24772c0ddf57e667b58b588b3a51b6; 00daec34ec8cbc0fe5fc370dfbd93822da17f90f; e743aed0dfb2277cadf099afb88877fa3ea0856e; bb9a305eca673785523cc91f721b5cd944c0d29e; 9ecd5142a916fd9d9900dedd2f08820aa36908db; c2cd2e703fd7eb38094c92d1d960b1e07cf1c9fb; 261bfaf79635c455c7ed8bd2ddc6785fd9d9ced0; 5ac38297a3c256c88a67597fa8f5d0c44d5957c8; 48f98af44d35e3c17545cda1a8ac5da28ec1301d; b8578a7883df4bfbb7cb9cb8c7ec8e3c0381e2a2; 14e3521bec6a283ac57862fc8245af90ba203636; ca5f1d97bd4e774a15a04a9dc5fb56aedd60e5a7; b67bb4099c422a4c7664ff9987f4572caa5aed49; 0b88af8f5db62da4214968b2a346b5d73fef24f4; 111859f2fc89ea212997bc923a3ec3a91652ae8c; fd4a53706114fc8ee2e43fc0b0790bfcdb12a358; f03cdec25c560b1b1ba8d469118df6bf1cd4e22a; 50c7c6f72d0d3b1371cbbc33dcd0e7b0824b1993; 8b99486e63dd8fe22a62d2760f715889232b8783; fa5bbc12ac4e8f4956f23b19bd26c35b5b46041d; 9b2242a703af7d3134dcc21dd308193aeca465ca; 038f32813fb5a6460aeb523426ba2fe57ef04b62; 56275d68f89cf98e4c97ce0397a06dcfca7f2fbb; 98cb61a6d698d4747905b572a88b8a3639f63061; 19a27ba5403c05b5b3b3e7d6a152452f7aa52b28; c334f4f22860cc9c8fde31572bb0175b1f45cb12; 07ebe194e29a5c12a3247f925712eb05e71831ee; 261306c9f4435b311706f7a17e113fb0c9989dd8; 61f9514f86fbc371b0d9bc1d5f9a4f2a90cd1541; 76b0505020ea959df387ce9896900799828e41d7; 57f35686ed2d9c68b444d3c43e46d7f62fdc161b; fe4a093b133d3e25a11654d23adeb60595ef70cb; 4565e6b50f86ab46a48bc845200c5f6b4fc1a14d; cb39a455ff4ec7808f1fe4570f0324ba832bd014; 06f7d88280e9a4acee12e29c53499074e22c906e; 1d172ab08d3a73565fc12fc824be87fe92bfa5f7; a8d4e4c25be663ae4589be2da0f96aadd607c369; 7df5f7ceecc3322255aab8a9e5366ba983131d16; b97eb272e47114cc0f6b92a95791acd0a572f6cc; 15cc94516c93d4b5d32e34a69304af0fdb35b5a4; d7d54525e927d87a5142489296d00e14ba539f16; 5d0282d16ee81f8a9da67c6b21d36b26286defdd; e7b4ea66dff3966fc9da581f32cb69132a7bbd99; b9daa2bfc60802da369edacb1e0bb29a6932ea7b; 8869b50a14b16d281d0763ea483cb6025d2186de; f6d0a7a575d3fde69288b4f5c370f8058b00ad7a; 8a5f10dd89cda9b962c34a7f95d5ecb504eeb065; b78ce9b54a97d314213dd700e14128a798d10e06; 6ced836d8768fe52c957105c3ad3970ed9edc8ee; 204b2d88d0fb88bd9743c09e6417b928b1306ffc; 77d271d88480bf9027caba56fa30c4a733e7d4fe; 2e22c7167f4b05dead9b2a25b4b6fe0f007a48f5; b1befe95fba612686bc28ce581703dc2a358fbea; 35312649f71523e2bb1ef0033388eb046f6f9f1b; 7fbd073e7c90d882be2341b3da294d7e10b7ae53; 251e1571032ecc4792294557ce1a9c771ace4bfd; 819185b6d867a474586f285d9aa0222895ae5c65; 4dfa91a88cdeb82b5d810212bbbb92dc2f425c4e; c4fd7b814524b0cc59aa23c3f30e98dcbc72d0b6; 2c977588d57568662778420172ec1392c7c6f6c6; 4604a66796bbe577452db9b1ce2aa715d5a4dfaf; f9bca7f18bd31ec6aa4535f89dcede1aee7b6614; e8d03cffcca57315aaa81df1a4c33f775acc66b8; 45f3c32500673a1af96ccbf9fe6bb7933c5e07a9; 1373ebaaea561ed8e7aab508910aa0bb4da2104a; 4f607f03272e4d62708f5b2441355f9e005cb452; 0fa351ad83a7d1d522e3c01b12e713a82b05f358; eabd1b592e9f5b562052ed6046a292cac386bf6c; b665dbf2b88496b8df79bbec5e92ed06c4522252; c0828c4df46cf4ff44a8bb8731ea6b6d467ce2cf; 66fb8dacdd365cceabc4cec2f228f7879b1aab54; fc9035841103fc6be418afdbba303abbdb945336; eca4ac55d5e24c16edd58d5ccb757608b499d668; c8442541a445e5dc9a953d87c16e9633de4df72c; 333b2c9b4e46895ce277ce34b166a1e0275a7072; ed47b3acc7160d67656f9b1c3ee3ef90d40799be; a8c58f5890259da8a8e3eccc42752779a82af71f; f4e9e18ab643067bde5cb3b204d7830932827833; cf9e0386c3fd2c8bb6d8f23225bd391708e979b5; e0874d9666e87703b54d3f7fbfa093cf13e5e7dc; a323f3737777f66f258bf2a1443f722a3f4baa7e; 4707df69d00d3c9fff78496ddfab972a8d923381,IEEE Communications Surveys and Tutorials,2015.0,JournalArticle; Review
76ec51fc493e090fa35b225acce006cc35226847,Cooperative Load Balancing in Hybrid Visible Light Communications and WiFi,,Xuan Li; Rong Zhang; L. Hanzo,222,,IEEE Transactions on Communications,2015.0,JournalArticle
7de37d1eabe8c2890801ca5a128e3e449523dfbc,"Adaptive iterative detection for expediting the convergence of a serially concatenated Unary Error Correction decoder, turbo decoder and an iterative demodulator",,Matthew F. Brejza; Wenbo Zhang; R. Maunder; B. Al-Hashimi; L. Hanzo,2,,2015 IEEE International Conference on Communications (ICC),2015.0,JournalArticle; Conference
7e390c967a90415925fde67c3f63ed0ac6eacd64,Multiuser MISO Transceiver Design for Indoor Downlink Visible Light Communication Under Per-LED Optical Power Constraints,"Light-emitting diode (LED)-based visible light communication (VLC), combining illumination and communication, is a promising technique for providing high-speed, low-cost indoor wireless services. In indoor environments, multiple LEDs routinely used as lighting sources may also be concomitantly invoked to support wireless services for multiple users, thus forming a multiuser multiple-input-single-output (MU-MISO) system. Since the user terminals detect all the light rays impinging from multiple LEDs, inter-user interference may severely degrade the attainable system performance. Hence, we conceive a transceiver design for indoor VLC MU-MISO systems to suppress the multiuser interference (MUI). In contrast to classic radio-frequency (RF) communication, in VLC, the signals transmitted from the LEDs are restricted by optical constraints, such as the real-valued nonnegativity of the optical signal, the maximum permissible optical intensity, and the constant brightness requirements of the LEDs. Given these practical constraints, we design the optimal transceiver relying on the objective function of minimizing the maximum mean square error (MMSE) between the legitimate transmitted and received signals of the users and show that it can be readily found by solving a convex second-order cone program. Then, we also propose a simplified transceiver design by incorporating zero-forcing (ZF) transmit precoding (TPC) and show that the TPC coefficients can be efficiently found by solving a linear program. The performance of both the optimal and the simplified transceiver is characterized by comprehensive numerical results under diverse practical VLC system setups.",Baolong Li; Jiaheng Wang; Rong Zhang; Hong Shen; Chunming Zhao; L. Hanzo,110,20b7d448eac4b6a6d73b14407d9ccf7cb239c467; 5a3739ac333bb7a764ff683a0a7f4f4a474447bd; d75c0ac98ddffd55c0fff31ece227d23de639a50; b8f52b9a6e70df6edd8533c36d7adae83cdd959f; 1d9b23bda97a4f4397969e617213d1a9018ba043; 5ae58976f1113bcd801a457a7867ae7216105466; 74b90167eb80e959e84497c51e4e9da37a8de0ea; ea3fbdc9831c1294c2604a79ce310e945b66894d; 9ea8721a79c2ac00a5edb5ac20bf9e29b9ff3957; b685ccb18b98cc3705b70f4373d755dd84fa6d21; 8866b517bb2592ef26d741611260fedd4857a934; 9981c65d5527cd2881cf92a91ee38f8af2594ca8; ab521161038c22b1cfd8af07859416529b1be56b; 3b1f676593bb39d965ca27ea4010cc7ab07f3cb6; c4fd2525613be5b8a4fa8b2f02976704e75bcf17; c090f4e3f4373ce4dfa81198c571f206fdf76798; 826a04bd34b609bbb4818aac500670a3da48c15c; e3c249de49a150beede793fe953a70f80e856401; 0b14178e7d79ac426d0a39700e1ac8b2c6f2e752; 035cb290948a9d7ab06e979f3d1d7fe053132e79; 4759700c1136dffb385e53d2a89dbe30d63d9693; 3d5b2b72e9f0a8cac8f8c313ada073231bbc3528; 4c123f29de27aa9cdd6f2ce31d61259d17325490; ad8f210075d9af43484ccdd04e7c4c2a8e515381; 75db6d3adb41e9fa5ec6f9a6ac84ef620e8ad1c5; d944aaf2d8b2889c8a5f229e7c0006b2cd1bfd4a; 721f54f6fa32f5f02c5124a2b73ce5f4280b4eaf; 9c59634825ca497197b47eb70441782fe3f56236; a1a14e39ee10e9df0b5aa019129377d9a427407d,IEEE Photonics Journal,2015.0,
832158d7f8e81bb3cd1b0801227206779e6eb21a,Large-scale MIMO-based wireless backhaul in 5G networks,,Zhongshan Zhang; Xiyuan Wang; Keping Long; A. Vasilakos; L. Hanzo,98,,IEEE wireless communications,2015.0,JournalArticle; Review
84c81ae3d6a94ab0b924b93f7e500a4099f802a5,Decode-and-Forward Cooperation-Aided Triple-Layer Turbo-Trellis-Coded Hierarchical Modulation,,Hua Sun; S. Ng; Chen Dong; L. Hanzo,13,,IEEE Transactions on Communications,2015.0,JournalArticle
84f0906f00748e6bea94a7c0ed75cf734152e9c7,Iterative Distributed Minimum Total MSE Approach for Secure Communications in MIMO Interference Channels,"In this paper, we consider the problem of jointly designing transmit precoding (TPC) matrix and receive filter matrix subject to both secrecy and per-transmitter power constraints in the multiple-input multiple-output (MIMO) interference channel, where K legitimate transmitter-receiver pairs communicate in the presence of an external eavesdropper. Explicitly, we jointly design the TPC and receive filter matrices based on the minimum total mean-squared error (MSE) criterion under a given and feasible information-theoretic degrees of freedom. More specifically, we formulate this problem by minimizing the total MSEs of the signals communicated between the legitimate transmitter-receiver pairs, while ensuring that the MSE of the signals decoded by the eavesdropper remains higher than a certain threshold. We demonstrate that the joint design of the TPC and receive filter matrices subject to both secrecy and transmit power constraints can be accomplished by an efficient iterative distributed algorithm. The convergence of the proposed iterative algorithm is characterized as well. Furthermore, the performance of the proposed algorithm, including both its secrecy rate and MSE, is characterized with the aid of numerical results. We demonstrate that the proposed algorithm outperforms the traditional interference alignment algorithm in terms of both the achievable secrecy rate and the MSE. As a benefit, secure communications can be guaranteed by the proposed algorithm for the MIMO interference channel even in the presence of a sophisticated/strong eavesdropper, whose number of antennas is much higher than that of each legitimate transmitter and receiver.",Zhengmin Kong; Shaoshi Yang; Feilong Wu; Shixin Peng; Liang Zhong; L. Hanzo,27,,IEEE Transactions on Information Forensics and Security,2015.0,JournalArticle
853713aa2871c927e421275298908ef2c7719765,The Road From Classical to Quantum Codes: A Hashing Bound Approaching Design Procedure,"Powerful quantum error correction codes (QECCs) are required for stabilizing and protecting fragile qubits against the undesirable effects of quantum decoherence. Similar to classical codes, hashing bound approaching QECCs may be designed by exploiting a concatenated code structure, which invokes iterative decoding. Therefore, in this paper, we provide an extensive step-by-step tutorial for designing extrinsic information transfer (EXIT) chart-aided concatenated quantum codes based on the underlying quantum-to-classical isomorphism. These design lessons are then exemplified in the context of our proposed quantum irregular convolutional code (QIRCC), which constitutes the outer component of a concatenated quantum code. The proposed QIRCC can be dynamically adapted to match any given inner code using EXIT charts, hence achieving a performance close to the hashing bound. It is demonstrated that our QIRCC-based optimized design is capable of operating within 0.4 dB of the noise limit.",Zunaira Babar; Panagiotis Botsinis; Dimitrios Alanis; S. Ng; L. Hanzo,38,,IEEE Access,2015.0,JournalArticle; Review
87845629d7bf0ceec68f09dbc1453bdf2d302c76,Two-Tier Channel Estimation Aided Near-Capacity MIMO Transceivers Relying on Norm-Based Joint Transmit and Receive Antenna Selection,,Peichang Zhang; Sheng Chen; L. Hanzo,34,,IEEE Transactions on Wireless Communications,2015.0,JournalArticle
88494d4b8e0a5ae51a9000e5044698fa9d02d6a6,A non-coherent multi-user large scale SIMO system relaying on M-ary DPSK,,A. G. Armada; L. Hanzo,43,,2015 IEEE International Conference on Communications (ICC),2015.0,JournalArticle; Conference
89726009371df933bd1113e0a463449d625ba7cc,"A Survey on Wireless Security: Technical Challenges, Recent Advances, and Future Trends","Due to the broadcast nature of radio propagation, the wireless air interface is open and accessible to both authorized and illegitimate users. This completely differs from a wired network, where communicating devices are physically connected through cables and a node without direct association is unable to access the network for illicit activities. The open communications environment makes wireless transmissions more vulnerable than wired communications to malicious attacks, including both the passive eavesdropping for data interception and the active jamming for disrupting legitimate transmissions. Therefore, this paper is motivated to examine the security vulnerabilities and threats imposed by the inherent open nature of wireless communications and to devise efficient defense mechanisms for improving the wireless network security. We first summarize the security requirements of wireless networks, including their authenticity, confidentiality, integrity, and availability issues. Next, a comprehensive overview of security attacks encountered in wireless networks is presented in view of the network protocol architecture, where the potential security threats are discussed at each protocol layer. We also provide a survey of the existing security protocols and algorithms that are adopted in the existing wireless network standards, such as the Bluetooth, Wi-Fi, WiMAX, and the long-term evolution (LTE) systems. Then, we discuss the state of the art in physical-layer security, which is an emerging technique of securing the open communications environment against eavesdropping attacks at the physical layer. Several physical-layer security techniques are reviewed and compared, including information-theoretic security, artificial-noise-aided security, security-oriented beamforming, diversity-assisted security, and physical-layer key generation approaches. Since a jammer emitting radio signals can readily interfere with the legitimate wireless users, we also introduce the family of various jamming attacks and their countermeasures, including the constant jammer, intermittent jammer, reactive jammer, adaptive jammer, and intelligent jammer. Additionally, we discuss the integration of physical-layer security into existing authentication and cryptography mechanisms for further securing wireless networks. Finally, some technical challenges which remain unresolved at the time of writing are summarized and the future trends in wireless security are discussed.",Yulong Zou; Jia Zhu; Xianbin Wang; L. Hanzo,1212,83721103a6fd5535e943b1b575cf70862c2322a8; 7bc18e4c8f66c2d9232fbb5159dafcdf7e74160c; 7046a981ce570f309414280140d9751ad93a8ee0; e1c82f31354c63513bceb8c675e3b4bddd02441e; c0bee196588ddc30c40c90983e62ce44e76c9a46; 4977b33fc7d1b69a65fe3acd2a14de325ab2b25b; 7748058cd59edb630f34b8685c724578604a1d9d; 722439a457eab1aa17d822f95bc42dfca52c02db; f2fbc2bcd71b01be9ba2c7433ac967ca83233648; aedd55b4d8117fb395dc37bc51b5d43bf2903b78; 8263ac298b592207761a4db75d5fb9bc3a414421; 6ac1852ab5fc4c94fe22bcfbbb3fe9bba71dc3d1; 62bb0dd900ea0df86a1a817e3f127e07969e5d41; d76e5cd8e43441df5b0e1b0aa98a4fb6562e7e4c; 32aaaa848e028cadee3ffc277e4122572c1722ab; 178b467fa115734a5ff65bf2e6bc332c7cea5ec4; 2494bffbd811ded937c534c4961b92e7b602d2cf; 5074fc00bda69d4df936af32a0fb38417043e336; 36119a1032177fb276f8527e7f2d744b4c0719f2; 4df2c19c853b1ea02f685d68dee98f996f5ed815; 6378bc3b7b0736f5defbdea84fe2d66e2a9c66ff; c2085731014ff471a9e7844206c9ef1c7ebba71d; f56e1a0e6d47ba3a0d7e38a6ed0fe75941d17dc0; bb9a305eca673785523cc91f721b5cd944c0d29e; e87e77f8dcb1052e65f7f7b73b717e185180773c; 393c2dc4ce3f228a184e5b0fbe2dd17c12fa4ef9; a6ddd1763e435de92dbf10444f5bb114aaadfd0a; 3251951ef06ca3eb0ca3df6f06188b0d74847164; 6906431861dff300461e595f756c13c95a9507cb; 2be5315627f498696d36bb57fde2866b2ee34078; 15848593e2d46b577e2ea89c9f819f70e5b5248a; 045947dddbcbda7eed7636c58e6388f17331590a; fa06cbcbdf5ef57dd6ab7c2c1606ecd6d4941f6c; d1d651c88873fb10f4893f14ca4452b641748d3c; 156389036e34c43b2d03830f4f1c59abc22f7e73; 65b3f73f79e7ff6de57c0d8fd07adb86f109c262; 0db7fb75a72b8ab5cc3cba457ef54aa7169c34c9; c5af35c7ce8c9c395fa4876b601e37e6025f22c9; 1490080e3ba2a4e51712b3929285711a689be600; 09b2d412233b3d2a62602b093992e646d046e6b1; 12d6e97bf685577ab81df02aee965c046b804957; faf87047f4133997e977f2ccd156b75a20b1ca41; 1f5bc638e4e8829c235882307a7c362d3d476466; 382de9c07b9c5a00f0e78390fa13339edc8356ad; 00307749479387b2069cc1d19de37d450b70f0fc; 132fbc765d1209240e9337011a774efb6cadfa63; 4287a92355c2962e6a309b752f434c3efde63f34; 01051dc18a5dbb004c68da0ee7f8659a44a72887; 0a49f416e741a57c7a214b43acf398cc14b0641f; 7478e93f3b75d0023c0e2d6dae6cd64b60c91eb3; a6babe3c1c23633348329b05a83d4d14494570ad; 60dccfb6891997cfcc35cf257ca7f2700a07ef0b; d6f100a86489eae044189d71694ea784436244f3; eaae28b6bdf0e8b84d31151bc53c095f19a1d8df; f44ed06c868f97b24a28df856646a931318f67e9; 86732523e83dcaa7b5b0db6559ae7c415a7db5d9; 8235359871774cf8e14fc34a8f3233ebd9e8d465; 661c0a963c30442c24fa22359a791900f9615b4d; 7d915be9ae8fb715c9f83c428c01fe43cdce4090; b0b75bc32d26ceea6c4995fe140e967b4436483e; a601c10333816d9d21f6d0df5900bcd0671f20b4; 3bddd9ac9ff8a108056280083671cd3c9f69a473; 4d0ee8b2369f1bab13c0fc4bab8288b714b985c0; 84cf81299ba56785c3b9b75e7faebc41a9273a98; 8d5d49fc5674f7d26da899a7120183b46ca9084f; 80da06019a73f32a9b764695f4db8bb37d9dad92; 3651d0eff5825abda68e9730c886230789951f29; 99f7541b70d47b6dada7edf480a4d1385fb637b3; ada00136b5e158cad4366811a152ab1d3e007094; 982837ee126d08d91f03a7919c0b3a3e448dbcf6; 91e92fbf6725dd0470aad0a3399333d68788eb61; bd03a1151694d8d68cc4ed2ada6e0c2e8a7f5a15; 854ec16d1455cb17ec1b018da05e38aa04597391; 4d9a1f99acae6caf55bd7edfb42036bee6942b2f; cc024b9d3d35760a9a6d069c65499530f4c1645b; 3edaad4b3e17df6b55776963ce355fa9d96d3ecf; 6fceeea05fc201945d155da2f3dda2ad5a9ddd4f; b260fcfdd0fa7bae2fa281e2946c4d8598c744f1; 0b1fa287e4c9c200f5475a2f7ef1d61a2ab91a5e; 59c68cbbba91080240779d57255db742a1a6495e; 0c897fe4f9b00157ace71f70ea344f7d7e3b9d9e; 053bcd4821b6d1045fad3477d1b2360a160b1ea7; 18cad2e68eafe5f0dc1a7a4b055ae8a6a191b012; 55b652e008f8bce61857dfbaea99313adcc12a25; 95343140ffffbc24b9a0486b3bf04f694fef185d; 478b1699c2c3b1207629b127950f6d045adda5d7; 0d5de159b32e250547610222a9529265d76317d1; 4be4f118fae75176fa78d37e50dbb5c963a95603; 8bbf3afac56186863500a1ca89dd854cbc8da607; b83dc842283d52bbf3d6679e3781ad4cceecb407; ce8fd1280b9c9f461ed403980ae88720fe91b09c; 565801c1b7430e628a8f4073b59f57109de65708; d37255b21e76dfd0e0ee67d1d2416f97e4d79944; bdde1d29c4d1868b0078d989fb6751ddde4a7071; 9e18e18bd79bd53a0986cff743ea4bada88b472d; 40eab4b40829cfd930012d22769b30c29c585cc8; c4223540416c36a91e46e92aa0cf205588919b92; a246ed09ba270853be35430d23337ab640afaa9c; 20cd4c967be8a5e824d5be67260a513b87151125; 4e71f2e8e3a554ae1ee5bb669584307353ac70fe; 1061c9d5a5f0f71ff078063b9034239bee6aae92; cc84e005b4f4d41e4911315e963e44ac159f74b1; 0f20ae6b8aab597e2986408598f2a8e2d03ad788; f0159c3b1f3bd01ae8dea3da66170610f53002da; 718b023994608661e98196a781719149f407cae3; 699bee9cebc1a6bd4f6fe4512a0612e6a081f494; 319da9f215fb0b79666f7cd7a0134ebbbff91964; 8e20606b50cea1200ff52060a80f417aa8a359ee; 21e3d03d1cc9d3530f84204d51c59069aa5033ad; bedcd223a2aaa60dd93047a46d6dac8fc1d0b501; bb2fbacd664a502068187507ec274bb8c4cb8cb8; 823c35c7bcfd1cc54ba81ebf44162e7885e1c1dd; d831f98d5975cb15557cdf7f8af4fe1f9a0579a8; 2289299fb0c93baac982836d37888f5422e0dda6; 0ec98b5f68ae2d112b42f4287abaad2d454a2f6c; 0987796f4320193444ad7d343cdbf337a0befc23; d272a419b42ebb1159a9f37c37adcdc1d3012eef; 712aef4ecb027a01e94d2ad05d3fec885eb53f16; e07574d9399a07aa5c5b9e5a93ea1f5810598679; caf93939fbf893412f02c9752553c7a829d7e0bb; 9872bc943697afcbba3c19681a2f74b42709bbf8; 7fbf8c636a680c5ba8a227b44f64a136bf6d1f62; 599612d8848cddda00208f6f215de89c94c0c5a3; 08b6310821be65c484405dc5d317ac0a95ae2617; 626d990bef7a24459b9d16caffaf2084c9b14d6f; 22a8de0770b44ec86415f4e23fbd80556507c21d; 7a5a1243594ac62c2b5c84d332e015d49424e815; 37edce4075318a77bfa67d3745a41c169d8fcff4; a7b191326c92f023d1feea31e6d93fad3ca9c024; 49c0a9b0e2d4a468cc60c5ac50a0b227eeeb1e30; b50a4c2634bb3cfd4df048e43e19f5487ef31e4a; 744543402535a2af06ef3b57af2d85007772c7a1; 2b7a0cb7ff419faaaec2a5c228c18ea1bd269dd6; 418f0110b227a74a330543bc2a83f007fff31d5e; ad26896014f28e284116761d17a82686d7c93d51; fca1e639cfd25c4182a1810a64f32d7450d2aa97; 2427bc7e16daced373da960bbb0591cd7740a200; f4538e156b443e03435d64af1838b55e454cb581; 53e6a867295e4565269aed8b55a5144a1a312b7b; 00832025b9ad6623f66b98ad914d30bca476c769; 0f82bdacc3ddf0ff7dba6ca2d502b97dba6b401d; 007524794d49bebca5845722054e459a86d8b785; 49390da2244508d1db7fd983aeb40e6267b3121d; 782b8281c9aef8274f4443bb866aa036bd812209; 0f699ec18762bcbb4a05e607a090bd8c5014c05c; 021986edfa400362b26863a831c6e12441ef034c; b5ef1a9faedd5f2ea6bf1d2b1ccb40dc1e1a66a7; 431de9e5789b3b4a71c9d6784c9a2f3261b88ce6; 80a18b31d757de949a19f2c4c5314a92d8470b16; 7df38061211732fc6bf0f073095c5e015d3c7fb0; b5f1a2e87f35dfef1110d3c2d0987c687abddcd7; 22def2a3a96ab6ab22241926a2231933e565775e; c955753385aaded67bd473cad11fe404dc95fb63; 6cab1d52e6e20d04e731a2824790d3e594093bfc; 824be54bad2d652721589047f5182237d02a211f; 78c0e0956f872ba65b2113c5f2227268387377f5; 3f1901441165f41e2aaed2b7e794a9f3099fc720; 04405c89917096a2a6ff060b6d8eb57df31496de; 20722a72fba2afdfe3f4e77f6a91b1dc74f208eb; 67aec1b2f4e08e6179a1d2d5e1001b324f6037fd; c469c4d0c0163bcbb75ed26ba07752f87f51f793; 7057a2720f85b27c3f990396ebdf61fc33f732b6; a4566cb1a485d05777ca547bcc7a15a784d07f97; d7e732b3c9f8ab14f0548527abf13ad8b8cd093c; 08ac9d78aa1ddad359f40970d61e19a8c1b61627; 51ec796a5c5d226c8ba77437271dc50b1adf1bff; 6eff3a8c27a2e0197ab5d1e52f231e1f2743c735; be9c078c0a17861077f3a2d3cb4100497e10f1ac; e4624d5606fa4b9de8e5e5c1228dcde62b85c2d8; eee1222af612508ded7a08baef009c64808ba6e0; c2942eb8f60d04359f173aabe3f51e6f12a2199e; 35b8c838c73190a66e4b327877fe59eef59042e3; 0bc10d28ead8f1e1404ecb00ac2cab14cd86631b; 8e22e34d168a96c03b57d64abe9df9bf464e1942; d9fb82419f16eb702ad4aae5dba1dbf037c139cc; c02bae0c9e68c4417d9d6226790c9a1366991494; e073a7c5a6418d96fc16d8337a6056a457e75c1e; d7729c09790e4048ad75dd66c3e8d2194b8b15a6; d5afa0741ecf3179e3b9a34db1d6fede5512bce6; c072eef2dfb3d9c5339ac3e767120cd691f2ab55; 57273c318865a5a1ba506c73d0f3195d3548b5e2; 72491f789fda0a34480fb6c7497706a2868404c2; 67189cd24091ea9f2322bd23699383b923fe13b0; 74f2b3adbc2b62ac8727d4d98935b3799b53119a; 7ec682c34f898c714ada90484e99a1f13dc98964; 75e9da2e0ef5cdbb87f00bd3ce0ed76812bd62aa; 9b1f0f93255e880c1116ceb08e6ebe809cbcf1da; f246be91d937e0fcef2f7d6962b492e4453a6951; ac36c6e53af310488256351fe3998fb1de3e756f; 7cbb18046cc39a85b027dcb38162b1a68f561728; 7be008c8dd7d074b2428471b0e512b60e36f622d; 6b475440e4f00c02439a500f9c2bfa2b8e25ce62; 6750a00d7fbe5108dcff3cb582ec352b7781504a; ea1e3a422d123f31db43f7c0f05a2c8d6a02348c; 8d284b8356d4f4b3a112f744f9cf6b5c7ee62bea; 4be5b742184223560d9f31bac33cb6473d4ffb39; 5c372cdaa88e7e6016b5084044e4eae82a0306e0; 28d2edd9103035811ddd4927986311caf11eb012; cfa2d30fdfe0b225600375f628868107c6bd8ba2; e7309fff2a052ffea83597254bc2c0e0e19372a2; 7d87f2fb560bee04e1e8cd906cf3a3fa905580ee; 323ae8461b589995e8a7d4cc77c7a62ee9688c11; b64bed9520f54952633e1af4aa75e6da63e793cf,Proceedings of the IEEE,2015.0,JournalArticle; Review
89b185091d50848f424fd2cb3e3c824511c10eae,MIMO AF relaying security: Robust transceiver design in the presence of multiple eavesdroppers,,Jiaxin Yang; B. Champagne; Yulong Zou; L. Hanzo,7,,2015 IEEE International Conference on Communications (ICC),2015.0,JournalArticle; Conference
8d3fb2d2a6276f35cf191e7d2f5f181cc970d74b,Resource Allocation Under Delay-Guarantee Constraints for Heterogeneous Visible-Light and RF Femtocell,,Fan Jin; Rong Zhang; L. Hanzo,109,,IEEE Transactions on Wireless Communications,2015.0,JournalArticle
8defb0abdaf3bb446c143853f91406ae874773a3,S MART B ACKHAULING A ND F RONTHAULING FOR 5G N ETWORKS,,Zhongshan Zhang; Xiyuan Wang; Keping Long; A. Vasilakos; L. Hanzo,0,,,2015.0,Review
971fbcf5b3d6a588ba34ec71ccefbf12d5ec9458,THE SPATIAL MODULATION SAGA: SINGLE- VS. MULTIPLE-RF CHAINS AND ALL THAT..,,L. Hanzo,0,,,2015.0,Review
97988b22c8dccd0545deefe301ff78010e4633c7,The Connectivity of Selfish Wireless Networks,"The network connectivity of selfish wireless networks (SeWNs) constituted by selfish nodes (SeNs) is investigated. The SeN's degree of node-selfishness (DeNS) is used for characterizing the effects of its energy resources and the benefits of the incentives provided for enhancing its transmission willingness. Furthermore, the SeNs' signal to interference plus noise ratios are defined in terms of both their DeNSs and their interference factors. We then continue by quantifying the effect of node-selfishness on the grade of network connectivity and derive both the upper and lower bounds of the critical DeNS. Explicitly, the network is deemed to be connected when the DeNS is below the lower bound and unconnected for a DeNS above the upper bound. This allows us to quantify the asymptotic critical DeNSs for our SeWNs. In addition, we develop an energy-conscious node-selfishness model for characterizing the relationship between the SeN's residual energy and its DeNS. Based on this model and on the asymptotic critical DeNS derived, the critical amount of residual energy required for maintaining a specific grade of network connectivity is determined, which is verified by our simulation results.",Jinglei Li; Qinghai Yang; K. Kwak; L. Hanzo,3,4b7feefb84351d6c507b7ef91b1cad93d4713483; 0961e41ce6063a860a21bcb06e4abe014ab70000; f121e5babd8475ec5365a865422d340534bf05b9; 1bfc2d027d9c0de8085e2a4040f4f818d3d5fd4d; 66732d6a40a84a448a824f04d3624228bd2c82b2; a58c572a3405fdd19c1e6550daead4f3185da0df; 3fede7ee6eac246b9b4d90fedcf9e8ad77bc5fcb; 04be5f75e981212556b53e4fedbf637fef995792; 8207b74bcf5d8114b31b9555ff1baf2b4a8662f8; bc9bad1897c9669fc32dfa6e86f7a37f0563ff69; 4e0a0b1bb3f135ef0cf97e1c912469e52af0b767; a4787c7df15bec577a192d66f8affe443f7f7108; a6d18a3ada6d4d9c4beac74f6239ecdd22e0443d; d73c6c33657b1bedc6b01ab0f5e8656205bcead7; bc1e54e29c0b2d1149baf11cc87955f497f2e8ed; b1ee6436a8a03bf1c3115d7b0bdee8db464fdc79; a8f829f2d34cd3bd52c9d60a97eba337cba3faa7; 298b172cd6a5f1b05ddbe3f4c4aa1b525e0a6593; a9cb41f0a2c95333fc37d076b4506cc849ee4e31; 10d57596576b36b6bf4726ebec2f8a776f1f5af8; 160915fcbd91a7f743ab13db05783a5e31ace40a; 6b4f15ccdd3de1ee2ab256e5a08cd639756e5e9e; 8c6bec86eac91ad56975ecfb3e5c17c9e9e1a3d9; 9979ab4c261221ee19e25249b83f725d7b7ea063; 15c9f294d8d1b820f7a30f9c96b2674dd67c6194; 45072beb635fadba7820ce0d05f33b664c2a81bf; 5ad4fdf0b64d84fe5e76540d8ad0892e068f4ecf; 324603d0a2905e19b50680ec1e8397bd09593979,IEEE Access,2015.0,JournalArticle
99e014848d45d17421268b002e2c11853e5b6221,Non-Dominated Quantum Iterative Routing Optimization for Wireless Multihop Networks,"Routing in wireless multihop networks (WMHNs) relies on a delicate balance of diverse and often conflicting parameters, when aiming for maximizing the WMHN performance. Classified as a non-deterministic polynomial-time hard problem, routing in WMHNs requires sophisticated methods. As a benefit of observing numerous variables in parallel, quantum computing offers a promising range of algorithms for complexity reduction by exploiting the principle of quantum parallelism (QP), while achieving the optimum full-search-based performance. In fact, the so-called non-dominated quantum optimization (NDQO) algorithm has been proposed for addressing the multiobjective routing problem with the goal of achieving a near-optimal performance, while imposing a complexity of the order of O(N) and O(N√N) in the best and worst case scenarios, respectively. However, as the number of nodes in the WMHN increases, the total number of routes increases exponentially, making its employment infeasible despite the complexity reduction offered. Therefore, we propose a novel optimal quantum-assisted algorithm, namely, the non-dominated quantum iterative optimization (NDQIO) algorithm, which exploits the synergy between the hardware and the QP for the sake of achieving a further complexity reduction, which is on the order of O(√N) and O(N√N) in the best and worst case scenarios, respectively. In addition, we provide simulation results for demonstrating that our NDQIO algorithm achieves an average complexity reduction of almost an order of magnitude compared with the near-optimal NDQO algorithm, while having the same order of power consumption.",Dimitrios Alanis; Panagiotis Botsinis; Zunaira Babar; S. Ng; L. Hanzo,27,,IEEE Access,2015.0,JournalArticle
9a72850e4800de88ec41c5baac0c3de27eadf617,EXIT-Chart-Aided Near-Capacity Quantum,,Zunaira Babar; L. Hanzo,0,,,2015.0,
9c8f12528e0f73205e01f0eac0990f22b18680fb,"Full duplex techniques for 5G networks: self-interference cancellation, protocol design, and relay selection",,Zhongshan Zhang; Xiaomeng Chai; Keping Long; A. Vasilakos; L. Hanzo,658,,IEEE Communications Magazine,2015.0,JournalArticle
9e106acf609428111ec200f4ca080776ae57e0d2,A Reduced-Complexity Demapping Algorithm for BICM-ID Systems,,J. Tan; Qi Wang; Chen Qian; Zhaocheng Wang; Sheng Chen; L. Hanzo,12,,IEEE Transactions on Vehicular Technology,2015.0,JournalArticle
a2f5eb5d77ca77a7aa90498f0d3dc5811b6c6737,Unified MIMO-Multicarrier Designs: A Space–Time Shift Keying Approach,,M. I. Kadir; S. Sugiura; Sheng Chen; L. Hanzo,36,,IEEE Communications Surveys and Tutorials,2015.0,JournalArticle; Review
aa4f1c4b95e04244d1c46fd0daa605ff12b8359c,Performance of Buffer-Aided Adaptive Modulation in Multihop Communications,,Chen Dong; Lie-liang Yang; L. Hanzo,7,,IEEE Transactions on Communications,2015.0,JournalArticle
ab180aaa1bd51a80cc7780bb1412ad8bcfec02cf,Experimental demonstration of plastic optical fibre-based digitised radio over fibre downlink,,V. Thomas; D. Liu; M. El-Hajjar; L. Hanzo,3,,,2015.0,
b02144774a76274c278e38f9b674d54b248cbc9e,Joint power and rate adaptation aided network-coded PSK for two-way relaying over fading channels,,Yanping Yang; Wei Chen; Ou Li; Ke Ke; L. Hanzo,0,,2015 IEEE International Conference on Communications (ICC),2015.0,JournalArticle; Conference
b08f66baf3158619f81b1f052e2b806b85020474,Five Decades of Hierarchical Modulation and Its Benefits in Relay-Aided Networking,"Hierarchical modulation (HM), which is also known as layered modulation, has been widely adopted across the telecommunication industry. Its strict backward compatibility with single-layer modems and its low complexity facilitate the seamless upgrading of wireless communication services. The specific features of HM may be conveniently exploited for improving the throughput/information-rate of the system without requiring any extra bandwidth, while its complexity may even be lower than that of the equivalent system relying on conventional modulation schemes. As a recent research trend, the potential employment of HM in the context of cooperative communications has also attracted substantial research interests. Motivated by the lower complexity and higher flexibility of HM, we provide a comprehensive survey and conclude with a range of promising future research directions. Our contribution is the conception of a new cooperative communication paradigm relying on turbo trellis-coded modulation-aided twin-layer HM-16QAM and the analytical performance investigation of a four-node cooperative communication network employing a novel opportunistic routing algorithm. The specific performance characteristics evaluated include the distribution of delay, the outage probability, the transmit power of each node, the average packet power consumption, and the system throughput. The simulation results have demonstrated that when transmitting the packets formed by layered modulated symbol streams, our opportunistic routing algorithm is capable of reducing the transmit power required for each node in the network compared with that of the system using the traditional opportunistic routing algorithm. We have also illustrated that the minimum packet power consumption of our system using our opportunistic routing algorithm is also lower than that of the system using the traditional opportunistic routing algorithm.",Hua Sun; Chen Dong; S. Ng; L. Hanzo,24,,IEEE Access,2015.0,JournalArticle; Review
b0dd19e513f9e268f9918e0a21395cb18d4c7721,Reciprocal primary secondary user pairing aided distributed ’win win’ cooperative medium access and its stability analysis,,Jiao Feng; Wei Liang; Rong Zhang; S. Ng; L. Hanzo,0,,,2015.0,
b12f2a516a85af4cd3187b010126082bf6e62744,Distributed Multistage Cooperative-Social-Multicast-Aided Content Dissemination in Random Mobile Networks,,Jie Hu; Lie-liang Yang; L. Hanzo,40,,IEEE Transactions on Vehicular Technology,2015.0,JournalArticle
b14d9caa2f8fd800d1359c001c4f7fe7026aa39c,Distributed Caching for Data Dissemination in the Downlink of Heterogeneous Networks,"Heterogeneous cellular networks (HCNs) with embedded small cells are considered, where multiple mobile users wish to download network content of different popularity. By caching data into the small-cell base stations, we will design distributed caching optimization algorithms via belief propagation (BP) for minimizing the downloading latency. First, we derive the delay-minimization objective function and formulate an optimization problem. Then, we develop a framework for modeling the underlying HCN topology with the aid of a factor graph. Furthermore, a distributed BP algorithm is proposed based on the network's factor graph. Next, we prove that a fixed point of convergence exists for our distributed BP algorithm. In order to reduce the complexity of the BP, we propose a heuristic BP algorithm. Furthermore, we evaluate the average downloading performance of our HCN for different numbers and locations of the base stations and mobile users, with the aid of stochastic geometry theory. By modeling the nodes distributions using a Poisson point process, we develop the expressions of the average factor graph degree distribution, as well as an upper bound of the outage probability for random caching schemes. We also improve the performance of random caching. Our simulations show that 1) the proposed distributed BP algorithm has a near-optimal delay performance, approaching that of the high-complexity exhaustive search method; 2) the modified BP offers a good delay performance at low communication complexity; 3) both the average degree distribution and the outage upper bound analysis relying on stochastic geometry match well with our Monte-Carlo simulations; and 4) the optimization based on the upper bound provides both a better outage and a better delay performance than the benchmarks.",Jun Yu Li; Youjia Chen; Zihuai Lin; Wen Chen; B. Vucetic; L. Hanzo,132,b8accb87cf48714cec76b81233dd7424399f5034; 1e27d2e57a269b61fc7aa9ad5da43c5272f4aeaa; e7af7b711674982ee0bbdf78b3e88d3b39d2fee9; a1dae2490201f31fa359ab59910f73529296e7a2; 4072d07192e48dee7ce307abd90bf23a7294400f; 1fd2d0fcbb83cfb58d573d2e9a762f8f56a611b9; 4cfcd6f7029f7d958176dab50ea901a043cdbbbf; 1f3884883dbf9a3e3271dbf8e96f856517002ce8; d7b3ba575800076c8b935f816802a7e777ee0027; 267cf324f04f1993227f780af3555ea7d6c59c26; b7af39275de2781971dac80d39ac411f903b18dd; 1463087ef4fdd90ab849e2d0bc0118ae1bc8e1a7; ef0593d484fc354048290cad92fa19a1f45e3e30; 19a27ba5403c05b5b3b3e7d6a152452f7aa52b28; 167ff4a8dfd3c0b0437e28360760a1019ceb7296; 50204a2f6c84d94f00adae586dd15e7d24b4d8e2; e52b3a7daeb75eab6e78075874e3a3a22cb82e54; fff89ab1edfea6f3d0f658b632499f9571c5116c; ea4b55616c5ad501ed9da79e8e4f22f63ae543a6; 77d271d88480bf9027caba56fa30c4a733e7d4fe; b1befe95fba612686bc28ce581703dc2a358fbea; cc4f51466f4d5ad65451d85adb8ea7bf963e0f7b; 4dfa91a88cdeb82b5d810212bbbb92dc2f425c4e; 2947c1e1a48c22e1bcc0fb2e376701b7a3f1e45b; feef4a5af917580055fb7d661fff9d9fe55cb265; 1899780f15f0fddd186f0d3272c80d4ad10f142d; 7b12113494cb5c6d5fa092c5e614fd4e5f5be606; 8a94ecbe07e1fcf03c587cca45bbbf86d44a6e0c; d1b4a4689a0288ccf36158ba5dfef724fd5a4ea5; 3761a4b7e29bbb235417996be243075a3aa795c3; 6cf61e7e30e1646f5dcbbf1351e8d27b29342b11; d9c64e51a90e20cf8bf56799ee3643fc63b33c90; c51639ee33b2177cb3a164ac8c6f03ca4e447bf2; 4d348bfa95fa6dcf12f3a8f5db6d49d193ec3360; d8be4fbff44d4afe785e89dab94fb963114c449b,IEEE Transactions on Communications,2015.0,JournalArticle
b83f2a0dfc6838310b22356982fd07444b27ed30,Is the Low-Complexity Mobile-Relay-Aided FFR-DAS Capable of Outperforming the High-Complexity CoMP?,"The coordinated multipoint transmission/reception aided collocated antenna system (CoMP-CAS) and the mobile relay assisted fractional frequency reuse distributed antenna system (MR-FFR-DAS) constitute a pair of virtual-MIMO-based technical options for achieving high spectral efficiency in interference-limited cellular networks. In practice, both techniques have their respective pros and cons, which are studied in this paper by evaluating the achievable cell-edge performance on the uplink of multicell systems. We show that, assuming the same antenna configuration in both networks, the maximum available cooperative spatial diversity (or the multiplexing gain) inherent in the MR-FFR-DAS is lower than that in the CoMP-CAS. However, when the cell-edge mobile stations (MSs) have a low transmission power, the lower complexity MR-FFR-DAS relying on the simple single-cell processing may outperform the CoMP-CAS by using the proposed soft-combining-based probabilistic data association (SC-PDA) receiver, despite the fact that the latter scheme is more complex and incurs a higher cooperation overhead. Furthermore, the benefits of the SC-PDA receiver may be enhanced by properly selecting the MRs' positions. Additionally, we show that the performance of the cell-edge MSs roaming near the angular direction halfway between two adjacent remote antennas (i.e., the “worst-case direction”) of the MR-FFR-DAS may be more significantly improved than that of the cell-edge MSs of other directions by using multiuser power control, which also improves the fairness among cell-edge MSs. Our simulation results show that, given a moderate MS transmit power, the proposed MR-FFR-DAS architecture employing the SC-PDA receiver is capable of achieving significantly better bit error rate (BER) and effective throughput across the entire cell-edge area, including even the worst-case direction and the cell-edge boundary, than the CoMP-CAS architecture.",Shaoshi Yang; Xinyi Xu; Dimitrios Alanis; S. Ng; L. Hanzo,16,,IEEE Transactions on Vehicular Technology,2015.0,JournalArticle
b8a6c28645658d516a154db274ba9228bb6071d8,Joint Relay and Jammer Selection Improves the Physical Layer Security in the Face of CSI Feedback Delays,"We enhance the physical layer security (PLS) of amplify-and-forward (AF) relaying networks with the aid of joint relay and jammer selection (JRJS), despite the deleterious effect of channel state information (CSI) feedback delays. Furthermore, we conceive a new outage-based characterization approach for the JRJS scheme. The traditional best relay selection (TBRS) is also considered as a benchmark. We first derive closed-form expressions of both the connection outage probability (COP) and the secrecy outage probability (SOP) for both the TBRS and JRJS schemes. Then, a reliable and secure connection probability (RSCP) is defined and analyzed for characterizing the effect of the correlation between the COP and the SOP introduced by the corporate source-relay link. The reliability-security ratio (RSR) is introduced for characterizing the relationship between the reliability and the security through asymptotic analysis. Moreover, the concept of effective secrecy throughput is defined as the product of the secrecy rate and of the RSCP for the sake of characterizing the overall efficiency of the system, as determined by the transmit SNR, the secrecy codeword rate, and the power sharing ratio between the relay and the jammer. The impact of the direct source-eavesdropper link and additional performance comparisons with respect to other related selection schemes are also included. Our numerical results show that the JRJS scheme outperforms the TBRS method both in terms of the RSCP and in terms of its effective secrecy throughput, but it is more sensitive to the feedback delays. Increasing the transmit signal-to-noise ratio (SNR) will not always improve the overall throughput. Moreover, the RSR results demonstrate that, upon reducing the CSI feedback delays, the reliability improves more substantially than the security degrades, implying an overall improvement in terms of the security-reliability tradeoff. Additionally, the secrecy throughput loss due to the second-hop feedback delay is more pronounced than that due to the first-hop one.",Lei Wang; Yueming Cai; Yulong Zou; Weiwei Yang; L. Hanzo,110,,IEEE Transactions on Vehicular Technology,2015.0,JournalArticle
ba694dbe477482ab6a2cfb241efc721a2bdec206,Multi-user beamforming-aided AF relaying: A low-complexity adaptive design approach,,Jiaxin Yang; Yunlong Cai; B. Champagne; L. Hanzo,1,,"Asilomar Conference on Signals, Systems and Computers",2015.0,JournalArticle; Conference
bb250b3fb67cbb853747020462215f5658cbfc9b,"Source code for ""Fully Parallel Turbo Equalization for Wireless Communications""",,H. Ngo; R. Maunder; L. Hanzo,0,,,2015.0,
c0bee196588ddc30c40c90983e62ce44e76c9a46,Relay selection for wireless communications against eavesdropping: a security-reliability trade-off perspective,"This article examines secrecy coding aided wireless communications from a source to a destination in the presence of an eavesdropper from an SRT perspective. Explicitly, security is quantified in terms of the intercept probability experienced at the eavesdropper, while the outage probability encountered at the destination is used to measure transmission reliability. We characterize the SRT of conventional direct transmission from the source to the destination and show that if the outage probability is increased, the intercept probability decreases, and vice versa. We first demonstrate that the employment of relay nodes for assisting source-destination transmission is capable of defending against eavesdropping, followed by quantifying the benefits of SRS as well as MRS schemes. More specifically, in the SRS scheme, only the single ""best"" relay is selected for forwarding the source signal to the destination, whereas the MRS scheme allows multiple relays to participate in this process. It is illustrated that both the SRS and MRS schemes achieve a better SRT than conventional direct transmission, especially upon increasing the number of relays. Numerical results also show that, as expected, MRS outperforms SRS in terms of its SRT. Additionally, we present some open challenges and future directions for wireless relay aided physical-layer security.",Yulong Zou; Jia Zhu; Xuelong Li; L. Hanzo,63,7046a981ce570f309414280140d9751ad93a8ee0; 8f5c7ae61bdf9c39e4ea66f4255dc49c2fa5901c; f6569831360192768e7260448200e17ce67f8cac; 24099929cf5322061afbbb9698e6c72ab14471cc; 8263ac298b592207761a4db75d5fb9bc3a414421; 5074fc00bda69d4df936af32a0fb38417043e336; 393c2dc4ce3f228a184e5b0fbe2dd17c12fa4ef9; 1828f35120198e873eb45682e9d9dfec8a2244e9; 132fbc765d1209240e9337011a774efb6cadfa63; 3651d0eff5825abda68e9730c886230789951f29; fab9693ca909bb17beee473766c1a072e901c772; 4e71f2e8e3a554ae1ee5bb669584307353ac70fe; 2ed3481a084fb001f2c15d312424e4ea5f27f115; 7a5a1243594ac62c2b5c84d332e015d49424e815; d9fb82419f16eb702ad4aae5dba1dbf037c139cc; c02bae0c9e68c4417d9d6226790c9a1366991494; 6882aa51e3487c6ea445d8537de9dbba1e9b539f,IEEE Network,2015.0,JournalArticle
c1e819cdf9c5f8ca78e5ec49b8a2470a93fc809a,Error Probability and Capacity Analysis of Generalised Pre-Coding Aided Spatial Modulation,,Rong Zhang; Lie-liang Yang; L. Hanzo,98,,IEEE Transactions on Wireless Communications,2015.0,JournalArticle
c2a868716b0061614b0f08f352061656c626d179,Video Streaming in the Multiuser Indoor Visible Light Downlink,"Indoor visible light communication (VLC) using a light emitting diode (LED) transmitter provides a high-signal-to-noise (SNR) link, which is ideal for video transmission. The LED lights illuminate their own attocells and convey video streams in the downlink to multiple mobile terminals (MTs). Three different transmission schemes are considered, namely: the unity frequency reuse, the higher frequency reuse factor-based transmission, and the novel vectored transmission. We then formulate the optimization problems aiming at minimizing the video distortion. This paper commences by evaluating the performance of the MT at specific positions and continues by characterizing the peak SNR (PSNR) degradation across the room. Finally, we quantify the average performance of multiple MTs randomly walking in the room. By investigating the PSNR degradation, the video rate achieved, the energy consumed, and the effects of buffering delay on the video distortion, we demonstrate that the proposed VLC system is capable of supporting high-quality multimedia transmissions.",Junyi Jiang; Yongkai Huo; Fan Jin; Peichang Zhang; Zhaocheng Wang; Zhengyuan Xu; H. Haas; L. Hanzo,23,,IEEE Access,2015.0,JournalArticle
c3c063b2132e26dc26c51afb1c8264a4d35790b0,Security–Reliability Tradeoff Analysis of Multirelay-Aided Decode-and-Forward Cooperation Systems,"We consider a cooperative wireless network comprised of a source, a destination, and multiple relays operating in the presence of an eavesdropper, which attempts to tap the source-destination transmission. We propose a multirelay selection scheme for protecting the source against eavesdropping. More specifically, multirelay selection allows multiple relays to simultaneously forward the source's transmission to the destination, differing from the conventional single-relay selection, where only the best relay is chosen to assist in the transmission from the source to the destination. For the purpose of comparison, we consider the classic direct transmission and single-relay selection as benchmark schemes. We derive closed-form expressions of the intercept probability and the outage probability for the direct transmission, as well as for the single-relay and multirelay selection schemes over Rayleigh fading channels. It is demonstrated that as the outage requirement is relaxed, the intercept performance of the three schemes improves, and vice versa, implying that there is a security-versus-reliability tradeoff (SRT). We also show that both the single-relay and multirelay selection schemes outperform the direct transmission in terms of SRT, demonstrating the advantage of the relay selection schemes for protecting the source's transmission against the eavesdropping attacks. Finally, upon increasing the number of relays, the SRTs of both the single-relay and multirelay selection schemes significantly improve, and as expected, multirelay selection outperforms single-relay selection.",Jia Zhu; Yulong Zou; B. Champagne; Weiping Zhu; L. Hanzo,53,,IEEE Transactions on Vehicular Technology,2015.0,JournalArticle
cbfc4db24c7f7b871d26afa1d10def54ecca0885,Simultaneous Optical Phase and Intensity Modulation Transmits Independent Signals in Radio Over Fiber Communication,,V. Thomas; M. El-Hajjar; L. Hanzo,6,,IEEE Communications Letters,2015.0,JournalArticle
d39edccd77433cb91e3ea9171bc9f1cf3a82de5e,Adaptive Iterative Decoding for Expediting the Convergence of Unary Error Correction Codes,,Wenbo Zhang; Yanbo Jia; Xi Meng; Matthew F. Brejza; R. Maunder; L. Hanzo,8,,IEEE Transactions on Vehicular Technology,2015.0,JournalArticle
d5469f136687120487dcd6a55289f97a6be288e4,Compressive-Sensing-Based Multiuser Detector for the Large-Scale SM-MIMO Uplink,"Conventional spatial modulation (SM) is typically considered for transmission in the downlink of small-scale multiple-input- multiple-output (MIMO) systems, where a single antenna element (AE) of a set of, e.g., 2p AEs is activated for implicitly conveying p bits. By contrast, inspired by the compelling benefits of large-scale MIMO (LS-MIMO) systems, here, we propose an LS-SM-MIMO scheme for the uplink (UL), where each user having multiple AEs but only a single radio frequency (RF) chain invokes SM for increasing the UL throughput. At the same time, by relying on hundreds of AEs and a small number of RF chains, the base station (BS) can simultaneously serve multiple users while reducing the power consumption. Due to the large number of AEs of the UL users and the comparably small number of RF chains at the BS, the UL multiuser signal detection becomes a challenging large-scale underdetermined problem. To solve this problem, we propose a Joint SM transmission scheme and a carefully designed structured compressive sensing (SCS)-based multiuser detector (MUD) to be used at the users and the BS, respectively. Additionally, the cyclic-prefix single carrier (CPSC) is used to combat the multipath channels, and a simple receive AE selection is used for the improved performance over correlated Rayleigh-fading MIMO channels. We demonstrate that the aggregate SM signal consisting of multiple UL users' SM signals of a CPSC block exhibits distributed sparsity. Moreover, due to the Joint SM transmission scheme, aggregate SM signals in the same transmission group exhibit group sparsity. By exploiting these intrinsically sparse features, the proposed SCS-based MUD can reliably detect the resultant SM signals with low complexity. Simulation results demonstrate that the proposed SCS-based MUD achieves a better signal detection performance than its counterparts even with higher UL throughput.",Zhen Gao; L. Dai; Zhaocheng Wang; Sheng Chen; L. Hanzo,45,,IEEE Transactions on Vehicular Technology,2015.0,JournalArticle
d5b45c32a93c4cb1f077976181805dd422ee81b8,Bridging the Social and Wireless Networking Divide: Information Dissemination in Integrated Cellular and Opportunistic Networks,"An increasing number of mobile users (MUs) share common interests in general information, such as traffic information, weather forecast, and domestic/international news. However, the centralized infrastructure-based system has not been designed for efficiently disseminating the information of common interest (IoCI) to numerous requesters. Thanks to the rapid development of mobile devices equipped with large storage and multiple communication modes, opportunistic communication between a pair of MUs can be readily realized. With the aid of opportunistic networks formed by MUs, we can improve the connectivity of cellular networks in the rural areas, we can offload the tele-traffic from the overloaded cellular networks, and we can efficiently disseminate the IoCI in the densely populated areas. We commence with a detailed survey on the cross-disciplinary research area of social network analysis aided telecommunication networking. We continue by focusing our attention on the family of integrated cellular and large-scale opportunistic networks, whose performance is dominated by the inter-contact duration as well as the contact duration between any pairs of MUs. A continuous-time-pure-birth Markov chain is invoked for analyzing the relevant performance. We demonstrate that the delivery ratio of the IoCI before it expires becomes higher than 90% with the aid of opportunistic networks consisting of 20 MUs. Moreover, our experiments based on the InfoCom 2006 mobility trace show that the opportunistic networks are capable of offloading 58% of the tele-traffic from the cellular networks. Thereafter, we propose a hybrid information dissemination scheme for the integrated cellular and small-scale opportunistic networks, which is comprised of two main stages: 1) the base station-aided single-hop multicast (BSSHM) stage and 2) the cooperative multicast aided spontaneous dissemination stage. In contrast to their large-scale counterparts, in small-scale opportunistic networks, the information dissemination is mainly affected by the mobility of the MUs, by the wireless channel attenuation and by the resource scheduling, where a discrete-time-pure-birth Markov chain is utilized for characterizing the relevant performance. We demonstrate that our hybrid information dissemination scheme outperforms the traditional BSSHM in terms of various delay metrics, despite consuming less energy.",Jie Hu; Lie-liang Yang; H. V. Poor; L. Hanzo,32,,IEEE Access,2015.0,JournalArticle; Review
d5bc832bd7f4ba5bb16ab68b5642a2a0aeb709ea,Space-Time Hierarchical-Graph Based Cooperative Localization in Wireless Sensor Networks,"It has been shown that cooperative localization is capable of improving both the positioning accuracy and coverage in scenarios where the global positioning system (GPS) has a poor performance. However, due to its potentially excessive computational complexity, at the time of writing the application of cooperative localization remains limited in practice. In this paper, we address the efficient cooperative positioning problem in wireless sensor networks. A space-time hierarchical-graph based scheme exhibiting fast convergence is proposed for localizing the agent nodes. In contrast to conventional methods, agent nodes are divided into different layers with the aid of the space-time hierarchical-model and their positions are estimated gradually. In particular, an information propagation rule is conceived upon considering the quality of positional information. According to the rule, the information always propagates from the upper layers to a certain lower layer and the message passing process is further optimized at each layer. Hence, the potential error propagation can be mitigated. Additionally, both position estimation and position broadcasting are carried out by the sensor nodes. Furthermore, a sensor activation mechanism is conceived, which is capable of significantly reducing both the energy consumption and the network traffic overhead incurred by the localization process. The analytical and numerical results provided demonstrate the superiority of our space-time hierarchical-graph based cooperative localization scheme over the benchmarking schemes considered.",Tiejun Lv; Hui Gao; Xiaopeng Li; Shaoshi Yang; L. Hanzo,44,,IEEE Transactions on Signal Processing,2015.0,JournalArticle
da1c92f40a4c68e415984fa665b61a0134e1b9c1,Energy Pattern Aided Simultaneous Wireless Information and Power Transfer,,Rong Zhang; Lie-liang Yang; L. Hanzo,52,,IEEE Journal on Selected Areas in Communications,2015.0,JournalArticle
dd3dce8827897dea5dd8026952ae74089bd782fd,Turbo Trellis-Coded Hierarchical-Modulation Assisted Decode-and-Forward Cooperation,,Hua Sun; S. Ng; L. Hanzo,8,,IEEE Transactions on Vehicular Technology,2015.0,JournalArticle
e0d37a1266d080c29411a01663e442c79b23cd26,Cell-Centric and User-Centric Multi-User Scheduling in Visible Light Communication aided networks,,Xuan Li; Rong Zhang; Jiaheng Wang; L. Hanzo,36,,2015 IEEE International Conference on Communications (ICC),2015.0,JournalArticle; Conference
e360512984d39300d2d8ecb0cd1bb6b7fc9d65dd,Distributed Irregular Codes Relying on Decode-and-Forward Relays as Code Components,,S. Ng; Yonghui Li; B. Vucetic; L. Hanzo,6,,IEEE Transactions on Vehicular Technology,2015.0,JournalArticle
e8781b64ea56b48c578330fda9a3eca2f7c97883,Distributed Energy Spectral Efficiency Optimization for Partial/Full Interference Alignment in Multi-user Multi-relay Multi-cell MIMO Systems,"The energy spectral efficiency maximization (ESEM) problem of a multi-user, multi-relay, multi-cell system is considered, where all the network nodes are equipped with multi-antenna transceivers. To deal with the potentially excessive interference originating from a plethora of geographically distributed transmission sources, a pair of transmission protocols based on interference alignment (IA) are conceived. The first, termed the full-IA, avoids all intra-cell interference (ICI) and other-cell interference by finding the perfect interference-nulling receive beamforming matrices (RxBFMs). The second protocol, termed partial-IA, only attempts to null the ICI. Employing the RxBFMs computed by either of these protocols mathematically decomposes the channel into a multiplicity of non-interfering multiple-input-single-output channels, which we term as spatial multiplexing components (SMCs). The problem of finding the optimal SMCs as well as their power control variables for the ESEM problem considered is formally defined and converted into a convex optimization form with carefully selected variable relaxations and transformations. Thus, the optimal SMCs and power control variables can be distributively computed using both the classic dual decomposition and subgradient methods. Our results indicate that indeed, the ESEM algorithm performs better than the baseline equal power allocation algorithm in terms of its ESE. Furthermore, surprisingly the partial-IA outperforms the full-IA in all cases considered, which is because the partial-IA is less restrictive in terms of the number of available transmit dimensions at the transmitters. Given the typical cell sizes considered in this paper, the path-loss sufficiently attenuates the majority of the interference, and thus the full-IA over-compensates, when trying to avoid all possible sources of interference.",Kent Tsz Kan Cheung; Shaoshi Yang; L. Hanzo,21,,IEEE Transactions on Signal Processing,2015.0,JournalArticle
e9077ffe16d7e134a65d41873d212a9a44233a40,Quality-of-experience assessment and its application to video services in lte networks,,K. Zheng; Xiaoliang Zhang; Q. Zheng; W. Xiang; L. Hanzo,81,,IEEE wireless communications,2015.0,JournalArticle
e92790cbda82ed299b2d940878651edff677372a,Power Allocation-Aided Spatial Modulation for Limited-Feedback MIMO Systems,,Ping Yang; Yue Xiao; Bo Zhang; Shaoqian Li; M. El-Hajjar; L. Hanzo,47,,IEEE Transactions on Vehicular Technology,2015.0,JournalArticle
eacd9d309f17404c96e8b83c179004354ba53485,Performance of Cognitive Hybrid Automatic Repeat reQuest: Stop-and-Wait,,A. Rehman; Lie-liang Yang; L. Hanzo,10,,IEEE Vehicular Technology Conference,2015.0,JournalArticle; Conference
eb4bd02c9feefa0c6e4f726748542a45ec11e1e4,A Universal Approach to Coverage Probability and Throughput Analysis for Cellular Networks,,Hui Zhang; Sheng Chen; Liang Feng; Y. Xie; L. Hanzo,34,,IEEE Transactions on Vehicular Technology,2015.0,JournalArticle
f1c55ce55d86caf94ef7610cbf038232631d3695,Extrinsic Information Transfer Charts for Characterizing the Iterative Decoding Convergence of Fully Parallel Turbo Decoders,"Fully parallel turbo decoders (FPTDs) have been shown to offer a more-than-sixfold processing throughput and latency improvement over the conventional logarithmic Bahl-Cocke-Jelinek-Raviv (Log-BCJR) turbo decoders. Rather than requiring hundreds or even thousands of time periods to decode each frame, such as the conventional Log-BCJR turbo decoders, the FPTD completes each decoding iteration using only one or two time periods, although up to six times as many decoding iterations are required to achieve the same error correction performance. Until now, it has not been possible to explain this increased iteration requirement using an extrinsic information transfer (EXIT) chart analysis, since the two component decoders are not alternately operated in the FPTD. Hence, in this paper, we propose a novel EXIT chart technique for characterizing the iterative exchange of not only extrinsic logarithmic likelihood ratios in the FPTD, but also the iterative exchange of extrinsic state metrics. In this way, the proposed technique can accurately predict the number of decoding iterations required for achieving iterative decoding convergence, as confirmed by the Monte Carlo simulation. The proposed technique offers new insights into the operation of FPTDs, which will facilitate improved designs in the future, in the same way as the conventional EXIT charts have enhanced the design and understanding of the conventional Log-BCJR turbo decoders.",H. Ngo; R. Maunder; L. Hanzo,8,,IEEE Access,2015.0,JournalArticle
f2058f9e04c36ee354eb240d8740a2a832cf3829,Design Guidelines for Spatial Modulation,,Ping Yang; M. Renzo; Yue Xiao; Shaoqian Li; L. Hanzo,572,,IEEE Communications Surveys and Tutorials,2015.0,JournalArticle; Review
f210bc336495800e48768d3e53bc5aa6b1f51a1e,Supplemental data of Stochastic Computing Improves the Timing-Error Tolerance and Latency of Turbo Decoders: Design Guidelines and Trade-offs,,I. Andrade; Shida Zhong; R. Maunder; B. Al-Hashimi; L. Hanzo,0,,,2015.0,
f2ea89ad4c9e680180233a53b7688b19fcfc5ab5,EXIT-Chart-Aided Near-Capacity Quantum Turbo Code Design,"High detection complexity is the main impediment in future gigabit-wireless systems. However, a quantum-based detector is capable of simultaneously detecting hundreds of user signals by virtue of its inherent parallel nature. This, in turn, requires near-capacity quantum error correction codes for protecting the constituent qubits of the quantum detector against undesirable environmental decoherence. In this quest, we appropriately adapt the conventional nonbinary EXtrinsic Information Transfer (EXIT) charts for quantum turbo codes (QTCs) by exploiting the intrinsic quantum-to-classical isomorphism. The EXIT chart analysis not only allows us to dispense with the time-consuming Monte Carlo simulations but facilitates the design of near-capacity codes without resorting to the analysis of their distance spectra as well. We have demonstrated that our EXIT chart predictions are in line with the Monte Carlo simulation results. We have also optimized the entanglement-assisted QTC using EXIT charts, which outperforms the existing distance-spectra-based QTCs. More explicitly, the performance of our optimized QTC is as close as 0.3 dB to the corresponding hashing bound.",Zunaira Babar; S. Ng; L. Hanzo,51,,IEEE Transactions on Vehicular Technology,2015.0,JournalArticle
f47afc96410a4fc71c381de13d5a80f55ce70bf2,Single ODSB Radio-Over-Fiber Signal Supports STBC at Each RAP,,V. Thomas; M. El-Hajjar; L. Hanzo,4,,IEEE Communications Letters,2015.0,JournalArticle
fbbae1b585bcc36447c75bb5ef45ceb35bb4d856,Fully Parallel Turbo Equalization for Wireless Communications,"Iterative turbo equalization is capable of achieving impressive performance gains over the conventional non-iterative equalization having the same complexity, when communicating over channels that suffer from intersymbol interference (ISI). The state-of-the-art turbo equalizers employ the logarithmic Bahl-Cocke-Jelinek-Raviv (Log-BCJR) algorithm. However, due to the specific nature of serial data processing, the Log-BCJR algorithm introduces significant processing delays at the receiver. Therefore, in low-latency applications having a high throughput, the turbo equalizer might be deemed less attractive than its conventional counterparts. In order to circumvent this problem, in this paper, we conceived a novel fully parallel turbo equalization algorithm, which is capable of significantly reducing the data processing delay and, hence, improving both the processing latency and the attainable throughput at the receiver. The fully parallel equalizer is then combined with the fully parallel turbo decoder for improving the system performance achieved in terms of the bit error ratio. Furthermore, we propose a novel odd-even interleaver design for employment between the fully parallel equalizer and the fully parallel turbo decoder in order to reduce complexity by 50% in fully parallel turbo equalization arrangements, while retaining a comparable performance. Finally, we compare the computational complexity, latency, throughput, hardware resource requirements, and the bit error ratio of the proposed fully parallel scheme to those of a Log-BCJR-based turbo equalizer benchmarker.",H. Ngo; R. Maunder; L. Hanzo,3,,IEEE Access,2015.0,JournalArticle
036e78e5ec7cf50b1f8890629ef24415391771b4,An adaptive scaling and biasing scheme for OFDM-based visible light communication systems.,"Orthogonal frequency-division multiplexing (OFDM) has been widely used in visible light communication systems to achieve high-rate data transmission. Due to the nonlinear transfer characteristics of light emitting diodes (LEDs) and owing the high peak-to-average-power ratio of OFDM signals, the transmitted signal has to be scaled and biased before modulating the LEDs. In this contribution, an adaptive scaling and biasing scheme is proposed for OFDM-based visible light communication systems, which fully exploits the dynamic range of the LEDs and improves the achievable system performance. Specifically, the proposed scheme calculates near-optimal scaling and biasing factors for each specific OFDM symbol according to the distribution of the signals, which strikes an attractive trade-off between the effective signal power and the clipping-distortion power. Our simulation results demonstrate that the proposed scheme significantly improves the performance without changing the LED's emitted power, while maintaining the same receiver structure.",Zhaocheng Wang; Qi Wang; Sheng Chen; L. Hanzo,45,,Optics Express,2014.0,JournalArticle
05de995eef45f1d59a24962a073775a031d86d32,Energy-efficient buffer-aided relaying relying on non-linear channel probability space division,,Chen Dong; Jing Zuo; Lie-liang Yang; Yongkai Huo; S. Ng; L. Hanzo,8,,IEEE Wireless Communications and Networking Conference,2014.0,JournalArticle; Conference
0963c21adc23b601118762859e09a79c13f4262e,Fourth International Conference on Selected Topics in Mobile & Wireless Networking (MoWNet'2014) Network coded MIMO aided cooperative communications in the ambulance-and-emergency area,,H. Nguyen; S. Ng; M. Mazzotti; L. Hanzo,3,,,2014.0,Review
09d98da251a67d8b6b6fcb085e1a7f083bc71dde,"Multiple-Symbol Joint Signal Processing for Differentially Encoded Single- and Multi-Carrier Communications: Principles, Designs and Applications",,Li Wang; Li Li; Chao Xu; Dandan Liang; S. Ng; L. Hanzo,16,,IEEE Communications Surveys and Tutorials,2014.0,JournalArticle; Review
1575c66dca8c6b64a9e46a4f97d6067ab0a017af,Adaptive Soft-Decision Aided Differential Modulation for Cooperative Uplink Transmission Relying on Radio-Over-Fiber Backhaul,,Dandan Liang; V. Thomas; Xinyi Xu; S. Ng; M. El-Hajjar; L. Hanzo,0,,IEEE Vehicular Technology Conference,2014.0,JournalArticle; Conference
1abf01537262909a92b822362a2ad63e628858f1,Keynote talk #1: A stroll with shannon along wireless avenue to nextgeneration plaza…,,L. Hanzo,0,,International Conference on Autonomic and Trusted Computing,2014.0,Conference
1b5837c422787b73d26020935ce995e388b157f5,Motion-Aware Mesh-Structured Trellis for Correlation Modelling Aided Distributed Multi-View Video Coding,,Yongkai Huo; Tao Wang; R. Maunder; L. Hanzo,12,,IEEE Transactions on Image Processing,2014.0,JournalArticle
2538a2c06763f5f93a7122460b3226e85d077a41,Geometric-Mean-Decomposition-Based Optimal Transceiver for a Class of Two-Hop MIMO-Aided Amplify-and-Forward Relay Channels,,Wei Liu; Chuan Li; Jiandong Li; L. Hanzo,2,,IEEE Transactions on Vehicular Technology,2014.0,JournalArticle
2647a684165c08d514d83eef6068258963e798d2,TTCM-Assisted Distributed Source-Channel Coding for Nakagami-m Fading Channels,,A. Aljohani; S. Ng; L. Hanzo,1,,IEEE Vehicular Technology Conference,2014.0,JournalArticle; Conference
269b3f36b45e2806c5145d40932cf830d95b1e58,Wireless Video: An Interlayer Error-Protection-Aided Multilayer Approach,,Yongkai Huo; M. El-Hajjar; L. Hanzo,9,,IEEE Vehicular Technology Magazine,2014.0,JournalArticle
2caa477cb31f3673636523601fe0c17b266e80f9,Near-Capacity Joint Source and Channel Coding of Symbol Values from an Infinite Source Set Using Elias Gamma Error Correction Codes,,Tao Wang; Wenbo Zhang; R. Maunder; L. Hanzo,16,,IEEE Transactions on Communications,2014.0,JournalArticle
3caf994f6710d16256be41eda82942ef1d290d86,A Universal Low-Complexity Symbol-to-Bit Soft Demapper,,Qi Wang; Qiuliang Xie; Zhaocheng Wang; Sheng Chen; L. Hanzo,61,,IEEE Transactions on Vehicular Technology,2014.0,JournalArticle
3ded006fbf7388bedb0148f07ce89a271650d50f,Layered Wireless Video Relying on Minimum-Distortion Inter-Layer FEC Coding,,Yongkai Huo; M. El-Hajjar; R. Maunder; L. Hanzo,29,,IEEE transactions on multimedia,2014.0,JournalArticle
403bcb58919029ad8b043d205358fb32e6988026,Performance analysis of high-speed railway communication systems subjected to co-channel interference and channel estimation errors,,Jiayi Zhang; Fan Jin; Z. Tan; Haibo Wang; Qing Huang; L. Hanzo,9,,IET Communications,2014.0,JournalArticle
425b5ceac668a85a5874f75d22bec2992fa9fbf9,Reduced-Complexity ML Detection and Capacity-Optimized Training for Spatial Modulation Systems,,R. Rajashekar; K. Hari; L. Hanzo,179,,IEEE Transactions on Communications,2014.0,JournalArticle
432b8630a4835db96c68e7e07c946302d2ed99d4,EXIT Charts for System Design and Analysis,,M. El-Hajjar; L. Hanzo,132,,IEEE Communications Surveys and Tutorials,2014.0,JournalArticle; Review
4634deeb86c935c7d031445a73361e4926d5b7a9,Pilot Contamination Elimination for Large-Scale Multiple-Antenna Aided OFDM Systems,,Jiankang Zhang; Bo Zhang; Sheng Chen; X. Mu; M. El-Hajjar; L. Hanzo,137,,IEEE Journal on Selected Topics in Signal Processing,2014.0,JournalArticle
472e028c3f0b41214d56451ac184e21221cc81b3,Radio-over-Fiber Aided Base Station Coordination for OFDM,,A. G. Armada; V. Thomas; M. El-Hajjar; L. Hanzo,2,,IEEE Vehicular Technology Conference,2014.0,JournalArticle; Conference
4b45f52a744fd92f81c3d8d88db9f0c120591f9b,The Effective Throughput of MISO Systems Over Kappa - μ Fading Channels,,Jiayi Zhang; Z. Tan; Haibo Wang; Qing Huang; L. Hanzo,0,,IEEE Transactions on Vehicular Technology,2014.0,JournalArticle
550ddf6074bcc438e98bd72bc240228d0fbcabc8,QRD-Assisted Adaptive Modulation-Aided MIMO Systems,,Ping Yang; Yue Xiao; Shaoqian Li; L. Hanzo,4,,IEEE Transactions on Vehicular Technology,2014.0,JournalArticle
646211919204b01f54d612fab7c54bf0a391e897,Low-Complexity Soft-Output Quantum-Assisted Multiuser Detection for Direct-Sequence Spreading and Slow Subcarrier-Hopping Aided SDMA-OFDM Systems,"Low-complexity suboptimal multiuser detectors (MUDs) are widely used in multiple access communication systems for separating users, since the computational complexity of the maximum likelihood (ML) detector is potentially excessive for practical implementation. Quantum computing may be invoked in the detection procedure, by exploiting its inherent parallelism for approaching the ML MUDs performance at a substantially reduced number of cost function evaluations. In this contribution, we propose a soft-output (SO) quantum-assisted MUD achieving a near-ML performance and compare it to the corresponding SO ant colony optimization MUD. We investigate rank deficient direct-sequence spreading (DSS) and slow subcarrier-hopping aided (SSCH) spatial division multiple access orthogonal frequency division multiplexing systems, where the number of users to be detected is higher than the number of receive antenna elements used. We show that for a given complexity budget, the proposed SO-Dürr-Høyer algorithm (DHA) QMUD achieves a better performance. We also propose an adaptive hybrid SO-ML/SO-DHA MUD, which adapts itself to the number of users equipped with the same spreading sequence and transmitting on the same subcarrier. Finally, we propose a DSS-based uniform SSCH scheme, which improves the system's performance by 0.5 dB at a BER of 10-5, despite reducing the complexity required by the MUDs employed.",Panagiotis Botsinis; Dimitrios Alanis; S. Ng; L. Hanzo,40,,IEEE Access,2014.0,JournalArticle
6a22a55e250ea42a878f65c3708c586b5faa87fd,"Spatial Modulation for Generalized MIMO: Challenges, Opportunities, and Implementation",,M. Renzo; H. Haas; A. Ghrayeb; S. Sugiura; L. Hanzo,957,,Proceedings of the IEEE,2014.0,JournalArticle; Review
73cff8528383998fc7d0b7675ef51ddf0ddc1db2,Relay-Selection Improves the Security-Reliability Trade-Off in Cognitive Radio Systems,"We consider a cognitive radio (CR) network consisting of a secondary transmitter (ST), a secondary destination (SD) and multiple secondary relays (SRs) in the presence of an eavesdropper, where the ST transmits to the SD with the assistance of SRs, while the eavesdropper attempts to intercept the secondary transmission. We rely on careful relay selection for protecting the ST-SD transmission against the eavesdropper with the aid of both single-relay and multi-relay selection. To be specific, only the “best” SR is chosen in the single-relay selection for assisting the secondary transmission, whereas the multi-relay selection invokes multiple SRs for simultaneously forwarding the ST's transmission to the SD. We analyze both the intercept probability and outage probability of the proposed single-relay and multi-relay selection schemes for the secondary transmission relying on realistic spectrum sensing. We also evaluate the performance of classic direct transmission and artificial noise based methods for the purpose of comparison with the proposed relay selection schemes. It is shown that as the intercept probability requirement is relaxed, the outage performance of the direct transmission, the artificial noise based and the relay selection schemes improves, and vice versa. This implies a trade-off between the security and reliability of the secondary transmission in the presence of eavesdropping attacks, which is referred to as the security-reliability trade-off (SRT). Furthermore, we demonstrate that the SRTs of the single-relay and multi-relay selection schemes are generally better than that of classic direct transmission, explicitly demonstrating the advantage of the proposed relay selection in terms of protecting the secondary transmissions against eavesdropping attacks. Moreover, as the number of SRs increases, the SRTs of the proposed single-relay and multi-relay selection approaches significantly improve. Finally, our numerical results show that as expected, the multi-relay selection scheme achieves a better SRT performance than the single-relay selection.",Yulong Zou; B. Champagne; Weiping Zhu; L. Hanzo,271,,IEEE Transactions on Communications,2014.0,JournalArticle
7d0253ad1ec510b2b8f6002c094c3d804b59bc42,"The Effective Throughput of MISO Systems Over <formula formulatype=""inline""><tex Notation=""TeX"">$\kappa$</tex></formula> –<formula formulatype=""inline""><tex Notation=""TeX"">$\mu$</tex></formula> Fading Channels",,Jiayi Zhang; Z. Tan; Haibo Wang; Qing Huang; L. Hanzo,44,,IEEE Transactions on Vehicular Technology,2014.0,
7f4c1e138c129d7f6e8f8f21b41ec03bc6449560,Secure MIMO AF Relaying Design: An Intercept Probability Constrained Approach,,Jiaxin Yang; B. Champagne; Qiang Li; L. Hanzo,3,,Global Communications Conference,2014.0,JournalArticle; Conference
7fd2c83234a23797be3a7d4a64fa27be79c005fb,TTCM-Aided Rate-Adaptive Distributed Source Coding for Rayleigh Fading Channels,,A. Aljohani; S. Ng; L. Hanzo,10,,IEEE Transactions on Vehicular Technology,2014.0,JournalArticle
82cafecca9f0acea28bb9d8b609544dcf6bbe487,Opportunistic Relay Selection for Cooperative Relaying in Cochannel Interference Contaminated Networks,,Bo Zhang; M. El-Hajjar; L. Hanzo,4,,IEEE Transactions on Vehicular Technology,2014.0,JournalArticle
8365323c154bfa2880e9ffbcfb87499638567839,Opportunistic Spectral Access in Cooperative Cognitive Radio Networks,,Wei Liang; S. Ng; S. Bayat; Yonghui Li; L. Hanzo,1,,IEEE Vehicular Technology Conference,2014.0,JournalArticle; Conference
885b44089d20338e167b17b8fc92184f7a5163ff,Spectral and Energy Spectral Efficiency Optimization of Joint Transmit and Receive Beamforming Based Multi-Relay MIMO-OFDMA Cellular Networks,"We first conceive a novel transmission protocol for a multi-relay multiple-input-multiple-output orthogonal frequency-division multiple-access (MIMO-OFDMA) cellular network based on joint transmit and receive beamforming. We then address the associated network-wide spectral efficiency (SE) and energy spectral efficiency (ESE) optimization problems. More specifically, the network's MIMO channels are mathematically decomposed into several effective multiple-input-single-output (MISO) channels, which are essentially spatially multiplexed for transmission. Hence, these effective MISO channels are referred to as spatial multiplexing components (SMCs). For the sake of improving the SE/ESE performance attained, the SMCs are grouped using a pair of proposed grouping algorithms. The first is optimal in the sense that it exhaustively evaluates all the possible combinations of SMCs satisfying both the semi-orthogonality criterion and other relevant system constraints, whereas the second is a lower-complexity alternative. Corresponding to each of the two grouping algorithms, the pair of SE and ESE maximization problems are formulated, thus the optimal SMC groups and optimal power control variables can be obtained for each subcarrier block. These optimization problems are proven to be concave, and the dual decomposition approach is employed for obtaining their solutions. Relying on these optimization solutions, the impact of various system parameters on both the attainable SE and ESE is characterized. In particular, we demonstrate that under certain conditions the lower-complexity SMC grouping algorithm achieves 90% of the SE/ESE attained by the exhaustive-search based optimal grouping algorithm, while imposing as little as 3.5% of the latter scheme's computational complexity.",Kent Tsz Kan Cheung; Shaoshi Yang; L. Hanzo,31,,IEEE Transactions on Wireless Communications,2014.0,JournalArticle
8960234f515664bc09ad098442083d05e491834d,Two-Dimensional Iterative Source-Channel Decoding for Distributed Video Coding,,Yongkai Huo; Tao Wang; R. Maunder; L. Hanzo,10,,IEEE Communications Letters,2014.0,JournalArticle
8deaa62eb89ae50a8a42c795858590a822c054ad,Analysis and Design of Distributed Antenna-Aided Twin-Layer Femto- and Macrocell Networks Relying on Fractional Frequency Reuse,,Jie Zhang; Fan Jin; Rong Zhang; Guangjun Li; L. Hanzo,8,,IEEE Transactions on Vehicular Technology,2014.0,JournalArticle
92fab69f83cee125105924a5c90d593fd523d0df,"M ULTIHOP C ELLULAR : F ROM R ESEARCH T O S YSTEMS , S TANDARDS , AND A PPLICATIONS",,S. Won; L. Hanzo,0,,,2014.0,
97efde4b7a685c002430d20e59bd84375b9356da,Evolutionary-Algorithm-Assisted Joint Channel Estimation and Turbo Multiuser Detection/Decoding for OFDM/SDMA,,Jiankang Zhang; Sheng Chen; X. Mu; L. Hanzo,58,,IEEE Transactions on Vehicular Technology,2014.0,JournalArticle
98e2fd9003aa88b96b1053035ec1c70eec9564a5,Quantum-aided solutions in wireless systems,,Zunaira Babar; Panagiotis Botsinis; Dimitrios Alanis; S. Ng; L. Hanzo,0,,,2014.0,
98e4b9cef546cf316f6dd4d56abda0d2fb703905,OFDM-Aided Differential Space–Time Shift Keying Using Iterative Soft Multiple-Symbol Differential Sphere Decoding,,M. I. Kadir; Sheng Chen; K. Hari; K. Giridhar; L. Hanzo,10,,IEEE Transactions on Vehicular Technology,2014.0,JournalArticle
9b51c5c0d9a0dc295fcafc432ce7bc25c1a0bb6f,Cooperative Medium Access Control Based on Spectrum Leasing,,Jiao Feng; Rong Zhang; L. Hanzo; S. Ng,10,,IEEE Transactions on Vehicular Technology,2014.0,JournalArticle
a6714ea16eb96a9da2546e195a0b177bd81b96a0,Norm-based joint transmit/receive antenna selection aided and two-tier channel estimation assisted STSK systems,,Peichang Zhang; Sheng Chen; Chen Dong; Li Li; L. Hanzo,5,,2014 IEEE International Conference on Communications (ICC),2014.0,JournalArticle; Conference
a6e99b7851825acca2894f61300a0e1ee7ad492c,Adaptive modulation for multihop communications exploiting multihop diversity,,Chen Dong; Lie-liang Yang; L. Hanzo,2,,,2014.0,
a8928fffbb2732f2a4eeb81cc49dd262f53bd423,Cross-layer network lifetime optimisation considering transmit and signal processing power in wireless sensor networks,,Halil Yetgin; Kent Tsz Kan Cheung; M. El-Hajjar; L. Hanzo,26,,IET Wireless Sensor Systems,2014.0,JournalArticle
aa12776509f0655754e130c00d56d688415f50f4,Star-QAM Signaling Constellations for Spatial Modulation,,Ping Yang; Yue Xiao; Bo Zhang; Shaoqian Li; M. El-Hajjar; L. Hanzo,64,,IEEE Transactions on Vehicular Technology,2014.0,JournalArticle
aac0f64c2ce42790549e4f3f8dc6d5fa4037d7a4,Low-Complexity SDMA User-Grouping for the CoMP-VLC Downlink,,L. Yin; Xiping Wu; H. Haas; L. Hanzo,10,,Global Communications Conference,2014.0,JournalArticle; Conference
aae1180870ef93f74741d73da91847c74c5bd8f8,Network Coding Aided Cooperative Cognitive Radio for Uplink Transmission,,Wei Liang; H. Nguyen; S. Ng; L. Hanzo,2,,Global Communications Conference,2014.0,JournalArticle; Conference
ae073d97020cafd2e00cb5a06b1a21fae3572326,Maximum Throughput Adaptive Rate Transmission scheme for multihop diversity aided multihop links,,Chen Dong; Lie-liang Yang; Jing Zuo; S. Ng; L. Hanzo,2,,2014 IEEE International Conference on Communications (ICC),2014.0,JournalArticle; Conference
b2112d8ab0a8e15b398c9fc9ad8e8ccec099020e,Linear Transceiver Design for an Amplify-and-Forward Relay Based on the MBER Criterion,,A. Dutta; K.V.S. Hari; L. Hanzo,15,,IEEE Transactions on Communications,2014.0,JournalArticle
b301e69ee23668b4b358f7df9e5beb5904c07ee5,EXIT-Chart Aided Code Design for Symbol-Based Entanglement-Assisted Classical Communication over Quantum Channels,,Zunaira Babar; S. Ng; L. Hanzo,2,,IEEE Vehicular Technology Conference,2014.0,JournalArticle; Conference
b359a532eac05e1d5647ab42ecb08f7c53f98291,Throughput and delay analysis of wireless multicast in distributed mobile social networks based on geographic social relationships,,Jie Hu; Lie-liang Yang; L. Hanzo,5,,IEEE Wireless Communications and Networking Conference,2014.0,JournalArticle; Conference
ba25fb5dfe184f1e38c0b4b913e362194bc84d91,Cross-Layer Aided Energy-Efficient Opportunistic Routing in Ad Hoc Networks,,Jing Zuo; Chen Dong; H. Nguyen; S. Ng; Lie-liang Yang; L. Hanzo,40,,IEEE Transactions on Communications,2014.0,JournalArticle
bfecbbef6f6af88b0947526eb408e1aec2cf881d,Channel estimation relying on the minimum bit-errorratio criterion for BPSK and QPSK signals,,A. Dutta; K.V.S. Hari; L. Hanzo,6,,IET Communications,2014.0,JournalArticle
c3f6ee09d58bb4af30fea10f008f6bb5b7cf66d9,"Mimo-ofdm for lte, wifi and wimax : coherent is non coherent and.....",,L. Hanzo,13,,,2014.0,
c5e60d76922bacebef599d2ef44a3f7a54642d6e,Cooperative multicast aided picocellular hybrid information dissemination in mobile social networks: Delay/energy evaluation and relay selection,,Jie Hu; Lie-liang Yang; L. Hanzo,6,,IEEE Wireless Communications and Networking Conference,2014.0,JournalArticle; Conference
d22af0358fea5ca1b4f5c185eb00467bc31616b8,On Buffer-Assisted Opportunistic Routing Relying on Linear Transmission Activation Probability Space Partitioning for Relay-Aided Networks,,Chen Dong; Jing Zuo; Lie-liang Yang; Yongkai Huo; S. Ng; L. Hanzo,3,,IEEE Vehicular Technology Conference,2014.0,JournalArticle; Conference
d5b014e55d39682ede47cf248d3c0a7d6973577b,Beyond 5G Challenges: White Paper,,K. Al-Begain; M. Dohler; P. Grant; H. Haas; L. Hanzo; A. Nix; Timothy O’Farrell; I. Robertson; R. Tafazolli; J. Thompson,0,,,2014.0,
d7f11c0f166079ac64a0678dbb7b41137427ec80,Low-complexity iterative quantum multi-user detection in SDMA systems,,Panagiotis Botsinis; S. Ng; L. Hanzo,10,,2014 IEEE International Conference on Communications (ICC),2014.0,JournalArticle; Conference
dc025b3b6c59cef0783a18238e4cd9d99a5b52f3,A Low-Complexity Cross-Layer Algorithm for Coordinated Downlink Scheduling and Robust Beamforming Under a Limited Feedback Constraint,,Yingxiang Yang; B. Bai; Wei Chen; L. Hanzo,21,,IEEE Transactions on Vehicular Technology,2014.0,JournalArticle
e132dd9e7a03627b20800805449b3077ba3b654e,Honoring our colleagues: COMSOC awards [The President's Page],,S. Benedetto; L. Hanzo,1,,IEEE Communications Magazine,2014.0,JournalArticle
e33a9d0c8b837edc53c64942001d5ad2f7a92c00,Fixed-Complexity Quantum-Assisted Multi-User Detection for CDMA and SDMA,,Panagiotis Botsinis; S. Ng; L. Hanzo,40,,IEEE Transactions on Communications,2014.0,JournalArticle
e3c114c2aec3c3bea973e1e0791b26cd3fbe022a,Network Coded MIMO Aided Cooperative Communications in the Ambulance-and-emergency Area,,H. Nguyen; Zunaira Babar; S. Ng; Matteo Mazzotti; L. Iacobelli; L. Hanzo,0,,International Conference on Selected Topics in Mobile and Wireless Networking,2014.0,JournalArticle
e8b19ad28c1a7bcac6117986b3def54140e2b946,Quantum-Assisted Routing Optimization for Self-Organizing Networks,"Self-organizing networks act autonomously for the sake of achieving the best possible performance. The attainable routing depends on a delicate balance of diverse and often conflicting quality-of-service requirements. Finding the optimal solution typically becomes an nonolynomial-hard problem, as the network size increases in terms of the number of nodes. Moreover, the employment of user-defined utility functions for the aggregation of the different objective functions often leads to suboptimal solutions. On the other hand, Pareto optimality is capable of amalgamating the different design objectives by providing an element of elitism. Although there is a plethora of bioinspired algorithms that attempt to address this optimization problem, they often fail to generate all the points constituting the optimal Pareto front. As a remedy, we propose an optimal multiobjective quantum-assisted algorithm, namely the nondominated quantum optimization algorithm (NDQO), which evaluates the legitimate routes using the concept of Pareto optimality at a reduced complexity. We then compare the performance of the NDQO algorithm to the state-of-the-art evolutionary algorithms, demonstrating that the NDQO algorithm achieves a near-optimal performance. Furthermore, we analytically derive the upper and lower bounds of the NDQO algorithmic complexity, which is of the order of O(N) and O(N√(N)) in the best and worst case scenario, respectively. This corresponds to a substantial complexity reduction of the NDQO from the order of O(N2) imposed by the brute-force method.",Dimitrios Alanis; Panagiotis Botsinis; S. Ng; L. Hanzo,44,,IEEE Access,2014.0,JournalArticle
eb16613e151c791d890a03b5dc061011123d1399,"Variable-Rate, Variable-Power Network-Coded-QAM/PSK for Bi-Directional Relaying Over Fading Channels",,Yanping Yang; Wei Chen; Ou Li; L. Hanzo,10,,IEEE Transactions on Communications,2014.0,JournalArticle
f5a7b8466c42f012667ae6e8c1f898943770b80c,Synchronization issues in relay-aided cooperative MIMO networks,,S. Won; L. Hanzo,6,,IEEE wireless communications,2014.0,JournalArticle
fae20aabb83276433eec81a4f3fa16a1f8aa1ac9,Embedded Iterative Semi-Blind Channel Estimation for Three-Stage-Concatenated MIMO-Aided QAM Turbo Transceivers,,Peichang Zhang; Sheng Chen; L. Hanzo,16,,IEEE Transactions on Vehicular Technology,2014.0,JournalArticle
feed1a30eaa03e9ae654981fdc45a3a082465ba0,Pragmatic Distributed Algorithm for Spectral Access in Cooperative Cognitive Radio Networks,,Wei Liang; S. Ng; Jiao Feng; L. Hanzo,23,,IEEE Transactions on Communications,2014.0,JournalArticle
0728eb2ac54fb991d331f56b84652345490fae65,A Reduced-Complexity Detector for OFDMA/SC-FDMA-Aided Space-Time Shift Keying,,M. I. Kadir; Sheng Chen; L. Hanzo,6,,IEEE Vehicular Technology Conference,2013.0,JournalArticle; Conference
0ba6fa87955a9aeaedc72fbc4ed56ad9a806a9b2,"IEEE ICC 2013 concludes with thousands of international communications experts attending hundreds of presentations in Budapest, Hungary [Conference Review]",,L. Hanzo; A. Molisch; Rolland Vida,0,,IEEE Communications Magazine,2013.0,JournalArticle; Review
0d3a675de14f6db8d677bf01bdf4650f9b6c0365,Distributed Antenna Systems in Fractional-Frequency-Reuse-Aided Cellular Networks,,Jie Zhang; Rong Zhang; Guangjun Li; L. Hanzo,21,,IEEE Transactions on Vehicular Technology,2013.0,JournalArticle
0d8f52429518ae1e147f27588f186b2c7fe74834,Reduced-Complexity Approx-Log-MAP and Max-Log-MAP Soft PSK/QAM Detection Algorithms,,Chao Xu; Dandan Liang; S. Sugiura; S. Ng; L. Hanzo,24,,IEEE Transactions on Communications,2013.0,JournalArticle
0e5ccd5e04f8efd13c80d71360c9ad1e4517f1d8,Receiver-Driven Adaptive Enhancement Layer Switching Algorithm for Scalable Video Transmission Over Link-adaptive Networks,,Jian Yang; Quan Zheng; H. Xi; L. Hanzo,8,,IEEE Signal Processing Letters,2013.0,JournalArticle
0fd4aadf833f758756e7d64394b0c2b86741f19a,Achieving Maximum Energy-Efficiency in Multi-Relay OFDMA Cellular Networks: A Fractional Programming Approach,"In this paper, the joint power and subcarrier allocation problem is solved in the context of maximizing the energy-efficiency (EE) of a multi-user, multi-relay orthogonal frequency division multiple access (OFDMA) cellular network, where the objective function is formulated as the ratio of the spectral-efficiency (SE) over the total power dissipation. It is proven that the fractional programming problem considered is quasi-concave so that Dinkelbach's method may be employed for finding the optimal solution at a low complexity. This method solves the above-mentioned master problem by solving a series of parameterized concave secondary problems. These secondary problems are solved using a dual decomposition approach, where each secondary problem is further decomposed into a number of similar subproblems. The impact of various system parameters on the attainable EE and SE of the system employing both EE maximization (EEM) and SE maximization (SEM) algorithms is characterized. In particular, it is observed that increasing the number of relays for a range of cell sizes, although marginally increases the attainable SE, reduces the EE significantly. It is noted that the highest SE and EE are achieved, when the relays are placed closer to the BS to take advantage of the resultant line-of-sight link. Furthermore, increasing both the number of available subcarriers and the number of active user equipment (UE) increases both the EE and the total SE of the system as a benefit of the increased frequency and multi-user diversity, respectively. Finally, it is demonstrated that as expected, increasing the available power tends to improve the SE, when using the SEM algorithm. By contrast, given a sufficiently high available power, the EEM algorithm attains the maximum achievable EE and a suboptimal SE.",Kent Tsz Kan Cheung; Shaoshi Yang; L. Hanzo,153,,IEEE Transactions on Communications,2013.0,JournalArticle
129c41cc6b67a17edf56b5c31fdf83555aeea7dc,Distributed Multiple-Component Turbo Codes for Cooperative Hybrid ARQ,,Bo Zhang; Hong Chen; M. El-Hajjar; R. Maunder; L. Hanzo,15,,IEEE Signal Processing Letters,2013.0,JournalArticle
12ee7704296d6bea0b22af7bfc01a97757af1d29,Chip-interleaved optical code division multiple access relying on a photon-counting iterative successive interference canceller for free-space optical channels.,"In this paper, we design a novel Poisson photon-counting based iterative successive interference cancellation (SIC) scheme for transmission over free-space optical (FSO) channels in the presence of both multiple access interference (MAI) as well as Gamma-Gamma atmospheric turbulence fading, shot-noise and background light. Our simulation results demonstrate that the proposed scheme exhibits a strong MAI suppression capability. Importantly, an order of magnitude of BER improvements may be achieved compared to the conventional chip-level optical code-division multiple-access (OCDMA) photon-counting detector.",Xiaolin Zhou; Xiaowei Zheng; Rong Zhang; L. Hanzo,16,,Optics Express,2013.0,JournalArticle
14396b6a577b3648d7a175db3a7d135306796dd7,A Reduced-Complexity Partial-Interference-Cancellation Group Decoder for STBCs,,R. Rajashekar; K. Hari; L. Hanzo,4,,IEEE Signal Processing Letters,2013.0,JournalArticle
15a705ee4445341594dd805787649bc577e424a2,Antenna Selection in Spatial Modulation Systems,,R. Rajashekar; K. Hari; L. Hanzo,231,,IEEE Communications Letters,2013.0,JournalArticle
1a61bcc44b0afeecb8418fbc42248e95800f7ba2,Semidefinite Programming Relaxation Based Virtually Antipodal Detection for MIMO Systems Using Gray-Coded High-Order QAM,,Shaoshi Yang; Tiejun Lv; L. Hanzo,19,,IEEE Transactions on Vehicular Technology,2013.0,JournalArticle
1ca1e9ea410aeda432307b7039a45fc96e4d5764,Reduced-Complexity Near-Capacity Joint Channel Estimation and Three-Stage Turbo Detection for Coherent Space-Time Shift Keying,,Peichang Zhang; Sheng Chen; L. Hanzo,26,,IEEE Transactions on Communications,2013.0,JournalArticle
1e4f266afaafd1c4d9fae1b9203996d117db88fa,A Survey and Tutorial on Low-Complexity Turbo Coding Techniques and a Holistic Hybrid ARQ Design Example,,Hong Chen; R. Maunder; L. Hanzo,53,,IEEE Communications Surveys and Tutorials,2013.0,JournalArticle; Review
1eaca5d2738de0635432ca62de229a7296906d07,Near-capacity joint channel estimation and three-stage turbo detection for MIMO systems,,Peichang Zhang; Sheng Chen; L. Hanzo,0,,IEEE Wireless Communications and Networking Conference,2013.0,JournalArticle; Conference
1ebc262e214a6c75db54f2c08c137f1b71e91078,Enhancing the decoding performance of optical wireless communication systems using receiver-side predistortion.,"White light emitting diodes (LEDs) have been widely utilized for illumination owing to their desired properties of inherent bright output, high efficiency, low power consumption and long life-time. They are also increasingly applied in optical wireless communications for realizing high data rate transmission. This paper presents an improved scheme relying on the insertion of a simple predistortion module before the decoder at the receiver of optical wireless communication systems that use white LEDs. The proposed predistortion scheme exploits the inherent nature of mixing the three unequal optical-power primary colours in generating white light to enhance the system's performance. Specifically, we design this predistortion module by minimizing the upper bound of the error probability in conjunction with a soft-decision decoder. Our simulation results demonstrate that the detection performance is considerably improved with the aid of the proposed predistortion module.",Qi Wang; Zhaocheng Wang; Sheng Chen; L. Hanzo,19,,Optics Express,2013.0,JournalArticle
20d259b8469628311b542258d67f9b8553a9b498,Exact Bayes' theorem based probabilistic data association for iterative MIMO detection and decoding,,Shaoshi Yang; L. Hanzo,7,,Global Communications Conference,2013.0,JournalArticle; Conference
213b82d9f8eb220e145addf7cfdd0b22c86616ef,IMS: The New Generation of Internet-Protocol-Based Multimedia Services,,Antonio J. Sánchez-Esguevillas; B. Carro; G. Camarillo; Yi-Bing Lin; M. Garcia-Martin; L. Hanzo,14,,Proceedings of the IEEE,2013.0,JournalArticle
25f00cd6a790dbdb7c3636dbe553ab9e4c7a4128,Maximum euclidean distance network coded modulation for asymmetric decode-and-forward two-way relaying,,Wei Chen; Z. Cao; L. Hanzo,12,,IET Communications,2013.0,JournalArticle
2bd254db0c332cb5c23d9e20fddf6c1217bf1227,Iterative source and channel decoding relying on correlation modelling for wireless video transmission,,Yongkai Huo; Tao Wang; R. Maunder; L. Hanzo,9,,IET Communications,2013.0,JournalArticle
30ffec333322c077e34ea87d5f3d72aab4f1b6c2,Near-Capacity Turbo Coded Soft-Decision Aided DAPSK/Star-QAM for Amplify-and-Forward Based Cooperative Communications,,Dandan Liang; S. Ng; L. Hanzo,4,,IEEE Transactions on Communications,2013.0,JournalArticle
34534eb68b1984cf1c66082d14a713807faf137b,Mobile social networking aided content dissemination in heterogeneous networks,,Hu Jie; Yang Lieliang; L. Hanzo,10,,China Communications,2013.0,Review
38db37d657117158231ae6ec7b4bfb34186f4e07,Advances in base- and mobile-station aided cooperative wireless communications: An overview,,Rong Zhang; Li Wang; G. Parr; Osianoh Glenn Aliu; Benga Awoseyila; N. Azarmi; S. Bhatti; E. Bodanese; Hong Chen; M. Dianati; A. Dutta; M. Fitch; K. Giridhar; S. Hailes; K. Hari; M. Imran; A. Jagannatham; A. Karandikar; S. Kawade; Mohammed Zafar Ali Khan; S. Kompalli; P. Langdon; B. Narayanan; A. Mauthe; J. McGeehan; N. Mehta; J. K. Milleth; K. Moessner; R. Rajashekar; Barathram Ramkumar; V. Ribeiro; K. Vasudevan; L. Hanzo; J. Bigham,22,,IEEE Vehicular Technology Magazine,2013.0,JournalArticle; Review
3944d049089ff36c25606ed1161ec76994c88e9b,On the complexity of Unary Error Correction codes for the near-capacity transmission of symbol values from an infinite set,,Wenbo Zhang; R. Maunder; L. Hanzo,9,,IEEE Wireless Communications and Networking Conference,2013.0,JournalArticle; Conference
3ce02cf8e5cd73aef179923a411d79c2e6f52b97,"Quantum Search Algorithms, Quantum Wireless, and a Low-Complexity Maximum Likelihood Iterative Quantum Multi-User Detector Design","The high complexity of numerous optimal classic communication schemes, such as the maximum likelihood (ML) multiuser detector (MUD), often prevents their practical implementation. In this paper, we present an extensive review and tutorial on quantum search algorithms (QSA) and their potential applications, and we employ a QSA that finds the minimum of a function in order to perform optimal hard MUD with a quadratic reduction in the computational complexity when compared to that of the ML MUD. Furthermore, we follow a quantum approach to achieve the same performance as the optimal soft-input soft-output classic detectors by replacing them with a quantum algorithm, which estimates the weighted sum of a function's evaluations. We propose a soft-input soft-output quantum-assisted MUD (QMUD) scheme, which is the quantum-domain equivalent of the ML MUD. We then demonstrate its application using the design example of a direct-sequence code division multiple access system employing bit-interleaved coded modulation relying on iterative decoding, and compare it with the optimal ML MUD in terms of its performance and complexity. Both our extrinsic information transfer charts and bit error ratio curves show that the performance of the proposed QMUD and that of the optimal classic MUD are equivalent, but the QMUD's computational complexity is significantly lower.",Panagiotis Botsinis; S. Ng; L. Hanzo,70,,IEEE Access,2013.0,JournalArticle; Review
3da9ca88306322907030872e6944a6f9cd2eb9eb,Irregular Convolution and Unity-Rate Coded Network-Coding for Cooperative Multi-User Communications,,H. Nguyen; S. Ng; L. Hanzo,14,,IEEE Transactions on Wireless Communications,2013.0,
3e955e6883f6eaa5cafbd96fd075c6c314499a53,of Losslessly Compressed Video,,Chuan Zhu; Yongkai Huo; R. Maunder; S. Kawade; L. Hanzo,0,,,2013.0,
40a04aab96056c97a519d50eb610e8b0d0942b7e,Near-Capacity Code Design for Entanglement-Assisted Classical Communication over Quantum Depolarizing Channels,,Zunaira Babar; S. Ng; L. Hanzo,22,,IEEE Transactions on Communications,2013.0,JournalArticle
4298e662be5a0376b943d7d638217dd3a3bd8d68,On the Joint Optimization of Dispersion Matrices and Constellations for Near-Capacity Irregular Precoded Space-Time Shift Keying,,S. Sugiura; L. Hanzo,39,,IEEE Transactions on Wireless Communications,2013.0,JournalArticle
490789306fc5f8ce3f2a2ddf30a1d371cddd0865,Inter-Layer Turbo Coded Unequal Error Protection for Multi-Layer Video Transmission,,Yongkai Huo; M. El-Hajjar; L. Hanzo,1,,IEEE Vehicular Technology Conference,2013.0,JournalArticle; Conference
4d0fc02f6a41f9c88012082c3a23fa599eca1150,A Full-Duplex Diversity-Assisted Hybrid Analogue/Digitized Radio Over Fibre for Optical/Wireless Integration,,V. Thomas; S. Ghafoor; M. El-Hajjar; L. Hanzo,18,,IEEE Communications Letters,2013.0,JournalArticle
4d315be2ee891cebfeaec3736762a2b91f938f2c,Successive-Relaying-Aided Decode-and-Forward Coherent Versus Noncoherent Cooperative Multicarrier Space–Time Shift Keying,,M. I. Kadir; Li Li; Sheng Chen; L. Hanzo,11,,IEEE Transactions on Vehicular Technology,2013.0,JournalArticle
506949922c3b477e790d0df3b5d980c572a641b4,A Low-Complexity Turbo Decoder Architecture for Energy-Efficient Wireless Sensor Networks,,Liang Li; R. Maunder; B. Al-Hashimi; L. Hanzo,70,,IEEE Transactions on Very Large Scale Integration (VLSI) Systems,2013.0,JournalArticle
5074fc00bda69d4df936af32a0fb38417043e336,Security Versus Reliability Analysis of Opportunistic Relaying,"Physical-layer security is emerging as a promising paradigm of securing wireless communications against eavesdropping between legitimate users, when the main link spanning from a source to a destination has better propagation conditions than the wiretap link from a source to an eavesdropper. In this paper, we identify and analyze the tradeoffs between the security and reliability of wireless communications in the presence of eavesdropping attacks. Typically, the reliability of the main link can be improved by increasing the source's transmit power (or decreasing its date rate) to reduce the outage probability (OP), which unfortunately increases the risk that an eavesdropper succeeds in intercepting the source message through the wiretap link, since the OP of the wiretap link also decreases when a higher transmit power (or lower date rate) is used. We characterize the security-reliability tradeoffs (SRT) of conventional direct transmission from the source to the destination in the presence of an eavesdropper, where the security and reliability are quantified in terms of the intercept probability (IP) by an eavesdropper and the OP experienced at the destination, respectively. To improve the SRT, we then propose opportunistic relay selection (ORS) and quantify the attainable SRT improvement upon increasing the number of relays. It is shown that given the maximum tolerable IP, the OP of our ORS scheme approaches zero for N → ∞, where N is the number of relays. Conversely, given the maximum tolerable OP, the IP of our ORS scheme tends to zero for N → ∞.",Yulong Zou; Xianbin Wang; Weiming Shen; L. Hanzo,180,39e0ec2360c2379ee566aebb00fb3e1bc505c5df; c3bee0f936b4c84de8917ef0c345a813c71fcc9a; 3715cc9ade44ca6072f131de8e5692ffded6d42e; 76d8549bf576f67cbd6c749c755d13ce933695d5; 65b3f73f79e7ff6de57c0d8fd07adb86f109c262; cb4936c5771638f019928cdf6e2c8d17c7c129b0; f27647f47f8428413a2cf5c49ac22edc2e986862; 00a5fbff83a5a20b78ab9adbc2551aee1a936fe6; 7a121a2d25bb41b75a97f7168a013c20c36cf6f0; 699bee9cebc1a6bd4f6fe4512a0612e6a081f494; 4b223a6a926ef6e7c7a5bbef887b498bbf8b47b1; bb2fbacd664a502068187507ec274bb8c4cb8cb8; d831f98d5975cb15557cdf7f8af4fe1f9a0579a8; 84ffe56f4767a79ed69d41c4dbb581a1ce410fde; cb0fc8037bc1fc1fcb38ae52976e79e2464ceb58; b4c38c16d075200e16d814ee0979d1dc431d7713; 007524794d49bebca5845722054e459a86d8b785; d9fb82419f16eb702ad4aae5dba1dbf037c139cc; c02bae0c9e68c4417d9d6226790c9a1366991494; a54194422c56399b2923b2ad706b8175c8c48258; da77dccd0ebf8d93e7236e8d4d325bf766f90d04; 0b46452d66f42c5f33ebbf09d0dec9fff8a1a6a6; 5fbe6463487d8f1d1a69fe7abc7d02c72bd6d190,IEEE Transactions on Vehicular Technology,2013.0,JournalArticle
5f494f8bd96aabac9e9651566f2c398373a28e5f,Performance Analysis of Antenna Selection Algorithms in Spatial Modulation Systems with Imperfect CSIR,,R. Rajashekar; K. Hari; K. Giridhar; L. Hanzo,14,,ACM SIGOPS European Workshop,2013.0,JournalArticle
6501f0532b3a6167316038239a100329f5d6e430,Energy-Efficient Dynamic Resource Allocation for Opportunistic-Relaying-Assisted SC-FDMA Using Turbo-Equalizer-Aided Soft Decode-and-Forward,,Jiayi Zhang; Lie-liang Yang; L. Hanzo,20,,IEEE Transactions on Vehicular Technology,2013.0,JournalArticle
653c503692a1cc87f853c700ab4d3b5aa0b4727f,EXIT-Chart-Matching-Aided Near-Capacity Coded Modulation Design and a BICM-ID Design Example for Both Gaussian and Rayleigh Channels,,Qiuliang Xie; Zhixing Yang; Jian Song; L. Hanzo,22,,IEEE Transactions on Vehicular Technology,2013.0,JournalArticle
6bb71acaf829ec210a2c4d6dfb41ddefce8d199d,Differential Space Time Shift Keying for Dispersive Multi-user Scenarios using OFDM,,Karunya S. Veluchamy; Babak Hassibi; B. Hochwald; J. Jeganathan; A. Ghrayeb; L. Szczecinski; L. Hanzo,0,,,2013.0,
70888a575bd1fec7d59bc1081eceef11d7fdcc97,A Survey of Digital Television Broadcast Transmission Techniques,,M. El-Hajjar; L. Hanzo,98,,IEEE Communications Surveys and Tutorials,2013.0,JournalArticle; Review
7b4aa73da90f170d37287dd69e02b0014b3a17d1,Joint Timing and Channel Estimation for Bandlimited Long-Code-Based MC-DS-CDMA: A Low-Complexity Near-Optimal Algorithm and the CRLB,,Shuai Wang; Sheng Chen; Aihua Wang; Jianping An; L. Hanzo,11,,IEEE Transactions on Communications,2013.0,JournalArticle
7e772587431118478e92b6bed6da1e66b8079cfc,Structured dispersion matrices from division algebra codes for space-time shift keying,,R. Rajashekar; K. Hari; L. Hanzo,12,,IEEE Signal Processing Letters,2013.0,JournalArticle
80ee61f0530bb3e79f99dbe13cb2f12f831542bb,Voice Compression and Communications: Principles and Applications for Fixed and Wireless Channels,,L. Hanzo; F. Somerville; J. Woodard,17,,,2013.0,
8759094a293c485130f7d56c93dd57f432b0cf21,Coding Coding 1 π K π OOK OOK Laser Multiple Access Channel Laser Aperture Poisson Counting Process Elementary Signal Estimator,,Lingbin Li; Xiaolin Zhou; Rong Zhang; Dingcheng Zhang; L. Hanzo,0,,,2013.0,
87c261b5480fe802b2704dfea5c875d017bf4540,Joint source and Turbo Trellis Coded Hierarchical Modulation for context-aware medical image transmission,,A. Aljohani; Hua Sun; S. Ng; L. Hanzo,1,,"International Conference on e-Health Networking, Applications and Services",2013.0,JournalArticle; Conference
87f2c5b0cae9ff51fa1bc0d94b233a7bd45748ba,Spatial Modulation Aided Zero-Padded Single Carrier Transmission for Dispersive Channels,,R. Rajashekar; K. Hari; L. Hanzo,47,,IEEE Transactions on Communications,2013.0,JournalArticle
8c52896643aa49f8698eb9f8c68719900b090293,MC-CDMA aided multi-user space-time shift keying in wideband channels,,M. I. Kadir; S. Sugiura; Sheng Chen; L. Hanzo,6,,IEEE Wireless Communications and Networking Conference,2013.0,JournalArticle; Conference
90352c64ea29cd5f9e0fd8dbb41f7913c6845b1a,Dynamic Human Behaviour Based Epidemic Content Dissemination In Mobile Social Networks,,Jie Hu; Lie-liang Yang; L. Hanzo,1,,,2013.0,
913bfb3ce821d1ec411c24e7f1b86b6599b61552,Energy-Conscious Turbo Decoder Design: A Joint Signal Processing and Transmit Energy Reduction Approach,,Liang Li; R. Maunder; B. Al-Hashimi; Mark Zwolinski; L. Hanzo,9,,IEEE Transactions on Vehicular Technology,2013.0,JournalArticle
955a354d85c062cf9f30bd47d9c3892893761473,Performance and capacity analysis of Poisson photon-counting based Iter-PIC OCDMA systems.,"In this paper, an iterative parallel interference cancellation (Iter-PIC) technique is developed for optical code-division multiple-access (OCDMA) systems relying on shot-noise limited Poisson photon-counting reception. The novel semi-analytical tool of extrinsic information transfer (EXIT) charts is used for analysing both the bit error rate (BER) performance as well as the channel capacity of these systems and the results are verified by Monte Carlo simulations. The proposed Iter-PIC OCDMA system is capable of achieving two orders of magnitude BER improvements and a 0.1 nats of capacity improvement over the conventional chip-level OCDMA systems at a coding rate of 1/10.",Lingbin Li; Xiaolin Zhou; Rong Zhang; Dingcheng Zhang; L. Hanzo,5,,Optics Express,2013.0,JournalArticle
9d5f9064ed6cfc84b4a98efa0357636bc9856ce1,"Fractional Frequency Reuse Aided Twin-Layer Femtocell Networks: Analysis, Design and Optimization",,Fan Jin; Rong Zhang; L. Hanzo,62,,IEEE Transactions on Communications,2013.0,JournalArticle
aa4042c3c0757fb49dc885dc1df7604b13f4dc96,"Initial Synchronisation of MIMO Transceivers: CDMA, MC-CDMA, OFDM, UWB and Cooperative Systems",,L. Hanzo; S. Won; L. Yang,0,,,2013.0,
ab0f059e30fe1ebae3f7ae8aa40b9e706bb658c8,Distributed Antenna aided twin-layer femto-and macro-cell networks relying on fractional Frequency-Reuse,,Jie Zhang; Fan Jin; Rong Zhang; Guangjun Li; L. Hanzo,2,,IEEE Wireless Communications and Networking Conference,2013.0,JournalArticle; Conference
aef9ca5ad6c2f364085a395070a41bd671fd9388,Analysis of voltage- and clock-scaling-induced timing errors in stochastic LDPC decoders,,I. Perez-Andrade; Xin Zuo; R. Maunder; B. Al-Hashimi; L. Hanzo,10,,IEEE Wireless Communications and Networking Conference,2013.0,JournalArticle; Conference
b1720fb263ac1cd95b9feb500e6efc45b587a869,"EXIT-Chart-Aided Joint Source Coding, Channel Coding, and Modulation Design for Two-Way Relaying",,A. Aljohani; S. Ng; R. Maunder; L. Hanzo,4,,IEEE Transactions on Vehicular Technology,2013.0,JournalArticle
b87972f2ef361493e540367370a3ba6eebe319bc,Maximizing energy-efficiency in multi-relay OFDMA cellular networks,"This contribution presents a method of obtaining the optimal power and subcarrier allocations that maximize the energy-efficiency (EE) of a multi-user, multi-relay, orthogonal frequency division multiple access (OFDMA) cellular network. Initially, the objective function (OF) is formulated as the ratio of the spectral-efficiency (SE) over the power consumption of the network. This OF is shown to be quasi-concave, thus Dinkelbach's method can be employed for solving it as a series of parameterized concave problems. We characterize the performance of the aforementioned method by comparing the optimal solutions obtained to those found using an exhaustive search. Additionally, we explore the relationship between the achievable SE and EE in the cellular network upon increasing the number of active users. In general, increasing the number of users supported by the system benefits both the SE and EE, and higher SE values may be obtained at the cost of EE, when an increased power may be allocated.",Kent Tsz Kan Cheung; Shaoshi Yang; L. Hanzo,30,,Global Communications Conference,2013.0,JournalArticle; Conference
b9b47cf5baf0f66f19faca23204d88f7be7b74a4,Inter-Layer FEC Aided Unequal Error Protection for Multilayer Video Transmission in Mobile TV,,Yongkai Huo; M. El-Hajjar; L. Hanzo,36,,IEEE transactions on circuits and systems for video technology (Print),2013.0,JournalArticle
bde1b2aec182c546563a4dd675a38330013ff8e8,Multi-layer modulation for intensity-modulated direct-detection optical OFDM,,Rong Zhang; L. Hanzo,29,,IEEE\/OSA Journal of Optical Communications and Networking,2013.0,JournalArticle
becf735c604d9a8ce1bb6cda2d53a52fbb369b16,Reduced-Complexity Syndrome-Based TTCM Decoding,,Zunaira Babar; S. Ng; L. Hanzo,10,,IEEE Communications Letters,2013.0,JournalArticle
bfa063c5597e49c5a73d3233ad6239a8c4fbc980,Generalised Pre-Coding Aided Spatial Modulation,,Rong Zhang; Lie-liang Yang; L. Hanzo,195,,IEEE Transactions on Wireless Communications,2013.0,JournalArticle
c7113aa1d73d7c9f17fe7bf07e5c013b1aaa0472,Benchmarking capabilities of evolutionary algorithms in joint channel estimation and turbo multi-user detection/decoding,,Jiankang Zhang; Sheng Chen; X. Mu; L. Hanzo,3,,IEEE Congress on Evolutionary Computation,2013.0,JournalArticle
c86f1ccfb8b892ae7c255bfbb54fb0ca7b7684b2,Multi-Hop Diversity Aided Multi-Hop Communications: A Cumulative Distribution Function Aware Approach,,Dong Chen; Lie-liang Yang; L. Hanzo,19,,IEEE Transactions on Communications,2013.0,JournalArticle
c954094627088ac4a58cf7394b4e40dc422944ff,A Unary Error Correction Code for the Near-Capacity Joint Source and Channel Coding of Symbol Values from an Infinite Set,,R. Maunder; Wenbo Zhang; Tao Wang; L. Hanzo,11,,IEEE Transactions on Communications,2013.0,
cade31adf4287166801c07602881a6c093a633fc,OFDMA/SC-FDMA Aided Space–Time Shift Keying for Dispersive Multiuser Scenarios,,M. I. Kadir; S. Sugiura; Jiayi Zhang; Sheng Chen; L. Hanzo,47,,IEEE Transactions on Vehicular Technology,2013.0,JournalArticle
cd1d56a86d41fa1982020e7a48f602e813dd20b3,Generalized Adaptive Network Coding Aided Successive Relaying for Noncoherent Cooperation,,Li Li; Li Wang; L. Hanzo,7,,IEEE Transactions on Communications,2013.0,JournalArticle
d04a126608c87d6794b3bcc2fa031c72b1c5d2e0,Turbo Trellis Coded hierarchical modulation for cooperative communications,,Hua Sun; Yiru Shen; S. Ng; L. Hanzo,6,,IEEE Wireless Communications and Networking Conference,2013.0,JournalArticle; Conference
d1096325557f49110550e1d4cfb3f5d19b146e04,Minimum average end-to-end packet energy consumption in a buffer-aided three nodes networks with opportunistic routing,,Chen Dong; Lie-liang Yang; Jing Zuo; L. Hanzo,0,,,2013.0,
d408377e611bb6f94a94b04f64ac150a2d901262,The Effective Throughput of MISO Systems Over 1 κ – μ Fading Channels,,Z. Tan; Haibo Wang; Qing Huang; L. Hanzo,53,,,2013.0,
d41e84ac3b4d076abfbda711dfe5020fec8e260b,Baseband Radio over Fiber Aided Millimeter-Wave Distributed Antenna for Optical/Wireless Integration,,V. Thomas; S. Ghafoor; M. El-Hajjar; L. Hanzo,15,,IEEE Communications Letters,2013.0,JournalArticle
dd187d4be05b9950060d8aba6a9dee29870a0122,"Spatial Modulation for 2 Generalized MIMO : Challenges , 3 Opportunities , and 4 Implementation",,M. Renzo; H. Haas; A. Ghrayeb; S. Sugiura; L. Hanzo,0,,,2013.0,Review
df76fb6103b8efe7044b68fa03eab4b9c9fb35df,Reduced-Complexity Noncoherent Soft-Decision-Aided DAPSK Dispensing With Channel Estimation,,Chao Xu; Dandan Liang; S. Ng; L. Hanzo,19,,IEEE Transactions on Vehicular Technology,2013.0,JournalArticle
e4d808daa10aa7c39ade0c89da0d1d10e53791c2,Inter-layer-decoding aided self-concatenated coded scalable video transmission,,Yongkai Huo; M. El-Hajjar; M. F. U. Butt; L. Hanzo,6,,IEEE Wireless Communications and Networking Conference,2013.0,JournalArticle; Conference
e9abfaae8354527106f0bc725fcc906442b98a17,Joint TTCM-VLC-Aided SDMA for Two-Way Relaying Aided Wireless Video Transmission,,A. Aljohani; S. Ng; R. Maunder; L. Hanzo,2,,IEEE Vehicular Technology Conference,2013.0,JournalArticle; Conference
eacb557ce811c0f5b0101c42ed3afa77500dadcf,QRD-Assisted Adaptive Modulation-Aided 1 MIMO Systems 2,,Ping Yang; Yue Xiao; Shaoqian Li; L. Hanzo,0,,,2013.0,
eaf51faae179cab8f6c30fa828a449ada6f08301,Approximate Bayesian Probabilistic-Data-Association-Aided Iterative Detection for MIMO Systems Using Arbitrary $M$-ary Modulation,"In this paper, the issue of designing an iterative-detection-and-decoding (IDD)-aided receiver, relying on the low-complexity probabilistic data association (PDA) method, is addressed for turbo-coded multiple-input-multiple-output (MIMO) systems using general M -ary modulations. We demonstrate that the classic candidate-search-aided bit-based extrinsic log-likelihood ratio (LLR) calculation method is not applicable to the family of PDA-based detectors. Additionally, we reveal that, in contrast to the interpretation in the existing literature, the output symbol probabilities of existing PDA algorithms are not the true a posteriori probabilities (APPs) but, rather, the normalized symbol likelihoods. Therefore, the classic relationship, where the extrinsic LLRs are given by subtracting the a priori LLRs from the a posteriori LLRs, does not hold for the existing PDA-based detectors. Motivated by these revelations, we conceive a new approximate Bayesian-theorem-based logarithmic-domain PDA (AB-Log-PDA) method and unveil the technique of calculating bit-based extrinsic LLRs for the AB-Log-PDA, which facilitates the employment of the AB-Log-PDA in a simplified IDD receiver structure. Additionally, we demonstrate that we may dispense with inner iterations within the AB-Log-PDA in the context of IDD receivers. Our complexity analysis and numerical results recorded for Nakagami-m fading channels demonstrate that the proposed AB-Log-PDA-based IDD scheme is capable of achieving a performance comparable with that of the optimal maximum a posteriori (MAP)-detector-based IDD receiver, while imposing significantly lower computational complexity in the scenarios considered.",Shaoshi Yang; Li Wang; Tiejun Lv; L. Hanzo,15,,IEEE Transactions on Vehicular Technology,2013.0,JournalArticle
ebcc68725bbc7b27e3cb80e83f711566be70eaa2,Differential Space–Time Shift Keying-Aided Successive-Relaying-Assisted Decode-and-Forward Cooperative Multiuser CDMA,,Peichang Zhang; Sheng Chen; L. Hanzo,13,,IEEE Transactions on Vehicular Technology,2013.0,JournalArticle
ed169cdf8d0ada7371c8d29570a33eee0759fa33,From Nominal to True A Posteriori Probabilities: An Exact Bayesian Theorem Based Probabilistic Data Association Approach for Iterative MIMO Detection and Decoding,,Shaoshi Yang; Tiejun Lv; R. Maunder; L. Hanzo,31,,IEEE Transactions on Communications,2013.0,JournalArticle
ed64eec87acf55a37feaea41f8e2acf4d36e3a72,Cooperative communication between cognitive and primary users,,Wei Liang; S. Ng; L. Hanzo,11,,IET Communications,2013.0,JournalArticle
efe54b4a2966d4853de9a7cda003fde973b2dbdd,Maximum Average Service Rate and Optimal Queue Scheduling of Delay-Constrained Hybrid Cognitive Radio in Nakagami Fading Channels,,Jie Hu; Lie-liang Yang; L. Hanzo,29,,IEEE Transactions on Vehicular Technology,2013.0,JournalArticle
f4df184ca7ed325b7e0bd5c62e9b41f7313cde4b,Adaptive WHT Aided QAM for Fading Channels Subjected to Impulsive Noise,,B. Choi; L. Hanzo,5,,IEEE Communications Letters,2013.0,JournalArticle
fc9ddb24dee19c0eafccd73b450e2dbf3e725c4f,Relay selection methods for maximizing the lifetime of wireless sensor networks,,F. Engel; T. Abrão; L. Hanzo,13,,IEEE Wireless Communications and Networking Conference,2013.0,JournalArticle; Conference
fe92dc3cf364672068c1a8c0b94bbbf75f62b8e6,Iterative joint source-channel decoding aided transmission of losslessly compressed video,,Chuan Zhu; Yongkai Huo; R. Maunder; S. Kawade; L. Hanzo,1,,IEEE Wireless Communications and Networking Conference,2013.0,JournalArticle; Conference
fed6eeae52db38bb5161261058504f7f4d77d57a,Spatio-Temporal Iterative Source–Channel Decoding Aided Video Transmission,,Yongkai Huo; Chuan Zhu; L. Hanzo,18,,IEEE Transactions on Vehicular Technology,2013.0,JournalArticle
fef50bad4d8faccd1acdfc6f809c8b36a9fb7597,Successive AF/DF Relaying in the Cooperative DS-CDMA Uplink: Capacity Analysis and Its System Architecture,,Li Li; Li Wang; L. Hanzo,21,,IEEE Transactions on Vehicular Technology,2013.0,JournalArticle
023ed6e3db7a637f0a244b4b3f7616aa1e33e005,"Appendix of the submitted paper ""Maximum Average Service Rate and Optimal Queue Scheduling of Delay-Constrained Hybrid Cognitive Radio in Nakagami Fading Channels""",,Jie Hu; Lie-liang Yang; L. Hanzo,1,,,2012.0,
05f1b1b912945bd47a89ec893373c992591d635d,Stochastic Optimization Assisted Joint Channel Estimation and Multi-User Detection for OFDM/SDMA,,Jiankang Zhang; Sheng Chen; X. Mu; L. Hanzo,4,,IEEE Vehicular Technology Conference,2012.0,JournalArticle; Conference
0c5f1ecfbdba744153d04f0a0f72c4aa3426ab9f,Power-Efficient Radio Resource Allocation for Low-Medium-Altitude Aerial Platform Based TD-LTE Networks,,Liqiang Zhao; Chi Zhang; Hailin Zhang; Xiaohui Li; L. Hanzo,12,,IEEE Vehicular Technology Conference,2012.0,JournalArticle; Conference
0d752bd3ef8c3e5cfc1e9f59a347a01c51d881d5,Uplink Detection Techniques for Multi‐User SDMA‐OFDM,,L. Hanzo; M. Münster; B. Choi; T. Keller,0,,,2012.0,
11ab778d5fa9b365dfc2f0d58a5b922916118952,Iterative soft-detection of Space-Time-Frequency Shift Keying,,H. Ngo; S. Sugiura; L. Hanzo,5,,2012 IEEE International Conference on Communications (ICC),2012.0,JournalArticle; Conference
11ea76a26cd1456d0c72bfa82da070993963d609,Capacity analysis of the successive AF relaying aided cooperative DS-CDMA uplink,,Li Li; Li Wang; L. Hanzo,2,,IEEE Wireless Communications and Networking Conference,2012.0,JournalArticle; Conference
1bb051bea85d7a78229a5bad5fa73353bce67e4e,MIMO-Aided Near-Capacity Turbo Transceivers: Taxonomy and Performance versus Complexity,,S. Sugiura; Sheng Chen; L. Hanzo,61,,IEEE Communications Surveys and Tutorials,2012.0,JournalArticle; Review
2d725ae1fb033d845a37ba47595acaf6cd7c7312,Adaptive Modulation for OFDM and MC‐CDMA,,L. Hanzo; M. Münster; B. Choi; T. Keller,2,,,2012.0,
2e1d578973b20bd300489b2a18b1c3838be9290e,Advances in Base-Station and Mobile-Station Aided Cooperative Wireless Communications,,Rong Zhang; G. Parr; Osianoh Glenn Aliu; Benga Awoseyila; N. Azarmi; S. Bhatti; Eliane; Bodanese; Hong Chen; M. Dianati; A. Dutta; M. Fitch; K. Giridhar; S. Hailes; K. Hari; M. Imran; A. Jagannatham; A. Karandikar; S. Kawade; M. Z. Ali; Khan; S. Kompalli; D. Koilpillai; P. Langdon; B. Narayanan; A. Mauthe; Joseph; McGeehan; N. Mehta; K. Millet; K. Moessner; R. Rajashekar; B. Ramamurthy; Barathram Ramkumar; V. Ribeiro; R. Tafazolli; K. Vasudevan; L. Hanzo,0,,,2012.0,Review
2edb35db897c874501bc4707dfa178fd05268b9f,Initial Synchronisation of Wideband and UWB Direct Sequence Systems: Single- and Multiple-Antenna Aided Solutions,,S. Won; L. Hanzo,15,,IEEE Communications Surveys and Tutorials,2012.0,JournalArticle; Review
308bcc52c244e58272aeed1d0b46a1d323daa831,Macro- and femtocell interference mitigation in OFDMA wireless systems,,Gang Ning; Qinghai Yang; K. Kwak; L. Hanzo,19,,Global Communications Conference,2012.0,JournalArticle; Conference
346bca2a1599b92267f2ca9897d9a96ecceb1393,Turbo-coded Star-QAM for cooperative wireless and optical-fiber communications,,Dandan Liang; Xinyi Xu; S. Ng; L. Hanzo,3,,IEEE International Conference on Photonics,2012.0,Conference
35a4c5d7223964995ab4e1a2fbbb8c86ede2860e,Frequency-swapping aided femtocells in twin-layer cellular networks relying on fractional frequency reuse,,Fan Jin; Rong Zhang; L. Hanzo,19,,IEEE Wireless Communications and Networking Conference,2012.0,JournalArticle; Conference
37a3a0e5f886d959868d9eaea59386973540f3d6,Area Spectral Efficiency of Soft-Decision Space-Time-Frequency Shift Keying Aided Slow Frequency Hopping Multiple Access,,H. Ngo; L. Hanzo,4,,IEEE Vehicular Technology Conference,2012.0,JournalArticle; Conference
3816932e6e51c0c74662a7bb6a72e00056dab54f,A Spectrum Leasing Cooperative Medium Access Protocol and its Stability Analysis,,Jiao Feng; Rong Zhang; L. Hanzo,9,,IEEE Transactions on Vehicular Technology,2012.0,JournalArticle
42bfe6cfbd51a00467fa2ca35a4f00c42dd0b2c2,Dispensing with Channel Estimation: Differentially Modulated Cooperative Wireless Communications,,Li Wang; L. Hanzo,30,,IEEE Communications Surveys and Tutorials,2012.0,JournalArticle
454a2cf86f8d35385b26ec77487f402216b9cf7d,Synchronization of Noncoherent MIMO Systems: Synchronization Issues,,S. Won; L. Hanzo,8,,IEEE Vehicular Technology Magazine,2012.0,JournalArticle
46f5af5217c7bfd1cac07098bbfd286bd5fe6ae1,Coalition Network Elements for Base Station Cooperation,,Jie Zhang; Rong Zhang; Guangjun Li; L. Hanzo,3,,IEEE Vehicular Technology Conference,2012.0,JournalArticle; Conference
4a3a7a5347161af1bf4332c1cb260f7afc86e768,Successive DF relaying: MS-DIS aided interference suppression and three-stage concatenated architecture design,,Li Li; Li Wang; L. Hanzo,2,,2012 IEEE International Conference on Communications (ICC),2012.0,JournalArticle; Conference
4ca1fe12911d9fb4a03955a03c8a6627008404f7,Iterative amplitude/phase multiple-symbol differential sphere detection for DAPSK modulated transmissions,,Li Wang; K. Hari; L. Hanzo,1,,2012 IEEE International Conference on Communications (ICC),2012.0,JournalArticle; Conference
4fb4bc981c3ed733858e56cd105c1e6d1ed31e6d,Prolog to the Section on Wireless Communications Technology,,L. Hanzo; H. Haas; S. Imre; D. O’brien; M. Rupp; L. Gyongyosi,1,,Proceedings of the IEEE,2012.0,JournalArticle
504b12ecd2e77567be519a78aeb07dd4d2b9a40e,Low-Complexity Near-Optimum Multiple-Symbol Differential Detection of DAPSK Based on Iterative Amplitude/Phase Processing,,Li Wang; L. Hanzo,16,,IEEE Transactions on Vehicular Technology,2012.0,JournalArticle
51b3d9f23e9fe6393516325397b66f1db7730962,Reduced-Complexity Iterative-Detection-Aided Generalized Space-Time Shift Keying,,S. Sugiura; Chao Xu; S. Ng; L. Hanzo,35,,IEEE Transactions on Vehicular Technology,2012.0,JournalArticle
51e16b8757c054c7370e8c445588da3e72dcd77d,Near-Capacity H.264 Multimedia Communications Using Iterative Joint Source-Channel Decoding,,Nasruminallah; L. Hanzo,31,,IEEE Communications Surveys and Tutorials,2012.0,JournalArticle; Review
53f55ee5c8bab5e82acc8830b0e09848f3066e09,Minimum bit error rate beamforming receiver for space-division multiple-access based quadrature amplitude modulation systems,,Sheng Chen; Jiankang Zhang; X. Mu; L. Hanzo,3,,IEEE Wireless Communications and Networking Conference,2012.0,JournalArticle; Conference
5482a93e2a80ccd02e6099de9d1d8379b897ecc3,Optimal queue scheduling for hybrid cognitive radio maintaining maximum average service rate under delay constraints,,Jie Hu; Lie-liang Yang; L. Hanzo,14,,Global Communications Conference,2012.0,JournalArticle; Conference
54b9934cf4955b2cd5a7873947d7b2ea2b1419ff,Differential Interference Suppression Aided Three-Stage Concatenated Successive Relaying,,Li Li; Li Wang; L. Hanzo,9,,IEEE Transactions on Communications,2012.0,JournalArticle
562438c2e93c04dac7430f91a26b2974f2901a7e,Reduced-complexity Soft STBC detection,,Chao Xu; Dandan Liang; S. Sugiura; S. Ng; L. Hanzo,1,,Global Communications Conference,2012.0,JournalArticle; Conference; Review
69e787dd38dbc2e90002812065d9971e8fe81b36,Performance Analysis of Multihop-Diversity-Aided Multihop Links,,Chen Dong; Lie-liang Yang; L. Hanzo,58,,IEEE Transactions on Vehicular Technology,2012.0,JournalArticle
6e46c5812e5014ea731366ad7d8901532df18252,Differential Evolution Algorithm Aided Minimum Symbol Error Rate Multi-User Detection for Multi-User OFDM/SDMA Systems,,Jiankang Zhang; Sheng Chen; X. Mu; L. Hanzo,6,,IEEE Vehicular Technology Conference,2012.0,JournalArticle; Conference
71bfceea92094b8cb27c6265ecfe5ff7783e9603,An Approximate Coding-Rate Versus Minimum Distance Formula for Binary Codes,"We devise an analytically simple as well as invertible approximate expression, which describes the relation between the minimum distance of a binary code and the corresponding maximum attainable code-rate. For example, for a rate-(1/4), length-256 binary code the best known bounds limit the attainable minimum distance to 65<d(n=256,k=64)<90, while our solution yields d(n=256,k=64)=74.4. The proposed formula attains the approximation accuracy within the rounding error for ~97% of (n,k) scenarios, where the exact value of the minimum distance is known. The results provided may be utilized for the analysis and design of efficient communication systems.",J. Akhtman; R. Maunder; L. Hanzo,1,,arXiv.org,2012.0,JournalArticle
733e3c6b81af0efb8f21d7e8416eca7b4d048567,Self-Concatenated Code Design and its Application in Power-Efficient Cooperative Communications,,M. F. U. Butt; S. Ng; L. Hanzo,22,,IEEE Communications Surveys and Tutorials,2012.0,JournalArticle; Review
7574d0af82fc6f6097a8de5981dbc3cc0ae46423,"Wireless Myths, Realities, and Futures: From 3G/4G to Optical and Quantum Wireless",,L. Hanzo; H. Haas; S. Imre; D. O’brien; M. Rupp; L. Gyongyosi,398,,Proceedings of the IEEE,2012.0,JournalArticle; Review
7821cfe5cab425b299c9a5c5839cf6921f397a82,Area Spectral Efficiency of Soft-Decision Space–Time–Frequency Shift-Keying-Aided Slow-Frequency-Hopping Multiple Access,,H. Ngo; L. Hanzo,6,,IEEE Transactions on Vehicular Technology,2012.0,JournalArticle
7ac2f61c38206d8f01757052d3666fe468ce16a2,Pilot‐Assisted Channel Estimation for Single‐User OFDM,,L. Hanzo; M. Münster; B. Choi; T. Keller,0,,,2012.0,
7df97b751d3e1c53e29cf84430d0287e9859141a,Block diagonalisation-based multiuser multiple input multiple output-aided downlink relaying,,Wei Liu; Chuan Li; Jiandong Li; L. Hanzo,3,,IET Communications,2012.0,JournalArticle
80b722d50c9f6702bf6ff5c17f2a1091a8028c88,A photon-counting spatial-diversity-and-multiplexing MIMO scheme for Poisson atmospheric channels relying on Q-ary PPM.,"A novel Photon-Counting Spatial-Diversity-and-Multiplexing (PC-SDM) scheme is proposed for high-speed Free-Space Optical (FSO) transmission over shot-noise limited Poisson channels experiencing turbulence-induced fading. In particular, Iterative Parallel Interference Cancellation (Iter-PIC) aided Q-ary Pulse Position Modulation (Q-PPM) is employed. Simulation results demonstrate that our proposed scheme exhibits a high integrity and a high throughput, while mitigating the effects of multi-stream interference and background radiation noise.",Xiaolin Zhou; Dingcheng Zhang; Rong Zhang; L. Hanzo,12,7280e7d6b6ae3a7280ffc9342f8b60e2d33914f7; 7574d0af82fc6f6097a8de5981dbc3cc0ae46423; 921ed5be5b64f931dd3b548b74c43b9e9ce9381a; 41798f3166d4c3b5d170c6498ddba21114759e40; 683c1a61678df70c054383cc1855a5cee2224495; de08619a051c9c577e040de8d0b65bec773709d1; 9c6d88ee2adc72768a986b01804b3a51a19cc4b5; b7af4009b4103db3e23f220833512442157cd400; 1c9e2b5316599e857ea8451305a4cafdce8e7fec; 4471a244d7a519974a830cac417808f775ec14ba; 458a93bae76f066d0dcb4550f1f9ba387fb138e8; 9784caa41f9e2fbe09f27e709015a1c58121cc6e; 68e9e40808e9b0b0b3a4b40b2debd73214342343; d4629d8a58ff2c76844d8fd0c73ccc33b0129828; 15a6304642c54fe4013a69da4bb4dcb4bf6183f3; 7bd079a458415b201ee7d620154975ba91818339; afedc4962213bc027335d8bb497a95a56b80b8ed; 63767f630d7cc782c372413f541fbf0a0c34e37d; d63e853ede9dcedb774ac2fd91dbcd254adbcbe9; 388fa95178e9b142b0ddec1dbc5dacbbab53ad8f,Optics Express,2012.0,JournalArticle; Study
81deb7c2ec55b8f5bbd0eab03664472e1c70334a,Multi-objective routing optimization using evolutionary algorithms,,Halil Yetgin; Kent Tsz Kan Cheung; L. Hanzo,54,,IEEE Wireless Communications and Networking Conference,2012.0,JournalArticle; Conference
86a9bff2802446dc4b023892a40093b29576d2a3,Successive Partial Despreading Based Multi‐Code MC‐CDMA,,L. Hanzo; M. Münster; B. Choi; T. Keller,0,,,2012.0,
8b3daf7f912292b09b3362b402a9fd1c98c502c4,Decision‐Directed Channel Estimation for Single‐User OFDM,,L. Hanzo; M. Münster; B. Choi; T. Keller,0,,,2012.0,
8b740cd97a829adb39f2987def28211854ee9481,OFDM‐Based Wireless Video System Design,,P. Cherriman; L. Hanzo; T. Keller; M. Münster; B. Choi,0,,,2012.0,
8beba9d10a54b202a508ccc7cc4d0d834500588a,Soft-Demodulation of Space-Time-Frequency Shift Keying for Iterative Detection,,H. Ngo; S. Sugiura; L. Hanzo,1,,,2012.0,
8d9af52f4fbad554c7bca97fa654e2c374924d37,Reduced-Complexity Soft-Decision Aided PSK Detection,,Chao Xu; Dandan Liang; S. Sugiura; S. Ng; L. Hanzo,2,,IEEE Vehicular Technology Conference,2012.0,JournalArticle; Conference
8f658b22eb67e5fea420e04110e3747d5aa922c4,Relay selection schemes relying on adaptive modulation and imperfect channel knowledge for cooperative networks,,F. Babich; A. Crismani; L. Hanzo,5,,2012 IEEE International Conference on Communications (ICC),2012.0,JournalArticle; Conference
9124831dbd614fecdd2bdf8cf162bc6fdb627544,Inter-layer FEC decoded multi-layer video streaming,,Yongkai Huo; Xin Zuo; R. Maunder; L. Hanzo,8,,Global Communications Conference,2012.0,JournalArticle; Conference
943f8f8a693db6cad76d90b829035e17ad1624fa,Quasi-Synchronous Cooperative Networks: A Practical Cooperative Transmission Protocol,,S. Sugiura; S. Ng; Lingkun Kong; Sheng Chen; L. Hanzo,15,,IEEE Vehicular Technology Magazine,2012.0,JournalArticle
98a35bd7697c1479b62a1060d74814fa0cb2d9ef,Adaptive Turbo Trellis Coded Modulation aided cooperative Cognitive Radio,,Wei Liang; S. Ng; L. Hanzo,3,,IEEE Wireless Communications and Networking Conference,2012.0,JournalArticle; Conference
9c8787ec648302adffae1b4b7d66adfd939ac8e8,Effects of Channel Estimation on Spatial Modulation,,S. Sugiura; L. Hanzo,87,,IEEE Signal Processing Letters,2012.0,JournalArticle
a173be2d0f72cddbd4b4c2c164973592587f9f3d,"Ergodic Capacity of Multi-User MIMO Systems Using Pilot-Based Channel Estimation, Quantized Feedback and Outdated Feedback as Well as User Selection",,Fan Jin; L. Hanzo,3,,IEEE Vehicular Technology Conference,2012.0,JournalArticle; Conference
a2199c49102be759a98713e17bc81a28c499edeb,Non-Coherent Near-Capacity Network Coding for Cooperative Multi-User Communications,,H. Nguyen; Chao Xu; S. Ng; L. Hanzo,9,,IEEE Transactions on Communications,2012.0,
a34c34603455b65cd9745813b45e5a21ea686c7c,Near-Capacity FEC Codes for Non-Regenerative MIMO-Aided Relays,,S. Ng; Wei Liu; Jiandong Li; L. Hanzo,0,,IEEE Vehicular Technology Conference,2012.0,JournalArticle; Conference
a3a3173599db8bf4cd343c80d7dfcf6b34092d98,Design Criteria and Genetic Algorithm Aided Optimization of Three-Stage-Concatenated Space-Time Shift Keying Systems,,F. Babich; A. Crismani; Marco Driusso; L. Hanzo,21,,IEEE Signal Processing Letters,2012.0,JournalArticle
a9caee7541d9b6f9866a0854c8a9ae781e0fb667,Iterative two-dimensional error concealment for low-complexity wireless video uplink transmitters,,Yongkai Huo; Tao Wang; R. Maunder; L. Hanzo,1,,,2012.0,
b36a9f02ee2eaca41df762ba7cb65bed279e38c0,Remote Coalition Network Elements for Base Station Cooperation Aided Multicell Processing,,Jie Zhang; Rong Zhang; Guangjun Li; L. Hanzo,11,,IEEE Transactions on Vehicular Technology,2012.0,JournalArticle
b3ca1775114822961de4597dc31aff0cbeacf349,Iterative detection and decoding using approximate bayesian theorem based PDA method over MIMO Nakagami-m fading channels,,Shaoshi Yang; L. Hanzo,4,,Global Communications Conference,2012.0,JournalArticle; Conference
b4902ecbe081e8a1d91e83b2435c309576e192a9,OFDM Aided Space-Time Shift Keying for Dispersive Downlink Channels,,Marco Driusso; F. Babich; M. I. Kadir; L. Hanzo,19,,IEEE Vehicular Technology Conference,2012.0,JournalArticle; Conference
b59d6f4570bc99fdb4da756799191c6a52a5d70a,Maximum-SNR Optimal Weighting Matrix for Multiple Relay-Antenna-Assisted Orthogonal Space Time Block Codes,,Wei Liu; Chuan Li; Jiandong Li; L. Hanzo,1,,IEEE Transactions on Vehicular Technology,2012.0,JournalArticle
b9a2dd7c9ac73c4cc7b31c559552d597a570f3d6,First-hop-quality-aware dynamic resource allocation for amplify-and-forward opportunistic relaying assisted SC-FDMA,,Jiayi Zhang; Lie-liang Yang; L. Hanzo,2,,2012 IEEE International Conference on Communications (ICC),2012.0,JournalArticle; Conference
c1b1f17694dfe1a5b491fdb14433599c885d608d,Advanced Peak Factor Reduction Techniques,,L. Hanzo; M. Münster; B. Choi; T. Keller,1,,,2012.0,
c352ed0d10dc9e54d4b803e0bb106f9883a37631,Effects of practical impairments on cooperative distributed antennas combined with fractional frequency reuse,,Jie Zhang; Rong Zhang; Xinyi Xu; Guangjun Li; L. Hanzo,5,,IEEE Wireless Communications and Networking Conference,2012.0,JournalArticle; Conference
c550dd79781808f913bfa14eacc27c7426ea763e,Channel Transfer Function Estimation for Multi‐User OFDM,,L. Hanzo; M. Münster; B. Choi; T. Keller,0,,,2012.0,
c8ce26279ee56600cc2f53776e345bf07ae71cfe,Duplex Digitized Transmission of 64-QAM Signals over a Single Fiber Using a Single Pulsed Laser Source,,S. Ghafoor; V. Thomas; L. Hanzo,11,,IEEE Communications Letters,2012.0,JournalArticle
cc2278afa23451c2b40b846ddc8de38dfabcc446,Structured Dispersion Matrices from Space-Time Block Codes for Space-Time Shift Keying,"Coherent Space-Time Shift Keying (CSTSK) is a recently developed generalized shift-keying framework for Multiple-Input Multiple-Output systems, which uses a set of Space-Time matrices termed as Dispersion Matrices (DM). CSTSK may be combined with a classic signaling set (eg. QAM, PSK) in order to strike a flexible tradeoff between the achievable diversity and multiplexing gain. One of the key benefits of the CSTSK scheme is its Inter-Channel Interference (ICI) free system that makes single-stream Maximum Likelihood detection possible at low-complexity. In the existing CSTSK scheme, DMs are chosen by maximizing the mutual information over a large set of complex valued, Gaussian random matrices through numerical simulations. We refer to them as Capacity-Optimized (CO) DMs. In this contribution we establish a connection between the STSK scheme as well as the Space-Time Block Codes (STBC) and show that a class of STBCs termed as Decomposable Dispersion Codes (DDC) enjoy all the benefits that are specific to the STSK scheme. Two STBCs belonging to this class are proposed, a rate-one code from Field Extensions and a full-rate code from Cyclic Division Algebras, that offer structured DMs with desirable properties such as full-diversity, and a high coding gain. We show that the DMs derived from these codes are capable of achieving a performance than CO-DMs, and emphasize the importance of DMs having a higher coding gain than CO-DMs in scenarios having realistic, imperfect channel state information at the receiver.",R. Rajashekar; K. Hari; L. Hanzo,4,,arXiv.org,2012.0,JournalArticle
cf8706768c26513e4230b8cb671390a346d85134,A Universal Space-Time Architecture for Multiple-Antenna Aided Systems,,S. Sugiura; Sheng Chen; L. Hanzo,117,,IEEE Communications Surveys and Tutorials,2012.0,JournalArticle; Review
d19e4bd8475d30807e04074eeebc6310f5b7c1fe,Superposition Coded Modulation for Cooperative Communications,,Hua Sun; S. Ng; L. Hanzo,10,,IEEE Vehicular Technology Conference,2012.0,JournalArticle; Conference
d9e9e345cfbe52df0d7238a6e36444734c130ae4,Stability Analysis of the Linear Time-Invariant Ultra-WideBand Channel,,Saeed Ahmad; Raja Ali Riaz; Sheng Chen; G. Shafiq; S. Sugiura; L. Hanzo,0,,,2012.0,
ddb8fa44ac060e21e9acf10387d1fa03684a994c,Particle Swarm Optimisation Aided MIMO Multiuser Transmission Designs,,W. Yao; Sheng Chen; L. Hanzo,5,,,2012.0,
de8d9b87a26c2fee894b202c7d4cdb1956c8e654,Wireless Transceivers: Near-Instantaneously Adaptive,,L. Hanzo; Lie-liang Yang,0,,Encyclopedia of Wireless and Mobile Communications,2012.0,
e3de9688e45a7d2c41a7a8e2b824f169411f7013,Non-Coherent Cooperative Communications Dispensing with Channel Estimation Relying on Erasure Insertion Aided Reed-Solomon Coded SFH M-ary FSK Subjected to Partial-Band Interference and Rayleigh Fading,,H. Ngo; Sohail Ahmed; Lie-liang Yang; L. Hanzo,6,,IEEE Transactions on Communications,2012.0,JournalArticle
ec53990739432935e803fca25a8d1f394f7ee4aa,Singular value decomposition-based multiuser multiple-input multiple-output vector perturbationaided downlink transmitter and lattice-reductionassisted uplink receiver pair,,Wei Liu; Chuan Li; Jiandong Li; L. Hanzo,0,,IET Communications,2012.0,JournalArticle
f01fa6e904bd02ddbd20fef3d28730404a5322ba,Remote coalition network elements for base station cooperative transmission,,Jie Zhang; Rong Zhang; Guangjun Li; L. Hanzo,1,,,2012.0,
f0302e620a0396d48b3fe721f4cff432c79eefe5,Turbo Multi-User Detection for OFDM/SDMA Systems Relying on Differential Evolution Aided Iterative Channel Estimation,,Jiankang Zhang; Sheng Chen; X. Mu; L. Hanzo,48,,IEEE Transactions on Communications,2012.0,JournalArticle
f26a4aff8daa430f83bab40ee72cf423d03edee0,Frequency-Domain Turbo Equalisation in Coded SC-FDMA Systems: EXIT Chart Analysis and Performance,,Jiayi Zhang; Lie-liang Yang; L. Hanzo,6,,IEEE Vehicular Technology Conference,2012.0,JournalArticle; Conference
f82134ae274f2acfd689ce8c349292292442dddc,"WIRELESS MYTHS, REALITIES AND FUTURES..",,L. Hanzo,5,,,2012.0,
035157d7222914534cee8251721d0a9511c7d29b,Extrinsic Information Transfer Analysis and Design of Block-Based Intermediate Codes,,R. Maunder; L. Hanzo,8,,IEEE Transactions on Vehicular Technology,2011.0,JournalArticle
04179abb9f3534397e5ea1fe1b18bc2d75b7f3a2,SpherePacking Modulated STBCOFDM and its Sphere Detection,,L. Hanzo; Y. Akhtman; Li Wang; M. Jiang,0,,,2011.0,
047de026d3e2f81f53533eaa1e050922ae81f6f9,"Summary, Conclusions and Future Research",,L. Hanzo; Y. Akhtman; Li Wang; M. Jiang,1,,,2011.0,
0510d14a37738fb5b85d2bea24f9af6a85949ccf,Reduced-complexity noncoherently detected Differential Space-Time Shift Keying,,Chao Xu; S. Sugiura; S. Ng; L. Hanzo,40,,IEEE Wireless Communications and Networking Conference,2011.0,JournalArticle; Conference
0689349ed96b3fe1f6da494235a8c551fd444b8d,Design of Fixed-Point Processing Based LDPC Codes Using EXIT Charts,,Xin Zuo; R. Maunder; L. Hanzo,10,,IEEE Vehicular Technology Conference,2011.0,JournalArticle; Conference
07fc8175a1f31e975ce8ab1f7c29139f3b944a69,Probability Distributions of Products of Rayleigh and Nakagami-m Variables Using Mellin Transform,,Sohail Ahmed; Lie-liang Yang; L. Hanzo,31,,2011 IEEE International Conference on Communications (ICC),2011.0,JournalArticle; Conference
0c89423947fe1df95889c5553d769c5e51db51ff,ReducedComplexity Iterative Sphere Detection for ChannelCoded SDMAOFDM Systems,,L. Hanzo; Y. Akhtman; Li Wang; M. Jiang,0,,,2011.0,
0dd8a3b26a0dd0ce113213201e0acaf1e7148aba,Imperfect Digital-Fiber-Optic-Link-Based Cooperative Distributed Antennas With Fractional Frequency Reuse in Multicell Multiuser Networks,,Xinyi Xu; Rong Zhang; S. Ghafoor; L. Hanzo,16,,IEEE Transactions on Vehicular Technology,2011.0,JournalArticle
0e7acf96d7d579eb33b1914cb79fd40c88d2bfd7,Multiple-Symbol Differential Sphere Decoding Aided Cooperative Differential Space-Time Spreading for the Asynchronous CDMA Uplink,,Chao Xu; Emmanuel Ternon; S. Sugiura; S. Ng; L. Hanzo,1,,Global Communications Conference,2011.0,JournalArticle; Conference
0f500220e5067a8a9ce95055205331b828a5b696,Differential evolution algorithm aided MBER beamforming receiver for quadrature amplitude modulation systems,,Jiankang Zhang; Sheng Chen; X. Mu; L. Hanzo,3,,,2011.0,
1306b013c3ade4c0a0830b62e94b8ada606b84ba,Turbo Equalisation for Partialresponse Systems,,L. Hanzo; T. Liew; B. Yeap; R. Tee; S. Ng,0,,,2011.0,
13e27d3d87afb4b74f3e6c079e32ffd7762ab834,Relay selection for energy-efficient cooperative media access control,,Jiao Feng; Rong Zhang; S. Ng; L. Hanzo,21,,IEEE Wireless Communications and Networking Conference,2011.0,JournalArticle; Conference
1575c0d02edbc7384bdad443358b23a35d69b0f7,Multistream Detection for SDMOFDM Systems,,L. Hanzo; Y. Akhtman; Li Wang; M. Jiang,0,,,2011.0,
16bd4ba633fd5b565e9ecf434d8d0e01265a1650,Unified Bit-Based Probabilistic Data Association Aided MIMO Detection for High-Order QAM Constellations,,Shaoshi Yang; Tiejun Lv; R. Maunder; L. Hanzo,34,,IEEE Transactions on Vehicular Technology,2011.0,JournalArticle
17433400d436bdf47347dae78f51e610e2902a53,Appendix A: VLC Construction Algorithms,,L. Hanzo; R. Maunder; Jin Wang; Lie-liang Yang,0,,,2011.0,
17b01e516efcf97ae25120f762e1889a94190412,Lookup-Table-Based Deferred-Iteration Aided Low-Complexity Turbo Hybrid ARQ,,Hong Chen; R. Maunder; L. Hanzo,8,,IEEE Transactions on Vehicular Technology,2011.0,JournalArticle
1adb957c28599386c038e156a25ea70dff0e8eb6,Multiple-Symbol Detection Aided Differential Spatial Division Multiple Access,,Li Wang; L. Hanzo,7,,2011 IEEE International Conference on Communications (ICC),2011.0,JournalArticle; Conference
1ae8490fb1ae71aa7cf8168235c6b0615605a9f1,Genetic AlgorithmAided Design of Irregular VariableLength Coding ComponentsPart of this chapter is based on [200] IEEE (2009).,,L. Hanzo; R. Maunder; Jin Wang; Lie-liang Yang,0,,,2011.0,
1d832d7b4fa5860a6fa08a987f2208bb1e53f3cc,Appendix B: SISO VLC Decoder,,L. Hanzo; R. Maunder; Jin Wang; Lie-liang Yang,0,,,2011.0,
1dcb8fd28a95000eec59a0850fef112e248eefe0,Near-Capacity Irregular Convolutional Coded Cooperative Differential Linear Dispersion Codes Using Multiple-Symbol Differential Detection,,Chao Xu; S. Ng; L. Hanzo,8,,IEEE Signal Processing Letters,2011.0,JournalArticle
21d453eedaa83792b560af1133c699319fb13311,Base Station Cooperation in MIMO-Aided Multi-User Multi-Cell Systems Employing Distributed Probabilistic Data Association Based Soft Reception,,Shaoshi Yang; Tiejun Lv; L. Hanzo,1,,2011 IEEE International Conference on Communications (ICC),2011.0,JournalArticle; Conference
22a22bfa20dab1a0bc3a31486eeab6a670e7fc15,Preamble Design Using Embedded Signaling for OFDM Broadcast Systems Based on Reduced-Complexity Distance Detection,,Lifeng He; Zhaocheng Wang; Fang Yang; Sheng Chen; L. Hanzo,47,,IEEE Transactions on Vehicular Technology,2011.0,JournalArticle
2491749321292ee6f69d3bfd11b1277a8d0cee72,Coded Modulation Theory and Performance,,L. Hanzo; T. Liew; B. Yeap; R. Tee; S. Ng,0,,,2011.0,
29784078eca44c094cfb0b18bf604ee295dabba1,Design of low-density parity-check codes: An overview,,N. Bonello; Sheng Chen; L. Hanzo,6,,,2011.0,Review
32ce8cf120d39e664ca4508fe013816d7453791e,Near-Capacity Irregular Convolutional Coded Cooperative Differential Linear Dispersion Codes Using Multiple-Symbol Differential Decoding Aided Non-Coherent Detection,,Chao Xu; S. Ng; L. Hanzo,4,,2011 IEEE International Conference on Communications (ICC),2011.0,JournalArticle; Conference
32f40410ff926cd250216d6d6fee46c780d93344,Introduction to OFDM and MIMOOFDM,,L. Hanzo; Y. Akhtman; Li Wang; M. Jiang,5,,,2011.0,
32fa402c5707f6ec087e90feffeabcd25bab3197,Irregular VariableLength Codes for EXITChart MatchingPart of this chapter is based on [202] IEEE (2009).,,L. Hanzo; R. Maunder; Jin Wang; Lie-liang Yang,0,,,2011.0,Review
380a9f573ef3fa56d1686bbb951b68bc4350a6d8,Multiple-Source Cooperation: From Code-Division Multiplexing to Variable-Rate Network Coding,,Rong Zhang; L. Hanzo,10,,IEEE Transactions on Vehicular Technology,2011.0,JournalArticle
38317cad58609c8bda7ac969f232a03fa98a7c7b,The Capacity of Successive DF Relaying and Using Soft Multiple-Symbol Differential Sphere Detection,,Li Li; Li Wang; L. Hanzo,6,,Global Communications Conference,2011.0,JournalArticle; Conference
3c38bbdd7a9c051444721657067be5c4bb55af6a,Multilevel Coding Theory,,L. Hanzo; T. Liew; B. Yeap; R. Tee; S. Ng,0,,,2011.0,
430e4653bfa9f63938de4442a0c43900897c4ccb,Channel Estimation for OFDM and MCCDMA,,L. Hanzo; Y. Akhtman; Li Wang; M. Jiang,0,,,2011.0,
439cd80a95d7e783400f37ef750fc7b76385a22f,"MLC/BICM Schemes for the Wireless Internet Part of this chapter is based on [129, 132, 136], IEEE.",,L. Hanzo; T. Liew; B. Yeap; R. Tee; S. Ng,0,,,2011.0,
43e65f5625232884a12fc18c8dcd148cfac07484,Reduced-Complexity Coherent Versus Non-Coherent QAM-Aided Space-Time Shift Keying,,S. Sugiura; Chao Xu; S. Ng; L. Hanzo,112,,IEEE Transactions on Communications,2011.0,JournalArticle
440539f422d3df3d64907168af8c125cb345ee27,The NearCapacity Differentially Modulated Cooperative Cellular Uplink,,L. Hanzo; Y. Akhtman; Li Wang; M. Jiang,0,,,2011.0,
474ded24137e8df9974d1413bb609386f92f7bef,"Near-Capacity Wireless 2 Transceivers and Cooperative 3 Communications in the MIMO 4 Era : Evolution of Standards , 5 Waveform Design , and 6 Future Perspectives",,L. Hanzo; M. El-Hajjar; Osamah Alamri,0,,,2011.0,
47de2d265f9b0faea482bda61a4cfd6b005737b6,Distributed Probabilistic-Data-Association-Based Soft Reception Employing Base Station Cooperation in MIMO-Aided Multiuser Multicell Systems,,Shaoshi Yang; Tiejun Lv; R. Maunder; L. Hanzo,18,,IEEE Transactions on Vehicular Technology,2011.0,JournalArticle
48888d64a3fefada1f4ab924549dfe064c03a264,Unified Bit-based Probabilistic Data Association aided MIMO detection for high-order QAM,,Shaoshi Yang; Tiejun Lv; L. Hanzo,4,,IEEE Wireless Communications and Networking Conference,2011.0,JournalArticle; Conference
48c152bfa79fdb5608a19516ef1f6bfe4fd37036,Amplify-forward and decode-forward cooperation relying on systematic Luby transform coded hybrid automatic-repeat-request,,H. Ngo; Thanh Dang Nguyen; L. Hanzo,5,,IET Communications,2011.0,JournalArticle
4a25f8821038768ab9cfaa4898f9004437b6fc51,Joint channel-and-network coding using EXIT chart aided relay activation,,S. Ibi; S. Sampei; L. Hanzo,6,,IEEE Wireless Communications and Networking Conference,2011.0,JournalArticle; Conference
4b581e4ef130be364b405fdfc6e158b797f39e8e,Iterative Channel Estimation and Multistream Detection for SDMOFDM,,L. Hanzo; Y. Akhtman; Li Wang; M. Jiang,0,,,2011.0,
4c2401ed83778df0ba9a38a838e205fedb26c2ac,A Unified Treatment of Superposition Coding Aided Communications: Theory and Practice,,Rong Zhang; L. Hanzo,89,,IEEE Communications Surveys and Tutorials,2011.0,JournalArticle; Review
4d7ce2cc8d44f768a918b5f355779500613d087e,Reduced-complexity transmit-beamforming codebook search algorithm,,Y. J. Kim; S. Won; N. Park; L. Hanzo,2,,,2011.0,
4df63c5467a9accb028dddb803e8f6171243c5bf,Generalized MBER-Based Vector Precoding Design for Multiuser Transmission,,W. Yao; Sheng Chen; L. Hanzo,27,,IEEE Transactions on Vehicular Technology,2011.0,JournalArticle
4fcf7d96660f48b3a10cd5531a95e4ad81838601,Multiple-Symbol Differential Sphere Decoding Aided Amplify-and-Forward Differential Space-Time Modulation,,Chao Xu; Cong-Cong Liu; S. Ng; L. Hanzo,1,,IEEE Vehicular Technology Conference,2011.0,JournalArticle; Conference
503828c774ed0cc258ec4f830028dc5992e28d7f,Near-Capacity Network Coding for Cooperative Multi-User Communications,,H. Nguyen; S. Ng; J. L. Rebelatto; Yonghui Li; L. Hanzo,9,,IEEE Vehicular Technology Conference,2011.0,JournalArticle; Conference
52c5bd73b0ee09c8b8a5a2d479f1202887bfd8c7,Green radio: radio techniques to enable energy-efficient wireless networks,,Congzheng Han; Tim Harrould; S. Armour; I. Krikidis; S. Videv; P. Grant; H. Haas; J. Thompson; Ivan Ku; Cheng-Xiang Wang; T. Le; M. R. Nakhai; Jiayi Zhang; L. Hanzo,118,,IEEE Communications Magazine,2011.0,JournalArticle
5c94029d674284d84019b93835c2b944f66be129,Field Extension Code Based Dispersion Matrices for Coherently Detected Space-Time Shift Keying,,R. Rajashekar; K. Hari; L. Hanzo,8,,Global Communications Conference,2011.0,JournalArticle; Conference
5ef7187aea8ef142fe46febd2aabb7693ab9faae,Iterative Joint Channel Estimation and MUD for SDMAOFDM Systems,,L. Hanzo; Y. Akhtman; Li Wang; M. Jiang,0,,,2011.0,Review
5f874fd72e38808f787d91a8fb9958004222a170,Dynamic Spectrum Sharing Models for Cognitive Radio Aided Ad Hoc Networks and Their Performance Analysis,,Gan Liu; Xu Zhu; L. Hanzo,15,,Global Communications Conference,2011.0,JournalArticle; Conference
5fc6f9d24151eee8352e81f126441dbbd6c0e620,Appendix C: APP Channel Equalization,,L. Hanzo; R. Maunder; Jin Wang; Lie-liang Yang,0,,,2011.0,
643864003525efbf34ea039ef089fa1d17a05379,Resource Allocation for the Differentially Modulated CooperationAided Cellular Uplink in Fast Rayleigh Fading Channels,,L. Hanzo; Y. Akhtman; Li Wang; M. Jiang,0,,,2011.0,
665358642a116c845103a9b16deed40b1a760d99,Multiple-Source Cooperation: From Code-Division,,Rong Zhang; L. Hanzo,0,,,2011.0,
68503b24ac1487282083b5e49edd5e2c46ea5ce6,Sources and Source Codes,,L. Hanzo; R. Maunder; Jin Wang; Lie-liang Yang,0,,,2011.0,
6857fa5e8b2e90387a2dc4a80502a4dc15554ffe,Information Theory Basics,,L. Hanzo; R. Maunder; Jin Wang; Lie-liang Yang,2,,,2011.0,
6900065416c2dc903da8097fb41193d281f4feb4,Digital RoF Aided Cooperative Distributed Antennas with FFR in Multicell Multiuser Networks,,Xinyi Xu; Rong Zhang; L. Hanzo,5,,IEEE Vehicular Technology Conference,2011.0,JournalArticle; Conference
6c51c0e4c5cf636c16d1049f4f0e76b79f65aa09,"Turbo Coding, Turbo Equalisation and Space-Time Coding: EXIT-Chart-Aided Near-Capacity Designs for Wireless Channels",,L. Hanzo; T. Liew; B. Yeap; R. Tee; S. Ng,148,,,2011.0,
6ca02c5c3b3261d61bd8cae3dc791dd013396bea,Green radio: radio techniques to enable energy-efficient wireless networks,,Congzheng Han; T. Harrold; S. Armour; I. Krikidis; S. Videv; P. Grant; H. Haas; J. Thompson; Ivan Ku; Cheng-Xiang Wang; T. Le; M. R. Nakhai; Jiayi Zhang; L. Hanzo,794,,IEEE Communications Magazine,2011.0,
6d637dbdbb5b99cea171dc3499950695e433d894,"Iterative SourceChannel DecodingParts of this chapter are based on the collaborative research outlined in [209]IEEE (2005), and [210]IEEE (2006).",,L. Hanzo; R. Maunder; Jin Wang; Lie-liang Yang,1,,,2011.0,
6f4cb953a392e0a812c837953d3bc517b4eb9d1e,"Generalized Space-Time Shift Keying Designed for Flexible Diversity-, Multiplexing- and Complexity-Tradeoffs",,S. Sugiura; Sheng Chen; L. Hanzo,159,,IEEE Transactions on Wireless Communications,2011.0,JournalArticle
703ccb9ab904e0efea34ee23103af7d884b4c16e,Timing Acquisition for Bandlimited Long-Code DS-CDMA in Doubly-Selective Fading Channels,,Shuai Wang; Aihua Wang; Jianping An; L. Hanzo,4,,IEEE Signal Processing Letters,2011.0,JournalArticle
7114e792cb088c10fa57f413b03b7878f7b61043,Low-Complexity Iterative Frequency Domain Decision Feedback Equalization,,Chao Zhang; Zhaocheng Wang; Changyong Pan; Sheng Chen; L. Hanzo,36,,IEEE Transactions on Vehicular Technology,2011.0,JournalArticle
745eb3fc7d9f22beec4a27c690c8ec04f19a0f81,Near-Capacity Turbo Coded Soft-Decision Aided DAPSK/Star-QAM,,Dandan Liang; S. Ng; L. Hanzo,8,,IEEE Vehicular Technology Conference,2011.0,JournalArticle; Conference
7614435197db6e0f751002a16b946dbbdd9c3a3d,Self-Concatenated Coding and Multi-Functional MIMO Aided H.264 Video Telephony,,Nasruminallah; M. F. U. Butt; M. El-Hajjar; S. Ng; L. Hanzo,0,,IEEE Vehicular Technology Conference,2011.0,JournalArticle; Conference
79d4b6e3184ebab8b1c79da5b5d7818688552da7,"Convolutional Channel Coding This tutorial chapter was first published by the IEEE Press in [462]. The copyright of this book was returned to the authors and the 2nd edition was published by Wiley, which did not include this chapter.",,L. Hanzo; T. Liew; B. Yeap; R. Tee; S. Ng,0,,,2011.0,Review
7bf846a568724d4c94130ad56db6d87781fdfb05,Tree-Structured Multiple Description Coding for Multiview Mobile TV and Camera-Phone Networks,,Yongkai Huo; L. Hanzo,3,,IEEE Vehicular Technology Conference,2011.0,JournalArticle; Conference
7e8668f52194bd7a602eb91fdd1a365f64aaf8a2,Over-Booking Approach for Dynamic Spectrum Management,,Jing Li; Qinghai Yang; L. Hanzo; K. Kwak,7,,Global Communications Conference,2011.0,JournalArticle; Conference
7f69b0155de6b8c3ab3771e2b70f2e8549edcceb,A Unified Treatment of Power-efficient Superposition Coding Aided Communications: Theory and Practice,,Rong Zhang; L. Hanzo,1,,,2011.0,
813c69723ec4a71918639ae848ac78e04658229a,Low-Complexity Multiple-Component Turbo-Decoding-Aided Hybrid ARQ,,Hong Chen; R. Maunder; L. Hanzo,20,,IEEE Transactions on Vehicular Technology,2011.0,JournalArticle
831032b6a4836e3ae672067424cc18f38323f247,On-Demand Decode and Forward Cooperative MAC for VoIP in Wireless Mesh Networks,,Kent Tsz Kan Cheung; Li Li; L. Hanzo,2,,IEEE Vehicular Technology Conference,2011.0,JournalArticle; Conference
849d009b5ab0b633d20e4c94c587b2467722793c,Relay switching aided turbo coded Hybrid-ARQ for correlated fading channel,,H. Ngo; R. Maunder; L. Hanzo,2,,IEEE Wireless Communications and Networking Conference,2011.0,JournalArticle; Conference
84c5c125dac840c6a8ca4f34f90c66c971137366,Reduced Dispersion Duplex DQPSK Radio-Over-Fiber Communications Using Single-Laser-Based Multiple Side-Bands,,S. Ghafoor; L. Hanzo,13,,2011 IEEE International Conference on Communications (ICC),2011.0,JournalArticle; Conference
87eb3687a1d364381378db8f077ea2eb996da1c0,QoS-Aware Routing and Admission Control in Shadow-Fading Environments for Multirate MANETs,,L. Hanzo; R. Tafazolli,62,,IEEE Transactions on Mobile Computing,2011.0,JournalArticle
8813c054d6a9a82e5167d70203288fda9cdf4710,DirectSequence Spreading and Slow SubcarrierHopping Aided Multiuser SDMAOFDM Systems,,L. Hanzo; Y. Akhtman; Li Wang; M. Jiang,0,,,2011.0,
89715d7033f6394729fd7648a5b26b89a67b471e,Low-Density Parity-Check Codes and Their Rateless Relatives,,N. Bonello; Sheng Chen; L. Hanzo,64,,IEEE Communications Surveys and Tutorials,2011.0,JournalArticle; Review
8adadf6de678c5b32a109a0eb1ca7cc96bee7320,Evolutionary Algorithm Aided Interleaver Design for Serially Concatenated Codes,,R. Maunder; L. Hanzo,10,,IEEE Transactions on Communications,2011.0,JournalArticle
8b9f8e6b827635c74dc3eb1cd52366342ca82f1c,Partial Soft Decode and Forward,,P. S. Ahmed; R. Maunder; L. Hanzo,3,,IEEE Vehicular Technology Conference,2011.0,JournalArticle; Conference
8c99956eb860015acd420a2411c2e73a7caad36b,Iterative Detection of ThreeStage Concatenated IrVLC FFHMFSKPart of this chapter is based on [337] IEEE (2009).,,L. Hanzo; R. Maunder; Jin Wang; Lie-liang Yang,0,,,2011.0,Review
8e2a08094685e47f771190b87adfb9b64d8b5a5d,"ThreeStage Serially Concatenated Turbo EqualizationParts of this chapter are based on the collaborative research outlined in [211] IEEE (2006), [213] IEEE(2006) and [214] IEEE (2009).",,L. Hanzo; R. Maunder; Jin Wang; Lie-liang Yang,0,,,2011.0,
921c7d71e6e4991b2e498b97e3c8ea244427e9b1,Joint EXITChart Matching of Irregular VariableLength Coding and Irregular UnityRate CodingPart of this chapter is based on [202] IEEE (2009).,,L. Hanzo; R. Maunder; Jin Wang; Lie-liang Yang,0,,,2011.0,
9abde8bceb9528863cf575feef5f326423ec8728,Turbo Coded and Cooperative Network Coded Non-Coherent Soft-Decision Star-QAM Dispensing with Channel Estimation,,Dandan Liang; Meng Song; S. Ng; L. Hanzo,2,,Global Communications Conference,2011.0,JournalArticle; Conference
9cb10245cbe438578bcac85a7cf362b903c0311a,Deferred-Iteration Aided Low-Complexity Turbo Hybrid ARQ Relying on a Look-Up Table,,Hong Chen; R. Maunder; L. Hanzo,3,,Global Communications Conference,2011.0,JournalArticle; Conference
9d4e57add29207cc54af40bcdaa5cedc92c3ca67,"Nearcapacity Irregular BICMID Design This chapter is partially based on [140, 141], IEEE.",,L. Hanzo; T. Liew; B. Yeap; R. Tee; S. Ng,0,,,2011.0,
9d5b1ea006a56505428e7743c7cba7dc18722726,Approximate LogMAP SDMOFDM Multistream Detection,,L. Hanzo; Y. Akhtman; Li Wang; M. Jiang,0,,,2011.0,
9ea74c1460062139e8a27479cbc83ac26b916e8f,Coherent Versus Non-Coherent Decode-and-Forward Relaying Aided Cooperative Space-Time Shift Keying,,S. Sugiura; Sheng Chen; H. Haas; P. Grant; L. Hanzo,83,,IEEE Transactions on Communications,2011.0,JournalArticle
9eed6ad8ce3d31b94735ed1ca588751bf6b70c3e,MultipleSymbol Differential Sphere Detection for Differentially Modulated Cooperative OFDM Systems,,L. Hanzo; Y. Akhtman; Li Wang; M. Jiang,0,,,2011.0,
a17c94a0000af9d5b008bfa08eb1abf128e7b60c,Design of Low-Density Parity-Check Codes,,N. Bonello; Sheng Chen; L. Hanzo,37,,IEEE Vehicular Technology Magazine,2011.0,JournalArticle; Review
a1d61ffa9845f39c9bcd4bee687bd48f62e7880f,Differential Interference Suppression for SDMA-OFDM Based on Joint Multiple-Symbol Filtering and Detection,,Li Wang; L. Hanzo,5,,IEEE Transactions on Vehicular Technology,2011.0,JournalArticle
a357d3e6b5c82ae0c0bc964807bc8d92298ce82d,A Novel Preamble Design for OFDM Transmission Parameter Signalling,,Lifeng He; Zhaocheng Wang; Fang Yang; Sheng Chen; L. Hanzo,4,,2011 IEEE International Conference on Communications (ICC),2011.0,JournalArticle; Conference
a73f8586f5d11840fea4d1cfcf0339f706446993,Soft-Decision Star-QAM Aided BICM-ID,,Dandan Liang; S. Ng; L. Hanzo,28,,IEEE Signal Processing Letters,2011.0,JournalArticle
a87eb0e8ded394322c087414ea775a82bb2e6a2d,"Sphere Packingaided Spacetime MLC/BICM Design This chapter is partially based on [134, 135, 138, 139], IEEE.",,L. Hanzo; T. Liew; B. Yeap; R. Tee; S. Ng,0,,,2011.0,
af33057e2f9e5ea8858f487aef136e3c1f45749d,ReducedComplexity Sphere Detection for Uncoded SDMAOFDM Systems,,L. Hanzo; Y. Akhtman; Li Wang; M. Jiang,0,,,2011.0,
afe69e61609f5aa3c00293157ee33d1c9cd55600,Conclusions and Future Research,,L. Hanzo; R. Maunder; Jin Wang; Lie-liang Yang,0,,,2011.0,
b064819ae71412fe8ac75a2c82726962536eed38,Multiple-Symbol Differential Sphere Detection Aided Differential Space-Time Block Codes Using QAM Constellations,,Chao Xu; Li Wang; S. Ng; L. Hanzo,16,,IEEE Signal Processing Letters,2011.0,JournalArticle
b60aeae67e8074f7b24a2c22e28687032877b15e,Variable-rate Network Coding for Multi-Source Cooperation,,Rong Zhang; L. Hanzo,7,,IEEE Wireless Communications and Networking Conference,2011.0,JournalArticle; Conference
ba48fadc9ba9c5f2189f0dda7b661c23fff0fb9a,Sub-Carrier-Multiplexed Duplex 64-QAM Radio-over-Fiber Transmission for Distributed Antennas,,S. Ghafoor; L. Hanzo,26,,IEEE Communications Letters,2011.0,JournalArticle
bda7299e45481789ec67e68e746fc2e2df556d05,TTCM-Aided SDMA-Based Two-Way Relaying,,Wei Liang; S. Ng; L. Hanzo,3,,IEEE Vehicular Technology Conference,2011.0,JournalArticle; Conference
be843673ea0809f6e86a708532deaa5620142ef6,MLC Design Using EXIT Analysis,,L. Hanzo; T. Liew; B. Yeap; R. Tee; S. Ng,0,,,2011.0,
c1947ae499b3b31ca197af5e117a3e884673c2f7,Reduced-Complexity QAM-Aided Space-Time Shift Keying,,S. Sugiura; Chao Xu; L. Hanzo,7,,Global Communications Conference,2011.0,JournalArticle; Conference
c3fe9c49fc9f859ac286229dfe262ba03ae52396,Irregular VariableLength Codes for Joint Source and Channel CodingPart of this chapter is based on [194] IEEE (2007).,,L. Hanzo; R. Maunder; Jin Wang; Lie-liang Yang,0,,,2011.0,Review
c490d5227b2395fa583d0bd8f35fb3bb2b10b6d7,Cooperative Downlink Multicell Preprocessing Relying on Reduced-Rate Back-Haul Data Exchange,,Rong Zhang; L. Hanzo,33,,IEEE Transactions on Vehicular Technology,2011.0,JournalArticle
c4a27a4d74935d0b3b3dd33112d4161cbc7994dd,Multihop Diversity for Fading Mitigation in Multihop Wireless Networks,,Chen Dong; Lie-liang Yang; L. Hanzo,12,,IEEE Vehicular Technology Conference,2011.0,JournalArticle; Conference
c664c6e7a03b4e2b8327661c6ef29d0c4f95d91b,Near-Capacity Non-Coherent Network-Coding Aided Scheme for Cooperative Multi-User Communications,,H. Nguyen; Chao Xu; S. Ng; J. L. Rebelatto; Yonghui Li; L. Hanzo,1,,IEEE Vehicular Technology Conference,2011.0,JournalArticle; Conference
c71e6eb363adfb2f96eb69cb5e63a43fae1119c8,Multihop Diversity - A Precious Source of Fading Mitigation in Multihop Wireless Networks,,Lie-liang Yang; Chen Dong; L. Hanzo,23,,Global Communications Conference,2011.0,JournalArticle; Conference
ca2edbb20417be7418dcb6225f31146c1c6f745a,Coded Modulation Assisted Multiuser SDMAOFDM Using FrequencyDomain Spreading,,L. Hanzo; Y. Akhtman; Li Wang; M. Jiang,1,,,2011.0,
cb6e4c05255e4a9c1fccfd434d9b1771379a20be,"Historical Perspective, Motivation and Outline",,L. Hanzo; T. Liew; B. Yeap; R. Tee; S. Ng,0,,,2011.0,
d3413207aff3002e3b291db5b7efccc7689b40ba,"Near-Capacity Wireless Transceivers and Cooperative Communications in the MIMO Era: Evolution of Standards, Waveform Design, and Future Perspectives",,L. Hanzo; M. El-Hajjar; Osamah Alamri,84,,Proceedings of the IEEE,2011.0,JournalArticle
d46c3f651d6ef4190d77ea945610f4c3cc79e21a,Soft Decoding and Performance of BCH Codes,,L. Hanzo; T. Liew; B. Yeap; R. Tee; S. Ng,3,,,2011.0,
d801d81646b779ce34377403ec3b483be7166af4,Auction-Style Cooperative Medium Access Control,,Jiao Feng; Rong Zhang; L. Hanzo,7,,IEEE Vehicular Technology Conference,2011.0,JournalArticle; Conference
da43a320b786c176eb938a491555a8491212d7c6,Distributed downlink Multi-Cell Processing requiring reduced-rate back-haul data exchange,,Rong Zhang; K. Giridhar; L. Hanzo,7,,IEEE Wireless Communications and Networking Conference,2011.0,JournalArticle; Conference
dbb0f02649c8962e0c509a683d98803237a26045,Myths and realities of rateless coding,,N. Bonello; Yuli Yang; S. Aïssa; L. Hanzo,40,,IEEE Communications Magazine,2011.0,JournalArticle
dc5c1ce5ac54e56455d959dfcb44d6ee11609adf,Iteratively Decoded VariableLength SpaceTime Coded Modulation: Code Construction and Convergence AnalysisPart of this chapter is based on [271] IEEE (2007).,,L. Hanzo; R. Maunder; Jin Wang; Lie-liang Yang,0,,,2011.0,Review
de43682624d4102974f04d20300929c5e35c1fcd,EFFECTS OF THE NUMBER OF RELAY ANTENNAS AND RELAY-POWER ON MIMO PRECODED TWO-WAY RELAYING,"In this treatise a two-way Amplify and Forward (AF) relay-aided system is considered, which employs the so-called Arithmetic Sum of Average Bit Error Rate (ASABER) based MIMO precoding technique. The two-way AF relay system is comprised of the pair of transceiver nodes S 1 and S 2 , and the Relay Node (RN) R, where each node is equipped with N 1 , N 2 and N r antennas, respectively. We study the effects of varying N r for fixed values of N 1 and N 2 , and as well as the effects of having a fixed transmission power at the RN on the achievable ASABER performance. Based on our intensive simulation campaign, we infer that the attainable diversity order is increased approximately by N r − min (N 1 , N 2 ), whenever N r assumes a value higher than min (N 1 , N 2 ) for fixed N 1 , N 2 values. However, this is observation is only valid for relay power p r  (p 1 , p 2 ), where p 1 and p 2 are the transmit power constraints imposed on the sources S 1 and S 2 , respectively. We also observe that the ASABER MIMO precoder’s BER curve exhibits an error floor for p r ≤ (p 1 , p 2 ).",Rajeshwari S.S; L. Hanzo; Giridhar Krishnamurthy,0,,,2011.0,
e11af45a869ee1f4446761bbdab50159583c3884,Performance Bounds of Network Coding Aided Cooperative Multiuser Systems,,H. Nguyen; S. Ng; L. Hanzo,19,,IEEE Signal Processing Letters,2011.0,JournalArticle
e15b1373c30eb37a1b6ff9af81b70bd760f45f38,Online Buffer Fullness Estimation Aided Adaptive Media Playout for Video Streaming,,Jian Yang; Han Hu; H. Xi; L. Hanzo,43,,IEEE transactions on multimedia,2011.0,JournalArticle
e31e3cfebd724cc4675d9cedef20c2b266b562f2,Joint Decision-Directed Channel and Noise-Variance Estimation for MIMO OFDM/SDMA Systems Based on Expectation-Conditional Maximization,,Jiankang Zhang; L. Hanzo; X. Mu,17,,IEEE Transactions on Vehicular Technology,2011.0,JournalArticle
e325aa2d9d2fb353d662d1801528117065cc113a,Turbo BCH Coding,,L. Hanzo; T. Liew; B. Yeap; R. Tee; S. Ng,0,,,2011.0,
e38d692c01a41a0689d56a9ed136ed65bfc734d5,Hybrid Multiuser Detection for SDMAOFDM Systems,,L. Hanzo; Y. Akhtman; Li Wang; M. Jiang,1,,,2011.0,
e47345f781f589cf045726c78de9c2eef7b0e9ab,The effects of shadow-fading on QoS-aware routing and admission control protocols designed for multi-hop MANETs,,L. Hanzo; R. Tafazolli,9,,Wireless Communications and Mobile Computing,2011.0,JournalArticle
e92e525e9edb1fb92400bbbb33557d63009eaca3,Joint Channel Estimation and Multi-User Detection for SDMA OFDM Based on Dual Repeated Weighted Boosting Search,,Jiankang Zhang; Sheng Chen; X. Mu; L. Hanzo,43,,2011 IEEE International Conference on Communications (ICC),2011.0,JournalArticle; Conference
ef7291ee0e5822263f557ff7fc19eb4879d5e462,Erasure Insertion in Reed-Solomon Coded SFH M-ary FSK with Partial-Band Interference and Rayleigh Fading for Non-Coherent Cooperative Communications,,H. Ngo; Sohail Ahmed; Lie-liang Yang; L. Hanzo,1,,IEEE Vehicular Technology Conference,2011.0,JournalArticle; Conference
f10214e9400dd679f36716902d4d8f5d78e0bfe0,Multiple-Symbol Differential Sphere Detection aided successive relaying in the cooperative DS-CDMA uplink,,Li Li; L. Hanzo,10,,IEEE Wireless Communications and Networking Conference,2011.0,JournalArticle; Conference
f2ff9bd12a4802037665999b6894ee601ceab6cd,Network Coded Modulation for two-way relaying,,Wei Chen; L. Hanzo; Z. Cao,22,,IEEE Wireless Communications and Networking Conference,2011.0,JournalArticle; Conference
f4c9450080e924afb3560b423e57245f01f8c5ef,Reduced-Complexity Soft-Decision Aided Space-Time Shift Keying,,Chao Xu; S. Sugiura; S. Ng; L. Hanzo,18,,IEEE Signal Processing Letters,2011.0,JournalArticle
f6f5785aadcdc13cd8de6046919640ae38803942,"Energy-efficient relay aided ad hoc networks using iteratively detected irregular convolutional coded, unity-rate coded and Space-Time Trellis Coded transceivers",,Jing Zuo; H. Nguyen; S. Ng; L. Hanzo,4,,IEEE Wireless Communications and Networking Conference,2011.0,JournalArticle; Conference
f7de738bbfe9b0442962d6b2d120c4004e8269f6,Energy-Efficient Routing in Ad Hoc Networks Relying on Channel State Information and Limited MAC Retransmissions,,Jing Zuo; Chen Dong; S. Ng; Lie-liang Yang; L. Hanzo,4,,IEEE Vehicular Technology Conference,2011.0,JournalArticle; Conference
f7ebd97f84be36549ff940ec296326bd6a5911ef,Semidefinite Programming Relaxation Based Virtually Antipodal Detection for Gray Coded 16-QAM MIMO Signalling,,Shaoshi Yang; L. Hanzo,1,,Global Communications Conference,2011.0,JournalArticle; Conference
f8e8e95e4b03454d84f451a33671bb0595e25f79,Transmit-Diversity-Assisted Space-Shift Keying for Colocated and Distributed/Cooperative MIMO Elements,,Du Yang; Chao Xu; Lie-liang Yang; L. Hanzo,81,,IEEE Transactions on Vehicular Technology,2011.0,JournalArticle
fb5197d436d3e783a504d2aa27d0253325566f5f,Energy-Efficient Channel-Dependent Cooperative Relaying for the Multiuser SC-FDMA Uplink,,Jiayi Zhang; Lie-liang Yang; L. Hanzo,29,,IEEE Transactions on Vehicular Technology,2011.0,JournalArticle
fca2a787765f87f97618ab2e2aec6dbedc56841a,Space-Time-Frequency Shift Keying for Dispersive Channels,,H. Ngo; Chao Xu; S. Sugiura; L. Hanzo,44,,IEEE Signal Processing Letters,2011.0,JournalArticle
fcf5f1897b281eb6ce815c7ba512389a485d9bb6,Uplink Channel Estimation for Bandlimited MC-DS-CDMA Systems Relying on Long Spreading Codes,,Shuai Wang; Jing-yi Lu; Jianping An; L. Hanzo,5,,IEEE Vehicular Technology Conference,2011.0,JournalArticle; Conference
fd4b5a0f59451d41c8a6a963e7d2569fe5767a94,Channel Coding Assisted STBCOFDM Systems,,L. Hanzo; Y. Akhtman; Li Wang; M. Jiang,0,,,2011.0,
04e6a86c648ef41525bbdc3b33471baed58552fb,"MIMO-aided OFDM for LTE, WiMAX, WiFi and other Next-generation Multi-carrier Wireless Systems Part 1",,L. Hanzo,1,,,2010.0,
04f3a8bc5f254e6a0bf86c31c25075949fc3a6fc,Cross-Layer Solutions for Cooperative Medium Access Control Protocols,,A. Crismani; F. Babich; L. Hanzo,10,,IEEE Vehicular Technology Conference,2010.0,JournalArticle; Conference
0535f65a00f480911a9757229ae186ec29ca61ce,Optimum time resource allocation for TDMA-based differential decode-and-forward cooperative systems: a capacity perspective,,Li Wang; L. Hanzo,8,,IEEE Communications Letters,2010.0,JournalArticle
0741ebdf53fb432e38c72e63be380ef4ede607e0,Unitary Linear Dispersion Code Design and Optimization for MIMO Communication Systems,,Ming Jiang; L. Hanzo,8,,IEEE Signal Processing Letters,2010.0,
0b0cc784bd842137ea36eb67359782ef1a8d80c3,Multiple-Relay Aided Distributed Turbo Coding Assisted Differential Unitary Space-Time Spreading for Asynchronous Cooperative Networks,,S. Sugiura; S. Ng; Lingkun Kong; Sheng Chen; L. Hanzo,1,,IEEE Vehicular Technology Conference,2010.0,JournalArticle; Conference
0caaab8261fdeb02763b1132648db7039e6b69de,On Multidimensional BICM-ID Constellation Labelling,,Osamah Alamri; B. Poupart; M. El-Hajjar; S. Ng; L. Hanzo,3,,IEEE International Conference on Communications,2010.0,JournalArticle; Conference
10dddaf3e10eea875c9bdf3a80e8bd677763f61f,Impact of Imperfect Channel State Information on RS Coding Aided Hybrid-ARQ in Rayleigh Fading Channels,,H. Ngo; L. Hanzo,1,,IEEE International Conference on Communications,2010.0,JournalArticle; Conference
15585e592f8e8189ef0b1131c474ec0df0e70514,Distributed Differential Space-Time Spreading for the Asynchronous Relay Aided Interference-Free Cooperative CDMA Uplink,,S. Sugiura; Sheng Chen; L. Hanzo,1,,IEEE International Conference on Communications,2010.0,JournalArticle; Conference
1945433d7d0f76001eb261a7e42827b45e93b764,Joint and Distributed Linear Precoding for Centralised and Decentralised Multicell Processing,,Rong Zhang; L. Hanzo,15,,IEEE Vehicular Technology Conference,2010.0,JournalArticle; Conference
2635979335da2830af550ae7493c2eb8cb1957d4,H.264 Wireless Video Telephony Using Iteratively-Detected Binary Self-Concatenated Coding,,Nasruminallah; Muhammad Fasih; Uddin Butt; S. Ng; L. Hanzo,3,,IEEE Vehicular Technology Conference,2010.0,JournalArticle; Conference
272797a8fc8d5c3030bd60648b84d8655a76dd2b,A Near-Capacity Differentially Encoded Non-Coherent Adaptive Multiple-Symbol-Detection Aided Three-Stage Coded Scheme,,Li Wang; Lingkun Kong; S. Ng; L. Hanzo,9,,IEEE Vehicular Technology Conference,2010.0,JournalArticle; Conference
2947c1e1a48c22e1bcc0fb2e376701b7a3f1e45b,Heterogeneous Networking: An Enabling Paradigm for Ubiquitous Wireless Communications [Point of View],,J. Akhtman; L. Hanzo,27,,Proceedings of the IEEE,2010.0,JournalArticle
2cf7556f4150a09d9b9c0ad9eb41430bdff0e8a3,Partial Equalization for MC–CDMA Systems in Non-Ideally Estimated Correlated Fading,,F. Zabini; B. Masini; A. Conti; L. Hanzo,33,,IEEE Transactions on Vehicular Technology,2010.0,JournalArticle
2e7b4b0aa32fb7432f2f06af83491e977a32a72e,Imperfect Radio over Fibre Aided Distributed Antennas with Fractional Frequency Reuse,,Xinyi Xu; Rong Zhang; L. Hanzo,7,,IEEE Vehicular Technology Conference,2010.0,JournalArticle; Conference
2ea5c6fcbd93a5d483740967de0a99b49474691e,Near-Capacity Cooperative Space-Time Coding Employing Irregular Design and Successive Relaying,,Lingkun Kong; S. Ng; R. Maunder; L. Hanzo,21,,IEEE Transactions on Communications,2010.0,JournalArticle
346814e20c17d681f00d4a6deab5943486647a50,Resource-efficient wireless relaying protocols,,Kyungchun Lee; L. Hanzo,27,,IEEE wireless communications,2010.0,JournalArticle; Review
464073ac390821737ce7d513ba156156d702e293,A Cluster-Head Selection and Update Algorithm for Ad Hoc Networks,,Hao Wu; Z. Zhong; L. Hanzo,44,,2010 IEEE Global Telecommunications Conference GLOBECOM 2010,2010.0,JournalArticle; Conference
47a0ae8d8a9e25cc493da1e1a21e073e740e3903,Near-capacity iterative decoding of binary self-concatenated codes using soft decision demapping and 3-D EXIT charts,,M. F. U. Butt; Raja Ali Riaz; S. Ng; L. Hanzo,10,,IEEE Transactions on Wireless Communications,2010.0,JournalArticle
4918aa2215d2939ccb5c6319a28bfd380135ff70,Co-Channel Interference Mitigation Capability of Fixed Relays Connected by Optical Fibre,,Rong Zhang; Xinyi Xu; L. Hanzo,4,,IEEE Vehicular Technology Conference,2010.0,JournalArticle; Conference
4a9566850f934048beb40144993c0867db870297,Coherent and Differential Space-Time Shift Keying:,,S. Sugiura; Sheng Chen; L. Hanzo,2,,,2010.0,
4b802f36a4595ad0e45c88c94181eadd1be62995,Multiplexed Hybrid ARQ for Energy Efficient Transmissions under Delay Constraints,,Rong Zhang; L. Hanzo,3,,IEEE International Conference on Communications,2010.0,JournalArticle; Conference
4ba1263704bda1a780f68ae9c6f3eaaca27db5d2,Performance of the Space-Time Block Coded DS-CDMA Uplink Employing Soft-Output ACO-Aided Multiuser Space-Time Detection and Iterative Decoding,,Chong Xu; M. El-Hajjar; R. Maunder; Lie-liang Yang; L. Hanzo,2,,IEEE Vehicular Technology Conference,2010.0,JournalArticle; Conference
53dea6e4856db876be07ae0891e4c4bd0a61c2c5,Space-Time Shift Keying: A Unified MIMO Architecture,,S. Sugiura; Sheng Chen; L. Hanzo,26,,2010 IEEE Global Telecommunications Conference GLOBECOM 2010,2010.0,JournalArticle; Conference
56a644fdcba8e10506ba8a2429d196762cda4005,"A Unified MIMO Architecture Subsuming Space Shift Keying, OSTBC, BLAST and LDC",,S. Sugiura; Sheng Chen; L. Hanzo,20,,IEEE Vehicular Technology Conference,2010.0,JournalArticle; Conference
575e4b29815aef2c66af20107a0d532078dc6ca9,Exact BER performance of asynchronous MC-DS-CDMA over fading channels [Transactions Letters],,B. Smida; L. Hanzo; S. Affes,25,,IEEE Transactions on Wireless Communications,2010.0,JournalArticle
5cf55b67159b2abf7f5a5ece7e843b754ed8c2d9,Low-Complexity Noncoherent Virtual MIMOs,,M. El-Hajjar; L. Hanzo,0,,,2010.0,Review
5db778d035892f870345d108b789c43b15e2fc66,Fuzzy-logic tuned constant modulus algorithm and soft decision-directed scheme for blind equalisation,,Sheng Chen; B. Luk; C. Harris; L. Hanzo,12,,Digit. Signal Process.,2010.0,JournalArticle
5dd051c91b5ffcee940633a9f59be7b06a0e5eb6,HARQ Aided Systematic LT Coding for Amplify-Forward and Decode-Forward Cooperation,,H. Ngo; Thanh Dang Nguyen; L. Hanzo,6,,IEEE Vehicular Technology Conference,2010.0,JournalArticle; Conference
5fa073cfe797fb605f4516b753e6cf2e0592a1f4,Particle Swarm Optimisation Aided Multiuser Transmission Schemes for MIMO Communication,"Bio-inspired computational methods have found wide-ranging applications in signal processing and other walks of engineering. In this contribution, particle swarm optimisation (PSO) is invoked for designing optimal multiuser transmission (MUT) schemes for multiple-input multiple-output communication. Specifically, we consider the minimum bit-error-rate (MBER) linear MUT using PSO and we design a PSO aided MBER generalised vector precoding for nonlinear MUT. These PSO aided MUT techniques compare favourably with the state-of-the-art conventional schemes, in terms of performance and complexity.",W. Yao; Sheng Chen; L. Hanzo,1,,International Conference on Bio-inspired Systems and Signal Processing,2010.0,JournalArticle
60c9d49cd902f94fe173ae509327d22363d6a48e,Iterative H.264 Source and Channel Decoding Using Sphere Packing Modulation Aided Layered Steered Space-Time Codes,,Nasruminallah; M. El-Hajjar; L. Hanzo,1,,IEEE International Conference on Communications,2010.0,JournalArticle; Conference
69ef09e89206fa10b4d9bc102d1e83df76411b6b,Coherent and Differential Space-Time Shift Keying: A Dispersion Matrix Approach,,S. Sugiura; Sheng Chen; L. Hanzo,264,,IEEE Transactions on Communications,2010.0,JournalArticle
6bd31175a8b4a21cbe0a78eb7f93d4eba9523f58,Joint Channel Impulse Response and Noise-Variance Estimation for OFDM/SDMA Systems Based on Expectation Maximization,,Jiankang Zhang; X. Mu; L. Hanzo,2,,IEEE Vehicular Technology Conference,2010.0,JournalArticle; Conference
6d330ade4f41877359085856cfa6980a450c6595,Multifunctional MIMO systems: A combined diversity and multiplexing design perspective,,M. El-Hajjar; L. Hanzo,44,,IEEE wireless communications,2010.0,JournalArticle
6eb6cc50d832dce722520ca15b8f3f063d3c636a,Near-Capacity Variable Length Coding,,L. Hanzo; R. Maunder; Jin Wang; Lie-liang Yang,15,,,2010.0,
713a2f30793692209d87d2f045a26aad3af40a09,Distributed Convolutional-Coded Differential Space-Time Block Coding,,S. Ng; Yang Wang; L. Hanzo,2,,IEEE Vehicular Technology Conference,2010.0,JournalArticle; Conference
73f3580172f13a6e94edb915958594b6e3ff9594,Superposition Coding Aided Bi-Directional Relay Transmission Employing Iteratively Decoded Self-Concatenated Convolutional Codes,,M. F. U. Butt; Rong Zhang; S. Ng; L. Hanzo,7,,IEEE Vehicular Technology Conference,2010.0,JournalArticle; Conference
75b4b7b0c97b2b4d3cf58a122f051b2896019309,Exploiting Redundancy in Iterative H.264 Joint Source and Channel Decoding For Robust Video Transmission,,Nasruminallah; L. Hanzo,0,,IEEE Vehicular Technology Conference,2010.0,JournalArticle; Conference
76e5df017d5119eb8613a6b03399166249203626,Part Introduction: List of Symbols in Part III,,L. Hanzo; Y. Akhtman; Li Wang; M. Jiang,0,,,2010.0,
76eef03035683e6573de1a85de8f6460c55d6778,An Exit-Chart Aided Design Procedure for Near-Capacity N-Component Parallel Concatenated Codes,,Hong Chen; R. Maunder; L. Hanzo,9,,2010 IEEE Global Telecommunications Conference GLOBECOM 2010,2010.0,JournalArticle; Conference
775a2183cdbb15af15facd8e3efbfe9b00e731e1,Cooperative Differential Space–Time Spreading for the Asynchronous Relay Aided CDMA Uplink Using Interference Rejection Spreading Code,,S. Sugiura; Sheng Chen; L. Hanzo,15,,IEEE Signal Processing Letters,2010.0,JournalArticle
77e14f576bbc86862883701ad65b34fc66016f1d,A Systematic LT Coded Arrangement for Transmission over Correlated Shadow Fading Channels in 802.11 Ad-Hoc Wireless Networks,,H. Ngo; T. Stevens; R. Maunder; L. Hanzo,3,,IEEE Vehicular Technology Conference,2010.0,JournalArticle; Conference
7e0764be7dcdf3e74f9b5c53a0e98adf7dce6eda,"Distributed Source-Coding, Channel-Coding and Modulation for Cooperative Communications",,S. Ng; Kai Zhu; L. Hanzo,10,,IEEE Vehicular Technology Conference,2010.0,JournalArticle; Conference
7f564c248277e48896611f64572dcbf2d113bc33,Iterative Decoding Convergence and Termination of Serially Concatenated Codes,,R. Maunder; L. Hanzo,17,,IEEE Transactions on Vehicular Technology,2010.0,JournalArticle
81374a26c8b5959278db96728de63dc699630e07,Semi-Blind Joint Channel Estimation and Data Detection for Space-Time Shift Keying Systems,,Sheng Chen; S. Sugiura; L. Hanzo,42,,IEEE Signal Processing Letters,2010.0,JournalArticle
81e4dbf79892e1c1ad3532f401dca85861545d91,Power versus Bandwidth Efficiency in Wireless Communications: from Economic Sustainability to Green Radio,,Y. Akhtman; L. Hanzo,8,,,2010.0,
867300795412dda6e3ff05d56652710391494815,Amplify-and-Forward Relaying Aided Reed-Solomon Coded Hybrid-ARQ Relying on Realistic Channel Estimation,,H. Ngo; L. Hanzo,1,,IEEE Vehicular Technology Conference,2010.0,JournalArticle; Conference
8fd1f4037689148b3de9d57353ae714bb1c1575a,Generalised Vector Precoding Design Based on the MBER Criterion for Multiuser Transmission,,W. Yao; Sheng Chen; L. Hanzo,5,,IEEE Vehicular Technology Conference,2010.0,JournalArticle; Conference
93aae0527539cad39974bfbd970ebf03c6eaf90a,Semi-blind adaptive beamforming for high-throughput quadrature amplitude modulation systems,,Sheng Chen; W. Yao; L. Hanzo,4,,International Journal of Automation and Computing,2010.0,JournalArticle
9a49f7cf38d08bf9c3323f33b2b52515ce18dc0c,"Harmony Search Aided Iterative Channel Estimation, Multiuser Detection and Channel Decoding for DS-CDMA",,Rong Zhang; L. Hanzo,9,,IEEE Vehicular Technology Conference,2010.0,JournalArticle; Conference
a1e34073111ce63bde6d8ad97abdcf585f283d56,Power-Efficient Opportunistic Amplify-and-Forward Single-Relay Aided Multi-User SC-FDMA Uplink,,Jiayi Zhang; Lie-liang Yang; L. Hanzo,16,,IEEE Vehicular Technology Conference,2010.0,JournalArticle; Conference
a358a026f43d4d64ef0dc21ad02e7eb81629a631,Layered Steered Space–Time-Spreading-Aided Generalized MC DS-CDMA,,M. El-Hajjar; Osamah Alamri; R. Maunder; L. Hanzo,9,,IEEE Transactions on Vehicular Technology,2010.0,JournalArticle
a37bfdb467ec18a38b2a0d641bdd508addfccb1f,An Energy-Efficient Error Correction Scheme for IEEE 802.15.4 Wireless Sensor Networks,,Liang Li; R. Maunder; B. Al-Hashimi; L. Hanzo,42,,IEEE Transactions on Circuits and Systems - II - Express Briefs,2010.0,JournalArticle
ab78a17445fea88e3ca08c581079ebf9d2247480,Dispensing with Channel Estimation…,,M. El-Hajjar; L. Hanzo,13,,IEEE Vehicular Technology Magazine,2010.0,JournalArticle
ac8715c5b432d21ecad557dead06a5c05b4d170e,The pan-European mobile radio system: Part I,,L. Hanzo; R. Steele,9,,Transactions on Emerging Telecommunications Technologies,2010.0,JournalArticle
b015b700021828455b34cfed2d8f604666170e66,Reduced-complexity near-capacity downlink iteratively decoded generalized multi-layer space-time coding using irregular convolutional codes,,Lingkun Kong; S. Ng; R. Tee; R. Maunder; L. Hanzo,20,,IEEE Transactions on Wireless Communications,2010.0,JournalArticle
b262dca57162f3dfee283f90a1afeb29c54a671d,Packet-Reliability-Based Decode-and-Forward Distributed Space-Time Shift Keying,,S. Sugiura; Sheng Chen; L. Hanzo,1,,2010 IEEE Global Telecommunications Conference GLOBECOM 2010,2010.0,JournalArticle; Conference
b6b90235dc6d54cb258ca755bc62ad2fb0fa687e,Multilevel-Structured Low-Density Parity-Check Codes for AWGN and Rayleigh Channels,,N. Bonello; Sheng Chen; L. Hanzo,10,,IEEE Transactions on Vehicular Technology,2010.0,JournalArticle
bb1dcf3a310f579f27c4ccdb528f7e713c6b8139,Adaptive space-time shift keying systems,,Peichang Zhang; S. Sugiura; Sheng Chen; L. Hanzo,0,,,2010.0,
bf3a67c6bed88f684345f069366c5980d7a8983c,DFT-Based Beamforming Weight-Vector Codebook Design for Spatially Correlated Channels in the Unitary Precoding Aided Multiuser Downlink,,Du Yang; Lie-liang Yang; L. Hanzo,101,,IEEE International Conference on Communications,2010.0,JournalArticle; Conference
c31a6a33e68fc8a3837cefcc9a6cce13413b691a,Optimum Physical-Layer Frame Size for Maximising the Application-Layer Rateless Code's Effective Throughput,,T. Stevens; R. Maunder; L. Hanzo,0,,IEEE Vehicular Technology Conference,2010.0,JournalArticle; Conference
c56e1760d0cd446cffe0f88cb75b5cd2140e39a6,"Distributed Three-Stage Concatenated Irregular Convolutional, Unity-Rate and Space-Time Trellis Coding for Single-Antenna Aided Cooperative Communications","In this contribution, we propose a Distributed Concatenated Irregular Convolutional Coded Unity Rate Coded and Space Time Trellis Coded (DC-IrCC-URC-STTC) scheme for cooperative communications employing multiple single-antenna relays. Each coding arrangement is designed for efficient decoding convergence by employing non-binary Extrinsic Information Transfer (EXIT) charts. The source node transmits two-stage IrCC-URC encoded symbols to two relays during the first transmission period. Then each relay performs two-stage URC-IrCC decoding and re-encodes the information bits using the three-stage concatenated coding scheme IrCC-URC-STTC. However, only the signals of one predefined STTC output are transmitted from each relay to the destination node during the second transmission period. At the destination, the received signals are treated as if they arrived from one transmitter employing STTC using two co-located transmit antennas. The simulation results show that the Monte-Carlo based performance of the DC-IrCC-URC-STTC scheme exactly matches the EXIT-chart analysis. It also performs closely to its idealised counterpart that assumes perfect decoding at the relays when an EXIT-chart based optimal algorithm is applied for selecting relays.",H. Nguyen; S. Ng; L. Hanzo,5,,IEEE Vehicular Technology Conference,2010.0,JournalArticle; Conference
c741898142699fecb70d9b37b744695896dbccb8,Distributed Self-Concatenated Coding for Cooperative Communication,,M. F. U. Butt; Raja Ali Riaz; S. Ng; L. Hanzo,12,,IEEE Transactions on Vehicular Technology,2010.0,JournalArticle
c74d602d5c71be0e445e92ea1ce43aef46a82142,Particle Swarm Optimisation Aided MIMO Transceiver Designs,,Sheng Chen; W. Yao; H. R. Palally; L. Hanzo,11,,,2010.0,
ca8eb627c52c50f873a6f9bcde540bbcd3f80d4f,Over-Complete Source-Mapping Aided AMR-WB Using Iteratively Detected Differential Space-Time Spreading,,N. S. Othman; M. El-Hajjar; Anh Quang Pham; Osamah Alamri; S. Ng; L. Hanzo,0,,IEEE Vehicular Technology Conference,2010.0,JournalArticle; Conference
cb6a19f265c436801d0f138a5f759c3e91ca2de0,"Channel Code Aided Decision-Directed Channel Estimation for MIMO OFDM/SDMA Systems Based on the ""Expectation-Conditional Maximization Either"" Algorithm",,Jiankang Zhang; L. Hanzo; X. Mu,1,,2010 IEEE Global Telecommunications Conference GLOBECOM 2010,2010.0,JournalArticle; Conference
d08ef2786b4b6c360db1f4ab422825c4208cc9d9,Design of Fixed-Point Processing Based Turbo Codes Using Extrinsic Information Transfer Charts,,Liang Li; R. Maunder; B. Al-Hashimi; L. Hanzo,9,,IEEE Vehicular Technology Conference,2010.0,JournalArticle; Conference
d5ca30cb3d351b21fdd452a395f96ecf2c144fd1,Generalized MIMO Transmit Preprocessing Using Pilot Symbol Assisted Rateless Codes,,N. Bonello; Du Yang; Sheng Chen; L. Hanzo,5,,IEEE Vehicular Technology Conference,2010.0,JournalArticle; Conference
d79c3052de87d50761ab3469be5c20cc44e460da,A Transceiver Design Based on Uniform Channel Decomposition and MBER Vector Perturbation,,W. Yao; Sheng Chen; L. Hanzo,20,,IEEE Transactions on Vehicular Technology,2010.0,JournalArticle
db09c86026bc1c8728deaed1beabdefcbe5548cc,Ant-Colony Based Near-ML Space-Time Multiuser Detection for the STBC Assisted DS-CDMA Uplink,,Chong Xu; Lie-liang Yang; L. Hanzo,1,,IEEE Vehicular Technology Conference,2010.0,JournalArticle; Conference
dbefc42938fe6d423f19f39c48e412febd55bf03,Coherent versus Non-coherent and Cooperative Turbo Transceivers,,L. Hanzo; Y. Akhtman; M. Jiang; Li Wang,291,,,2010.0,
ddfe7b1277da5f82d58c42c623ef1c3c843e024c,"Joint Channel, Carrier-Frequency-Offset and Noise-Variance Estimation for OFDM Systems Based on Expectation Maximization",,Jiankang Zhang; X. Mu; L. Hanzo,11,,IEEE Vehicular Technology Conference,2010.0,JournalArticle; Conference
e664fbc8c4cb7d97f5492c2d79c5f4af38dbcca6,To Cooperate or Not: A Capacity Perspective,,Li Wang; Lingkun Kong; S. Ng; L. Hanzo,10,,IEEE Vehicular Technology Conference,2010.0,JournalArticle; Conference
e86af166338e88cf42678a492b7f6f0e7d141bf6,Relay-Induced Error Propagation Reduction for Decode-and-Forward Cooperative Communications,,Dandan Liang; S. Ng; L. Hanzo,14,,2010 IEEE Global Telecommunications Conference GLOBECOM 2010,2010.0,JournalArticle; Conference
ee9dfa98a4e1301bd1c477b31db666f9ebba5e32,EXIT-Chart-Aided Hybrid Multiuser Detector for Multicarrier Interleave-Division Multiple Access,,Rong Zhang; Lei Xu; Sheng Chen; L. Hanzo,20,,IEEE Transactions on Vehicular Technology,2010.0,JournalArticle
f0f99d9c7c32bd54952c688bfccc51828ebf3a91,Charts Aided Hybrid Multiuser Detector for Multicarrier Interleave Division Multiple Access,,Rong Zhang; Lei Xu; L. Hanzo,0,,,2010.0,
f55a17d41cbd46c4e71776837843a5e1e280f26d,Multi-Level Turbo Decoding Assisted Soft Combining Aided Hybrid ARQ,,Hong Chen; R. Maunder; L. Hanzo,6,,IEEE Vehicular Technology Conference,2010.0,JournalArticle; Conference
f63a63208e02e3897f3e374458d7b460cd84bf70,Fuzzy Logic Aided Dynamic Source Routing in Cross-Layer Operation Assisted Ad Hoc Networks,,Jing Zuo; S. Ng; L. Hanzo,22,,IEEE Vehicular Technology Conference,2010.0,JournalArticle; Conference
f8be3adc900138ae375c1be7af02f5ae2f8e889f,Superposition Aided Delay-Constrained Hybrid ARQ,,Rong Zhang; L. Hanzo,0,,,2010.0,
fc92480dec85d26992dd7efe312a5c9453e9414c,Wireless Cellular Networks,,Rong Zhang; L. Hanzo,33,,IEEE Vehicular Technology Magazine,2010.0,JournalArticle; Review
fd458b948df012b910c20083d9e677dab35dd0ad,Adaptive Turbo Trellis Coded Modulation Aided Distributed Space-Time Trellis Coding for Cooperative Communications,,S. Ng; Chuyi Qian; Dandan Liang; L. Hanzo,7,,IEEE Vehicular Technology Conference,2010.0,JournalArticle; Conference
ffdc45b9149cfaa49802f61a67996b72aaafc7ef,Maximum-Throughput Irregular Distributed Space-Time Code for Near-Capacity Cooperative Communications,,Lingkun Kong; S. Ng; R. Maunder; L. Hanzo,34,,IEEE Transactions on Vehicular Technology,2010.0,JournalArticle
000670c7ba895cbb45b89abecaa36b55ab474002,Iteratively Detected Generalised MC DS-CDMA Using Layered Steeered Space-Time Spreading,,M. El-Hajjar; Osamah Alamri; R. Maunder; L. Hanzo,2,,IEEE International Conference on Communications,2009.0,JournalArticle; Conference
0317d5eb8d93167e1171469672127510c25f0c8d,Initial and Post-Initial Code Acquisition in the Noncoherent Multiple-Input/Multiple-Output-Aided DS-CDMA Downlink,,S. Won; L. Hanzo,10,,IEEE Transactions on Vehicular Technology,2009.0,JournalArticle
0362acfb9fc01d7ddda3fcdd1ea0982c459cb842,Iterative Detection Aided H.264 Wireless Video Telephony Using Irregular Convolutional Codes,,Nasruminallah; R. Maunder; L. Hanzo,0,,2009 IEEE 70th Vehicular Technology Conference Fall,2009.0,JournalArticle; Conference
06de9903d0e3604189cd6fed7922a28206d48669,Cooperative SpaceTime Block Codes,,L. Hanzo; Osamah Alamri; M. El-Hajjar; N. Wu,0,,,2009.0,
0d8e0c42241ac9edd3468166028d9055ce837490,Distributed Turbo Coding,,L. Hanzo; Osamah Alamri; M. El-Hajjar; N. Wu,0,,,2009.0,
0e0d03f0fec4a2de81977d7d79f18f3c3813af5f,EXIT-Chart-Aided Three-Stage Concatenated Ultrawideband Time-Hopping Spread-Spectrum Impulse Radio Design,,Raja Ali Riaz; R. Maunder; M. F. U. Butt; S. Ng; Sheng Chen; L. Hanzo,3,,IEEE Transactions on Vehicular Technology,2009.0,JournalArticle
0f2c0487df19b737893a68979fa56870510cfde3,Near-Capacity UWB Impulse Radio Using EXIT Chart Aided Self-Concatenated Codes,,Raja Ali Riaz; M. F. U. Butt; S. Ng; Sheng Chen; L. Hanzo,2,,2009 IEEE 70th Vehicular Technology Conference Fall,2009.0,JournalArticle; Conference
17706984687360a6be4bde39d0a24c0d2bc0fdc6,Fountain-Code Aided File Transfer in 802.11 WLANs,,Hong Chen; R. Maunder; L. Hanzo,12,,2009 IEEE 70th Vehicular Technology Conference Fall,2009.0,JournalArticle; Conference
19a1d589aa6b160fd04b2d8fb15e3dbb8709a30d,Three-Stage Concatenated Ultra-Wide Bandwidth Time-Hopping Spread-Spectrum Impulse Radio Using Iterative Detection,,Raja Ali Riaz; R. Maunder; M. F. U. Butt; S. Ng; Sheng Chen; L. Hanzo,1,,IEEE International Conference on Communications,2009.0,JournalArticle; Conference
1b969798a52367c280d389cf2a8e36a04409d7d7,Performance of DS-CDMA downlink using transmitter preprocessing and relay diversity over Nakagami-m fading channels,,W. Fang; Lie-liang Yang; L. Hanzo,33,,IEEE Transactions on Wireless Communications,2009.0,JournalArticle
1bdf93fd50b9ca4c0fc75df639b512ba220f71ef,Symbol-Based Channel-Coded STBCSP Schemes - Parts of this chapter are based on the collaborative research outlined in [193].,,L. Hanzo; Osamah Alamri; M. El-Hajjar; N. Wu,0,,,2009.0,Review
1f93b856fb81e67a47f9de6231f0d53be68116d0,On the Union Bounds of Self-Concatenated Convolutional Codes,,S. Ng; M. F. U. Butt; L. Hanzo,11,,IEEE Signal Processing Letters,2009.0,JournalArticle
216278f63c85b734c7ee6432e3bd449bbaee3a2d,Near-Optimum Multiuser Detectors Using Soft-Output Ant-Colony-Optimization for the DS-CDMA Uplink,,Chong Xu; R. Maunder; Lie-liang Yang; L. Hanzo,18,,IEEE Signal Processing Letters,2009.0,JournalArticle
2537ca7d0a764ea1161f6d43e4a3235a0b1ae93c,Constrained Capacity of Delay-Limited Wireless Transceivers,,J. Akhtman; R. Maunder; L. Hanzo,3,,2009 IEEE 70th Vehicular Technology Conference Fall,2009.0,JournalArticle; Conference
292da4a5ca08875013883c87986a0086b2d649dd,Improved Markov Chain MBER Detection for Steered Linear Dispersion Coded MIMO Systems,,S. Sugiura; N. Wu; L. Hanzo,8,,IEEE Vehicular Technology Conference,2009.0,JournalArticle; Conference
2a6ef453a21069488bc737ee2eb727847aff8d64,Effect of Array Geometry on the Capacity of the Turbo-Coded Beamforming Aided Uplink,,S. Sugiura; Du Yang; Sheng Chen; Lie-liang Yang; L. Hanzo,0,,2009 IEEE 70th Vehicular Technology Conference Fall,2009.0,JournalArticle; Conference
2bb1ef4965c4c20a09bfa4e34f9639258aac5140,Reduced-Complexity Iterative Markov Chain MBER Detection for MIMO Systems,,S. Sugiura; Sheng Chen; L. Hanzo,8,,IEEE Signal Processing Letters,2009.0,JournalArticle
2d2ae00ce93000752b5b8e3278035a68ff25b4cb,Physical-Layer Algebraic Network Coding and Superposition Coding for the Multi-Source Cooperation Aided Uplink,,Rong Zhang; L. Hanzo,8,,IEEE Vehicular Technology Conference,2009.0,JournalArticle; Conference
30e8259b652c95f3376ca824c6c1fa92e411f6c6,Iterative Detection of Unity-Rate Precoded FFH-MFSK and Irregular Variable-Length Coding,,Sohail Ahmed; R. Maunder; Lie-liang Yang; L. Hanzo,9,,IEEE Transactions on Vehicular Technology,2009.0,JournalArticle
32e95d2a6d6c53db58e14f2bad3ac62bc3af2e3b,Block-based precoding for serially concatenated codes,,R. Maunder; L. Hanzo,1,,IEEE Communications Letters,2009.0,JournalArticle
35378ae19b074dbe1038826a1b66188ccc6d72f0,Multiple-Symbol Differential Sphere Detection for the Amplify-and-Forward Cooperative Uplink,,Li Wang; L. Hanzo,4,,2009 IEEE 70th Vehicular Technology Conference Fall,2009.0,JournalArticle; Conference
38ca7add5ababa6d65eee3ea5d1a270441e9e618,Turbo Detection of ChannelCoded STBCSP SchemesParts of this chapter are based on the collaborative research outlined in [188].,,L. Hanzo; Osamah Alamri; M. El-Hajjar; N. Wu,1,,,2009.0,
3c829170f31358229eb934a44fa9e886c7da237f,Imperfect Channel Knowledge Based Ergodic Channel Capacity of Transmit Beamforming,,Du Yang; Lie-liang Yang; L. Hanzo,2,,2009 IEEE 70th Vehicular Technology Conference Fall,2009.0,JournalArticle; Conference
3fd834f52e2ffd6e5015cf3bfecaa41220c74b8b,Concatenated Irregular Variable Length Coding and Irregular Unity Rate Coding,,R. Maunder; L. Hanzo,4,,IEEE Vehicular Technology Conference,2009.0,JournalArticle; Conference
4228478981944c613db2381eff9f233c5b9b5cd2,Markov Chain Minimum Bit Error Rate Detection for Multi-Functional MIMO Uplink,,S. Sugiura; Sheng Chen; L. Hanzo,2,,IEEE International Conference on Communications,2009.0,JournalArticle; Conference
46e17662fc6d4c300eee90c9b993bc5b02abf887,SVD-Assisted Multiuser Transmitter and Multiuser Detector Design for MIMO Systems,"A novel singular value decomposition (SVD)-based joint multiuser transmitter (MUT) and multiuser detector (MUD) aided multiple-input-multiple-output (MIMO) system is proposed, which takes advantage of the channel state information (CSI) of all users at the base station (BS), but only of the mobile station (MS)'s own CSI, to decompose the multiuser (MU) MIMO channels into parallel single-input-single-output (SISO) channels, where each SISO channel corresponds to the singular values of a particular MS's channel matrix. Based on the proposed scheme, the SVD-based transmission carried out in the context of a single user can readily be extended to the MU case for both the uplink (UL) and downlink (DL). As a beneficial application of the proposed scheme, we improve the system's achievable throughput and highlight its future applications.",W. Liu; Lie-liang Yang; L. Hanzo,82,,IEEE Transactions on Vehicular Technology,2009.0,JournalArticle
4ab7f65e446a88ed33dd1b0c4beea8e1a5d8b490,Initial acquisition performance of the multiple receive antenna assisted DS-UWB downlink using Search Space Reduction and iterative code phase estimation,,S. Won; L. Hanzo,3,,IEEE Transactions on Wireless Communications,2009.0,JournalArticle
4b32db3b4162335576fc97a77f4b59338b3599dc,Near-capacity irregular variable length coding and irregular unity rate coding,,R. Maunder; L. Hanzo,25,,IEEE Transactions on Wireless Communications,2009.0,JournalArticle
4baed82266362f6f06da16e68ed9fc42f8e6c9eb,Linear Dispersion Codes: An EXIT Chart Perspective,,L. Hanzo; Osamah Alamri; M. El-Hajjar; N. Wu,0,,,2009.0,
4cd33f9286adcefe9441537c699ef997cf7c0a0a,Layered Steered SpaceTime Codes,,L. Hanzo; Osamah Alamri; M. El-Hajjar; N. Wu,0,,,2009.0,
4e04a9bc9f6fef31153ecf14ddb2ec5eac007793,Appendix G: Weighting Coefficient Vectors and,,L. Hanzo; Osamah Alamri; M. El-Hajjar; N. Wu,0,,,2009.0,
5122751adea71c2f041aa8bc3cbb1713d73a6bbe,Sphere Packing Modulation in the SDMA Uplink Using $K$-Best Sphere Detection,,Li Wang; Osamah Alamri; L. Hanzo,4,,IEEE Signal Processing Letters,2009.0,JournalArticle
5477d6b328f6807cbe8234f6b14966b7a0243c83,EXIT-Chart Optimized Short Block Codes for Iterative Joint Source and Channel Decoding in H.264 Video Telephony,,Nasruminallah; L. Hanzo,25,,IEEE Transactions on Vehicular Technology,2009.0,JournalArticle
5563354c9153f7bc8df8a897f8c9a75524103dc9,Genetic Algorithm Aided Design of Component Codes for Irregular Variable Length Coding,,R. Maunder; L. Hanzo,17,,IEEE Transactions on Communications,2009.0,JournalArticle
557491b64eaf2c30360841fbfbfca54ce9a16486,The Resource-Optimized Differentially Modulated Hybrid AF/DF Cooperative Cellular Uplink,,Li Wang; L. Hanzo,8,,Global Communications Conference,2009.0,JournalArticle; Conference
59af508b4566aeea0e6da7ebf50f4fa87c42a887,On the Design of Pilot Symbol Assisted Codes,,N. Bonello; Sheng Chen; L. Hanzo,3,,2009 IEEE 70th Vehicular Technology Conference Fall,2009.0,Conference
5d6df3d37f19b15532fa57c8f4153da2b7a65e18,"Near-Capacity Multi-Functional MIMO Systems: Sphere-Packing, Iterative Detection and Cooperation",,L. Hanzo; Osamah Alamri; M. El-Hajjar; N. Wu,208,,,2009.0,Review
5da8038030aaf07ea1f1682ec910481cc7b3746c,Soft Metrics and EXIT Chart Analysis of Noncoherent MFSK with Diversity Reception,,Sohail Ahmed; Lie-liang Yang; L. Hanzo,3,,IEEE Vehicular Technology Conference,2009.0,JournalArticle; Conference
5da95efd78a203227912152944300fc50e921eea,"Problem Formulation, Objectives and Benefits",,L. Hanzo; Osamah Alamri; M. El-Hajjar; N. Wu,0,,,2009.0,
5e860b0de727939eca836f8b3d8b6d769da339ae,Robust Transmission of H.264 Coded Video Using Three-Stage Iterative Joint Source and Channel Decoding,,Nasruminallah; M. El-Hajjar; L. Hanzo,1,,Global Communications Conference,2009.0,JournalArticle; Conference
5fb766f566a0beea549508312d4a4c68c9e5cffc,Multiple-Symbol Differential Sphere Detection for Amplifyand-Forward Cooperative Transmissions.,,Li Wang; L. Hanzo,2,,,2009.0,
60ee92289cc94137ef57da74e44b3ae8f8d89cc6,Superposition-Coding Aided Multiplexed Hybrid ARQ Scheme for Improved Link-layer Transmission Efficiency,,Rong Zhang; L. Hanzo,13,,2009 IEEE International Conference on Communications Workshops,2009.0,Conference
63a147c9ef70ba6d8e63f567c96d6c257ee688fb,Iterative Multiuser Detection and Channel Decoding for DS-CDMA Using Harmony Search,,Rong Zhang; L. Hanzo,49,,IEEE Signal Processing Letters,2009.0,JournalArticle
640929506944c5c5c10ea97262ddca0ac807885e,Iteratively Detected Three-Stage Multi-Dimensional Sphere Packing Modulation Aided Multi-Functional MIMO,,M. El-Hajjar; Osamah Alamri; L. Hanzo,2,,Global Communications Conference,2009.0,JournalArticle; Conference
64f33eca34a943c666e4c49ec216568ba467d95a,Three-Stage Iterative Detection of a MIMO-Aided Precoded AMR-WB Speech Transceiver,,N. S. Othman; M. El-Hajjar; Osamah Alamri; S. Ng; L. Hanzo,1,,2009 IEEE 70th Vehicular Technology Conference Fall,2009.0,JournalArticle; Conference
655c5ebe29d8610085b7ee50a3486aff527eddfa,Quality of Service-Aware Routing and Admission Control for Mobile Ad Hoc Networks,,L. Hanzo,2,,,2009.0,
65a2c9eb77118f00fb46204c016ed0f4a956f4ca,Transmitter-Preprocessing-Assisted Cooperative Downlink Transmission in DS-CDMA Systems Experiencing Propagation Path Loss and Nakagami-$m$ Fading,,W. Fang; Lie-liang Yang; L. Hanzo,20,,IEEE Transactions on Vehicular Technology,2009.0,JournalArticle
6666bedac33a6d1175cf92879178590fdf00b585,Iterative Detection of ChannelCoded DSTS Schemes,,L. Hanzo; Osamah Alamri; M. El-Hajjar; N. Wu,0,,,2009.0,
681ffd46847fada4823a50dee5970caa95704bb8,ThreeStage TurboDetected STBCSP SchemesParts of this chapter are based on the collaborative research outlined in [190].,,L. Hanzo; Osamah Alamri; M. El-Hajjar; N. Wu,0,,,2009.0,Review
68fb9420e96d92bb219f44ac461be7cd9d844324,Distributed Self-Concatenated Codes for Low-Complexity Power-Efficient Cooperative Communication,,M. F. U. Butt; Raja Ali Riaz; S. Ng; L. Hanzo,2,,2009 IEEE 70th Vehicular Technology Conference Fall,2009.0,JournalArticle; Conference
6c87a1c85cbf6ca2128ab4bbea17c3fdb8609498,Initial Code Acquisition in the Cooperative Noncoherent MIMO DS-CDMA Downlink,,S. Won; Kyungchun Lee; L. Hanzo,7,,IEEE Transactions on Vehicular Technology,2009.0,JournalArticle
705b593d36be298ede0ae3d3d6eb952a9e67ea6d,Improved MMSE Vector Precoding Based on the MBER Criterion,,W. Yao; Sheng Chen; L. Hanzo,7,,IEEE Vehicular Technology Conference,2009.0,JournalArticle; Conference
73f6a5a015dcc04a5259f526a8c45cf4d2d54a8f,Fast converging semi-blind space-time equalisation for dispersive QAM MIMO systems,,Sheng Chen; L. Hanzo,14,,IEEE Transactions on Wireless Communications,2009.0,JournalArticle
742b34137f39ba20b7abc241605d653277e31ab1,Closed-form approximation of MIMO capacity,,J. Akhtman; L. Hanzo,6,,,2009.0,
75085a2010098ff25cdef4182e3be2c5bcafa48a,Appendix B: EXIT Charts of Various BitBased TurboDetected STBCSP Schemes,,L. Hanzo; Osamah Alamri; M. El-Hajjar; N. Wu,0,,,2009.0,
76f671e5349185bcac3338234eba31bfc642acb8,Distributed Turbo Coding in the Presence of Inter-User Channel Impairment,,M. El-Hajjar; Osamah Alamri; L. Hanzo,0,,2009 IEEE 70th Vehicular Technology Conference Fall,2009.0,JournalArticle; Conference
7bada86aca29c37920c76fa5055ee64660d76063,Near-Capacity Multi-Functional MIMO Systems,,L. Hanzo; Osamah Alamri; M. El-Hajjar; N. Wu,196,,,2009.0,
80568625caadaddf24415ddd8c627d09f58d9b53,MIMO-assisted hard versus soft decoding-and-forwarding for network coding aided relaying systems,,Kyungchun Lee; L. Hanzo,46,,IEEE Transactions on Wireless Communications,2009.0,JournalArticle
8164b3c143b0c14afb61dbd12050e701baeb2015,Minimum bit error rate multiuser transmission designs using particle swarm optimisation,,W. Yao; Sheng Chen; Shuang Tan; L. Hanzo,30,,IEEE Transactions on Wireless Communications,2009.0,JournalArticle
8179ba20245c57b7ed3252f8b63d76b08e3d4629,Reconfigurable Rateless Codes,,N. Bonello; Rong Zhang; Sheng Chen; L. Hanzo,59,,IEEE Vehicular Technology Conference,2009.0,JournalArticle; Conference
834472e4926d2def350a92e0b1314760e6298005,Differential SpaceTime Spreading,,L. Hanzo; Osamah Alamri; M. El-Hajjar; N. Wu,0,,,2009.0,
848101d9e28dc2d4ec7d455a44e32be5fd109732,Layered steered space-time codes using multi-dimensional sphere packing modulation,,M. El-Hajjar; Osamah Alamri; Jin Wang; S. Zummo; L. Hanzo,21,,IEEE Transactions on Wireless Communications,2009.0,JournalArticle
860c51bcf20498d870e204cd0ba9c6ebfa134843,Appendix E: DLDCs' for 2PAM Modulation,,L. Hanzo; Osamah Alamri; M. El-Hajjar; N. Wu,0,,,2009.0,
8a720146dc78b3d754884c8c1bd3b3824f3a8d93,SVD-Aided Unequal-Protection Spatial Multiplexing for Wireless Video Telephony,,Du Yang; Nasruminallah; Lie-liang Yang; L. Hanzo,5,,IEEE Vehicular Technology Conference,2009.0,JournalArticle; Conference
8d5408f8b31848eca6928e299864e225c168ffc5,Near-Capacity Irregular-Convolutional-Coding-Aided Irregular Precoded Linear Dispersion Codes,,N. Wu; L. Hanzo,11,,IEEE Transactions on Vehicular Technology,2009.0,JournalArticle
8e6d693aeb811b5b13b63f5f792397c96e9954fc,Blind Equalisation of High-Order QAM Channels Using a Fuzzy-Logic Tuned Constant Modulus Algorithm and Soft Decision-Directed Scheme,,Sheng Chen; B. Luk; C. Harris; L. Hanzo,0,,,2009.0,
90ed805c7345f22961c555eabf7d3d6df623ac53,Iterative Irregular Sphere Detection in High-Rate Downlink SDMA Systems,,Chun-Yi Wei; Li Wang; L. Hanzo,3,,IEEE Transactions on Vehicular Technology,2009.0,JournalArticle
9111621477135ef32acfb3b7be84fa1a9ae977c6,Irregular Distributed Space-Time Code Design for Near-Capacity Cooperative Communications,,Lingkun Kong; S. Ng; R. Maunder; L. Hanzo,7,,2009 IEEE 70th Vehicular Technology Conference Fall,2009.0,JournalArticle; Conference
972e11fdc3263c887bb8ce2a5b1d0919e6ef77c9,Optimised Short Block Codes for Iterative Joint Source and Channel Decoding in H . 264 Video Telephony,,L. Hanzo,0,,,2009.0,Review
982b78724edaa01b1f77adb9cd243f6369f0be91,Admission control schemes for 802.11-based multi-hop mobile ad hoc networks: a survey,,L. Hanzo; R. Tafazolli,118,,IEEE Communications Surveys and Tutorials,2009.0,JournalArticle; Review
99e9dc4ec3718bfea472a95534907c7c971f6cb3,Appendix F: CLDCs' 1 and 2 for BPSK Modulation,,L. Hanzo; Osamah Alamri; M. El-Hajjar; N. Wu,0,,,2009.0,
9cb54526ff363c738cbd6f1ef2d8795c554b7ea6,Pilot Symbol Assisted Coding,,N. Bonello; Sheng Chen; L. Hanzo,9,,VTC Fall,2009.0,JournalArticle
9e625809b9d3f68241cee39ff0d790b8d26d9e59,Particle Swarm Optimisation Aided Minimum Bit Error Rate Multiuser Transmission,,W. Yao; Sheng Chen; Shuang Tan; L. Hanzo,8,,IEEE International Conference on Communications,2009.0,JournalArticle; Conference
9eb4fe1f50ff2760d26a229d6907248271d08869,DL LSSTSAided Generalized MC DSCDMA,,L. Hanzo; Osamah Alamri; M. El-Hajjar; N. Wu,0,,,2009.0,
a16ad8e84594ff1edd885933ba2b492fc3a52e55,Adaptive DSTSassisted Iteratively Detected SP Modulation,,L. Hanzo; Osamah Alamri; M. El-Hajjar; N. Wu,0,,,2009.0,Review
a48b2430b0d35eb57e0a56aa2c8f713981f94252,Appendix D: LDCs' for QPSK Modulation,,L. Hanzo; Osamah Alamri; M. El-Hajjar; N. Wu,0,,,2009.0,
a9ab64c030d2004e7162dd3ccd08f355af8fa328,Coding Schemes for Energy Efficient Multi-Source Cooperation Aided Uplink Transmission,,Rong Zhang; L. Hanzo,26,,IEEE Signal Processing Letters,2009.0,JournalArticle
af08ad0b487bdfde49a2a7f8a530bfeef0a4c20a,Iterative Detection Aided DL SDMA Systems Using Quantized Channel Impulse Response,,Chun-Yi Wei; Du Yang; Lie-liang Yang; L. Hanzo,1,,IEEE Vehicular Technology Conference,2009.0,JournalArticle; Conference
b1b68a4a6378431e0a3ced6eaf7872055ea469e0,Multi-User Performance of the Amplify-and-Forward Single-Relay Assisted SC-FDMA Uplink,,Jiayi Zhang; Lie-liang Yang; L. Hanzo,21,,2009 IEEE 70th Vehicular Technology Conference Fall,2009.0,JournalArticle; Conference
b22a28ee3b707d24d6396ad4e1fa42075b500fa2,Differential SpaceTime Block Codes: A Universal Approach,,L. Hanzo; Osamah Alamri; M. El-Hajjar; N. Wu,0,,,2009.0,
b8d1b5bc48a4aac36acbe3bb5ceada42cb66b179,EXIT-chart aided near-capacity Irregular Bit-Interleaved Coded Modulation design,"A near-capacity irregular bit-interleaved coded modulation based iterative decoding (Ir-BICM-ID) aided scheme is proposed. The irregular design of the scheme pervades the three basic components of BICM-ID, namely the encoder, the unity-rate precoder and the bit-to-symbol mapper. As a result, irregular BICM-ID schemes constituted by irregular components are created, which are capable of approaching the capacity of coded modulation. This is achieved by creating a marginally open extrinsic information transfer (EXIT) chart tunnel, and exploiting the theorem that the open tunnel's area is characteristic of how closely the scheme operates to the channel's capacity. The proposed Ir-BICM-ID scheme employs irregular convolutional codes (IrCC), irregular unity-rate codes (IrURC) and irregular mappers (IrMapper).",R. Tee; R. Maunder; L. Hanzo,59,,IEEE Transactions on Wireless Communications,2009.0,JournalArticle
bd9b606f6172d2da6ba120f411690d54672e96f6,Exit-Chart Aided Design of Iterative Joint Source and Channel Decoding for H.264 Video Technology,,Nasruminallah; L. Hanzo,0,,,2009.0,
c1980542cc10e3f80ec7a8c0e259fe738f53d7eb,Iterative Detection Assisted Cooperative Vehicular Ad Hoc Networking Using Differential Linear Dispersion Coding,,S. Sugiura; L. Hanzo,2,,2009 IEEE 70th Vehicular Technology Conference Fall,2009.0,JournalArticle; Conference
c46d8edaf1ab1847807647b01a92b84d0562bd95,The Resource-Optimized Differentially Modulated Hybrid AF/DF Cooperative Cellular Uplink Using Multiple-Symbol Differential Sphere Detection,,Li Wang; L. Hanzo,24,,IEEE Signal Processing Letters,2009.0,JournalArticle
c6502458d0c21d1c6154a67049466e321f76872a,Bit-Interleaved Sphere-Packing-Aided Iteratively Detected Space-Time Coded Modulation,,R. Tee; Osamah Alamri; S. Ng; L. Hanzo,2,,IEEE Transactions on Vehicular Technology,2009.0,JournalArticle
c6ceb4a30ada97d2d481cddcf7d7dda153954cde,Three-Stage Irregular Convolutional Coded Iterative Center-Shifting $K$-Best Sphere Detection for Soft-Decision SDMA–OFDM,,Li Wang; Lei Xu; Sheng Chen; L. Hanzo,12,,IEEE Transactions on Vehicular Technology,2009.0,JournalArticle
c830dd030f4d587afe893bda21b11bd7ef8a573e,Optimized Irregular Variable Length Coding Design for Iteratively Decoded UltraWideBand Time-Hopping Spread-Spectrum Impulse Radio,,Raja Ali Riaz; M. F. U. Butt; R. Maunder; S. Ng; Sheng Chen; L. Hanzo,2,,IEEE Vehicular Technology Conference,2009.0,JournalArticle; Conference
ceab9d5709c4316941c7f8f356def44d07f66ed1,Semi-Blind Gradient-Newton CMA and SDD Algorithm for MIMO Space-Time Equalisation,,Sheng Chen; L. Hanzo; Huiting Cheng,2,,Global Communications Conference,2009.0,JournalArticle; Conference
d39575cb2a288c52ffa373b7439cff3b36cc86e4,Near-Capacity Iteratively Decoded Markov-Chain Monte-Carlo Aided BLAST System,,Wei Liu; Lingkun Kong; S. Ng; Jiandong Li; L. Hanzo,2,,Global Communications Conference,2009.0,JournalArticle; Conference
d3a15768cb53739b59777da44072b5d5ceea7cb5,Advances in cooperative wireless communications,,L. Hanzo,0,,,2009.0,Review
d63bc4995ff5e7d4c6a7261e9e4cb7a8893cf586,The Amplify-and-Forward Cooperative Uplink Using Multiple-Symbol Differential Sphere-Detection,,Li Wang; L. Hanzo,31,,IEEE Signal Processing Letters,2009.0,JournalArticle
d701f1abcb47411cd528d189074cab8ada3f4121,Interleaved Random Space–Time Coding for Multisource Cooperation,,Rong Zhang; L. Hanzo,17,,IEEE Transactions on Vehicular Technology,2009.0,JournalArticle
d9cea45055815decb87d429d8aed15bdfb2493e9,Successive Relaying Aided Near-Capacity Irregular Distributed Space-Time Coding,,Lingkun Kong; S. Ng; R. Maunder; L. Hanzo,4,,Global Communications Conference,2009.0,JournalArticle; Conference
db3f363c33fcc7a84004d85bad966ad48133e3e0,On the Union Bounds of Self-Concatenated,,S. Ng; Muhammad Fasih; Uddin Butt; L. Hanzo,0,,,2009.0,
dc8a7aec1a7204ce22f38fd30aa8de5afefa67a9,Appendix H: Gray Mapping and AGM Schemes for SP Modulation of Size L = 16,,L. Hanzo; Osamah Alamri; M. El-Hajjar; N. Wu,0,,,2009.0,
dda1331ec88786b52cd2f0dcaf6ff4626e353ed8,Analysis of Low Power Implementational Issues of Turbo-like Codes in Body Area Networks,,B. Al-Hashimi; L. Hanzo; Song Xin Ng; Liang Li,3,,,2009.0,
e1ff7d52854a4d31398058920b9e665689b71521,Multicell Cooperation Based SVD Assisted Multi-User MIMO Transmission,,W. Liu; S. Ng; L. Hanzo,25,,IEEE Vehicular Technology Conference,2009.0,JournalArticle; Conference
e9cf9ffbbe43697e58bbd70c7bdcb2e4c819cfb2,Iterative AMR-WB Source and Channel Decoding Using Differential Space–Time Spreading-Assisted Sphere-Packing Modulation,,N. S. Othman; M. El-Hajjar; Osamah Alamri; S. Ng; L. Hanzo,13,,IEEE Transactions on Vehicular Technology,2009.0,JournalArticle
ec71471b9de00feeceff3550184594db38aac18b,Symbol‐Based Channel‐Coded STBC‐SP Schemes,,L. Hanzo; Osamah Alamri; M. El-Hajjar; N. Wu,0,,,2009.0,
ec7d7f2882a863295219396542c44785e86f77da,Power Versus Bandwidth-Efficiency in Wireless Communications: The Economic Perspective,,J. Akhtman; L. Hanzo,61,,2009 IEEE 70th Vehicular Technology Conference Fall,2009.0,JournalArticle; Conference
f1b3793a8475ae512bb93dae6ad658315f098996,Near-Capacity Three-Stage Turbo Detection of Irregular Convolutional Coded Joint Sphere-Packing Modulation and Space-Time Coding,,Osamah Alamri; Jin Wang; S. Ng; Lie-liang Yang; L. Hanzo,8,,IEEE Transactions on Communications,2009.0,JournalArticle
f33cfaa72a498a428649c237903c2dbdf6ff8cdd,SpaceTime Block Code Design using Sphere Packing,,L. Hanzo; Osamah Alamri; M. El-Hajjar; N. Wu,2,,,2009.0,
f589e59c57c2c224289bc227804b5cd92fe80d67,Convergence Behaviour of Iteratively Decoded Short Block-Codes in H.264 Joint Source and Channel Decoding,,Nasruminallah; L. Hanzo,2,,IEEE Vehicular Technology Conference,2009.0,JournalArticle; Conference
f5baf4ce35109806b439a96f2d8818bec2f21e21,Distributed Turbo Trellis Coded Modulation for Cooperative Communications,,S. Ng; Yonghui Li; L. Hanzo,42,,IEEE International Conference on Communications,2009.0,JournalArticle; Conference
f96fbf43fa78e7916379a673a6ee3af4c8566556,Iterative Detection and Decoding for Hard-Decision Forwarding Aided Cooperative Spatial Multiplexing,,Kyungchun Lee; L. Hanzo,7,,IEEE International Conference on Communications,2009.0,JournalArticle; Conference
fa9e5fd27f9f9f56ce5c782064b0622fce268754,Closed-Form Approximation of the Coding-Rate Versus Free Distance Trade-Off,,J. Akhtman; N. Bonello; R. Maunder; L. Hanzo,1,,VTC Fall,2009.0,JournalArticle
fd75269f2330ea1d8355c0b5a09a76532df0f68e,Optimal decoding for hard-decision forwarding aided cooperative spatial multiplexing systems,,Kyungchun Lee; L. Hanzo,6,,IEEE Transactions on Wireless Communications,2009.0,JournalArticle
feaefe1f45212b0a086a49d150bcbab38825d4ea,Superposition-Coding-Aided Multiplexed Hybrid ARQ Scheme for Improved End-to-End Transmission Efficiency,,Rong Zhang; L. Hanzo,10,,IEEE Transactions on Vehicular Technology,2009.0,JournalArticle
003268826f6d7d924ae3f04e8d84365696ed4668,MPEG4 Video Compression,,L. Hanzo; P. Cherriman; J. Streit,1,,,2008.0,
056cf538ef2e906004c6e6b9129322ad18fb0150,Time- and Frequency-Domain-Spread Generalized Multicarrier DS-CDMA Using Subspace-Based Blind and Group-Blind Space–Time Multiuser Detection,"Subspace-based blind and group-blind space-time (ST) multiuser detection (MUD) is invoked for a smart-antenna-aided generalized multicarrier direct-sequence code-division multiple-access (MC DS-CDMA) system communicating over a dispersive ST Rayleigh fading channel, where the channel estimates are attained by using subspace-based blind techniques. Smart antennas are employed to provide increased degrees of freedom and, hence, to improve both the attainable single-user performance and the multiuser capacity. Furthermore, two adaptive subspace-tracking algorithms, i.e., the projection approximation subspace-tracking deflation (PASTd) algorithm and the noise-averaged Hermitian-Jacobi fast subspace tracking (NAHJ-FST) algorithm, are employed for the sake of reducing the computational complexity imposed by eigenvalue decomposition. When employing the NAHJ-FST algorithm, the group-blind MUD employing an antenna array having M = 2 elements exposed to uncorrelated fading achieved a 4.2-dB signal-to-noise-ratio (SNR) gain at a bit error rate (BER) of 10-4 compared with that employing a single antenna, which is an explicit benefit of its increased computational complexity.",B. Hu; Lie-liang Yang; L. Hanzo,12,,IEEE Transactions on Vehicular Technology,2008.0,JournalArticle
09b9a6f947b9122fa40e5164c025923bf5107323,Three Design Aspects of Multicarrier Interleave Division Multiple Access,,Rong Zhang; L. Hanzo,48,,IEEE Transactions on Vehicular Technology,2008.0,JournalArticle
0a30e3fd1cdbeb12ec778e63d28351917bf53910,"Tale of the Random, the Guided and the Maximum Likelihood: Bio-Inspired Optimization in Wireless Communications",,L. Hanzo,0,,,2008.0,
0d7f2d2884849997d34e2bb8478ac77a9b066cb2,"3G, HSPA and FDD versus TDD Networking: Smart Antennas and Adaptive Modulation",,L. Hanzo; J. S. Blogh; S. Ni,54,,,2008.0,Review
0e875509ddac3e0b98857b0ea4a668bcdb62d515,Channel Prediction Aided Multiuser Transmission in SDMA,,W. Liu; Lie-liang Yang; L. Hanzo,1,,IEEE Vehicular Technology Conference,2008.0,JournalArticle; Conference
104e2660c6fb15cf9b444998fc0526b29fdd6ca2,Nonlinear Beamforming for Multiple-Antenna Assisted QPSK Wireless Systems,,Sheng Chen; L. Hanzo; Shuang Tan,5,,IEEE International Conference on Communications,2008.0,JournalArticle; Conference
1066baf7f8f8e44a596aa17cd6acce21fa2d6914,HSDPAStyle TDD/CDMA Network Performance,,L. Hanzo; J. S. Blogh; S. Ni,0,,,2008.0,
131426bce4a978ac833a2a69a251b780f86ceffc,Comparative Study of the H.261 and H.263 Codecs,,L. Hanzo; P. Cherriman; J. Streit,1,,,2008.0,
1549e7e971eb65e41537c44c9c829c8f049cec3f,Closed-loop linear dispersion coded eigen-beam transmission and its capacity,,Du Yang; N. Wu; Lie-liang Yang; L. Hanzo,3,,,2008.0,
15f9bc01dc12622287744762cbda85295a805bb4,Very Low Bitrate VQ Codecs and HSDPAstyle Videophone Transceivers,,L. Hanzo; P. Cherriman; J. Streit,0,,,2008.0,
1615d004e3fbe158ef60c0ccd511df5ad335da4e,On the Performance and Complexity of Irregular Variable Length Codes for Near-Capacity Joint Source and Channel Coding,,R. Maunder; Jin Wang; S. Ng; Lie-liang Yang; L. Hanzo,51,,IEEE Transactions on Wireless Communications,2008.0,JournalArticle
16ee429f5a0e7eb9636ef3a0a3e0403b94e5a0f3,Irregular Generic Detection Aided Iterative Downlink SDMA Systems,,Chun-Yi Wei; L. Hanzo,0,,IEEE Vehicular Technology Conference,2008.0,JournalArticle; Conference
1bf642d09ae9e8e5f730de6e451c92e8aa88b603,Near-Capacity Three-Stage Downlink Iteratively Decoded Generalized Layered Space-Time Coding with Low Complexity,,Lingkun Kong; S. Ng; L. Hanzo,7,,IEEE GLOBECOM 2008 - 2008 IEEE Global Telecommunications Conference,2008.0,JournalArticle; Conference
1c3c989d0204958a0bab79968f4b6046e2f04262,A Systematic Luby Transform Coded V-BLAST System,,Thanh Dang Nguyen; M. El-Hajjar; Lie-liang Yang; L. Hanzo,7,,IEEE International Conference on Communications,2008.0,JournalArticle; Conference
1f27a84b1632d08dee9cbcf4a393a0855702d44c,Performance of Relay-Aided DS-CDMA Downlink Systems Communicating over Nakagami-m Fading Channels,,W. Fang; Lie-liang Yang; L. Hanzo,6,,IEEE Vehicular Technology Conference,2008.0,JournalArticle; Conference
2528f807309bab5c0813d5ac9ec4c5954f2c4740,Fully complex-valued radial basis function networks: Orthogonal least squares regression and classification,,Sheng Chen; X. Hong; C. Harris; L. Hanzo,30,,Neurocomputing,2008.0,JournalArticle
270d8cadafc878dfde5e76ae38b2cd1eec85e079,Serial Search Based Code Acquisition in the Cooperative MIMO Aided DS-CDMA Downlink,,S. Won; Kyungchun Lee; L. Hanzo,0,,IEEE International Conference on Communications,2008.0,JournalArticle; Conference
2a5bdd02b94f2e1188120a2bff18a524f8c47701,Global system for mobile communications (GSM),Oil is produced from a steeply dipping subterranean reservoir containing high viscosity petroleum by injecting a fluid comprising steam into the lower portion of the reservoir and withdrawing the oil from production wells in an intermediate portion of the reservoir while injecting a fluid such as cold water into the updip portion of the reservoir to prevent loss of steam vapor therethrough.,L. Hanzo,16,,Scholarpedia,2008.0,JournalArticle
2adc7968f3c5ec0a16ead212cb8549687a5dbc30,Nonbinary LDPC-Coded Sphere-Packed Transmit Diversity,,Osamah Alamri; S. Ng; F. Guo; S. Zummo; L. Hanzo,6,,IEEE Transactions on Vehicular Technology,2008.0,JournalArticle
2afed8646fb3699f452ebfbda83eef73b3e3d40a,HSDPAStyle FDD/CDMA Performance Using Loosely Synchronized Spreading Codes,,L. Hanzo; J. S. Blogh; S. Ni,0,,,2008.0,
2b875fca79a3a767110acc21c493c76af84ab2f2,The Myths and Realities of the Interference-Free Wireless Internet,,L. Hanzo,0,,,2008.0,
2c0df28de9ff18b403bb9a7f7dc27883899808f8,Co-located versus cooperative MIMOs,,N. Wu; L. Hanzo,0,,,2008.0,
2c563dab089cefd4501a8c9b0958f612e08f1f80,K-Best Sphere Detection for the Sphere Packing Modulation Aided SDMA/OFDM Uplink,,Li Wang; Osamah Alamri; L. Hanzo,6,,IEEE GLOBECOM 2008 - 2008 IEEE Global Telecommunications Conference,2008.0,JournalArticle; Conference
2d08e04b6e5783e816d4f8622a702b997f3d8eb0,SVD Assisted Joint Transmitter and Receiver Design for the Downlink of MIMO Systems,,W. Liu; Lie-liang Yang; L. Hanzo,24,,IEEE Vehicular Technology Conference,2008.0,JournalArticle; Conference
2da8e2fe3da07c57f6e4fff2d72d0d0067857d8a,EXIT Chart Aided Design of DS-CDMA UltraWideBand Systems Using Iterative Decoding,,Raja Ali Riaz; M. El-Hajjar; Q. Ahmed; S. Ng; Sheng Chen; L. Hanzo,1,,IEEE Vehicular Technology Conference,2008.0,JournalArticle; Conference
305c810fb916a9fa0394cd6fe7d445f118a013b8,Short block codes for guaranteed convergence in soft-bit assisted iterative joint source and channel decoding,,Nasruminallah; L. Hanzo,6,,,2008.0,
3088b2ac771332a977efc7cc6830ab1c4851a5b5,Channel Prediction and Predictive Vector Quantization Aided Channel Impulse Response Feedback for SDMA Downlink Preprocessing,,Du Yang; W. Liu; Lie-liang Yang; L. Hanzo,6,,IEEE Vehicular Technology Conference,2008.0,JournalArticle; Conference
309a37fef039f203a2de2e7fca676798e71d9595,Analysis of Serial-Search-Based Code Acquisition in the Multiple-Transmit/Multiple-Receive-Antenna-Aided DS-CDMA Downlink,,S. Won; L. Hanzo,11,,IEEE Transactions on Vehicular Technology,2008.0,JournalArticle
30b40f3362d1195db30cf515bc49b13409911047,Exact BER Performance of Asynchronous MC-DS-CDMA over Nakagami-m Fading Channels,,B. Smida; L. Hanzo; S. Affes,1,,IEEE Wireless Communications and Networking Conference,2008.0,JournalArticle; Conference
31bfc88086f392bd2ba98bccdc136382f05ac8c5,Irregular Precoder-Aided Differential Linear Dispersion Codes,,N. Wu; L. Hanzo,3,,IEEE Vehicular Technology Conference,2008.0,JournalArticle; Conference
3554b4b2141ce8057850d915473b267eee291600,An Optimal Degree Distribution Design and a Conditional Random Integer Generator for the Systematic Luby Transform Coded Wireless Internet,,Thanh Dang Nguyen; Lie-liang Yang; S. Ng; L. Hanzo,25,,IEEE Wireless Communications and Networking Conference,2008.0,JournalArticle; Conference
35b9c5c677a940e25b9a9549ea582024d42b1bb3,Mellin-Transform-Based Performance Analysis of FFH $M$ -ary FSK Using Product Combining for Combatting Partial-Band Noise Jamming,,Sohail Ahmed; Lie-liang Yang; L. Hanzo,22,,IEEE Transactions on Vehicular Technology,2008.0,JournalArticle
3b881bca0aa51c342253ff09c457e190931a53ef,Multilevel Structured Low-Density Parity-Check Codes,,N. Bonello; Sheng Chen; L. Hanzo,4,,IEEE International Conference on Communications,2008.0,JournalArticle; Conference
3cc665bb582c7328115e6356107bd589e24d805f,Unveiling Near-Capacity Code Design: The Realization of Shannon's Communication Theory for MIMO Channels,,S. Ng; Jin Wang; L. Hanzo,26,,IEEE International Conference on Communications,2008.0,JournalArticle; Conference; Review
3ce4f9e86d3afce930ac274d95b834c0623b53ae,Single-user performance of direct-sequence code-division multiple-access using relay diversity and power allocation,,W. Fang; Lie-liang Yang; L. Hanzo,22,,IET Communications,2008.0,JournalArticle
3ea430fd12e2bee7df5ef48dbe1906b0b2ebe48a,Channel Coded Iterative Center-Shifting K-Best Sphere Detection for Rank-Deficient Systems,,Li Wang; Lei Xu; Sheng Chen; L. Hanzo,1,,IEEE Vehicular Technology Conference,2008.0,JournalArticle; Conference
400f8341f6bfb4a2dc9130fd1669735761e13e1d,A WIRELESS MULTIMEDIA SYSTEM,,L. Hanzo; R. Stedman; R. Steele; J. Cheung,0,,,2008.0,
4043a26751d1771211af8b08e232ff3af6878dc0,Iterative code acquisition for DS-UWB downlink using multiple-component decoders,,S. Won; L. Hanzo,2,,,2008.0,
40db382dc5eef717e53fa2f9a919479c66b276d0,MMSE Soft-Interference-Cancellation Aided Iterative Center-Shifting K-Best Sphere Detection for MIMO Channels,,Li Wang; Lei Xu; Sheng Chen; L. Hanzo,11,,IEEE International Conference on Communications,2008.0,JournalArticle; Conference
425b630839dae5d5126376ffd77957f9e5c0bfdd,High-Throughput Non-Orthogonal Interleaved Random Space-Time Coding for Multi-Source Cooperation,,Rong Zhang; L. Hanzo,7,,IEEE GLOBECOM 2008 - 2008 IEEE Global Telecommunications Conference,2008.0,JournalArticle; Conference
4471a244d7a519974a830cac417808f775ec14ba,Space-time coding for high-throughput interleave division multiplexing aided multi-source co-operation,,Rong Zhang; L. Hanzo,10,,,2008.0,
45b23f627260cbb4c9c316128678455c10a5322d,Semi-Blind Adaptive Spatial Equalization for MIMO Systems with High-Order QAM Signalling,,Sheng Chen; W. Yao; L. Hanzo,26,,IEEE Transactions on Wireless Communications,2008.0,JournalArticle
45f64341fd2d40dc83641a148f44b3a16605ab42,SVD Aided Joint Transmitter and Receiver Design for the Uplink of Multiuser Detection Assisted MIMO Systems,,W. Liu; Lie-liang Yang; L. Hanzo,15,,IEEE International Conference on Communications,2008.0,JournalArticle; Conference
470c14774c3669194074d562ff3bdb92dafe5087,Channel Code Division Multiple Access and its Multilevel Structured LDPC Based Instantiation,,N. Bonello; Rong Zhang; Sheng Chen; L. Hanzo,11,,IEEE Vehicular Technology Conference,2008.0,JournalArticle; Conference
4986144023c42cf6b5aa5f1dc92b9d70f96a67b0,Three-Stage Turbo MBER Multiuser Beamforming Receiver Using Irregular Convolutional Codes,,Shuang Tan; Jin Wang; S. Ng; Sheng Chen; L. Hanzo,6,,IEEE Transactions on Vehicular Technology,2008.0,JournalArticle
4aa8aa99f55c0bfb03e515d2a4925dcbf76b8959,Sphere-Packing Modulated Space-Time Coding Using Non-Binary LDPC-Coded Iterative-Detection,,Osamah Alamri; S. Ng; F. Guo; S. Zummo; L. Hanzo,2,,IEEE Wireless Communications and Networking Conference,2008.0,JournalArticle; Conference
4f8e07a8d973eb9bb98d4470966ef103b33a9234,Mobile Ad Hoc Networks: Challenges and Solutions for Providing Quality of Service Assurances,,L. Hanzo; R. Tafazolli,3,,,2008.0,
5082456c92d72f1a7ffe659575d9db906aeacb31,Adaptive minimum error-rate filtering design: A review,,Sheng Chen; Shuang Tan; Lei Xu; L. Hanzo,48,,Signal Processing,2008.0,JournalArticle; Review
541bc2207fa33947b12a954af0fe0e6c65a21931,Interleave Division Multiplexing Aided Space-Time Coding for High-Throughput Uplink Cooperative Communications,,Rong Zhang; L. Hanzo,13,,IEEE Wireless Communications and Networking Conference,2008.0,JournalArticle; Conference
5bb3f73744dc324318c9f710841ae0dc89504c3d,Precise BER Formulas for Asynchronous QPSK-Modulated DS-CDMA Systems Using Random Quaternary Spreading Over Rayleigh Channels,,Xiang Liu; L. Hanzo,1,,IEEE Transactions on Vehicular Technology,2008.0,JournalArticle
5cbc013b166626415cfb0a2e3ccb6129a5bb0784,MPEG4 Bitstream and BitSensitivity Study,,L. Hanzo; P. Cherriman; J. Streit,0,,,2008.0,
5cd8bb58a1d6509004191970f11ad0aa7bbef499,H.261 for HSDPAStyle Wireless Video Telephony,,L. Hanzo; P. Cherriman; J. Streit,0,,,2008.0,
5d6fe4f46e0c021d7d54fda09f4d8a4e6f8c0e0b,On Multi-User EXIT Chart Analysis Aided Turbo-Detected MBER Beamformer Designs,,Shuang Tan; Sheng Chen; L. Hanzo,11,,IEEE Transactions on Wireless Communications,2008.0,JournalArticle
5f71ccf8571df43783fa5bb72cca52b7f726cff9,Adaptive Minimum Symbol Error Rate Beamforming Assisted Detection for Quadrature Amplitude Modulation,,Sheng Chen; A. Livingstone; H.-Q. Du; L. Hanzo,48,,IEEE Transactions on Wireless Communications,2008.0,JournalArticle
609046b8ee581ba4363f4b17bbc2afa1d9d570dd,Iterative Spreading-Sequence Acquisition in the Multiple Receive Antenna Aided DS-UWB Downlink,,S. Won; L. Hanzo,2,,IEEE Vehicular Technology Conference,2008.0,JournalArticle; Conference
614568a2fca72945a013ccd9b61e67e21a9477df,Full length article: Modulation-mode assignment for SVD-aided and BICM-assisted spatial division multiplexing,,A. Ahrens; S. Ng; V. Kühn; L. Hanzo,16,,,2008.0,
61a35215ee0b66763c092c0186fa27b0290e2cc5,The Effects of Power Control and Hard Handovers on the UTRA TDD/CDMA System,,L. Hanzo; J. S. Blogh; S. Ni,0,,,2008.0,
62e5516b590c55be425dbe9a1e5a8061c0b43811,Precoded Sphere-Packing-Aided Bit-Interleaved Differential Space-Time Coded Modulation Using Iterative Decoding,,N. Wu; Osamah Alamri; S. Ng; L. Hanzo,7,,IEEE Transactions on Vehicular Technology,2008.0,JournalArticle
65ebcfac7977559c3df97effc832d9de1286315e,Generic z-domain discrete-time transfer function estimation for ultra-wideband systems,,Raja Ali Riaz; M. F. U. Butt; Sheng Chen; L. Hanzo,8,,,2008.0,
692ae7defa73f2111c372c21d887124f8e7841bc,EXIT Chart Aided Design of Near-Capacity Self-Concatenated Trellis Coded Modulation Using Iterative Decoding,,M. F. U. Butt; S. Ng; L. Hanzo,10,,IEEE Vehicular Technology Conference,2008.0,JournalArticle; Conference
6b0c86a4dd7a71a1a14896494f22023dc156f41a,Iterative Detection of Three-Stage Concatenated FFH-MFSK,,Sohail Ahmed; R. Maunder; Lie-liang Yang; L. Hanzo,1,,IEEE Wireless Communications and Networking Conference,2008.0,JournalArticle; Conference
6c7031a7265f10436c09f6595392f4aeaabf72b2,Near-Capacity Irregular Precoded Linear Dispersion Codes,,N. Wu; L. Hanzo,7,,IEEE International Conference on Communications,2008.0,JournalArticle; Conference
6e163ea1a04c87c4bce3467931dde57c3b56ea5f,Construction of Regular Quasi-Cyclic Protograph LDPC codes based on Vandermonde Matrices,,N. Bonello; Sheng Chen; L. Hanzo,37,,IEEE Vehicular Technology Conference,2008.0,JournalArticle; Conference
6f367a6763fd4ab2785f48b51838941a23cedc9e,Iterative Decoding for Redistributing Energy Consumption in Wireless Sensor Networks,,R. Maunder; A. Weddell; G. Merrett; B. Al-Hashimi; L. Hanzo,16,,2008 Proceedings of 17th International Conference on Computer Communications and Networks,2008.0,JournalArticle; Conference
74757be19237361d90914df1c53420b6d60dcb85,Transactions Papers Near-Capacity Turbo Trellis Coded Modulation Design Based on EXIT Charts and Union Bounds,,S. Ng; Yonghui Li; J. Kliewer; L. Hanzo,8,,,2008.0,
74ecb4092c78475c9231fa059b7fb4a60a098bb5,HighResolution DCT Coding,,L. Hanzo; P. Cherriman; J. Streit,0,,,2008.0,
7a1f44d58e77f1b59c0d8aae0784133e87918813,Non-coherent and differentially coherent code acquisition in MIMO assisted DS-CDMA multi-path downlink scenarios,,S. Won; L. Hanzo,13,,IEEE Transactions on Wireless Communications,2008.0,JournalArticle
7f593302db1d3a439deb04c132646b29f1bb6e29,Multi-User OFDM: A Half Day Recital of the Classic and of the Avantgarde,,L. Hanzo,0,,,2008.0,
7fd4f5d8cbb076efad161fe7310b53e0156bef27,Performance of Relay-Aided DS-CDMA Experiencing Propagation Pathloss and Nakagami Fading,,W. Fang; Lie-liang Yang; L. Hanzo,2,,IEEE Vehicular Technology Conference,2008.0,JournalArticle; Conference
81686f345470ec4dd692d095de7128be0f549220,"Integrated LT Coding, Bit Interleaved Differential Space Time Coding and Sphere Packing Modulation for the Wireless Internet",,N. Wu; Thanh Dang Nguyen; Chun-Yi Wei; Lie-liang Yang; L. Hanzo,2,,IEEE Vehicular Technology Conference,2008.0,JournalArticle; Conference
81f5fb6a5a1731c229683fb939ace0575eda2281,A RECONFIGURABLE SPEECH TRANSCEIVER,,J. Woodard; L. Hanzo,0,,,2008.0,
863446fcabbcbc1f22833f62f6a7c95ed9f0fd73,Turbo Detection of Precoded Sphere Packing Modulation Using Four Transmit Antennas for Differential Space-Time Spreading,,M. El-Hajjar; Osamah Alamri; S. Ng; L. Hanzo,31,,IEEE Transactions on Wireless Communications,2008.0,JournalArticle
865e9111027b23f3d2c45209a348a5b421d062ec,Symmetric RBF Classifier for Nonlinear Detection in Multiple-Antenna-Aided Systems,,Sheng Chen; A. Wolfgang; C. Harris; L. Hanzo,45,,IEEE Transactions on Neural Networks,2008.0,JournalArticle
87a5a0f98904c506880422104a1cf6cb6f74ee87,Near-capacity turbo trellis coded modulation design based on EXIT charts and union bounds - [transactions papers],,S. Ng; Osamah Alamri; Yonghui Li; J. Kliewer; L. Hanzo,40,,IEEE Transactions on Communications,2008.0,JournalArticle
87b79328c9eaca82255bf4962219074e81d2174b,EXIT Chart Analysis Aided Turbo MUD Designs for the Rank-Deficient Multiple Antenna Assisted OFDM Uplink,,Lei Xu; Sheng Chen; L. Hanzo,9,,IEEE Transactions on Wireless Communications,2008.0,JournalArticle
8866088bc733f5ff60c32bbc3f38183b8fc9171f,"3G, HSPA and FDD versus TDD Networking",,L. Hanzo; J. S. Blogh; S. Ni,32,,,2008.0,
892c89360539468284f42f4665f4fb39f2743210,Two-Stage Code Acquisition Employing Search Space Reduction and Iterative Detection in the DS-UWB Downlink,,S. Won; L. Hanzo,2,,IEEE Wireless Communications and Networking Conference,2008.0,JournalArticle; Conference
90cf3a0e818a6b186e3b47b392248303141f92fa,Iterative Near-Maximum-Likelihood Detection in Rank-Deficient Downlink SDMA Systems,,Chun-Yi Wei; J. Akhtman; S. Ng; L. Hanzo,15,,IEEE Transactions on Vehicular Technology,2008.0,JournalArticle
90ffcb68ffc1a5aeeb80c0721ebe8b0ef940fddb,Equivalent Capacity-Based Joint Multilevel Coding and Space–Time Transmit Diversity Design,,R. Tee; Osamah Alamri; S. Ng; L. Hanzo,2,,IEEE Transactions on Vehicular Technology,2008.0,JournalArticle
932ec57c177b5420b99e3f9d10ff62bf401163d6,Near-Capacity Iteratively Decoded Binary Self-Concatenated Code Design Using EXIT Charts,,M. F. U. Butt; Raja Ali Riaz; S. Ng; L. Hanzo,17,,IEEE GLOBECOM 2008 - 2008 IEEE Global Telecommunications Conference,2008.0,JournalArticle; Conference
93774286082ae55e806a67c5a90511fff5027a71,"Advanced Space-Time Coding: Near-Capacity Sphere-Packing, Multi-Functional MIMOs and Cooperative Space-Time Processing",,L. Hanzo; Osamah Alamri; M. El-Haijar; N. Wu,4,,,2008.0,
9b6384dd02ee97327b2386d3f7267cce0c2f2e07,"Over-Complete Mapping Aided, Soft-Bit Assisted Iterative Unequal Error Protection H.264 Joint Source and Channel Decoding",,Nasruminallah; M. El-Hajjar; N. S. Othman; A. P. Quang; L. Hanzo,16,,IEEE Vehicular Technology Conference,2008.0,JournalArticle; Conference
a18666575dc5db6826b3813cf5f84c318ece30ca,Fractal Image Codecs,,L. Hanzo; P. Cherriman; J. Streit,0,,,2008.0,
a29d3b0f2b07a08dc0a63bfd73ef1e79ddc07a68,Iterative Multiuser Minimum Symbol Error Rate Beamforming Aided QAM Receiver,,Shuang Tan; Sheng Chen; L. Hanzo,8,,IEEE Signal Processing Letters,2008.0,JournalArticle
a2c6fac38fd3f12cba5161c17bd9b537d284acf1,Advances in Co-Located and Distributed Multi-Functional MIMO-Aided Next-Generation OFDM and MC-CDMA,,L. Hanzo,0,,,2008.0,
a71bb4bd4cb582302e9c8a9e8ca0bcd11f7a54d1,Multiple Antenna Assisted Hard Versus Soft Decoding-and-Forwarding for Network Coding Aided Relaying Systems,,Kyungchun Lee; L. Hanzo,4,,IEEE GLOBECOM 2008 - 2008 IEEE Global Telecommunications Conference,2008.0,JournalArticle; Conference
a8c2ed1ae0293568bc98285118f3be37ad32b90f,H-ARQ-Aided Systematic Luby Transform Codes,,Thanh Nguyen Dang; Ronald Yee Siong; Lie-liang Yang; L. Hanzo,0,,,2008.0,
ab86545f0dd8b32198be34a562ce67197c516d6d,Synchronisation Issues in Non-coherent MIMO Systems,,S. Won; L. Hanzo,0,,,2008.0,
abffad96e4b5691f4cf58a2ad4eb99ea2aae7c16,Apriori-LLR-Threshold-Assisted K-Best Sphere Detection for MIMO Channels,,Li Wang; Lei Xu; Sheng Chen; L. Hanzo,7,,IEEE Vehicular Technology Conference,2008.0,JournalArticle; Conference
ac41a65ad4a246a351bd1c3cb5055fc429be773c,Low Bitrate QuadTreeBased Codecs and HSDPAStyle Videophone Transceivers,,L. Hanzo; P. Cherriman; J. Streit,0,,,2008.0,
ad14b872f8e0b353541d4240b404f7b516d6bdd5,Minimum Symbol Error Rate Turbo Multiuser Beamforming Aided QAM Receiver,,Shuang Tan; Sheng Chen; L. Hanzo,0,,IEEE Wireless Communications and Networking Conference,2008.0,JournalArticle; Conference
afef6dd37d13924e88ba3cf592c136c07fdde76d,"HSDPAStyle FDD Networking, Adaptive Arrays and Adaptive Modulation",,L. Hanzo; J. S. Blogh; S. Ni,0,,,2008.0,
b326f4c8735b37deac5bb0bb935a7e5339415306,Complex-valued symmetric radial basis function classifier for quadrature phase shift keying beamforming systems,,Sheng Chen; C. Harris; L. Hanzo,0,,IEEE World Congress on Computational Intelligence,2008.0,JournalArticle; Conference
b477c642594f5198186e2fb14b5100c49bb47e61,Ant-Colony-Based Multiuser Detection for Multifunctional-Antenna-Array-Assisted MC DS-CDMA Systems,,Chong Xu; B. Hu; Lie-liang Yang; L. Hanzo,28,,IEEE Transactions on Vehicular Technology,2008.0,JournalArticle
b5737c38584d835331f9ecd4643b6387cded1230,"The Four MIMOs, Their Multi-Functional Hybrids and Multi-User OFDM",,L. Hanzo,0,,,2008.0,
b5e43095f9d669e8b0650c28528752a4a877a660,Downlink Steered Space-Time Spreading For Multi-Carrier Transmission Over Frequency Selective Channels,,Nazar Sahal; M. El-Hajjar; L. Hanzo,2,,IEEE Vehicular Technology Conference,2008.0,JournalArticle; Conference
b843d2e82f898aa5f527f092ad3e396ecbfc5284,EXIT-Chart Aided Hybrid Multiuser Detector Design for Frequency-Domain-Spread Chip-Interleaved MC-CDMA,,Lei Xu; Rong Zhang; Sheng Chen; L. Hanzo,6,,IEEE Vehicular Technology Conference,2008.0,JournalArticle; Conference
bb55ba2f4b48ad9f82df00b2f8fcb3963ec6cb50,Connectivity-Related Properties of Mobile Nodes Obeying the Random Walk and Random Waypoint Mobility Models,,L. Hanzo; S. Mostafavi; R. Tafazolli,5,,IEEE Vehicular Technology Conference,2008.0,JournalArticle; Conference
bc934b022317359ed022a56c5938a09661250b85,Convergence Analysis of Iteratively Detected Time Hopping and DS-CDMA Ultrawide Bandwidth Systems by EXIT Charts,,Raja Ali Riaz; M. El-Hajjar; Q. Ahmed; S. Ng; Sheng Chen; L. Hanzo,4,,IEEE Vehicular Technology Conference,2008.0,JournalArticle; Conference
bfed18a96cb8d9d93b5765919348904097209555,HSDPAStyle BurstbyBurst Adaptive Wireless Transceivers,,L. Hanzo; J. S. Blogh; S. Ni,0,,,2008.0,
c477798610b77030618a482c921f86a4de5f11b8,Near-Capacity Iteratively Decoded Space-Time Block Coding,,S. Ng; Sushanta Das; Jin Wang; L. Hanzo,13,,IEEE Vehicular Technology Conference,2008.0,JournalArticle; Conference
c8b7abf13f2a390717af9f4f344822cdc4db1ef4,Adaptive Bayesian space-time equalisation for multiple receive-antenna assisted single-input multiple-output systems,,Sheng Chen; Sheng-Wen Liu; L. Hanzo,3,,Digit. Signal Process.,2008.0,JournalArticle
c8c4777d7e50432bc549c9d91109edd25cc58d76,Genetic Algorithm Aided Design of Near-Capacity Irregular Variable Length Codes,,R. Maunder; L. Hanzo,2,,IEEE Wireless Communications and Networking Conference,2008.0,JournalArticle; Conference
cd322022b79ea0183b701db7526cccd7f4d2e11a,Cordless Telephone Standard CT-2,,L. Hanzo,0,,Encyclopedia of Wireless and Mobile Communications,2008.0,
ce1ec1f69a400b8979bfc2ba7faf97f138e21f41,Near-Optimum Soft-Output Ant-Colony-Optimization Based Multiuser Detection for the DS-CDMA Uplink,,Chong Xu; Lie-liang Yang; R. Maunder; L. Hanzo,11,,IEEE International Conference on Communications,2008.0,JournalArticle; Conference
ce5a90ede526fee9c9b6381115b1ba4099597e91,Comparative Study of the MPEG4 and H.264 Codecs,,L. Hanzo; P. Cherriman; J. Streit,0,,,2008.0,
d059f6cdeecc64eddb84050ec85bc65862f30315,Redistributing WSN Energy Consumption,,R. Maunder; G. Merrett; A. Weddell; B. Al-Hashimi; L. Hanzo,0,,,2008.0,
d0e6904de27066874ffd0ff22d9990c2d71a09c4,A DIGITAL AUDIO BROADCASTING SYSTEM,,L. Hanzo; X. Lin; R. Steele; W. Webb,1,,,2008.0,
d1d0a5f481ce8e865dacabfe83930051a010fe8f,ThirdGeneration CDMA Systems,,L. Hanzo; L. Yang; E. Kuan; K. Yen,0,,,2008.0,
d39edf541df919ceb0bf1e98d414ba8a37a1f06e,High Speed Downlink and Uplink Packet Access,,L. Hanzo; J. S. Blogh; S. Ni,0,,,2008.0,
d3c77c6d0e98048e7e1d067908ea53e3e00e3d5d,The Joint Source and Channel Coding Saga and Flawless Wireless Multimedia Communications,,L. Hanzo,0,,,2008.0,
d430b3caf27755a4c4b7f7347245b23ce54621b2,CMA and Soft Decision-Directed Scheme for Semi-Blind Beamforming of QAM Systems,,Sheng Chen; W. Yao; L. Hanzo,5,,IEEE Vehicular Technology Conference,2008.0,JournalArticle; Conference
d67de3644514c8a88a4e2d95d658c0370e864439,Generic iterative search-centre-shifting K-best sphere detection for rank-deficient SDM-OFDM systems,,L. Wang; L. Xu; Sheng Chen; L. Hanzo,11,,,2008.0,
db6fa9bfcca7fe69b8dbed155c1e160f5b08876a,EXIT-Chart Optimized Block Codes for Wireless Video Telephony,,Anh Quang Pham; Lie-liang Yang; N. S. Othman; L. Hanzo,6,,IEEE transactions on circuits and systems for video technology (Print),2008.0,JournalArticle
dc9813a43f7720c8510604ee2a984edf36934b2d,Three-Stage Serially Concatenated Codes and Iterative Center-Shifting K-Best Sphere Detection for SDM-OFDM: An EXIT Chart Aided Perspective,,Li Wang; Lei Xu; Sheng Chen; L. Hanzo,1,,IEEE Wireless Communications and Networking Conference,2008.0,JournalArticle; Conference
de095d3d47ee1a5706128577e2d08f07f5cba9f2,Symmetric Complex-Valued RBF Receiver for Multiple-Antenna-Aided Wireless Systems,,Sheng Chen; L. Hanzo; Shuang Tan,36,,IEEE Transactions on Neural Networks,2008.0,JournalArticle; Study
e18968718d2bbe73a7df83b55ce63dba5ff66981,HSDPALike and TurboStyle Adaptive Single and MultiCarrier Video Systems,,L. Hanzo; P. Cherriman; J. Streit,0,,,2008.0,
e756853b2ac38a8309a8537f58681b6871402448,Near-Capacity Irregular Bit-Interleaved Coded Modulation,,R. Tee; R. Maunder; Jin Wang; L. Hanzo,5,,IEEE Vehicular Technology Conference,2008.0,JournalArticle; Conference
e7e8606063b2d0b5b398872d730d019a5ca714fd,Repeat Accumulate code Division Multiple Access and its Hybrid Detection,,Rong Zhang; Lei Xu; Sheng Chen; L. Hanzo,16,,IEEE International Conference on Communications,2008.0,JournalArticle; Conference
e9dff3cb8b64067ab739a0b27178c42995f82c89,Over-Complete Source-Mapping Aided AMR-WB MIMO Transceiver Using Three-Stage Interative Detection,,N. S. Othman; M. El-Hajjar; Anh Quang Pham; Osamah Alamri; S. Ng; L. Hanzo,5,,IEEE International Conference on Communications,2008.0,JournalArticle; Conference
eb296d4689084c893e34586d94426f9522e11d8a,Intelligent Antenna Arrays and Beamforming,,L. Hanzo; J. S. Blogh; S. Ni,1,,,2008.0,
ec483069b6e7ef655d6207a90475ab9441b25bdb,H.263 for HSDPAStyle Wireless Video Telephony,,L. Hanzo; P. Cherriman; J. Streit,0,,,2008.0,
f0c816afd96160ff364b17d3d6dffcf9d4e2a163,Adaptive nonlinear least bit error-rate detection for symmetrical RBF beamforming,,Sheng Chen; A. Wolfgang; Christopher J. Harris; L. Hanzo,5,,Neural Networks,2008.0,JournalArticle
f1b81dbc0da2c18ed719be6625548f598ded8aac,Semi-blind Joint Maximum Likelihood Channel Estimation and Data Detection for MIMO Systems,,Mohammed Abuthinien; Sheng Chen; L. Hanzo,65,,IEEE Signal Processing Letters,2008.0,JournalArticle
f318707c4a49b6c95d077c2d8fed381c8cf1d3e3,Unequal Error Protection Irregular Over-Complete Mapping for Wavelet Coded Wireless Video Telephony Using Iterative Source and Channel Decoding,,Anh Quang Pham; Lie-liang Yang; L. Hanzo,1,,IEEE Wireless Communications and Networking Conference,2008.0,JournalArticle; Conference
f39bcf896f64f8425c3134052bd85b402668a46b,Iteratively Detected Sphere Packing Modulated OFDM: An Exit Chart Perspective,,Lei Xu; M. El-Hajjar; Osamah Alamri; Sheng Chen; L. Hanzo,1,,IEEE International Conference on Communications,2008.0,JournalArticle; Conference
f4afb1ba2cacf243c9cc3fbc8c65df28344b911c,Semi-Blind Spatial Equalisation for MIMO Channels with Quadrature Amplitude Modulation,,Sheng Chen; L. Hanzo; W. Yao,1,,IEEE International Conference on Communications,2008.0,JournalArticle; Conference
f9a76b656152ab0d055dc9a1653df4755111cb9e,Low Bitrate DCT Codecs and HSDPAstyle Videophone Transceivers,,L. Hanzo; P. Cherriman; J. Streit,1,,,2008.0,
fe2c0a7851897dee77e201e81026d929decbcc40,Genetically Enhanced UTRA/TDD Network Performance,,L. Hanzo; J. S. Blogh; S. Ni,0,,,2008.0,
0288c07dc3c2939edf3e193e3004d748f369b6a0,Implementable wireless access for B3G networks. III. Complexity reducing transceiver structures [Topics in Radio Communications],,M. Dohler; S. Mclaughlin; P. Sweeney; L. Hanzo,3,,IEEE Communications Magazine,2007.0,JournalArticle; Review
0565e32805210b1949a34e220b8b7989645c0295,"Video Compression and Communications: From Basics to H.261, H.263, H.264, MPEG4 for DVB and HSDPA-Style Adaptive Turbo-Transceivers",,L. Hanzo; P. Cherriman; J. Streit,98,,,2007.0,Review
07559fe3ef9de1d56c01440097bd5180416b5084,Analytical bit error rate performance of DS-CDMA ad hoc networks using large area synchronous spreading sequences,,Xiang Liu; Hua Wei; L. Hanzo,1,,IET Communications,2007.0,JournalArticle
0f63c4010b194727311cac6cc8b910303a63f580,Adaptive Beamforming and Adaptive Modulation-Assisted Network Performance of Multiuser Detection-Aided FDD and TDD CDMA Systems,,S. Ni; J. S. Blogh; L. Hanzo,1,,IEEE Transactions on Vehicular Technology,2007.0,JournalArticle
0fc2713a71b7ad1a01c188eb6a2659d21af8e86a,"Near-Instantaneously Adaptive HSDPA-Style OFDM Versus MC-CDMA Transceivers for WIFI, WIMAX, and Next-Generation Cellular Systems",,L. Hanzo; B. Choi,20,,Proceedings of the IEEE,2007.0,JournalArticle; Review
103fd104706ad3e743ce9688a6a250ba4885a557,Subspace Tracking Based Blind MIMO Transmit Preprocessing,,W. Liu; Lie-liang Yang; L. Hanzo,5,,IEEE Vehicular Technology Conference,2007.0,JournalArticle; Conference
121aead7ca24e6494697dff8021bbcc38183f671,Exit Chart Aided Irregular Convolutional Code Design for Iterative Downlink SDMA Systems Using Imperfect Channel State Information,,Chun-Yi Wei; Jin Wang; L. Hanzo,2,,IEEE Workshop on Signal Processing Systems,2007.0,JournalArticle
138f2d6e5c056f271e61a587e76c60281fd7f277,Blind joint maximum likelihood channel estimation and data detection for SIMO systems,,Sheng Chen; Xiao-Chen Yang; Lei Chen; L. Hanzo,10,,International Journal of Automation and Computing,2007.0,JournalArticle
13edc83d0ea6a4a67918b8cac0b49cef8b770a79,Performance of MIMO Systems using Transmitter Preprocessing Based on Limited Noisy Feedback,,D. Yang; L. Yang; L. Hanzo,1,,,2007.0,
14390e3f30ae87803898f3226589d502b66975ce,Near-Capacity Multifunctional MIMOs,,L. Hanzo,1,,,2007.0,
15a64bbca5eb49063ac470ec967be87e4df349b6,Throughput Assurances Through Admission Control for Multi-Hop MANETs,,L. Hanzo; R. Tafazolli,20,,"IEEE International Symposium on Personal, Indoor and Mobile Radio Communications",2007.0,JournalArticle
166c415d60dba708d65e171391e5e9e495ae9903,The 4 MIMOs and Cross-layer Operation Aided Intelligent Networking,,L. Hanzo,0,,,2007.0,
16fc16913b12c17dc3ce73b4cc4ecbfa884de2dc,Differentially coherent code acquisition in the MIMO-aided multi-carrier DS-CDMA downlink,,S. Won; L. Hanzo,3,,IET Communications,2007.0,JournalArticle
1748e5cf27666ec8075dcd4cd8c792a0e255b1d7,Near-Capacity Transceiver Design Using Exit-Curve Fitting: Three-Stage Turbo Detection of Irregular Convolutional Coded Joint Sphere-Packing Modulation and Space-Time Coding,,Osamah Alamri; Jin Wang; S. Ng; Lie-liang Yang; L. Hanzo,4,,IEEE International Conference on Communications,2007.0,JournalArticle; Conference
18e9b26295dccbc27f3a4f2e829e59c1aa5562af,Soft-Information Assisted Near-Optimum Nonlinear Detection for BLAST-type Space Division Multiplexing OFDM Systems,,M. Jiang; J. Akhtman; L. Hanzo,10,,IEEE Transactions on Wireless Communications,2007.0,JournalArticle
2811a000b010f1c3ac2bbf856119d31622f80c4e,Analytical BER Performance of DS-CDMA Ad Hoc Networks Using Large Area Synchronized Spreading Codes,,Xiang Liu; Hua Wei; L. Hanzo,2,,,2007.0,
29e0ba53280ac18d5a58b9aa5b052d1110208167,EXIT Chart Based Joint Code-Rate and Spreading-Factor Optimisation of Single-Carrier Interleave Division Multiple Access,,Rong Zhang; L. Hanzo,24,,IEEE Wireless Communications and Networking Conference,2007.0,JournalArticle; Conference
2b41a5f0e2ac9ff29cd17f298e1a0fba7ad59795,An Optimized-Hierarchy-Aided Approximate Log-MAP Detector for MIMO Systems,,J. Akhtman; A. Wolfgang; Sheng Chen; L. Hanzo,20,,IEEE Transactions on Wireless Communications,2007.0,JournalArticle
2b5feb20636598f7623cbc3363d9407a07924c4f,Adaptive beamforming for binary phase shift keying communication systems,,Sheng Chen; Shuang Tan; L. Hanzo,12,,Signal Processing,2007.0,JournalArticle
2d898303d3b57dbff264ab2af619542cb982d734,Plenary Sessions Keynote 1: Enabling the Wireless Internet - Myths and Challenges,,L. Hanzo,0,,,2007.0,
2e5b4fae5f57f0274b6eff299a8427f899fa0835,Iterative joint channel and data estimation for rank-deficient MIMO-OFDM,,J. Akhtman; A. Wolfgang; Sheng Chen; L. Hanzo,0,,,2007.0,
2eafb202fa528c20f5bd6deac212500f4b8c6c6c,Soft-Bit Assisted Iterative AMR-WB Source-Decoding and Turbo-Detection of Channel-Coded Differential Space-Time Spreading Using Sphere Packing Modulation,,N. S. Othman; M. El-Hajjar; Osamah Alamri; L. Hanzo,12,,IEEE Vehicular Technology Conference,2007.0,JournalArticle; Conference
3014ca4bee67b35e994ae8fe0bff10e497aab184,Iterative Joint Channel Estimation and Multi-User Detection for Multiple-Antenna Aided OFDM Systems,,M. Jiang; J. Akhtman; L. Hanzo,71,,IEEE Transactions on Wireless Communications,2007.0,JournalArticle
32c2389e27038b97e18e9519f995f9ebe8488759,Wireless Multimedia Communications: Flawless telepresence or the dawn of the world wide web,,L. Hanzo,0,,,2007.0,
35cd277e8c1910136aa22cdf5a5545dadcfee319,Joint Iterative Decoding of Trellis-Based VQ and TCM,,R. Maunder; J. Kliewer; S. Ng; Jin Wang; Lie-liang Yang; L. Hanzo,20,,IEEE Transactions on Wireless Communications,2007.0,JournalArticle
36f47c78681b4e9494b7c390afb3ec81f84313b8,Performance of SDMA Systems Using Transmitter Preprocessing Based on Noisy Feedback of Vector-Quantized Channel Impulse Responses,,Du Yang; Lie-liang Yang; L. Hanzo,24,,IEEE Vehicular Technology Conference,2007.0,JournalArticle; Conference
38b096d4cf3934c2b99036fa50e303937a3ce5e8,Wireless Multimedia Communications: Four MIMOs for Next Generation Multi-Carrier Systems,,L. Hanzo,0,,,2007.0,
38e784d18c1543c93cb300bc59bd672397b3cd8d,Layered steered space-time codes and their capacity,,M. El-Hajjar; L. Hanzo,17,,,2007.0,
3b41fb7e739c41462a6ab91e525506d1a078bdc7,Symmetric Radial Basis Function Assisted Space-Time Equalisation for Multiple Receive-Antenna Aided Systems,,L. Hanzo; Sheng Chen; Sheng-Wen Liu,0,,IEEE Vehicular Technology Conference,2007.0,JournalArticle; Conference
3bc4ce0a05e79ad7e2aafec905db47273ce003b7,Iterative Decoding and Soft Interference Cancellation in Fast Frequency Hopping Multiuser System Using Clipped Combining,,Sohail Ahmed; S. Ng; Lie-liang Yang; L. Hanzo,10,,IEEE Wireless Communications and Networking Conference,2007.0,JournalArticle; Conference
3c8abf44d4a02475c12ea75e5be741ce9bfa30f9,Exact BER Analysis of OFDM Systems Communicating over Frequency-Selective Fading Channels Subjected to Carrier Frequency Offset,,Xiang Liu; L. Hanzo,21,,IEEE Vehicular Technology Conference,2007.0,JournalArticle; Conference
3cc313aaea903291202bb431a2a3bb35be74345e,Exact BER of Rectangular-Constellation Quadrature Amplitude Modulation Subjected to Asynchronous Co-Channel Interference and Nakagami-m Fading,,Xiang Liu; L. Hanzo,3,,IEEE Wireless Communications and Networking Conference,2007.0,JournalArticle; Conference
422a63623d5f3fad53c6dfb848147a9e4d5a699d,Soft Decoding Assisted Interference Cancellation in a Non-Binary LDPC Coded Fast Frequency Hopping Multiuser System Using Product Combining,,Sohail Ahmed; Lie-liang Yang; L. Hanzo; F. Guo,4,,IEEE Vehicular Technology Conference,2007.0,JournalArticle; Conference
4951dc4b4cc7b7ad685914933dfc77e16eb97a1c,Fading Performance Evaluation of Adaptive MSER Beamforming Receiver for QAM Systems,,A. Livingstone; Sheng Chen; L. Hanzo,0,,IEEE International Conference on Communications,2007.0,JournalArticle; Conference
4d0700d45340bd2333532510fc15ea978e90b4b2,Equivalent-Capacity-Based Design of Space-Time Block-Coded Sphere-Packing-Aided Multilevel Coding,,R. Tee; Osamah Alamri; S. Ng; L. Hanzo,1,,IEEE International Conference on Communications,2007.0,JournalArticle; Conference
4ef90afecf523fb8e5d18024553d84eacac8c2af,Luby Transform Coding Aided Bit-Interleaved Coded Modulation for the Wireless Internet,,R. Tee; Thanh Dang Nguyen; S. Ng; Lie-liang Yang; L. Hanzo,10,,IEEE Vehicular Technology Conference,2007.0,JournalArticle; Conference
506cd07d359ac55c7be137a64ef416e4496f26e1,Lossley Synchronized Spreading Code Aided Network Performance of Quasi-Synchonous UTRA-like TDD/CDMA Systems,,S. Ni; W. Hua; L. Hanzo,0,,,2007.0,
51159b7112552a6b915132a82abb292fa815e280,Wideband Speech Coding,,L. Hanzo; F. Somerville; J. Woodard,6,,,2007.0,
5887c249931267f11dd0a9aaaef1e29b686b4d95,Near-Capacity Turbo Trellis Coded Modulation Design,,S. Ng; Osamah Alamri; Yonghui Li; L. Hanzo,5,,IEEE Vehicular Technology Conference,2007.0,JournalArticle; Conference
5a03cebd235bd19cc486ab615b1c234bf2dc97f9,Joint Maximum Likelihood Channel Estimation and Data Detection for MIMO Systems,,Mohammed Abuthinien; Sheng Chen; A. Wolfgang; L. Hanzo,33,,IEEE International Conference on Communications,2007.0,JournalArticle; Conference
5f67477596585d538437e13d3a78c7494b3c0361,Near-Instantaneously Adaptive Cooperative Uplink Schemes Based on Space-Time Block Codes and V-Blast,,M. El-Hajjar; S. Zummo; L. Hanzo,12,,IEEE Vehicular Technology Conference,2007.0,JournalArticle; Conference
66cc6c00039e54a0da80acbaa258750b656bea89,Iteratively Decoded Variable Length Space-Time Coded Modulation: Code Construction and Convergence Analysis,,S. Ng; Jin Wang; M. Tao; Lie-liang Yang; L. Hanzo,30,,IEEE Transactions on Wireless Communications,2007.0,JournalArticle
6ac0d5c9307d814a127e66d14a0c605b2b7922b4,Downlink Steered Space-Time Spreading Assisted Generalised Multicarrier DS-CDMA Using Sphere-Packing-Aided Multilevel Coding,,M. El-Hajjar; R. Tee; Hu Bin; Lie-liang Yang; L. Hanzo,5,,IEEE Vehicular Technology Conference,2007.0,JournalArticle; Conference
6bcf8f97ad2cc86cd0db67a7dcca0571ac39761b,EXIT Chart Analysis of Low-Complexity Bayesian Turbo Multiuser Detection for Rank-Deficient Multiple Antenna Aided OFDM,,Lei Xu; Sheng Chen; L. Hanzo,2,,IEEE Vehicular Technology Conference,2007.0,JournalArticle; Conference
6d35e99591f88190cad5543528be7cc58564a796,Standard Speech Codecs,,L. Hanzo; F. Somerville; J. Woodard,1,,,2007.0,
70446c984f253751cd3ff43b0d34ed6153bb6a96,Iterative decoding convergence conditions for variable length error correcting codes and for their relatives,,R. Maunder; J. Kliewer; L. Hanzo,0,,,2007.0,
70f8127135411d05b3270709b2b33f604fb324e9,Adaptive Radial Basis Function Detector for Beamforming,,Sheng Chen; Khaled Labib; Rong Kang; L. Hanzo,5,,IEEE International Conference on Communications,2007.0,JournalArticle; Conference
7b7ccb8b6af9d7015a52e3726e4ab007d1b92bb3,Multiuser MIMO-OFDM for Next-Generation Wireless Systems,,M. Jiang; L. Hanzo,413,,Proceedings of the IEEE,2007.0,JournalArticle; Review
7f0c0c8a3d7905c67b9bd27d3f770a81e592cca8,Mellin Transform Based Performance Analysis of FFH M-ary FSK Using Product Combining Against Partial Band Noise Jamming,,Sohail Ahmed; Lie-liang Yang; L. Hanzo,2,,IEEE Vehicular Technology Conference,2007.0,JournalArticle; Conference
846711a5d57a324eeac767f578559b912541efc0,Amalgamated Generalized Low Density Parity Check and Luby Transform Codes for the Wireless Internet,,Thanh Dang Nguyen; F. Kuo; Lie-liang Yang; L. Hanzo,7,,IEEE Vehicular Technology Conference,2007.0,JournalArticle; Conference
87230f95b3d9e41f1a2fe3914a2ddaafb77494ad,Coherent and Differential Downlink Space-Time Steering Aided Generalised Multicarrier DS-CDMA,,M. El-Hajjar; Bin Hu; Lie-liang Yang; L. Hanzo,10,,IEEE Transactions on Wireless Communications,2007.0,JournalArticle
89f252c577eed62c8e2e51be50a8a0b3ddd06caa,Systematic Luby Transform Codes and Their Soft Decoding,,Thanh Dang Nguyen; Lie-liang Yang; L. Hanzo,70,,IEEE Workshop on Signal Processing Systems,2007.0,JournalArticle
8a3268c15e7ffba4fba421d87e1ddb7d8902f3d1,Decision Directed Channel Estimation Aided OFDM Employing Sample-Spaced and Fractionally-Spaced CIR Estimators,,J. Akhtman; L. Hanzo,45,,IEEE Transactions on Wireless Communications,2007.0,JournalArticle
9159fb01f54e6010f82b0fc30457025aad1be4d7,"Next-Generation Wireless Multimedia Transceivers in the Turbo Era,",,L. Hanzo,0,,,2007.0,
91de90717592fe0310b127aed235bbce5f419878,Multi-Functional Antenna Array Assisted MC DS-CDMA Using Downlink Preprocessing Based on Singular Value Decomposition,,Chong Xu; B. Hu; Lie-liang Yang; L. Hanzo,5,,IEEE Vehicular Technology Conference,2007.0,JournalArticle; Conference
92ad37d670808647cbb5f7505ee5230007fbe001,Tutorial 3: Near-Capacity Wireless Multimedia Communications in the Iterative Detection Era,,L. Hanzo,0,,,2007.0,Review
96ef58d06fb533ded7ea9c1c136fe297e8e52654,Saga of the Four MIMOs,,L. Hanzo,0,,,2007.0,
96f301592afa3792c7d07835ab4461463a823c52,Iteratively Detected Irregular Variable Length Coding and Sphere-Packing Modulation-Aided Differential Space-Time Spreading,,M. El-Hajjar; R. Maunder; Osamah Alamri; S. Ng; L. Hanzo,6,,IEEE Vehicular Technology Conference,2007.0,JournalArticle; Conference
97d45d63d8afb979131a914370dc74d7d357dd07,Channel Prediction Aided Coded Modulation Assisted Eigen-Beamforming,,S. Ng; W. Liu; Lie-liang Yang; L. Hanzo,0,,IEEE Vehicular Technology Conference,2007.0,JournalArticle; Conference
98a3e4e32c8b95200760130b89b36564cd6c80bd,Advanced Channel Estimation for MIMO-OFDM in Realistic Channel Conditions,,J. Akhtman; L. Hanzo,23,,IEEE International Conference on Communications,2007.0,JournalArticle; Conference
9b40d916c72e64a0a38467060919983d892e274b,Joint channel prediction aided differentially encoded TTCM and BICMID assisted eigen-beamforming,,Wei Liu; S. Ng; Lie-liang Yang; L. Hanzo,0,,,2007.0,
9be0021fa52f2aead9e224ee4ecaf2afdec9602a,The Four MIMOs,,L. Hanzo,0,,,2007.0,
9cac23d8934d3c18196895adc16b9d3355f2bcc8,Speech Spectral Quantisation,,L. Hanzo; F. Somerville; J. Woodard,0,,,2007.0,
9d12f8f7aaa4a585fa492bd2352b6e0074b4586c,Clustering-Based Symmetric Radial Basis Function Beamforming,,Sheng Chen; Khaled Labib; L. Hanzo,17,,IEEE Signal Processing Letters,2007.0,JournalArticle
9e4a520328f92f0ab7d9ef666f26032902367ae1,Luby Transform Coding Aided Iterative Detection for Downlink SDMA Systems,,Chun-Yi Wei; Thanh Dang Nguyen; N. Wu; J. Akhtman; Lie-liang Yang; L. Hanzo,3,,IEEE Workshop on Signal Processing Systems,2007.0,JournalArticle
9fee62e6093ea2e9ec1406346591edb68c9ce991,Differentially Coherent Code Acquisition in the Multiple Transmit/Receive Antenna Assisted Multi-Carrier DS-CDMA Downlink,,S. Won; L. Hanzo,1,,IEEE Vehicular Technology Conference,2007.0,JournalArticle; Conference
a077374efb81bb859d5483388e5a403ebbd904f5,"Joint Source Coding, Unity Rate Precoding and FFH-MFSK Modulation Using Iteratively Decoded Irregular Variable Length Coding",,Sohail Ahmed; R. Maunder; Lie-liang Yang; S. Ng; L. Hanzo,10,,IEEE Vehicular Technology Conference,2007.0,JournalArticle; Conference
a204748067f5d903524610fe62dacb680bb5a218,Decision Directed Channel Estimation Employing Projection Approximation Subspace Tracking,,J. Akhtman; L. Hanzo,6,,IEEE Vehicular Technology Conference,2007.0,JournalArticle; Conference
a2dcb9526c55810da55a3e83dad5e003e71a7748,Near-Capacity Wireless Multimedia Communications,,L. Hanzo,0,,,2007.0,Review
a7297e854f6aabb4ae2193b4665770827906aa2c,The Voice over Internet Protocol,,L. Hanzo; F. Somerville; J. Woodard,0,,,2007.0,
acabbac86d70b6322a20eac3c4405c3035ab9ced,Enabling the Wireless Internet - Myths and Challenges,,L. Hanzo,0,,2007 IEEE International Conference on Signal Processing and Communications,2007.0,Conference
af637c23893bb3d87e2b3a4503be060b0d6bbd35,A Turbo Detection and Sphere-Packing-Modulation-Aided Space-Time Coding Scheme,,Osamah Alamri; B. Yeap; L. Hanzo,31,,IEEE Transactions on Vehicular Technology,2007.0,JournalArticle
b0354505f8d71c3220a157be4d1642560e0196db,Techniques to Enhance Spectral Efficiency of OFDM Wireless Systems,,Suvra Shekhar Das; E. Carvalho; P. Mogensen; L. Hanzo,11,,,2007.0,
b1686caa743371c692a3ea9b0eb4bcfab208620f,Analysis‐by‐Synthesis Principles,,L. Hanzo; F. Somerville; J. Woodard,0,,,2007.0,
b24929088c3ba2d74210ce9271c69ee6d8edeb4e,Ant-Colony-Based Multiuser Detection for MC DS-CDMA Systems,,Chong Xu; Lie-liang Yang; L. Hanzo,21,,IEEE Vehicular Technology Conference,2007.0,JournalArticle; Conference
b3dafa7fd3d1f42807d8d5c75fd629f9eddd2913,MBER Turbo Multiuser Beamforming Aided QPSK Receiver Design Using EXIT Chart Analysis,,Shuang Tan; Sheng Chen; L. Hanzo,4,,IEEE Vehicular Technology Conference,2007.0,JournalArticle; Conference
b6ad9c6bbc5e3455b9b7aff15dee8fe4317b634a,Overview of Low‐Rate Speech Coding,,L. Hanzo; F. Somerville; J. Woodard,0,,,2007.0,Review
bdf4f1827d11fb961ed41012422e6ad03ef30e1e,Iterative Receiver Architectures for MIMO-OFDM,,J. Akhtman; L. Hanzo,14,,IEEE Wireless Communications and Networking Conference,2007.0,JournalArticle; Conference
bfc858c845237567f363baf98a1b543fbf535238,Optimal Lattice-Reduction Aided Successive Interference Cancellation for MIMO Systems,,Kyungchun Lee; J. Chun; L. Hanzo,46,,IEEE Transactions on Wireless Communications,2007.0,JournalArticle
c386477222038445c3d6a6614e21838499a914a1,An Iterative Detection Aided Irregular Convolutional Coded Wavelet Videophone Scheme Using Reversible Variable-Length Codes and Map Equalization.,,Anh Quang Pham; Jin Wang; Lie-liang Yang; L. Hanzo,6,,IEEE Vehicular Technology Conference,2007.0,JournalArticle; Conference
c609320eb20c376cdc7f8c3f18c009187c46dd36,Mixed‐Multiband Excitation,,L. Hanzo; F. Somerville; J. Woodard,0,,,2007.0,
c7dc774d0c25cb49570bfa176c7d0341594a1ff7,"SVD-Aided, Iteratively Detected Spatial Division Multiplexing Using Long-Range Channel Prediction",,A. Ahrens; W. Liu; S. Ng; V. Kühn; Lie-liang Yang; L. Hanzo,4,,IEEE Workshop on Signal Processing Systems,2007.0,JournalArticle
c879550ff5c4d2e1d7826a487b2b297f5c34d5e6,Performance Analysis of Iteratively Decoded Variable-Length Space-Time Coded Modulation,,S. Ng; W. Liu; Jin Wang; M. Tao; Lie-liang Yang; L. Hanzo,1,,IEEE International Conference on Communications,2007.0,JournalArticle; Conference
c888dccbec31402c9e44a72ee0a15643f6c0b53b,Parallel interference cancellation based turbo space-time equalization in the SDMA uplink,,A. Wolfgang; Sheng Chen; L. Hanzo,15,,IEEE Transactions on Wireless Communications,2007.0,JournalArticle
c9948d818e7fe366e60a53469200424390c580e4,Joint Optimization of Iterative Source and Channel Decoding Using Over-Complete Source-Mapping,,Anh Quang Pham; Lie-liang Yang; L. Hanzo,15,,IEEE Vehicular Technology Conference,2007.0,JournalArticle; Conference
cb78879ce6ec2bbbe9ecd030d418e14c5f5866f8,Layered Steered Space-Time Codes Using Iterative Detection,,M. El-Hajjar; Osamah Alamri; L. Hanzo,4,,IEEE Workshop on Signal Processing Systems,2007.0,JournalArticle
cdf3b231bbf3b351d30aca9cab99d25718b14157,Voice and Audio Compression for Wireless Communications,,L. Hanzo; Clare A. Somerville; J. Woodard,82,,,2007.0,Review
cf552de99379a2e813def89067bc33d236312385,Adaptive Differential Space-Time-Spreading-Assisted Turbo-Detected Sphere Packing Modulation,,M. El-Hajjar; Osamah Alamri; L. Hanzo,2,,IEEE Wireless Communications and Networking Conference,2007.0,JournalArticle; Conference
cfb04a063ce1d812a393eef84494b7b0fd1c9a4c,Low‐Complexity Techniques,,L. Hanzo; P. Cherriman; J. Streit,0,,,2007.0,
d2cb6fa6fa6560c541beac02e70a446d5c7bd648,Conclusions on Low‐Rate Coding,,L. Hanzo; F. Somerville; J. Woodard,0,,,2007.0,Review
d6335b6787f693549261e1b9e9ae1bc0f61367b1,MPEG-4 Audio Compression and Transmission,,L. Hanzo; Clare A. Somerville; J. Woodard,0,,,2007.0,Review
d734911e57f06608bdf96413d473665f946209b4,Iteratively Decoded Irregular Variable Length Coding and Trellis Coded Modulation,,R. Maunder; Jin Wang; S. Ng; Lie-liang Yang; L. Hanzo,13,,IEEE Workshop on Signal Processing Systems,2007.0,JournalArticle
d7cf83c5b2316ccc49fe8e1dfdda0902fa9fbf05,Channel Impulse Response Tap Prediction for Time-Varying Wireless Channels,,J. Akhtman; L. Hanzo,10,,IEEE Transactions on Vehicular Technology,2007.0,JournalArticle
dab54c3c065787cca5b19d4cae7e4eb33e78b944,A Unified Exact BER Performance Analysis of Asynchronous DS-CDMA Systems Using BPSK Modulation over Fading Channels,,Xiang Liu; L. Hanzo,6,,IEEE Transactions on Wireless Communications,2007.0,JournalArticle
de3eb30872205bd56d60b67c5ce7054dd9cbe8e8,Performance of Relay-Assisted DS-CDMA Conflicting Multiuser/Inter-Relay Interference in Nakagami-m Fading Channels,,W. Fang; Lie-liang Yang; L. Hanzo,6,,IEEE Vehicular Technology Conference,2007.0,JournalArticle; Conference
e34a051b93928eb8dbacdd8862d54a99c709dafd,Wavelets and Pitch Detection,,L. Hanzo; F. Somerville; J. Woodard,0,,,2007.0,
e39c825f12d0385dae28f6ea59a3cf01f381c603,Diversity Combining for Fast Frequency Hopping Multiple Access Systems Subjected to Nakagami-m Fading,,Sohail Ahmed; Lie-liang Yang; L. Hanzo,8,,,2007.0,
e5104a3e45695709beba6a322b5d4eb9253e81a8,Accurate BER of MC-DS-CDMA over Rayleigh fading channels,,B. Smida; L. Hanzo; S. Affes,6,,"International Conference on Multimedia Communications, Services and Security",2007.0,JournalArticle
e52d78cce4249c333755ff7e8d0837fb4c742a5f,Comparison of Speech Codecs and Transceivers,,L. Hanzo; F. Somerville; J. Woodard,0,,,2007.0,
e5bd1ee3ef82cba6a2f963e7fba1f35563f16dd2,Reduced-Complexity Near-Maximum-Likelihood Detection for Decision Feedback Assisted Space-Time Equalization,,A. Wolfgang; J. Akhtman; Sheng Chen; L. Hanzo,8,,IEEE Transactions on Wireless Communications,2007.0,JournalArticle
e808ef6d88a597a7e718393b7ebaaeb2f997d8e1,Space-time decision feedback equalisation using a minimum bit error rate design for single-input multiple-output channels,,Sheng Chen; A. Wolfgang; Y. Shi; L. Hanzo,6,,IET Communications,2007.0,JournalArticle
eb3ac2595bb38a06beee28b1d0d16ddb860b1f26,Turbo Decoding and Detection for Wireless Applications,,L. Hanzo; J. Woodard; P. Robertson,67,,Proceedings of the IEEE,2007.0,JournalArticle; Review
ed1b3335fd0ef3069ee0334303a1944a13de1684,Iteratively detected multi-carrier interleave division multiple access,,Rong Zhang; L. Hanzo,41,,,2007.0,
f04f1afe4a08772bba3b769c1b0c24fb3eb9ba36,Constant modulus algorithm aided soft decision directed scheme for blind space-time equalisation of SIMO channels,,Sheng Chen; A. Wolfgang; L. Hanzo,21,,Signal Processing,2007.0,JournalArticle
f6ea012ccca139cc1c6890316880455a22bd8dca,A survey of QoS routing solutions for mobile ad hoc networks,,L. Hanzo; R. Tafazolli,350,,IEEE Communications Surveys and Tutorials,2007.0,JournalArticle; Review
f85a1dd8a3ba95e4bbc01bac5753905f7ca354ac,Single-User Performance of Relay-Assisted DS-CDMA with Power Allocation and Inter-Relay Interference Suppression,,W. Fang; Lie-liang Yang; L. Hanzo,8,,IEEE Vehicular Technology Conference,2007.0,JournalArticle; Conference
06a47ada9b993f157d49155200ff1570dcc63598,Iterative MIMO Detection for Rank-Deficient Systems,,A. Wolfgang; J. Akhtman; Sheng Chen; L. Hanzo,13,,IEEE Signal Processing Letters,2006.0,JournalArticle
0749a736a839e40d5597c5e5b9d674803ac91d4e,Iterative Soft Interference Cancellation Aided Minimum Bit Error Rate Uplink Receiver Beamforming,,Shuang Tan; Lei Xu; Sheng Chen; L. Hanzo,6,,IEEE Vehicular Technology Conference,2006.0,JournalArticle; Conference
092a954ff2f252de2b7d5c496a57574b47ad41ce,A redundant residue number system coded burst-by-burst adaptive joint-detection based CDMA speech transceiver,,H. T. How; T. Liew; E. Kuan; Lie-liang Yang; L. Hanzo,18,,IEEE Transactions on Vehicular Technology,2006.0,JournalArticle
0acd4cbbdeb54dd19e82e685febc1bffd68b9e3c,Genetic Algorithm Aided Joint Channel Estimation and MUD for SDMA OFDM,,L. Hanzo; T. Keller,1,,,2006.0,
117e1d8d289e9dd0691a959a181f620c31c0124c,MBER Space-Time Decision Feedback Equalization Assisted Multiuser Detection for Multiple Antenna Aided SDMA Systems,,Sheng Chen; L. Hanzo; A. Livingstone,42,,IEEE Transactions on Signal Processing,2006.0,JournalArticle
16b678f870c9fcf7afda9123fa4ea2e26cdc3f92,An Iterative Detection Aided Unequal Error Protection Wv avelet Video Scheme Using Irregular Convolutional Codes,,Anh Quang Pham; Jin Wang; Lie-liang Yang; L. Hanzo,9,,IEEE Vehicular Technology Conference,2006.0,JournalArticle; Conference
1be93014386362686d0931b535243e03ca0b6008,Combined Serially Concatenated Codes and MMSE Equalization: An EXIT Chart Aided Perspective,,Jin Wang; S. Ng; Lie-liang Yang; L. Hanzo,16,,IEEE Vehicular Technology Conference,2006.0,JournalArticle; Conference
1d45a126fe7d79968bc0164add51434e787e7cd2,Subspace-Based Blind and Group-Blind Space-Time Multiuser Detection for the Generalized Multicarrier DS-CDMA Uplink,,B. Hu; Lie-liang Yang; L. Hanzo,3,,IEEE Vehicular Technology Conference,2006.0,JournalArticle; Conference
29719de5c794359ca1b9be24223f5dbb669745d1,Linear beamforming assisted receiver for binary phase shift keying modulation systems,,Sheng Chen; Shuang Tan; L. Hanzo,4,,"IEEE Wireless Communications and Networking Conference, 2006. WCNC 2006.",2006.0,JournalArticle; Conference
3119db0b6c041d202090500240a4d2c005dffae5,On the uplink performance of LAS-CDMA,,Hua Wei; L. Hanzo,19,,IEEE Transactions on Wireless Communications,2006.0,JournalArticle
33ee08e1b7fb5b0627daf25bf2d307287cf0abe1,Exact BER Calculation of Asynchronous DS-CDMA Systems Communicating over Hoyt Channels,,X. Liu; L. Hanzo,2,,2006 IEEE Ninth International Symposium on Spread Spectrum Techniques and Applications,2006.0,
35711666a1b77097773a29c19f56a6b240b16630,An Optimized-Hierarchy-Aided Maximum Likelihood Detector for MIMO-OFDM,,J. Akhtman; L. Hanzo,22,,IEEE Vehicular Technology Conference,2006.0,JournalArticle; Conference
37fa267532c94e3dc4cca4d92d425d90adae3d04,"Wireless Multimedia Communications: A Telepresence Paradigm for Anyone, Anywhere, or the Dawn of the Worl Wide Wait",,L. Hanzo,0,,,2006.0,
3882ce834835b2230753106bce9a0fb2e4610925,Inter-Carrier Interference Analysis of OFDM Systems Communicating Over Rapidly-Fading Nakagami-m Channels,,Jianming Zhang; Lie-liang Yang; Xiang Liu; L. Hanzo,7,,2006 IEEE Ninth International Symposium on Spread Spectrum Techniques and Applications,2006.0,
3b494b38218d79cf29a04f3a079f1ad06f175b9d,Multiuser detection assisted time- and frequency-domain spread multicarrier code-division multiple-access,,Lie-liang Yang; W. Hua; L. Hanzo,29,,IEEE Transactions on Vehicular Technology,2006.0,JournalArticle
3dcfaf1eebdd520ccb8ac22c27e58624afb3e736,Recurrent Neural Network Based Narrowband Channel Prediction,,W. Liu; Lie-liang Yang; L. Hanzo,51,,IEEE Vehicular Technology Conference,2006.0,JournalArticle; Conference
440a2cb0ce63a47b1f53403df92ba103712ffa2d,Exact BER of rectangular-constellation QAM subjected to asynchronous co-channel interference and Nakagami-m fading,,X. Liu; L. Hanzo,6,,,2006.0,
4579346baf3a93ec5922209b4a4a593ec9a9e04b,"Burst-by-burst adaptive decision feedback equalized TCM, TTCM, and BICM for H.263-assisted wireless video telephony",,S. Ng; J. Y. Chung; P. Cherriman; L. Hanzo,20,,IEEE transactions on circuits and systems for video technology (Print),2006.0,JournalArticle
480affc13b49bbeae1e113ee5f3ba6d1ec5a76e5,Serially Concatenated Luby Transform Coding and Bit-Interleaved Coded Modulation Using Iteratlive Decoding for the Wireless Internet,,R. Tee; Thanh Dang Nguyen; Lie-liang Yang; L. Hanzo,25,,IEEE Vehicular Technology Conference,2006.0,JournalArticle; Conference
4954e81133fdccc53f91c128f20eb7b7f76d7364,Generalized Low-Density Parity-Check Coding Aided Multilevel Codes,,R. Tee; F. Kuo; L. Hanzo,2,,IEEE Vehicular Technology Conference,2006.0,JournalArticle; Conference
4b89deaaa6805349f8d2de8fd4d21ed4afe28b92,Interference-Mitigating Waveform Design for Next-Generation Wireless Systems,,L. Hanzo,2,,,2006.0,
4cb48797a779c1df39a6335f88a889f404129f49,A Differential Turbo Detection Aided Sphere Packing Modulaled Space-Time Coding Scheme,,Osamah Alamri; N. Wu; L. Hanzo,7,,IEEE Vehicular Technology Conference,2006.0,JournalArticle; Conference
4fcf56be97dc25c33f2c1553099b0d21102af769,On the Computation of EXIT Characteristics for Symbol-Based Iterative Decoding,,J. Kliewer; S. Ng; L. Hanzo,14,,,2006.0,
514c15f5ddc8df1a647df46712b3aa830bfcbd1b,Joint Design of Twin-Antenna Assisted Space-Time Multilevel Sphere Packing Aided Coded Modulation,,R. Tee; Osamah Alamri; L. Hanzo,2,,IEEE Vehicular Technology Conference,2006.0,JournalArticle; Conference
52f2ae1b6b1ed973b2db66bce298207519373aba,Single-User Performance of Uplink DS-CDMA using Relay-Assisted Diversity,,W. Fang; Lie-liang Yang; L. Hanzo,9,,"IEEE International Symposium on Personal, Indoor and Mobile Radio Communications",2006.0,JournalArticle
5373dc297616aee420a8265dee6a8dd882da87d0,Multiuser MIMO-OFDM Systems using Subcarrier Hopping,,M. Jiang; L. Hanzo,6,,,2006.0,
56acb40bc2d84a061d7f85cf91ff43666b2f06d0,Downlink Space–Time Spreading Using Interference Rejection Codes,,Hua Wei; Lie-liang Yang; L. Hanzo,3,,IEEE Transactions on Vehicular Technology,2006.0,JournalArticle
57c7fd1e9a00291d3606a376155ddb32d4051fcd,Tutorial T2 Mayfair 2 Tutorial T4 Mayfair 3,,Xiaoming Fu; M. Dohler; G. Bauch; A. Burr; Wanzhi Qiu; Sebastien Roy; David L. Everitt; Leith Cambpell; P. Takis; R. Heath; T. Fulghum; Greg Martin; L. Hanzo; H. Aghvami,0,,,2006.0,Review
5aea6ce797c9bb3374445d822d48beac8a9602e2,Multiuser Decorrelating Based Long-Range Frequency-Domain Channel Transfer Function Prediction in Multicarrier DS-CDMA Systems,,Bin Hu; W. Liu; Lie-liang Yang; L. Hanzo,0,,,2006.0,
62584ee37a195146532960252bdcb724d84d8c86,Performance of Multi-antenna Array Assisted MC DS-CDMA Using Downlink Preprocessing Based on Singular Value Decomposition,,Chong Xu; Bin Hu; L. Hanzo,2,,,2006.0,
6654c5943aae789701ec57a8bd8ceaf0b6931857,Advances in Adaptive Spread-Spectrum Transceivers and Smart Antenna-Aided Networking,,L. Hanzo,0,,,2006.0,
6c245fd3d021f497135af5e923a8d2606bf2ad0b,In Quest of Affordable-Complexity Maximum Likelihood Detection,,L. Hanzo,0,,,2006.0,
6f96cc48f686d5c6c685c046c88bf968677a5c0e,NEAR-INSTANTANEOUSLY ADAPTIVE COOPERATIVE SCHEMES BASED ON MULTI-LAYER SPACE-TIME BLOCK CODES,,M. El-Hajjar; S. Zummo; L. Hanzo,0,,,2006.0,
702eea248ce902211a6ff0642555bd205823fd69,The Evolution of Spread-Spectrum Wireless Communications,,L. Hanzo,0,,,2006.0,
7318526cfaac0a9bab61aceb898926f3c4a054f8,Exact BER performance of asynchronous DS-CDMA systems using quadriphase spreading and QPSK modulation over rayleigh channels,,Xiang Liu; L. Hanzo,0,,"IEEE Wireless Communications and Networking Conference, 2006. WCNC 2006.",2006.0,JournalArticle; Conference
75badd986bd6c1b05f82441213421aae2f8fa247,Accurate BER Analysis of Asynchronous DS-CDMA Systems in Ricean Channels,,Xiang Liu; L. Hanzo,4,,IEEE Vehicular Technology Conference,2006.0,JournalArticle; Conference
76c45209b48dde1fc89a84166cd4757bcad1313c,Symbol-Flipping Based Decoding of Generalized Low-Density Parity-Check Coded Constructed over GF(q),,F. Kuo; L. Hanzo,0,,,2006.0,
7d0f2018dd96be59b8bf8775f7442a5f99afea6d,Near-optimum nonlinear soft detection for multiple-antenna assisted OFDM,,M. Jiang; J. Akhtman; L. Hanzo,1,,"IEEE Wireless Communications and Networking Conference, 2006. WCNC 2006.",2006.0,JournalArticle; Conference
7d1d607ca6a70e6568ac898e687294e8238e36ab,MCCDMA Performance in Synchronous Environments,,L. Hanzo; T. Keller,1,,,2006.0,
7dc88f913993e220f5627916e669d0dfa5a2e0ad,Low complexity approximate log-MAP detection for MIMO systems,,J. Akhtman; L. Hanzo,2,,"IEEE Wireless Communications and Networking Conference, 2006. WCNC 2006.",2006.0,JournalArticle; Conference
7e252a9840a5c3c8943167dd9edb4b17c3145604,On the MIMO channel capacity of multidimensional signal sets,,S. Ng; L. Hanzo,157,,IEEE Transactions on Vehicular Technology,2006.0,JournalArticle
7e323e4bae3f79aa2c376b603deedc0f2c065ea8,Serial Search Based Initial Code Acquisition in the Multiple Transmit/Receive Antenna Aided Multi-Carrier DS-CDMA Downlink,,S. Won; L. Hanzo,2,,2006 IEEE Ninth International Symposium on Spread Spectrum Techniques and Applications,2006.0,
7eace1c711ee6a64965284fa11d811c0a67d9c0d,Adaptive OFDM versus MC-CDMA for Next-Generation Wireless Systems,,L. Hanzo,0,,,2006.0,
88fefbd1dc7eefb8504d9d4576e95760123ddd6d,Iterative Eualization and Source Decod'ing for Vector Quantized Sources,,Lie-liang Yang; Jin Wang; R. Maunder; L. Hanzo,3,,IEEE Vehicular Technology Conference,2006.0,JournalArticle; Conference
8a2af98844088829242609131200236be4d525a3,Conclusion and Further Research Problems,,L. Hanzo; T. Keller,0,,,2006.0,
8ab27f38d557cd70c87a78e7659877d176a7e9d5,Reduced-Complexity Maximum-Likelihood Detection in Downlink SDMA Systems,,J. Akhtman; Chun-Yi Wei; L. Hanzo,2,,IEEE Vehicular Technology Conference,2006.0,JournalArticle; Conference
8b0d9e5da35aafa4efdd8ba6b3f118bce60c451a,Minimum bit-error rate design for space-time equalization-based multiuser detection,,Sheng Chen; A. Livingstone; L. Hanzo,68,,IEEE Transactions on Communications,2006.0,JournalArticle
8d87ec059fa989d54b776924f8951b5729c17d57,Differentially coherent code acquisition in the multiple transmit/receive antenna aided DS-CDMA downlink,,S. Won; L. Hanzo,2,,"IEEE Wireless Communications and Networking Conference, 2006. WCNC 2006.",2006.0,JournalArticle; Conference
8dc7be87d5dccee4d5640e2600f9c290f44211ff,Advanced Wireless Networking and Cross-Layer Optimization Using Adaptive MIMO-aided Transceivers,,L. Hanzo,0,,,2006.0,
901244e0519c73dec9c77955f886007e561df464,Advanced wireless networking and cross-layer optimization: the myth of interference-free communications,,L. Hanzo,0,,,2006.0,
93d0bec03bdab9aa391c0813d22cbcab1b5cae3a,Performance limitation of subband adaptive equalisers,,H. Mohamad; Stephan Weiss; M. Rupp; L. Hanzo,2,,,2006.0,
94282f546b7a3ecfb399e9f4a97f92f1a4dc61a1,A purely symbol-based precoded and LDPC-coded iterative-detection assisted sphere-packing modulated space-time coding scheme,,Osamah Alamri; S. Ng; F. Guo; L. Hanzo,7,,"IEEE Wireless Communications and Networking Conference, 2006. WCNC 2006.",2006.0,JournalArticle; Conference
94ac664c84a2f8ca99dfbf01794d5a5ece5bce75,Adaptive MBER Space-Time DFE Assisted Multiuser Detection for SDMA Systems,,Sheng Chen; A. Livingstone; L. Hanzo,3,,IEEE Vehicular Technology Conference,2006.0,JournalArticle; Conference
9deb46eb17c56f8250811d45e2c19bfe728af915,Quality of Service Routing and Admission Control for Mobile Ad-hoc Networks with a Contention-based MAC Layer,,L. Hanzo; R. Tafazolli,25,,2006 IEEE International Conference on Mobile Ad Hoc and Sensor Systems,2006.0,JournalArticle; Conference
a1415d4a1530f3be9ea1a0bc7b638c80637ac059,On the Design of Turbo Trellis Coded Modulation Schemes Using Symbol-Based Exit Charts,,S. Ng; J. Kliewer; Osamah Alamri; L. Hanzo,8,,IEEE Vehicular Technology Conference,2006.0,JournalArticle; Conference
a22bae5841f44976445ef577cd1f6125757941ee,Space-time trellis and space-time block coding versus adaptive Modulation and coding aided OFDM for wideband channels,,T. Liew; L. Hanzo,31,,IEEE Transactions on Vehicular Technology,2006.0,JournalArticle
a2b41a147029090da02a672b9286e9f56c53fc83,Multilevel Generalised Low-Density Parity-Check Codes,,R. Tee; F. Kuo; L. Hanzo,1,,,2006.0,
a699c6e3d4a9a171142c69efda9232b44b2a39fd,A sphere-packing modulated space-frequency diversity aided FFH-assisted DSTBC system,,N. Wu; Sohail Ahmed; Osamah Alamri; Lie-liang Yang; L. Hanzo,1,,"IEEE Wireless Communications and Networking Conference, 2006. WCNC 2006.",2006.0,JournalArticle; Conference
a71ade038e4fbf2440c63d3be10c92f43c16b111,REDUCED-COMPLEXITY MAXIMUM- LIKELIHOOD DETECTION IN MULTIPLE-ANTENNA-AIDED MULTICARRIER SYSTEMS,,J. Akhtman; L. Hanzo,17,,,2006.0,
a92637b6cafc006dd9229a1b27e26055ea6e9996,Reduced complexity single-carrier maximum-likelihood detection for decision feedback assisted space-time equalization,,A. Wolfgang; J. Akhtman; Sheng Chen; L. Hanzo,0,,"IEEE Wireless Communications and Networking Conference, 2006. WCNC 2006.",2006.0,JournalArticle; Conference
a9e1888b9d03d014df84bb9985e3e97a79226a44,IEEE Communications Society Editorial Staff 2005,,B. Brahin; D. Taylor; C. Graham; S. Aissa; J. Andrews; V. K. Bhargave; H. Boelcskei; R. Buehrer; J. Cavers; I. Collings; A. Conti; F. Daneshgaran; T. Duman; J. S. Evans; Y. Fang; R. Fantacci; J. Garcia-Frías; D. Gesbert; T. Guess; Z. Haas; L. Hanzo; E. Hossain; J. Hou; H. Jafarkhani; D. Kim; V. Lau; K. B. Lee; K. K. Leung; V. Leung; G. Leus; H. Li; W. Liao; Y. Lin; N. Mandayam; A. Molisch; R. Murch; K. Narayanan; R. Negi; M. Saquib; S. Sarkar; M. Sawahashi; A. Scaglione; E. Serpedin; M. Shafi; A. Sheikh; X. Shen; O. Sunay; A. Svensson; A. Swami; C. Tellambura; Z. Tian; Jitendra Tugnait; M. Uysal; R. Valenzuela; L. Vandendorpe; G. Vitetta; X. Wang; K. Wong; H. Xu; H. Yanikomeroglu; W. Yu; J. Zhang; S. Zhou; W. Zhuang; M. Zorzi,0,,,2006.0,
aae1237af6a40a26f0b059fbb77f29ec5217d27a,Symmetric Radial Basis Function Network Equaliser,,Sheng Chen; A. Wolfgang; S. Benedetto; P. Dubamet; L. Hanzo,7,,,2006.0,
acae46288440adc4f0732530af9a87ea2aecf0e9,Precoder-aided iterative detection assisted multilevel coding and three-dimensional EXIT-chart analysis,,R. Tee; S. Ng; L. Hanzo,8,,"IEEE Wireless Communications and Networking Conference, 2006. WCNC 2006.",2006.0,JournalArticle; Conference
ae8f6f4e74ee421dd1a2b9fa45a35f14701cbf1e,Mellin Transform Based Performance Analysis of Fast Frequency Hopping Using Product Combining,,Sohail Ahmed; Lie-liang Yang; L. Hanzo,6,,IEEE Vehicular Technology Conference,2006.0,JournalArticle; Conference
ae984fa2a0fde4069d00a96c8992f050e9002e1c,Multi‐User OFDM Employing Genetic Algorithm Aided Minimum Bit Error Rate Multi‐User Detection,,M. Y. Alias; S. Chen; L. Hanzo,0,,,2006.0,
af03d21b5081df6b5cc6685b97c55e5275195ea6,Adaptive Minimum Symbol Error Rate Beamforming Assisted Receiver for Quadrature Amplitude Modulated Systems,,Sheng Chen; H.-Q. Du; L. Hanzo,12,,IEEE Vehicular Technology Conference,2006.0,JournalArticle; Conference
b8f92204781b6cff9f6849cf6877cbbe8fac0f8a,Concatenated Luby Transform Coding and Bit-Interleaved Coded Modulation Using Iterative Decoding for the Wireless Internet,,R. Tee; T. D. Nguyen; L. Yang; L. Hanzo,6,,,2006.0,
ba1961ae92ef8259b01bb1757ca14a8edcc1f3bb,Iterative Joint Channel Estimation and Symbol Detection for Multi-User MIMO OFDM,,M. Jiang; J. Akhtman; F. Guo; L. Hanzo,9,,IEEE Vehicular Technology Conference,2006.0,JournalArticle; Conference
bbf9702e77e4e3b3bbd371c525ec093f354b783f,Near-Instantaneously Adaptive HSDPA-Style Mobile Communications in the MIMO Era,,L. Hanzo,0,,,2006.0,
bc17acc734be80552ff6462a00be4cfb8ccccd9a,Differential space-time spreading using iteratively detected sphere packing modulation and two transmit antennas,,M. El-Hajjar; Osamah Alamri; L. Hanzo,13,,"IEEE Wireless Communications and Networking Conference, 2006. WCNC 2006.",2006.0,JournalArticle; Conference
bda3f5021a33a15d0c97fb0a563753d8db2d3df8,Hybrid iterative multiuser detection for channel coded space division multiple access OFDM systems,,M. Jiang; S. Ng; L. Hanzo,53,,IEEE Transactions on Vehicular Technology,2006.0,JournalArticle
c2e0ada194497b1ac569931cc9c14b8e7703d70c,OFDM Time and Frequency Domain Synchronisation,,L. Hanzo; T. Keller,0,,,2006.0,
c7c5d4c43cd3ed7d32aa4d15709832e754776ebb,On the performance of band-limited asynchronous DS-CDMA over nakagami-m channels,,Hua Wei; Lie-liang Yang; L. Hanzo,11,,IEEE Transactions on Wireless Communications,2006.0,JournalArticle
c809536ce2f783913cc4974dfc596d63a44ef80f,"Research Advances in Multi-User OFDM/MC-CDMA,",,L. Hanzo,0,,,2006.0,
c8bc927c6b266b794b7d1fc0b6c5a267052512d8,Differential space-time modulation schemes for smart antenna aided generalized multicarrier DS-CDMA systems,"Differential space-time modulation (DSTM) schemes were proposed for detection without any knowledge of the channel state information (CSI), which is an attractive feature in the presence of fast fading channels, where accurate channel estimation is a challenging task. In this contribution we invoke two DSTM schemes for improving the achievable performance in the downlink of a generalized MC DS-CDMA system employing smart antennas, namely the differential space-time spreading (DSTS) scheme and the differential steered space-time spreading (DSSTS) scheme. In the MC DS-CDMA system considered the transmitter employs multiple antenna arrays and each of the antenna arrays consists of several antenna elements. Furthermore, the generalized MC DS-CDMA system employs both time- and frequency (TF) domain spreading, where a user-grouping technique is employed for reducing the effects of multiuser interference",B. Hu; Lie-liang Yang; L. Hanzo,1,,"IEEE Wireless Communications and Networking Conference, 2006. WCNC 2006.",2006.0,JournalArticle; Conference
ceabe9a2c9e5f9fd3afee070e256b521889f896a,Accurate BER Analysis of QPSK Modulated Asynchronous DS-CDMA Systems Communicating over Rayleigh Channels,,Xiang Liu; L. Hanzo,3,,IEEE Vehicular Technology Conference,2006.0,JournalArticle; Conference
d312d151935f298103efad50f9a1937043fbb32f,Symbol-flipping based decoding of generalized low-density parity-check codes over GF(q),,F. Kuo; L. Hanzo,12,,"IEEE Wireless Communications and Networking Conference, 2006. WCNC 2006.",2006.0,JournalArticle; Conference
d4a6c882a8fb683b56d7f4a48b2a51df9c283d7e,Near-Capacity Three-Stage MMSE Turbo Equalization Using Irregular Convolutional Codes,,J. Wang; S. Ng; A. Wolfgang; Lie-liang Yang; Sheng Chen; L. Hanzo,32,,,2006.0,
d5ac402165a77424da8605a537c48cf3a808793d,Wireless Multimedia Turbo Transceivers,,L. Hanzo,0,,,2006.0,
d6eff67cee7771b282e363f0082af9a7fdd487ac,Initial and Post-Initial Acquisition in the Serial Search Based Noncoherent Multiple Transmit/Receive Antenna Aided DS-CDMA Downlink,,S. Won; L. Hanzo,6,,IEEE Vehicular Technology Conference,2006.0,JournalArticle; Conference
e098f03af9e21423ff78f619b53f954acd387d7a,Successive Interference Cancellation in Clipped and Product Combining aided FFH Multi-User Systems,,Sohail Ahmed; Lie-liang Yang; L. Hanzo,3,,IEEE Vehicular Technology Conference,2006.0,JournalArticle; Conference
e41aac857fd80740eb3008ec5a01248ebeef221c,Efficient Computation of EXIT Functions for Nonbinary Iterative Decoding,,J. Kliewer; S. Ng; L. Hanzo,91,,IEEE Transactions on Communications,2006.0,JournalArticle
e7aaac2cada73bab0f556f47a93706f6f850a90f,Basic Spreading Sequences,,L. Hanzo; T. Keller,1,,,2006.0,
e7fbd5309909cbd7caeea26239917b37bbd47f32,Three-Dimensional EXIT Chart Analys'is of Iteraltive Detecltion Aided Coded Modulaltion Schemes,,R. Tee; S. Ng; L. Hanzo,7,,IEEE Vehicular Technology Conference,2006.0,JournalArticle; Conference
eb96f4bf236b8531e89576285f7e4e06423c8b31,Systematic redundant residue number system codes: analytical upper bound and iterative decoding performance over AWGN and Rayleigh channels,,T. Liew; Lie-liang Yang; L. Hanzo,24,,IEEE Transactions on Communications,2006.0,JournalArticle
f0ca3b345daa34b359843eb922b5773ffc724eea,Impact of the Line-of-Sight Propagation Component on the Orthogonality Factor of the Synchronous DS-CDMA Uplink,,Seung-Hoon Hwang; L. Hanzo,1,,IEICE transactions on communications,2006.0,JournalArticle
f884be42dfff77bce4e114fc8535ebe60710bdd9,OFDM Transmission over Gaussian Channels,,L. Hanzo; T. Keller,0,,,2006.0,
fa0f337ca7fa60ac0f9731859175b8cc1bae98af,"World Telecommunications Congress 2006 embracing for the first time WTC/ISS and ISSLS ""Emerging Telecom Opportunities"" Budapest Congress & World Trade Center, Hungary 30 April - 3 May 2006",,M. Boda; A. Schaaf; P. Sindhu; V. Miguel; L. Hanzo; R. Cowie; Peter Janeck; Tim D. Stone; J. Cioffi; Michael Chamberlain; Rick Missault; G. Roda; R. Jafari; Herbert Mueller; W. Schmitz; C. Mendler; Oscar Gestblom; E. Ab; D. Payne,0,,,2006.0,
fd390d7abc69ffd3293eebae4630f74dab731740,Multiluser Decorrelating Based Long-Range Frequency-Domain Channel Transfer Function Prediction in Multicarrier DS-CDMA Systems,,Bin Hu; Wei Liu; Lie-liang Yang; L. Hanzo,1,,2006 IEEE Ninth International Symposium on Spread Spectrum Techniques and Applications,2006.0,
032fbbc9a92dbb1ba74096af14b9685c0e738ffd,Adaptive minimum bit-error rate beamforming,,Sheng Chen; N. N. Ahmad; L. Hanzo,129,,IEEE Transactions on Wireless Communications,2005.0,JournalArticle
0460d34ec9918f0384ae75563c6e7707a6be952d,Differential acquisition of m-sequences using recursive soft sequential estimation,,Lie-liang Yang; L. Hanzo,5,,,2005.0,
0b2173544a80775138024ec686f1d7bbae64b1b3,Decision feedback aided bayesian turbo space-time equalizer for parallel interference cancellation in SDMA systems,,A. Wolfgang; S. Chen; L. Hanzo,2,,"VTC-2005-Fall. 2005 IEEE 62nd Vehicular Technology Conference, 2005.",2005.0,Conference
20c6f3e19f682814dfd12faaf8fa81e0d2904983,A robust nonlinear beamforming assisted receiver for BPSK signalling,,Sheng Chen; A. Wolfgang; L. Hanzo,1,,"VTC-2005-Fall. 2005 IEEE 62nd Vehicular Technology Conference, 2005.",2005.0,Conference
262e21ba7e03abe31084a22284f54f475e13eaae,Analysis of serial search based code acquisition in the multiple transmit antenna aided DS-CDMA downlink,,S. Won; L. Hanzo,3,,"VTC-2005-Fall. 2005 IEEE 62nd Vehicular Technology Conference, 2005.",2005.0,Conference
2688ce5520f985c7c659e10489f9070850b9af94,Adaptive Space-Time-Spreading-Assisted Wideband CDMA Systems Communicating over Dispersive Nakagami- Fading Channels,"In this contribution, the performance of wideband code-division multiple-access (W-CDMA) systems using space-time-spreading- (STS-) based transmit diversity is investigated, when frequency-selective Nakagami- fading channels, multiuser interference, and background noise are considered. The analysis and numerical results suggest that the achievable diversity order is the product of the frequency-selective diversity order and the transmit diversity order. Furthermore, both the transmit diversity and the frequency-selective diversity have the same order of importance. Since W-CDMA signals are subjected to frequency-selective fading, the number of resolvable paths at the receiver may vary over a wide range depending on the transmission environment encountered. It can be shown that, for wireless channels where the frequency selectivity is sufficiently high, transmit diversity may be not necessitated. Under this case, multiple transmission antennas can be leveraged into an increased bitrate. Therefore, an adaptive STS-based transmission scheme is then proposed for improving the throughput of W-CDMA systems. Our numerical results demonstrate that this adaptive STS-based transmission scheme is capable of significantly improving the effective throughput of W-CDMA systems. Specifically, the studied W-CDMA system's bitrate can be increased by a factor of three at the modest cost of requiring an extra 0.4 dB or 1.2 dB transmitted power in the context of the investigated urban or suburban areas, respectively.",Lie-liang Yang; L. Hanzo,14,,EURASIP Journal on Wireless Communications and Networking,2005.0,JournalArticle
2cb20c2ec93fe04697fb24c133b034966e4d0f47,Erasure insertion in RS-coded SFH MFSK subjected to tone jamming and Rayleigh fading,,Sohail Ahmed; Lie-liang Yang; L. Hanzo,15,,"VTC-2005-Fall. 2005 IEEE 62nd Vehicular Technology Conference, 2005.",2005.0,JournalArticle; Conference
3d1d486ec7bd29596c7d9b6392f69f32b433efbd,Effects of rate adaptation on the throughput of random ad hoc networks,,Xiang Liu; L. Hanzo,4,,"VTC-2005-Fall. 2005 IEEE 62nd Vehicular Technology Conference, 2005.",2005.0,Conference
3fe2da3a3156ebfce56dc799c52db0216b48c79e,Multiple-antenna-aided OFDM employing genetic-algorithm-assisted minimum bit error rate multiuser detection,,M. Y. Alias; Sheng Chen; L. Hanzo,73,,IEEE Transactions on Vehicular Technology,2005.0,JournalArticle
42430b5cfdfe1143f96a5758ec764a843a2dc5bd,"Turbo-detected unequal protection audio and speech transceivers using serially concantenated convolutional codes, trellis coded modulation and space-time trellis coding",,N. S. Othman; S. Ng; L. Hanzo,2,,"VTC-2005-Fall. 2005 IEEE 62nd Vehicular Technology Conference, 2005.",2005.0,Conference
45a6f96545df4486542b4f12e797716435859a40,A space-time spreading assisted multicarrier DS-CDMA system using OVSF codes employing adaptive mode switching thresholds and adaptive modulation,,H. Wei; L. Yang; L. Hanzo,0,,"VTC-2005-Fall. 2005 IEEE 62nd Vehicular Technology Conference, 2005.",2005.0,Conference
479a0ed52ce414c34e8b69fcdaac6cf7ebed4107,Parallel-interference-cancellation-assisted decision-directed channel estimation for OFDM systems using multiple transmit antennas,,M. Münster; L. Hanzo,33,,IEEE Transactions on Wireless Communications,2005.0,JournalArticle
5034a868b10f2c419343b16fa8e4e4a49c67ce75,Adaptive minimum bit error rate beamforming assisted receiver for QPSK wireless communication,,Sheng Chen; L. Hanzo; N. N. Ahmad; A. Wolfgang,30,,Digit. Signal Process.,2005.0,JournalArticle
514d947acc9c5fe850975f2ec9950d27f12d1b4e,"Turbo-detected unequal protection MPEG-4 audio transceiver using convolutional codes, trellis coded modulation and space-time trellis coding",,N. S. Othman; S. Ng; L. Hanzo,2,,IEEE Vehicular Technology Conference,2005.0,Conference
53e9703c483a2b564d454104ff81d320cfa21f2f,"Iterative channel equalization, channel decoding and source decoding",,J. Wang; Lie-liang Yang; L. Hanzo,6,,IEEE Vehicular Technology Conference,2005.0,Conference
5ed7486897d4483ac5c374efdf8f5747a9f63edf,Reliability ratio based weighted bit-flipping decoding for LDPC codes,,F. Guo; L. Hanzo,21,,IEEE Vehicular Technology Conference,2005.0,Conference
6076c2ec4effc5974fbb639d1f004da8c1d6a96d,Turbo‐coded Partial‐response Modulation,,L. Hanzo; T. Liew; B. Yeap; R. Tee; S. Ng,0,,,2005.0,
63606d8e7d304132e1bccca57b2b64e6e28f80d3,Performance of broadband multicarrier DS-CDMA using space-time spreading-assisted transmit diversity,,Lie-liang Yang; L. Hanzo,62,,IEEE Transactions on Wireless Communications,2005.0,JournalArticle
6bb503c86cf1c4f4fda412b51b95434904ad9729,Performance of the smart antenna aided generalized multicarrier DS-CDMA downlink using both time-domain spreading and steered space-time spreading,,Bin Hu; Lie-liang Yang; L. Hanzo,9,,"VTC-2005-Fall. 2005 IEEE 62nd Vehicular Technology Conference, 2005.",2005.0,Conference
7499b55f763c5652d55c8173c426a5ea4dcfa4e2,Slow Frequency Hopping Assisted MC DS-CDMA Using Large Area Synchronised Spreading Sequences,,H. Wei; Lie-liang Yang; L. Hanzo,0,,,2005.0,
7a445b74c3dc179b75672325ea2804f233f85b3f,Performance of Synchronous Orthogonal Multicarrier DS-CDMA Systems in Dispersive Multipath Fading Channels,,Seung-Hoon Hwang; L. Hanzo,1,,,2005.0,
9787f01b88245748c6367dda1d1d883c21d5dece,MIMOs and the Sphere-Packing Saga,,L. Hanzo,0,,,2005.0,
9897f16f0677eedef2f2fad4fd513bb1214ef775,On the uplink performance of asynchronous LAS-CDMA,,H. Wei; L. Hanzo,2,,IEEE Vehicular Technology Conference,2005.0,Conference
99ef5b88a259a755a1d0bb9688ce47e384a5de98,Variable length space time coded modulation,,S. Ng; J. Wang; L. Yang; L. Hanzo,4,,"VTC-2005-Fall. 2005 IEEE 62nd Vehicular Technology Conference, 2005.",2005.0,Conference
9f4524214cf20be18a3a61bd336428559d4919a6,Iterative joint video and channel decoding in a trellis-based vector-quantized video codec and trellis-coded modulation aided wireless videophone,,R. Maunder; J. Kliewer; S. Ng; J. Wang; L. Yang; L. Hanzo,3,,"VTC-2005-Fall. 2005 IEEE 62nd Vehicular Technology Conference, 2005.",2005.0,Conference
a3f1d74e0983f1e79853fb33d0450b1285bf1e20,Advanced OFDM/MC-CDMA Research,,L. Hanzo,0,,,2005.0,
a73ef761c5ace225fba474d5f63bf8cdba063a10,Speech Coding for UMTS,,H. T. How; L. Hanzo,0,,,2005.0,
af5e401ccc472c91e6d8e18016e7ce461278c4b4,The Super‐Trellis Structure of Convolutional Constituent Code‐Based Turbo Codes,,M. Breiling; L. Hanzo; T. Liew; B. Yeap,0,,,2005.0,
b50f764f559dfd4ce149820fb32cd2eaf5d59811,Coding against spreading gain optimisation of nonbinary BCH coded CDMA system,,Hua Wei; L. Hanzo,3,,,2005.0,
b8d646d94e8bfa9f99692e37f06ef2de711c409a,Iterative Multi-User Detection for OFDM Using Biased Mutation Assisted Genetic Algorithms,,M. Jiang; L. Hanzo,1,,,2005.0,
c2ee0602168d161e65349c45cf7798641713cc52,"Full-rate, full-diversity adaptive space time block coding for transmission over Rayleigh fading channels",,S. Ng; B. Yeap; L. Hanzo,12,,IEEE Vehicular Technology Conference,2005.0,Conference
c4c28dbfcb3b7f7eee8dc70ae3c74cc96fb885e4,Introduction to OFDM/MC-CDMA,,L. Hanzo,0,,,2005.0,
c90077bc738ec6a1165a55c8f7f24a0b789e47e9,Genetic algorithm aided timeslot scheduling for UTRA TDD CDMA networks,,S. Ni; L. Hanzo,4,,,2005.0,
cec46c14f1d002a142a30d75c234123f320f0092,"In Pursuit of Interference-Free Networking: Smart Spreading Sequences, Genetic Enhancements and All That...",,L. Hanzo,0,,,2005.0,
cf8b891a3ab888252504ce891517567d2a85290d,Loosely Synchronised Spreading Code Aided Network Performance of Quasi-Synchronous UTRA-like TDD and FDD CDMA Systems,,S. Ni; Hua Wei; L. Hanzo,2,,,2005.0,
d1b8b23ba975e96e2d8ba83eae722646f8093192,A Stroll along Multi-carrier Boulevard to Next-Generation Plaza ( I ) — OFDM Background and History,,L. Hanzo; B. Choi; M. Münster,1,,,2005.0,
d7b82ec59ab8a7f04596e4a6bc601fbe71fee0f8,Performance of fractionally spread multicarrier CDMA in AWGN as well as slow and fast Nakagami-m fading channels,,Lie-liang Yang; L. Hanzo,21,,IEEE Transactions on Vehicular Technology,2005.0,JournalArticle
d88eb2394a52b0c4a56d2b81b9a27ca541502234,Multicarrier Next-Generation Systems,,L. Hanzo,0,,,2005.0,
daddb12881ea91d55ec25d25258dbed45bb75543,Advances in OFDM and MC-CDMA,,L. Hanzo,0,,,2005.0,
dedd804975cc3546588437d0f28e78bec59a8183,Blind Joint Maximum Likelihood Channel Estimation and Data Detection for Single-Input Multiple-Output Systems,,S. Chen; X. Yang; L. Hanzo,5,,,2005.0,
df3d45131240686f5ae7a623a3f693ae9cd039b0,Space–time Block Codes †,,L. Hanzo; T. Liew; B. Yeap; R. Tee; S. Ng,13,,,2005.0,
e19dd6538f8f0e39b6d9d6d4a512e24b5c9c769b,Near-Instantaneously Adaptive Wireless Video Communications: Beyond the Generation Game,,L. Hanzo,0,,,2005.0,
e72f464ded7ca1d1ec8d9a0c0fb9ee2f7b8e5908,LAS-CDMA using Various Time Domain Chip-Waveforms,,H. Wei; L. Hanzo,4,,,2005.0,
ea494adb2ccd4ad9c6372cdbb0ce46aef5754686,Genetically enhanced performance of a UTRA-like time-division duplex CDMA network,,S. Ni; L. Hanzo,3,,IEEE Vehicular Technology Conference,2005.0,Conference
f2645f280266bb166007fa7332204e615599dd14,Interference-free broadband single- and multicarrier DS-CDMA,,Hua Wei; Lie-liang Yang; L. Hanzo,50,,IEEE Communications Magazine,2005.0,JournalArticle
f5eddd72c62968845dc07c4c49fa972ffd88a2dd,"Turbo-detected unequal protection MPEG-4 wireless video telephony using multi-level coding, trellis coded modulation and space-time trellis coding",,S. Ng; J. Chung; L. Hanzo,33,,,2005.0,
f7a3fd8d8ffbd804660ff468899a4c07a0fb8f4d,Adaptive near minimum error rate training for neural networks with application to multiuser detection in CDMA communication systems,,Sheng Chen; A. Samingan; L. Hanzo,15,,Signal Processing,2005.0,JournalArticle
fb57b87c0d68aa63ec06f0a6f1d79d776fbfd76a,Wideband channel estimation and prediction in single-carrier wireless systems,,W. Liu; Lie-liang Yang; L. Hanzo,8,,IEEE Vehicular Technology Conference,2005.0,Conference
fe1190022703deb6e367f983c409145c4507e962,Turbo Equalisation for Space–time Trellis‐coded Systems,,L. Hanzo; T. Liew; B. Yeap; R. Tee; S. Ng,0,,,2005.0,Review
00921f98abd563233fa6e01474bd58e4d21f06b9,Coded Modulation Performance in Nondispersive,,L. Hanzo; S. Ng; T. Keller; W. Webb,0,,,2004.0,
03107d845036cfcd5ff96b3c0f7b4873e4b6be8d,Integrated Wireless Multimedia Turbo-Transceiver Design Approaching the Rayleigh Channel's Capacity: Interpreting Shannon's Lessons in the Turbo-Era,,S. Ng; J. Chung; L. Hanzo,1,,,2004.0,
059e59302eaa97a4bb49e64034d4806f229b015a,Time and Frequency Domain Synchronisation for OFDM,,L. Hanzo; S. Ng; T. Keller; W. Webb,0,,,2004.0,
06983828d9f7fb63a3739c52a6420d8d1bb0d77d,Kernel-based nonlinear beamforming construction using orthogonal forward selection with the fisher ratio class separability measure,,Sheng Chen; L. Hanzo; A. Wolfgang,29,,IEEE Signal Processing Letters,2004.0,JournalArticle
06f4bb73942c615d6a5e0128bc3f72ca5559c59f,A Stroll along Multi-Carrier Boulevard towards Next-Generation Plaza - Space-Time Coded Adaptive OFDM and MC-CDMA Comparison,,L. Hanzo; B. J. Choi; M. Münster,3,,,2004.0,
09115e24de01d25b8c71409e59603309d6d1007f,Reduced complexity I/Q turbo detection for space-time trellis-coded systems,,B. Yeap; L. Hanzo,3,,IEEE Transactions on Vehicular Technology,2004.0,JournalArticle
0a8bbee424b9363732ddef035e8850a628a0ec72,"Jointly optimised iterative source-coding, channel-coding and modulation for transmission over wireless channels",,S. Ng; F. Guo; J. Wang; L. Yang; L. Hanzo,6,,2004 IEEE 59th Vehicular Technology Conference. VTC 2004-Spring (IEEE Cat. No.04CH37514),2004.0,Conference
0c852f8e698baeeb3aee26af96f79bed3ab31d27,Acquisition of m-sequences using recursive soft sequential estimation,,Lie-liang Yang; L. Hanzo,0,,IEEE Transactions on Communications,2004.0,
0df85ddbf601729ec85bb51c920f0abb1b58db52,Introduction to Orthogonal Frequency Division Multiplexing,,L. Hanzo; T. Keller,9,,,2004.0,
0f415edabd8d179096b63230ecf08c7672adcbac,In pursuit of Interference-Free Wireless Communications,,L. Hanzo,0,,,2004.0,
13ead4cf8b6a41b13509d5d1b481c452b9fd1115,Adaptive wireless multimedia systems,,L. Hanzo,0,,,2004.0,
1b60c17dbd42f9f8f3c785bf92f17fe2f6e70e49,Genetic Algorithm Assisted Error Probability Optimisation for Beamforming,,A. Wolfgang; N. N. Ahmad; Sheng Chen; L. Hanzo,6,,,2004.0,
1d93a9edfa35abe0da056db793e49bff4c08afb3,The Myth and Realities of Interference-Immune Spreading Codes: Time- and Frequency-Domain Spreading Aided MC-DS-CDMA Transceivers,,W. Hua; L. Yang; L. Hanzo,0,,,2004.0,
1db10d1df3f5f5aedabb559d75c9a5c718e221c2,Area Spectral Efficiency of Adaptive Cellular QAM Systems,,L. Hanzo; S. Ng; T. Keller; W. Webb,0,,,2004.0,
22f55862e04b138f5c39c3135f784663b980caac,Initial Synchronization in Single and MultiCarrier DirectSequence Code Division MultipleAccess Systems,,L. Hanzo; L. Yang; E. Kuan; K. Yen,0,,,2004.0,
2a0af56e699f240158e3c5c58c2730c4dd4565bb,Joint Detection of CDMA Signals,,L. Hanzo; L. Yang; E. Kuan; K. Yen,0,,,2004.0,
2cd74a396c304d87d188186db7270fceb14eca6a,Blind per-survivor processing-based multiuser detection for channel-coded multicarrier DS-CDMA systems,,B. Yeap; F. Guo; E. Kuan; Hua Wei; L. Hanzo,2,,2004 IEEE 59th Vehicular Technology Conference. VTC 2004-Spring (IEEE Cat. No.04CH37514),2004.0,Conference
2da664c7ab726648e2b06b03e0a09a9e2b895450,Reduced-complexity near-optimum genetic algorithm assisted multiuser detection for synchronous multicarrier CDMA,,Hua Wei; L. Hanzo,20,,2004 IEEE 59th Vehicular Technology Conference. VTC 2004-Spring (IEEE Cat. No.04CH37514),2004.0,Conference
31ceaeb1348e5c639415cc5d990591a59a4bd30c,Adaptive QAM Techniques for Fading Channels,,L. Hanzo; S. Ng; T. Keller; W. Webb,0,,,2004.0,
33abdbe45cfbc198529a82c054adbbbdf842baf0,Joint iterative-detection of reversible variable-length coded Constant Bit Rate vector-quantized video and Coded Modulation,,S. Ng; R. Maunder; Jin Wang; Lie-liang Yang; L. Hanzo,9,,European Signal Processing Conference,2004.0,JournalArticle; Conference
3437bac4cf3474742b009f27aa6e79003eab3cf9,Joint source and channel (de)coding in 11G networks: the PHOENIX project,,E. Roddolo; G. Panza; C. Lamy-Bergot; P. Amon; M. Martini; G. Jeney; L. Hanzo; Jyrki Huusko,3,,,2004.0,
37a3f996fd153b1cbd5a1da8c539ddc238ed16d8,QAMBased Terrestrial and Satellite Video Broadcasting to Mobile and Stationary Receivers,,L. Hanzo; S. Ng; T. Keller; W. Webb,0,,,2004.0,
37da3fcf8e9defd029e0492e9da3321329e7c760,Iterative construction of reversible variable-length codes and variable-length error-correcting codes,,Jin Wang; Lie-liang Yang; L. Hanzo,32,,IEEE Communications Letters,2004.0,JournalArticle
3805d27982287b63ada43b3abdce917a39e4f182,Appendix B: Appendix to Chapter 16: Derivation of Eq.(16.37),,L. Hanzo; L. Yang; E. Kuan; K. Yen,0,,,2004.0,
383b3359792f78ad185d8e0eb8caa20d5dd7a402,Genetic-algorithm-assisted multiuser detection in asynchronous CDMA communications,,K. Yen; L. Hanzo,43,,IEEE Transactions on Vehicular Technology,2004.0,
3904f26ba63eb2f9773fe6514c98f5fcd9b46226,Star QAM Schemes for Rayleigh Fading Channels,,L. Hanzo; S. Ng; T. Keller; W. Webb,5,,,2004.0,
3da8eeb452980d4eb5ce94bb20b19ac538379d5b,Clock and Carrier Recovery Systems for QAM,,L. Hanzo; S. Ng; T. Keller; W. Webb,0,,,2004.0,
3e393d714a43d0c03b57f98dbab98d7f96e18ebd,Overview of Multicarrier CDMA,,L. Hanzo; L. Yang; E. Kuan; K. Yen,827,,,2004.0,Review
48a234f2d3ef400b745e56b07dab1104e8a2f13b,Adaptive DSCDMA Networking Using Variable Spreading Factors and Beamforming,,L. Hanzo; L. Yang; E. Kuan; K. Yen,1,,,2004.0,
4aab0c150fc7142bea81dc9a8ca422c259e12fa7,Coded Modulation and Space Time Block Coding Aided CDMA,,L. Hanzo; S. Ng; T. Keller; W. Webb,0,,,2004.0,
4b773b275b181bee092baf54dadc1428f2be9f99,AdaptiveRate Joint DetectionAided CDMA,,L. Hanzo; L. Yang; E. Kuan; K. Yen,0,,,2004.0,
4c51ae276a320215c6b64f6d2471f6833109d976,Acquisition of m-Sequences using Soft Sequential Estimation,,L. Yang; L. Hanzo,2,,,2004.0,
4cee67d6aa5df0f64634f7d6dc18417fc7f2e9f9,Reduced-complexity genetic algorithm aided and radial basis function assisted multiuser detection for synchronous CDMA,,Hua Wei; M. Yee; L. Hanzo,4,,European Signal Processing Conference,2004.0,JournalArticle; Conference
4f9bc985a2127f9940d2828c3d385f33d3830148,Radial basis function network assisted wide-band beamforming,,Andreas Wolfgang; Sheng Chen; L. Hanzo,1,,"IEEE 60th Vehicular Technology Conference, 2004. VTC2004-Fall. 2004",2004.0,Conference
4fcd8f44e584e38f4bebb1dcaff537ea73846595,Recital on multicarrier communications: space-time coded versus adaptive OFDM/MC-CDMA,,L. Hanzo; Lie-liang Yang; M. Munster; B. Choi,1,,SympoTIC '04. Joint 1st Workshop on Mobile Future & Symposium on Trends In Communications (IEEE Cat. No.04EX877),2004.0,Review
512d8bad54b89dfda3b160a2ba6d66e79ed61318,SpaceTime Coded Versus Adaptive QAMAided OFDM,,L. Hanzo; S. Ng; T. Keller; W. Webb,0,,,2004.0,
5144ad837ec9cb7dea88cd3faeffbb87af97b559,Generic MMSE Decision Directed Channel Estimation for OFDM and MC-CDMA,,J. Akhtman; L. Hanzo,0,,,2004.0,
51a3a4b98fc942b0e51ae382049056458014895d,OFDM Transmission over Wideband Channels,,L. Hanzo; T. Keller,1,,,2004.0,
53f44ba856cc83237902b0dc157932d60dc7a285,Performance of the Smart Antenna Aided Multicarrier DS-CDMA and its Uplink,,B. Hu; L. Yang; L. Hanzo,0,,,2004.0,
5543faad8c5b3a3d5f1fa43d0dd4ee708d085da1,"Advanced QAM: TurboEqualised Adaptive TCM, TTCM, BICM, BICMID and SpaceTime Coding Assisted OFDM and CDMA Systems",,L. Hanzo; S. Ng; T. Keller; W. Webb,0,,,2004.0,
55c5ac89a61193d25c6ea568e72a312417796e9d,"Quadrature Amplitude Modulation: From Basics to Adaptive Trellis-Coded, Turbo-Equalised and Space-Time Coded OFDM, CDMA and MC-CDMA Systems",,L. Hanzo; S. Ng; W. Webb; T. Keller,288,,,2004.0,
56016f41e11718ae409ad234edc23549a1518c69,"Iterative Parallel Interference Cancellation Using Convolutional Codes, Turbo Codes, LDPC Codes, TCM and TTCM",,L. Hanzo; L. Yang; E. Kuan; K. Yen,0,,,2004.0,
58f447c2c13d5603ba3074c636690ca540327f89,Turbo-coded adaptive modulation versus space-time trellis codes for transmission over dispersive channels,,T. Liew; B. Yeap; C. Wong; L. Hanzo,11,,IEEE Transactions on Wireless Communications,2004.0,JournalArticle
5a928f30c0753f7dffd4c49e7413a920cea4e3a2,Adaptive QAM Optimisation for OFDM and MCCDMA,,L. Hanzo; S. Ng; T. Keller; W. Webb,0,,,2004.0,
5c16ecb41ecac5df4400e33e1dd15b082f458a98,Appendix C: Appendix to Chapter 18,,L. Hanzo; L. Yang; E. Kuan; K. Yen,0,,,2004.0,
5c345671867f34ba67f4b856b51929056925984b,Turbo detection of channel-coded space-time signals using sphere packing modulation,,Osamah Alamri; B. Yeap; L. Hanzo,17,,"IEEE 60th Vehicular Technology Conference, 2004. VTC2004-Fall. 2004",2004.0,Conference
5eb0d3b557c9dc60c46646e0b30c95f8232c3abe,Coded modulation assisted radial basis function aided turbo equalization for dispersive Rayleigh-fading channels,,S. Ng; M. Yee; L. Hanzo,13,,IEEE Transactions on Wireless Communications,2004.0,JournalArticle
6204200e8a900c5a8934fff96a21fc18f4ec5cc7,Adaptive Single and Multiuser OFDM Techniques,,L. Hanzo; T. Keller,0,,,2004.0,
64e9e991ac78af5c7761f5cf40144a7bd6537bf2,List of Symbols in Part II of the Book,,L. Hanzo; L. Yang; E. Kuan; K. Yen,0,,,2004.0,
64f2b920b849413c04969140922826c94fbeb570,Low complexity non-binary LDPC and modulation schemes communicating over MIMO channels,,F. Guo; L. Hanzo,32,,"IEEE 60th Vehicular Technology Conference, 2004. VTC2004-Fall. 2004",2004.0,JournalArticle; Conference
654db688a5e496adafc4778071777bd3faf346be,Low-complexity channel estimation for OFDM and MC-CDMA,,J. Akhtman; L. Hanzo,2,,2004 IEEE 59th Vehicular Technology Conference. VTC 2004-Spring (IEEE Cat. No.04CH37514),2004.0,Conference
65bcc80c384018014f628bb90e98299ebf727ca5,Minimum mean square error single-user detection of SDMA signals transmitted over Nakagami fading channels,,Lie-liang Yang; L. Hanzo,1,,IEEE International Conference on Communications,2004.0,JournalArticle; Conference
662cd5a3a3c821f19b90b5ede80fa6cf441e23eb,Improved hybrid MMSE detection for turbo-trellis-coded modulation-assisted multi-user OFDM systems,,M. Jiang; L. Hanzo,7,,,2004.0,
67747f10c2615025c2c29ce4db22e7a2ae253648,Timing Recovery for Fading Channels,,L. Hanzo; S. Ng; T. Keller; W. Webb,0,,,2004.0,
6a19df27219d98d1a74ae635ac90fea2a7f8fe39,Wideband QAM Transmissions over Fading Channels,,L. Hanzo; S. Ng; T. Keller; W. Webb,0,,,2004.0,
6b2995ccb80441ce249cb5ab8459541847b27657,Classic QAM Modems for Bandlimited AWGN Channels,,L. Hanzo; S. Ng; T. Keller; W. Webb,0,,,2004.0,
70d2f1b5107c4a41c78411ddbe44c4e9ff760a5a,Coded Modulation Theory,,L. Hanzo; S. Ng; T. Keller; W. Webb,0,,,2004.0,
71398fb87e60fb49832216ad561b0ba29e34e087,Coded Modulation Assisted Channel Equalised Systems,,L. Hanzo; S. Ng; T. Keller; W. Webb,0,,,2004.0,
71eda0cb7d7b78b64025b9da075671cd604acd49,Reverse-link performance of synchronous cellular DS-CDMA networks in dispersive Rician multipath fading channels,,Seung-Hoon Hwang; L. Hanzo,0,,2004 IEEE 59th Vehicular Technology Conference. VTC 2004-Spring (IEEE Cat. No.04CH37514),2004.0,Conference
72b63974d747bff7c71b24a6c9e9d6b37cc31714,Nonlinear Multiantenna Detection Methods,"A nonlinear detection technique designed for multiple-antenna assisted receivers employed in space-division multiple-access systems is investigated. We derive the optimal solution of the nonlinear spatial-processing assisted receiver for binary phase shift keying signalling, which we refer to as the Bayesian detector. It is shown that this optimal Bayesian receiver significantly outperforms the standard linear beamforming assisted receiver in terms of a reduced bit error rate, at the expense of an increased complexity, while the achievable system capacity is substantially enhanced with the advent of employing nonlinear detection. Specifically, when the spatial separation expressed in terms of the angle of arrival between the desired and interfering signals is below a certain threshold, a linear beamformer would fail to separate them, while a nonlinear detection assisted receiver is still capable of performing adequately. The adaptive implementation of the optimal Bayesian detector can be realized using a radial basis function network. Two techniques are presented for constructing block-data-based adaptive nonlinear multiple-antenna assisted receivers. One of them is based on the relevance vector machine invoked for classification, while the other on the orthogonal forward selection procedure combined with the Fisher ratio class-separability measure. A recursive sample-by-sample adaptation procedure is also proposed for training nonlinear detectors based on an amalgam of enhanced-means clustering techniques and the recursive least squares algorithm.",Sheng Chen; L. Hanzo; A. Wolfgang,14,,EURASIP Journal on Advances in Signal Processing,2004.0,JournalArticle
7382030f88285116c244606ec9d45bf98f3ed88a,Square QAM for Rayleigh Fading Channels,,L. Hanzo; S. Ng; T. Keller; W. Webb,0,,,2004.0,
770a169430df5c2af495b6792d5ab968d877d453,"Iterative detection of diagonal block space time trellis codes, TCM and reversible variable length codes for transmission over Rayleigh fading channels",,S. Ng; F. Guo; L. Hanzo,7,,"IEEE 60th Vehicular Technology Conference, 2004. VTC2004-Fall. 2004",2004.0,JournalArticle; Conference
79a181f27b2776778b5ea8727f763706a10a00c4,SpaceTime SpreadingAssisted Broadband Multicarrier DSCDMA: System Design and Performance Analysis,,L. Hanzo; L. Yang; E. Kuan; K. Yen,0,,,2004.0,
7d79a68a46402f5f4596bb3a14edeb50ce005897,Redundant Residue Number System Coded Mary DSCDMA Using Orthogonal Modulation,,L. Hanzo; L. Yang; E. Kuan; K. Yen,0,,,2004.0,
7ebb832b3279264a22bf89768b6f16229f3952fc,Introduction to Intelligent Broadband Wireless Transceivers,,L. Hanzo; L. Yang; E. Kuan; K. Yen,0,,,2004.0,
7fa52a742f7efe0bf35382b54c0284e6675613fc,Joint Genetic AlgorithmAssisted Channel Estimation and MultiUser Detection,,L. Hanzo; L. Yang; E. Kuan; K. Yen,0,,,2004.0,
806c8be5c6c68d2256fcf1171f7018bd6fab2147,ReedSolomon Coded NonCoherent Mary Orthogonal Modulation in CDMA for Transmission Over Multipath Fading Channels,,L. Hanzo; L. Yang; E. Kuan; K. Yen,0,,,2004.0,
841216a95d63fc7f489776836cae37730e37b822,Basic QAM Techniques,,L. Hanzo; S. Ng; T. Keller; W. Webb,5,,,2004.0,
86a36ad5d206028782fd1938aefaa7d250929dc1,Nonlinear Multi-Antenna Detection Methods,,Sheng Chen; L. Hanzo; A. Wolfgang,7,,,2004.0,
8792f5d1c414b85946ed6d759cee9549bfee3bc8,"Genetic AlgorithmAssisted, Antenna DiversityAided MultiUser Detection",,L. Hanzo; L. Yang; E. Kuan; K. Yen,0,,,2004.0,
88b2d69b2dbc867b11cc8fa4a363e93ab7bc9a18,Coded Modulation Assisted CodeDivision Multiple Access,,L. Hanzo; S. Ng; T. Keller; W. Webb,0,,,2004.0,
88b593d88d30f1507a2925730a356305894898e4,On the MIMO channel capacity of multi-dimensional signal sets,,S. Ng; L. Hanzo,43,,"IEEE 60th Vehicular Technology Conference, 2004. VTC2004-Fall. 2004",2004.0,Conference
8abeee93a076a5b387746df904833c0fd6eb7449,Blind PerSurvivor ProcessingAided CDMA,,L. Hanzo; L. Yang; E. Kuan; K. Yen,0,,,2004.0,
8bd925a726d6c97746675df1976723ca998f172c,Radial basis function network assisted space-time equalisation for dispersive fading environments,,A. Wolfgang; Sheng Chen; L. Hanzo,15,,,2004.0,
8ff1877e00869a262f8b81cdcaef71cd79d66399,A Stroll along Multi-Carrier Boulevard towards Next-Generation Plaza - OFDM Background and History,,L. Hanzo; B. J. Choi; M. Münster,2,,,2004.0,
8ffebc25b18365cc9c11126f55a86c905db4223a,Semi-blind and group-blind multiuser detection for the MC-CDMA uplink,,Hua Wei; L. Hanzo,11,,2004 IEEE 59th Vehicular Technology Conference. VTC 2004-Spring (IEEE Cat. No.04CH37514),2004.0,Conference
9012ffcf46070fd191334e90fdda59d6c3acfeaa,Performance of space-division multiple-access systems communicating over Nakagami fading channels,,Lie-liang Yang; L. Hanzo,8,,2004 IEEE 59th Vehicular Technology Conference. VTC 2004-Spring (IEEE Cat. No.04CH37514),2004.0,Conference
907f7d6db91323a9ad97e0cf2c3cbcaf16111ba3,AdaptiveRate Interference CancellationAssisted CDMA,,L. Hanzo; L. Yang; E. Kuan; K. Yen,0,,,2004.0,
90b5fc1eba191d03f9c87b484d0e6a433f7a2e64,Genetic Algorithm Aided Radial Basis Function Assisted Multiuser Detection for Synchronous CDMA,,H. Wei; Yee; L. Hanzo,0,,,2004.0,
92fdae0c89978f1a6016796e2c6e5dba221a3af5,Book Summary and Conclusions,,L. Hanzo; L. Yang; E. Kuan; K. Yen,0,,,2004.0,
948494e1f2d1848936d402f0876c8d564739b7f2,On the uplink performance of band-limited DS-CDMA systems using RAKE-receiver over Nakagami-m channels,,H. Wei; L. Hanzo,3,,,2004.0,
95f12291da6bbf63caaba11e8f3e779eec152197,Turbo-detected unequal protection MPEG-4 wireless video telephony using trellis coded modulation and space-time trellis coding,,S. Ng; J. Chung; L. Hanzo,8,,,2004.0,
a2d1528962fc152558d0071dbf72042c13e8ec95,Adaptive minimum symbol-error-rate decision feedback equalization for multilevel pulse-amplitude modulation,,Sheng Chen; L. Hanzo; B. Mulgrew,56,,IEEE Transactions on Signal Processing,2004.0,JournalArticle
a30a848e20c853f791644a5a32987dcf3a86cd05,Introduction to Modems,,L. Hanzo; S. Ng; T. Keller; W. Webb,0,,,2004.0,
a39beac57455d1e645e952bbed9af3b5834f40b8,Turbo Transceivers for Wireless Communications,,L. Hanzo; T. Matsumoto,0,,,2004.0,
a7438c5b8475666413b4bc7cadc39a1273629a6a,Interference-Free Wireless Communications: The Myth and Potential of Spreading Codes Exhibiting an Interference-Free Window,,L. Hanzo,0,,,2004.0,
a75f68bb044b3570655c162d0e0a52c93ca27491,Acquisition of m-sequences using recursive soft sequential estimation,,Lie-liang Yang; L. Hanzo,33,,,2004.0,
ac0a12bcf4545c467f9addf693adde8dc1831558,Appendix A: Appendix to Chapter 5,,L. Hanzo; Y. Akhtman; Li Wang; M. Jiang,0,,,2004.0,
ac61488caaff5a0b19badde97d66141332c6dcc4,SpaceTime Spreading Aided SingleCarrier Wideband CDMA Communicating over Multipath Nakagami Fading Channels,,L. Hanzo; L. Yang; E. Kuan; K. Yen,1,,,2004.0,
b001b6ee3841a5fc0f57398b9c67f720749fa0fa,NonCoherent Mary Orthogonal Modulation in CDMA,,L. Hanzo; L. Yang; E. Kuan; K. Yen,0,,,2004.0,
b12117583c0da9e2a3ee36404e52b0af0006ef47,Block-Coded Adaptive OFDM,,L. Hanzo; S. Ng; T. Keller; W. Webb,0,,,2004.0,
b3b31f97ae6102a0abe5ae294671037342945505,Genetic AlgorithmAssisted MultiUser Detection for MulticarrierCDMA,,L. Hanzo; L. Yang; E. Kuan; K. Yen,0,,,2004.0,
b4e296797b08ad9d8dffec8477fd50edec8aa0f0,RADIAL BASIS FUNCTION NETWORK AIDED WIDE-BAND BEAMFORMING FOR DISPERSIVE FADING ENVIRONMENTS,,A. Wolfgang; S. Chen; L. Hanzo,0,,,2004.0,
c2763086cbd563e0affaa846eb8cc31ff3ca30d4,"Object: This course introduces you the fundamental aspects of wireless communications, which may help you understand and further tackle the issues in designing the robust mobile communication systems. The included projects help you learn by doing and find it interesting.",,Chun-Yi Wei; L. Hanzo; M. Mnster; B. Choi; T. Keller,0,,,2004.0,
c45740f6a3369c295c0119cd138d8b49f56bb0a7,Capacity and Cutoff Rate of Gaussian and Rayleigh Channels,,L. Hanzo; S. Ng; T. Keller; W. Webb,0,,,2004.0,
c79f302f6ef6946155f77bcda2a5ffa48d7c3138,Advanced QAM: Adaptive versus SpaceTime Block and TrellisCoded OFDM,,L. Hanzo; S. Ng; T. Keller; W. Webb,0,,,2004.0,
c838326dee1aa7d0210c3b3e9d0f192e84487dbb,Comparative Study of Various Coded Modulation Schemes,,L. Hanzo; S. Ng; T. Keller; W. Webb,0,,,2004.0,
cb15a1fda718149e4df3e0d2b55913a4fe3694b2,Genetic AlgorithmAssisted MultiUser Detection for Synchronous CDMA,,L. Hanzo; L. Yang; E. Kuan; K. Yen,0,,,2004.0,
cbf535cf9c89ee654eaeec1d6c1db9173e3ed82f,"Adaptive Wireless Multimedia Systems, DSc dissertation",,L. Hanzo,1,,,2004.0,
d5067dfcbee6ca7f5fddee2d898a5a8be15406f8,Adaptive minimum bit error rate beamforming assisted QPSK receiver,,Sheng Chen; L. Hanzo; N. N. Ahmad; A. Wolfgang,28,,IEEE International Conference on Communications,2004.0,JournalArticle; Conference
d5de3968232c8ca9869dc73f833438405a266582,Space-time spreading assisted adaptive QAM aided multicarrier DS-CDMA video telephony,,J. Chung; H. Wei; L. Hanzo,0,,,2004.0,
d67d8f0e17f527ade44d5af9c739d1be81fc350d,"Turbo detection of space-time trellis-coded constant bit rate vector-quantised videophone system using reversible variable-length codes, convolutional codes and turbo codes",,B. Yeap; R. Maunder; S. Ng; L. Hanzo,1,,"IEEE 60th Vehicular Technology Conference, 2004. VTC2004-Fall. 2004",2004.0,JournalArticle; Conference
d8cd53098bb1a897e7d0dafcf7a16399c0e7d521,Reliability ratio based weighted bit-flipping decoding for low-density parity-check codes,,F. Guo; L. Hanzo,80,,,2004.0,
e3360dc00f58408999ebfbf1db1bc0f8b6aa99a1,Trained and Blind Equaliser Techniques,,L. Hanzo; S. Ng; T. Keller; W. Webb,0,,,2004.0,Review
e3e8618246bd11c0c88ab6221cbfd69cd1a2f363,Iterative parallel interference cancellation aided CDMA based MPEG-4 video telephony,,J. Chung; H. Wei; L. Hanzo,0,,,2004.0,
e5b4f91e3109b31d6c224955e7b466f632780697,Signal Processing for Wireless Multimedia Communications,,L. Hanzo,0,,,2004.0,
e8ffcf5a846b5c8214b6e1aa6c7f13bf06c7feb3,Adaptive rate DS-CDMA systems using variable spreading factors,,Lie-liang Yang; L. Hanzo,29,,IEEE Transactions on Vehicular Technology,2004.0,JournalArticle
e9b642184596f42fe00fe0e8fa31116729c43a22,Recital on multicarrier communications: space-time coded versus adaptive OFDM/MC-CDMA,,L. Hanzo; Lie-liang Yang; M. Manster; B. Choi,0,,,2004.0,Review
ebedf78f979d7c179bca50ad2072de94d4cec042,Effects of multipath propagation delay on uplink performance of synchronous DS-CDMA systems communicating in dispersive Rayleigh fading channels,,S.-H. Hwang; L. Hanzo,2,,,2004.0,
ec938cbe3e0dfac52919d53b2c22418b5dd2d63b,Residue Number System Arithmetic,,L. Hanzo; L. Yang; E. Kuan; K. Yen,51,,,2004.0,
f0442bea4f25731000783039c063233147379df6,Overview of Genetic Algorithms Used for MultiUser Detection,,L. Hanzo; L. Yang; E. Kuan; K. Yen,1,,,2004.0,Review
fbb1dd0dbd1dfacb45894dd0f7992d104621102f,Appendix D: Appendix to Chapter 21,,L. Hanzo; L. Yang; E. Kuan; K. Yen,0,,,2004.0,
fbeef2ff5bcd6c0776d0564fb502765a56eff599,A turbo-detection aided serially concatenated MPEG-4/TCM videophone transceiver,,S. Ng; J. Y. Chung; F. Guo; L. Hanzo,5,,"IEEE 60th Vehicular Technology Conference, 2004. VTC2004-Fall. 2004",2004.0,Conference
00993525e1d58d0a8a8770b30bc7a192d3849806,Acquisition of m-sequences using recursive soft sequential estimation,,Lie-liang Yang; L. Hanzo,17,,"2003 IEEE Wireless Communications and Networking, 2003. WCNC 2003.",2003.0,JournalArticle
01959224399949aa05013b914df7d69b6f88cadb,A subband-selective transform-domain GSC with low computational complexity,,W. Liu; S. Weiss; L. Hanzo,0,,,2003.0,
022ac84bbe0b7b61e5b92349c551667597b131c1,"Adaptive Single- and Multiuser OFDMOFDM and MCCDMA for Broadband Multiuser Communications WLANS and Broadcasting. L.Hanzo, Mnster, T. Keller and B.J. Choi,",,L. Hanzo; M. Münster; B. Choi; T. Keller,0,,,2003.0,
02fcbca18e0fa33fce54407403ad9f5f6352c9cd,"OFDM Transmission over Gaussian ChannelsOFDM and MCCDMA for Broadband Multiuser Communications WLANS and Broadcasting. L.Hanzo, Mnster, T. Keller and B.J. Choi,",,L. Hanzo; M. Münster; B. Choi; T. Keller,0,,,2003.0,
036ef955f07e898fb3095b8c9f8fcff2ba480e72,Radial basis function assisted reduced complexity in-phase/quadrature-phase turbo equalisation of coded modulation schemes,,M. Yee; S. Ng; L. Hanzo,1,,"The 57th IEEE Semiannual Vehicular Technology Conference, 2003. VTC 2003-Spring.",2003.0,Conference
037626db8c4c74b85b17eb4ad961f411900ddaec,Multiple antenna aided OFDM employing minimum bit error rate multiuser detection,,M. Y. Alias; A. Samingan; Sheng Chen; L. Hanzo,65,,,2003.0,
05e3f79f42a3714bd4961a0fe35abd876a3e1737,"Advanced Peak Factor Reduction TechniquesOFDM and MCCDMA for Broadband Multiuser Communications WLANS and Broadcasting. L.Hanzo, Mnster, T. Keller and B.J. Choi,",,L. Hanzo; M. Münster; B. Choi; T. Keller,0,,,2003.0,
13394ebec1dfe41720c1adf48bc1436e489c801d,Multiuser detection in multicarrier CDMA systems employing both time-domain and frequency-domain spreading,,Lie-liang Yang; W. Hua; L. Hanzo,13,,"14th IEEE Proceedings on Personal, Indoor and Mobile Radio Communications, 2003. PIMRC 2003.",2003.0,JournalArticle
1578c449aa33fe11a2c693d53d0bde0d0380aa61,On the performance of multi-stage multi-user detection assisted fast-FH/MFSK,,K. Hamaguchi; Lie Yang; L. Hanzo,1,,"The 57th IEEE Semiannual Vehicular Technology Conference, 2003. VTC 2003-Spring.",2003.0,Conference
2369171f9d7a1b28c38d4190a435e513ccf188ce,"Single- and Multi-Carrier DS-CDMA: Multi-User Detection, Space-Time Spreading, Synchronisation, Networking and Standards",,L. Hanzo,141,,,2003.0,Review
2f8479dd0a83b35f28d5f18b160290513f22f5d5,List of General Symbols,,L. Hanzo; M. Münster; B. Choi; T. Keller,0,,,2003.0,
2f8af00a3d8746c0a10c40bd7e11d9bee927cd41,"OFDM and MC-CDMA for Broadband Multi-User Communications, WLANs and Broadcasting",,L. Hanzo; M. Münster; B. Choi; T. Keller,1244,,,2003.0,
33d0c0a5c55e08170cd861bbf3445d67af939149,LDPC and Turbo Coding Assted Space-Time Block Coded OFDM for H.26L,,J. Chung; M. Y. Alias; F. Guo; L. Hanzo,0,,,2003.0,
35d40f0c1c8c39e26faec1a873f562d7cd4a1e20,"Smart Antennas, Turbo Coding, Space-Time Coding, Adaptive Transceivers, Intelligent Networking and 'all that' for Improved QoS",,L. Hanzo,0,,,2003.0,
3a781cabd76f98ab754d122159d72932c9dd8f57,RLS-adaptive parallel interference cancellation assisted decision-directed channel estimation for OFDM,,M. Münster; L. Hanzo,7,,"2003 IEEE Wireless Communications and Networking, 2003. WCNC 2003.",2003.0,JournalArticle
3ddae375c9ae4d65cddfcb9bacdb4d6f629f7c1a,Time-frequency spread OFDM/FHMA,,K. Hamaguchi; L. Hanzo,3,,"The 57th IEEE Semiannual Vehicular Technology Conference, 2003. VTC 2003-Spring.",2003.0,Conference
3fe0a159e297b46de2c484e3546a82ea7a943604,On the Network Perfomance of UTRA-like TDD/CDMA Systems,,S. Ni; J. S. Blogh; L. Hanzo,0,,,2003.0,
41c96dacd9a38f062a21d36aaf46878df174ae1c,Performance of generalized multicarrier DS-CDMA using various chip waveforms,,Lie-liang Yang; L. Hanzo,28,,IEEE Transactions on Communications,2003.0,JournalArticle
46d7fb657f6b9e1d8446ad5b49cd309daca0e6b6,Cross-Layer Optimisation of Next-Generation Wireless Systems,,L. Hanzo,0,,,2003.0,
473938cdb902b23f6c3fd71ab6323138be625d85,"Adaptive Modulation, Channel Coding and Diversity Techniques for Next-Generation Wireless Systems",,L. Hanzo,0,,,2003.0,
4c3f1e0f057da6eb723f5ddaa781e93511e6f9ea,"Single and Multi-Carrier CDMA: Multi-User Detection, Space-Time Spreading, Synchronisation and Standards",,L. Hanzo; L. Yang; E. Kuan; K. Yen,75,,,2003.0,Review
4deeeec69c3d9252687a8f97c24955b4dc025394,"Basic Spreading SequencesOFDM and MCCDMA for Broadband Multiuser Communications WLANS and Broadcasting. L.Hanzo, Mnster, T. Keller and B.J. Choi,",,L. Hanzo; M. Münster; B. Choi; T. Keller,0,,,2003.0,
4df1a693e2f757b3f6d6be3d1bf8c84a035e1277,"Time and Frequency Domain SynchronisationOFDM and MCCDMA for Broadband Multiuser Communications WLANS and Broadcasting. L.Hanzo, Mnster, T. Keller and B.J. Choi,",,L. Hanzo; M. Münster; B. Choi; T. Keller,0,,,2003.0,
545a2007ca37e593d047c794d859caa305521276,Fractionally spread multicarrier CDMA: a multiple-access scheme for various wireless channels,,Lie-liang Yang; L. Hanzo,2,,"14th IEEE Proceedings on Personal, Indoor and Mobile Radio Communications, 2003. PIMRC 2003.",2003.0,JournalArticle
5747811b81b0222b9a8bcd55f8979d0521137a8f,Multi-stage multi-user detection assisted asynchronous fast-FH/MFSK,,K. Hamaguchi; L. Hanzo,1,,2003 IEEE 58th Vehicular Technology Conference. VTC 2003-Fall (IEEE Cat. No.03CH37484),2003.0,Conference
5ae19f39522ac4ee59ab02ebe5db0c4634cba8cb,"OFDM versus MCCDMAOFDM and MCCDMA for Broadband Multiuser Communications WLANS and Broadcasting. L.Hanzo, Mnster, T. Keller and B.J. Choi,",,L. Hanzo; M. Münster; B. Choi; T. Keller,48,,,2003.0,
5f270a0fb8c37fc7ac30dcbe0cf8a78804833b6a,Reduced complexity in-phase/quadrature-phase M-QAM turbo equalization using iterative channel estimation,,B. Yeap; C. Wong; L. Hanzo,25,,IEEE Transactions on Wireless Communications,2003.0,JournalArticle
5f4db0ff08f3976fd967468e9fffefac27a2feee,Generalized multicarrier DS-CDMA using various chip waveforms,,Lie-liang Yang; L. Hanzo,2,,"2003 IEEE Wireless Communications and Networking, 2003. WCNC 2003.",2003.0,JournalArticle
602676aed9cf2a9192fd25d23c6b4d77f729dce5,"MCCDMA Performance in Synchronous EnvironmentsOFDM and MCCDMA for Broadband Multiuser Communications WLANS and Broadcasting. L.Hanzo, Mnster, T. Keller and B.J. Choi,",,L. Hanzo; M. Münster; B. Choi; T. Keller,0,,,2003.0,
6458b9a50fdb7c86136152da7798a44573a7721d,Radial basis function-assisted turbo equalization,,M. Yee; B. Yeap; L. Hanzo,39,,IEEE Transactions on Communications,2003.0,JournalArticle
68d6621e6c28f69a440bb77fcf104761eeb940e1,Switching threshold and coding-rate optimisation for turbo convolutional and turbo bch coded adaptive modulation,,T. Liew; L. Hanzo,3,,"The 57th IEEE Semiannual Vehicular Technology Conference, 2003. VTC 2003-Spring.",2003.0,Conference
693c5f4004d6b136614652263df23f98294a8f90,Multi-Stage Multi-User Detection Assisted Fast-FH/MFSK,,K. Hamaguchi; Lie-liang Yang; L. Hanzo,7,,,2003.0,
6958d548c014db28e5756fd27d458b6e678403d1,"Radial Basis Function Aided Turbo Equalisation of TCM, TTCM, BICM and BICM-ID Assisted Wireless Transceivers",,S. Ng; M. Yee; L. Hanzo,0,,,2003.0,
6d238cd746cebef5e204eca3865c57329cb9af33,Iterative soft sequential estimation aided differential acquisition of m-sequences,,Lei-Liang Yang; L. Hanzo,1,,"The 57th IEEE Semiannual Vehicular Technology Conference, 2003. VTC 2003-Spring.",2003.0,Conference
6fae0863585cd00a98834e03679a4cfeabaa2f0f,Space-time block coded IQ-interleaved joint coding and modulation for AWGN and Rayleigh fading channels,,S. Ng; L. Hanzo,2,,"The 57th IEEE Semiannual Vehicular Technology Conference, 2003. VTC 2003-Spring.",2003.0,Conference
72ffefc719189fe5aec3f32c7b2c6aede52f2ae8,Advanced Topics: Channel Estimation and Multiuser OFDM Systems,,L. Hanzo; M. Münster; B. Choi; T. Keller,0,,,2003.0,
758fdc899dbd61cac53b4500ac8831b42701ae49,LPDC assisted block coded modulation for transmission over Rayleigh fading channels,,F. Guo; S. Ng; L. Hanzo,19,,"The 57th IEEE Semiannual Vehicular Technology Conference, 2003. VTC 2003-Spring.",2003.0,Conference
771a04ab11768cfe6eccef5a218c693173623259,"IntroductionOFDM and MCCDMA for Broadband Multiuser Communications WLANS and Broadcasting. L.Hanzo, Mnster, T. Keller and B.J. Choi,",,L. Hanzo; M. Münster; B. Choi; T. Keller,2,,,2003.0,
77986ed7a64f97799411f770b9ba0901232c527e,Peak-to-average power ratio reduction for OFDM modems,,J. Akhtman; B. Bobrovsky; L. Hanzo,32,,"The 57th IEEE Semiannual Vehicular Technology Conference, 2003. VTC 2003-Spring.",2003.0,Conference
794cb22839ac4338927eebb4dff1f15928306af0,"Channel Estimation for MultiUser OFDMOFDM and MCCDMA for Broadband Multiuser Communications WLANS and Broadcasting. L.Hanzo, Mnster, T. Keller and B.J. Choi,",,L. Hanzo; M. Münster; B. Choi; T. Keller,0,,,2003.0,
7f273c7afa4589ad98d894de1d17df077a38121e,Crest factors of complementary-sequence-based multicode MC-CDMA signals,,B. Choi; L. Hanzo,19,,IEEE Transactions on Wireless Communications,2003.0,JournalArticle
7f84a15beb4cb328071826376fff1ab5287a749e,"OFDM versus MCCDMA Systems, Their Spreading Codes and Peak Factor Reduction",,L. Hanzo; M. Münster; B. Choi; T. Keller,0,,,2003.0,
7f9e35f5a368d789f32412ec637ff2bc30463657,"Joint source-coding, channel-coding and modulation schemes for AWGN and Rayleigh fading channels",,S. Ng; F. Guo; Ji Wang; Lie-liang Yang; L. Hanzo,19,,,2003.0,
819e7a4589ab599a875449f0476e9a878b5bc3f1,"Detection Techniques for MultiUser SDMAOFDMOFDM and MCCDMA for Broadband Multiuser Communications WLANS and Broadcasting. L.Hanzo, Mnster, T. Keller and B.J. Choi,",,L. Hanzo; M. Münster; B. Choi; T. Keller,0,,,2003.0,
832cbad94231cd63a0a45fea63fe3ec7762cdcd1,"Adaptive Modulation for OFDM and MCCDMAOFDM and MCCDMA for Broadband Multiuser Communications WLANS and Broadcasting. L.Hanzo, Mnster, T. Keller and B.J. Choi,",,L. Hanzo; M. Münster; B. Choi; T. Keller,0,,,2003.0,
881b0fe6111fe63d219127b11f282dc7ae799597,"Adaptive Modulation, Coding, Transmit Diversity and Networking for Next Generation Wireless Systems",,L. Hanzo,0,,,2003.0,
8942317a48c0951d08925364cbe956657a3e86a1,Cross-Layer Optimisation of Wireless Systems,,L. Hanzo; L. Yang,0,,,2003.0,
9208b4fa16ebc481238953123b3a672b3dc602b9,LDPC and turbo coding assisted space-time block coded OFDM for H.26L compressed wireless video telephony,,J. Y. Chung; M. Y. Alias; F. Guo; L. Hanzo,0,,"14th IEEE Proceedings on Personal, Indoor and Mobile Radio Communications, 2003. PIMRC 2003.",2003.0,JournalArticle
939e5fa889861d2fc822a7bbc140f030fc6828a0,OFDM System Design,,L. Hanzo; M. Münster; B. Choi; T. Keller,7,,,2003.0,
a3817dd860f6bb06a8011f51ef58ab581b5f96f1,Antenna-diversity-assisted genetic-algorithm-based multiuser detection schemes for synchronous CDMA systems,,K. Yen; L. Hanzo,50,,IEEE Transactions on Communications,2003.0,JournalArticle
a94c6bed0beceb150377b17075fd5417a8d53c32,"Successive Partial Despreading Based MultiCode MCCDMAOFDM and MCCDMA for Broadband Multiuser Communications WLANS and Broadcasting. L.Hanzo, Mnster, T. Keller and B.J. Choi,",,L. Hanzo; M. Münster; B. Choi; T. Keller,0,,,2003.0,
b0b8759c011bc72263a84b8627d18f0c25e557d6,Reverse-link performance of synchronous DS-CDMA systems in dispersive Rician multipath fading channels,,S.-H. Hwang; L. Hanzo,9,,,2003.0,
b221e7d231da64dab5ab1203b82775ef23b6ea37,Multicarrier DS-CDMA: a multiple access scheme for ubiquitous broadband wireless communications,,Lie-liang Yang; L. Hanzo,207,,IEEE Communications Magazine,2003.0,JournalArticle
b2dff8056d5f03cf2feb24ea59af585c7305f114,Burst-by-burst adaptive joint-detection CDMA/H.26L based wireless video telephony using TTCM and LDPC codes,,J. Y. Chung; F. Guo; S. Ng; L. Hanzo,0,,2003 IEEE 58th Vehicular Technology Conference. VTC 2003-Fall (IEEE Cat. No.03CH37484),2003.0,Conference
c14fe30814d4c649464e14aa5155560ad2c2c17b,"Joint Physical and Network Layer Optimisation of Next-Generation Wireless Systems: Smart Antennas, Turbo Coding, Adaptive Transceivers and 'all that' for Improved QoS",,L. Hanzo,0,,,2003.0,
c485d7ae0b4b9059e94c3269933c1cda871a81a5,"Space-time block coded and IQ-interleaved TCM, TTCM, BICM AND BICM-ID assisted OFDM",,S. Ng; T. Liew; L. Hanzo,6,,2003 IEEE 58th Vehicular Technology Conference. VTC 2003-Fall (IEEE Cat. No.03CH37484),2003.0,Conference
cbf48f2cf13f79514a1da570ab9ece13b80f5b9c,Adaptive minimum bit error rate beamforming assisted receiver for wireless communications,,Sheng Chen; L. Hanzo; N. N. Ahmad,35,,"IEEE International Conference on Acoustics, Speech, and Signal Processing",2003.0,JournalArticle; Conference
ce32f245da68c1dd89e7c912c5183b7cd6c289d8,Burst-by-burst adaptive multiuser detection cdma: a framework for existing and future wireless standards,,E. Kuan; L. Hanzo,20,,Proceedings of the IEEE,2003.0,JournalArticle; Review
d10db73cd66b7333f47989131be8040a36c371a9,Optimum mode-switching-assisted constant-power single- and multicarrier adaptive modulation,,B. Choi; L. Hanzo,140,,IEEE Transactions on Vehicular Technology,2003.0,JournalArticle
da3f0b6d2616bea5f7bb63c19640e3009045238d,"OFDMBased Wireless Video System DesignOFDM and MCCDMA for Broadband Multiuser Communications WLANS and Broadcasting. L.Hanzo, Mnster, T. Keller and B.J. Choi,",,L. Hanzo; M. Münster; B. Choi; T. Keller,1,,,2003.0,
da67830d71d4ae2390593bc88bf98949882a72b5,"Conclusion and Further Research ProblemsOFDM and MCCDMA for Broadband Multiuser Communications WLANS and Broadcasting. L.Hanzo, Mnster, T. Keller and B.J. Choi,",,L. Hanzo; M. Münster; B. Choi; T. Keller,0,,,2003.0,
dd51a4e8627da60fdbd792dd4d21fbcca6e4cde2,"DecisionDirected Channel Estimation for SingleUser OFDMOFDM and MCCDMA for Broadband Multiuser Communications WLANS and Broadcasting. L.Hanzo, Mnster, T. Keller and B.J. Choi,",,L. Hanzo; M. Münster; B. Choi; T. Keller,0,,,2003.0,
e68728b42e8aabb5c4022551b283d2807d377c38,"Single- and Multi-Carrier DS-CDMA: Multi-USer Detection, Space-Time Spreading, Synchronisation, Standards and Networking",,L. Hanzo; L. Yang; E. Kuan; K. Yen,231,,,2003.0,Review
ed30fdd6589c647ff5df224e465e9fccd8108989,Least Bit Error Rate Adaptive Nonlinear Equalizers for Binary Signalling,,Sheng Chen; B. Mulgrew; L. Hanzo,26,,,2003.0,
f5373124134c31337ff2285820cb03db1cb3de48,LDPC and turbo coding assisted space-time block coded OFDM,,M.Y. Alias; F. Guo; S. Ng; T. Liew; L. Hanzo,21,,"The 57th IEEE Semiannual Vehicular Technology Conference, 2003. VTC 2003-Spring.",2003.0,Conference
f7d5d2ae226a0465bc99e8293cedf57b6484c82b,"Introduction to OFDMOFDM and MCCDMA for Broadband Multiuser Communications WLANS and Broadcasting. L.Hanzo, Mnster, T. Keller and B.J. Choi,",,L. Hanzo; M. Münster; B. Choi; T. Keller,54,,,2003.0,
00ef9b0245f67a8441568e83d653cdeadcd02ad2,Joint Physical and Network-Layer Optimisation of Wireless Systems,,L. Hanzo,0,,,2002.0,Review
02c343efd02ae9b67c51faf7356281857fd37171,Comparative study of turbo coded wideband adaptive modulation and space-time trellis codes,,T. Liew; B. Yeap; L. Hanzo,0,,Vehicular Technology Conference. IEEE 55th Vehicular Technology Conference. VTC Spring 2002 (Cat. No.02CH37367),2002.0,JournalArticle; Conference
083695d80881e3fd0aa373bbdba12f19ddf0cdba,Software-defined-radio-assisted adaptive broadband frequency hopping multicarrier DS-CDMA,,Lie-liang Yang; L. Hanzo,32,,IEEE Communications Magazine,2002.0,JournalArticle
08449cccfb48c64d0aa39b7e6898d8b4c5103b10,Serial acquisition performance of single-carrier and multicarrier DS-CDMA over Nakagami-m fading channels,,Lie-liang Yang; L. Hanzo,42,,IEEE Transactions on Wireless Communications,2002.0,JournalArticle
084654de3a1dae204df2952d006ab3ed8b556c9e,RBF Equalization Using Turbo Codes,,L. Hanzo; C. H. Wong; M. Yee,0,,,2002.0,Review
08ebbf4eee588454a28ce28fcf14d045cf80c42e,Stochastic Gradient Adaptive Minimum Symbol-Error-Rate Equalization for Multi-Level Pulse-Amplitude,,Sheng Chen; B. Mulgrew; A. Samingan; L. Hanzo,1,,,2002.0,
08f537af0e481db3db715674c4f0454667fef530,Reduced complexity turbo equalization for space-time trellis coded systems,,B. Yeap; T. Liew; L. Hanzo,3,,Vehicular Technology Conference. IEEE 55th Vehicular Technology Conference. VTC Spring 2002 (Cat. No.02CH37367),2002.0,JournalArticle; Conference
111314ddd5e8909922b784f4453a1daff5a34acd,Single-carrier space-time trellis and space-time block coding for dispersive Rayleigh fading channels,,S. Ng; T. Liew; B. Yeap; E. Kuan; L. Hanzo,3,,Proceedings IEEE 56th Vehicular Technology Conference,2002.0,Conference
127c2257c5fd774d4f5e012f8697e34fba9e8743,BurstbyBurst Adaptive Wireless Transceivers,,J. S. Blogh; L. Hanzo,0,,,2002.0,
14e821e5aa9c6f9688ce464b4f276be4564316ff,Low-complexity frequency-domain GSC for broadband beamforming,,W. Liu; S. Weiss; L. Hanzo,2,,International Conference on the Software Process,2002.0,Conference
19c5a0c55dbc3ff6e912a089b5333ca7bc023079,Third-generation systems and intelligent wireless networking,,J. S. Blogh; L. Hanzo,108,,,2002.0,
1b09b3f9c0432fbefe6e98e3f2b779a08279d4a5,Adaptive Arrays in an FDMA/TDMA Cellular Network,,J. S. Blogh; L. Hanzo,1,,,2002.0,
1dd924877045b182d43392da3854a407d23b2d29,RBF Turbo Equalization,,L. Hanzo; C. H. Wong; M. Yee,1,,,2002.0,Review
1dda680fc02fde6223abf6698938599935b7f90a,Stochastic least-symbol-error-rate adaptive equalization for pulse-amplitude modulation,,Sheng Chen; B. Mulgrew; L. Hanzo,3,,"IEEE International Conference on Acoustics, Speech, and Signal Processing",2002.0,JournalArticle; Conference
26535c23e85e8bcc317f23a0bb53379715aa7789,Multistage frequency-hopping assisted ultra-wideband multiple-access communications,,Lie-liang Yang; L. Hanzo,1,,2002 IEEE International Conference on Communications. Conference Proceedings. ICC 2002 (Cat. No.02CH37333),2002.0,JournalArticle; Conference
267ab34f9b170026cb0bbd8309eb0bba5a442a33,Partially adaptive broadband beamforming with a subband-selective transformation matrix,,W. Liu; S. Weiss; L. Hanzo,0,,"Sensor Array and Multichannel Signal Processing Workshop Proceedings, 2002",2002.0,
2946e4a6afd038ad47318dba007757c4391012cb,Practical Considerations of Wideband AQAM,,L. Hanzo; C. H. Wong; M. Yee,0,,,2002.0,
2b8168dd912929a353842a6d7297cfb0f81748a6,"Intelligent Wireless Networking, Smart Antennas and Adaptive Modulation",,L. Hanzo,141,,,2002.0,
31ed83b9a6c17c6363c407170659c94c496e28be,Convolutional Channel Coding,,L. Hanzo; T. Liew; B. Yeap,1,,,2002.0,
336ac6432200b9b8704556a2e8f00a3993df503e,Optimising multimedia transmission in IP based wireless networks,,C. Lamy; M. Martini; M. Chiani; P. Amon; Johannes Peltola; M. Jurvansuu; G. Panza; L. Hanzo,0,,,2002.0,
3381316450f79ac8f9ee5c7099e9661764c86487,TurboCoded and TurboEqualised Wideband Adaptive Modulation,,L. Hanzo; C. H. Wong; M. Yee,0,,,2002.0,
34884c61dfd1ea382bd0cc90502cbfd5f7aa8906,Space-Time Coded Versus Burst-by-Burst Adaptive Wirless Multimedia Communications,,L. Hanzo,0,,,2002.0,
36de9ac53beacd0e691910c9135e0415bb7f6f23,Residue Number System Arithmetic Based Parallel Communication Scheme Using Orthogonal Signaling: Part II-Multipath Fading Channels,,L. Yang; L. Hanzo,2,,,2002.0,
374052c30c26bee6997abee603084aa28df0ec30,"Adaptive Wireless Transceivers: Turbo-Coded, Turbo-Equalized and Space-Time Coded TDMA, CDMA and OFDM Systems",,L. Hanzo; C. H. Wong,205,,,2002.0,Review
3ac5763d0d52a57ece9891af25300cfa06194039,Smart Beamforming for Wireless Communications: A Novel Minimum Bit Error Rate Approach,,Sheng Chen; N. N. Ahmad; L. Hanzo,7,,,2002.0,
3d427dcce4ed6c3869470fa3955eeeaeaa4067cc,Adaptive Multicarrier Modulation,,L. Hanzo; C. H. Wong; M. Yee,7,,,2002.0,Review
3ea25ed35385b5dd423af66b0262c280119738a8,Space-time coding-assisted double-spread RAKE receiver-based CDMA for dispersive Rayleigh fading environments,,S. Ng; Lie-liang Yang; T. Liew; L. Hanzo,2,,Vehicular Technology Conference. IEEE 55th Vehicular Technology Conference. VTC Spring 2002 (Cat. No.02CH37367),2002.0,JournalArticle; Conference
40f81518f74b35dfee595f63546b6e8a27514ab9,"TCM, TTCM, BICM and BICM-ID Assisted Joint Detection Based CDMA",,S. Ng; E. Kuan; L. Hanzo,0,,,2002.0,
45ed8995d258ee40ce760a8d15d320d65934a556,Subband-adaptive turbo-coded OFDM-based interactive video telephony,,P. Cherriman; T. Keller; L. Hanzo,15,,IEEE Trans. Circuits Syst. Video Technol.,2002.0,JournalArticle
49f4b3f5f04a94c74a8f0582b54b46897492e3ad,MMSE channel prediction assisted symbol-by-symbol adaptive OFDM,,M. Münster; L. Hanzo,15,,2002 IEEE International Conference on Communications. Conference Proceedings. ICC 2002 (Cat. No.02CH37333),2002.0,JournalArticle; Conference
4ae976f60e241e8aad56952ac4e680bbec72a371,Neural Network Based Equalization,,L. Hanzo; C. H. Wong; M. Yee,3,,,2002.0,
4b74b90df775548b8a992d55a0276c2f95f53787,"Turbo Coding, Turbo Equalisation and Space-Time Coding for Transmission over Fading Channels",,L. Hanzo,429,,,2002.0,
525b5ab7c577239ad055ec36fbb781069d3c66db,Genetic algorithm assisted adaptive beamforming,,M. Vitale; G. Vesentini; N. N. Ahmad; L. Hanzo,20,,Proceedings IEEE 56th Vehicular Technology Conference,2002.0,Conference
555979f80256a098aa45ed4fe1f21711607fc4e1,Adaptive Modulation Mode Switching Optimization,,L. Hanzo; C. H. Wong; M. Yee,1,,,2002.0,Review
5c921b2469d3b48b862fb1ebc4c157682fc4b220,A residue number system based parallel communication scheme using orthogonal signaling. II. Multipath fading channels,,Lie-liang Yang; L. Hanzo,27,,IEEE Transactions on Vehicular Technology,2002.0,JournalArticle
62086e1acfbde7560f9fa4eb504e095f9ce9486d,Fast adaptation of fractionally spaced equalisers,,H. Mohamad; Stephan Weiss; M. Rupp; L. Hanzo,14,,,2002.0,
62b906fea1da221f2d5310ba71302f3ecf137a7f,Turbocoded Partialresponse Modulation,,L. Hanzo; T. Liew; B. Yeap,0,,,2002.0,
63d4b093344f74756802f2f9d1cadda6b5119bc9,SpaceTime Trellis Coding versus Adaptive Modulation,,L. Hanzo; C. H. Wong; M. Yee,0,,,2002.0,Review
68df3c9806c3501b9b2908790765140a67f24581,Sub band-selective partially adaptive broadband beamforming with cosine-modulated blocking matrix,,W. Liu; Stephan Weiss; L. Hanzo,4,,"IEEE International Conference on Acoustics, Speech, and Signal Processing",2002.0,JournalArticle; Conference
6dc1a0f21e7893da0c32cf862fbc51d58778f5b7,The performance of H263-based video telephony over turbo-equalized GSM/GPRS,,P. Cherriman; B. Yeap; L. Hanzo,2,,IEEE transactions on circuits and systems for video technology (Print),2002.0,JournalArticle
6e8b1218b1a622532c2e5c87758a4d872755bb92,ReducedComplexity Turbo Equaliser,,L. Hanzo; T. Liew; B. Yeap,0,,,2002.0,
6e9e25eab125b693d5fdcd1856e19f3070380395,Wideband Burst-by-Burst Adaptive Modulation Using Reduced-Complexity In-Phase/Quadrature-Phase Turbo Equalization,,B. Yeap; C. H. Wong; L. Hanzo,2,,,2002.0,
6fdc335f5c1939ba47da43056daad4c898434e47,Low complexity erasure insertion in RS-coded SFH spread-spectrum communications with partial-band interference and Nakagami-m fading,,Lie-liang Yang; L. Hanzo,27,,IEEE Transactions on Communications,2002.0,JournalArticle
75ad4b834c9efa33bd289dac6bd9da1c3dc49461,Adaptive Wireless Transceivers,,L. Hanzo; C. H. Wong; M. Yee,200,,,2002.0,
76bdbc8966e48577d6529db1a758ab4a9594fcf8,Performance of generalized multicarrier DS-CDMA over Nakagami-m fading channels,,Lie-liang Yang; L. Hanzo,236,,IEEE Transactions on Communications,2002.0,JournalArticle
7ddf10de36b973708eb325d00429d3ce9488ba79,On the design of LAS spreading codes,,B. Choi; L. Hanzo,47,,Proceedings IEEE 56th Vehicular Technology Conference,2002.0,Conference
7df773012a190eecb15babf841ad41921cf9cf3a,M-ary coded modulation assisted genetic algorithm based multiuser detection for CDMA systems,,S. Ng; K. Yen; L. Hanzo,9,,"2003 IEEE Wireless Communications and Networking, 2003. WCNC 2003.",2002.0,JournalArticle
800dfbc81497c8da1d5d660d2fd0fcc85036319e,Burst-by-burst adaptive coded modulation-aided joint detection-based CDMA for wireless video telephony,,J. Y. Chung; S. Ng; E. Kuan; L. Hanzo,3,,Vehicular Technology Conference. IEEE 55th Vehicular Technology Conference. VTC Spring 2002 (Cat. No.02CH37367),2002.0,JournalArticle; Conference
800f9111450aa99bdd782538847fe75bc24a5dbc,A residue number system based parallel communication scheme using orthogonal signaling .I. System outline,,Lie-liang Yang; L. Hanzo,51,,IEEE Transactions on Vehicular Technology,2002.0,JournalArticle
86f2d8442ee0ca4112bf0cc31bb2ee38cbe50f06,TTCM assisted genetic-algorithm aided reduced-complexity multiuser detection,,S. Ng; K. Yen; L. Hanzo,4,,,2002.0,
8d7ed6b73e63bc6e76f71f2d17a4e94e2d640704,Turbo Convolutional Coding,,L. Hanzo; T. Liew; B. Yeap,3,,,2002.0,
8fd3d780e027db51d32021f730d5c18ebe260ecc,Performance of wideband CDMA using space-time spreading over multipath Nakagami fading channels,,Lie-liang Yang; L. Hanzo,0,,2002 IEEE International Conference on Communications. Conference Proceedings. ICC 2002 (Cat. No.02CH37333),2002.0,JournalArticle; Conference
95344258897d18945a5fa578958e4cd568d64ae1,Introduction To Equalizers,,L. Hanzo; C. H. Wong; M. Yee,0,,,2002.0,Review
956b34086c42f6d473b7d3e7d5cd61afcddb992a,Burst-by-burst adaptive joint detection CDMA/H.263 based video telephony,,P. Cherriman; E. Kuan; L. Hanzo,11,,IEEE Trans. Circuits Syst. Video Technol.,2002.0,JournalArticle
981026e0c4651e441c69030a3ed6f65d59d416aa,BurstbyBurst Adaptive Multiuser Detection CDMA,,L. Hanzo; C. H. Wong; M. Yee,0,,,2002.0,Review
987dd0d1a1780497bef369fb3c5412cf3eefd2ef,Redundant Residue Number System Codes,,L. Hanzo; T. Liew; B. Yeap,1,,,2002.0,
9b36450096afe7920bd2b5dd65ac74e407eb5f37,Performance of wideband CDMA using adaptive space-time spreading over multipath Nakagami fading channels,,Lie-liang Yang; L. Hanzo,3,,Vehicular Technology Conference. IEEE 55th Vehicular Technology Conference. VTC Spring 2002 (Cat. No.02CH37367),2002.0,JournalArticle; Conference
9b9f06ca417bd7020dfeae7ee9f7314e545302b4,"IEEE International Conference on Acoustics, Speech and Signal Processing (ICASSP 2002)",,Sheng Chen; L. Hanzo; B. Mulgrew,5,,,2002.0,
9cf38658485f009880aeb081b4b8a72fdf5efc91,Near-Instantaneously Adaptive Space-Time Spreading Assisted Wideband CDMA,,Lie-liang Yang; L. Hanzo,0,,,2002.0,
9d504823c7a3b474af53e0bc46780febface7be4,Iterative radial basis function assisted turbo equalisation of various coded modulation schemes,,M. Yee; S. Ng; L. Hanzo,5,,Vehicular Technology Conference. IEEE 55th Vehicular Technology Conference. VTC Spring 2002 (Cat. No.02CH37367),2002.0,JournalArticle; Conference
9dc40ead85993683299b2c092eda461d7d212a74,Subband-Addaptive Turbo-Coded OFDM-Based Iteractive Video Telephony,,P. Cherriman; T. Keller; L. Hanzo,1,,,2002.0,
a6a262eaba75ea8808d4445e7260382150d44ae7,"Turbo Coding, Turbo Equalisation and Space-Time Coding",,L. Hanzo; T. Liew; B. Yeap; R. Tee; S. Ng,319,,,2002.0,Review
a7e1b7f0dab69008a0a6b3752157e040a58bd388,A Flexible Transmit Diversity Assisted Broadband Multicarrier DS-CDMA Scheme,,Lie-liang Yang; L. Hanzo,0,,,2002.0,
aa157cc53eff7e6358b498a37e3fb1c55d5487b1,Other Wiley and IEEE Press Books on Related Topics,,J. S. Blogh; L. Hanzo,0,,,2002.0,
ac7c914686cd0a0dcfde56e62d6478f17c01ecfc,Turbo Equalisation Performance Bound,,L. Hanzo; T. Liew; B. Yeap,0,,,2002.0,
b3ee11d7b8ad0d03493ac0710819ee6530630d65,Conclusions and Further Research,,J. S. Blogh; L. Hanzo,0,,,2002.0,
b8792bfa2b173d99d9b39c5aeca55b9588f4ac50,UTRA Network Performance Using Adaptive Arrays and Adaptive Modulation,,J. S. Blogh; L. Hanzo,0,,,2002.0,
b90909beafbdfd672cc0349188201c21f6534bd4,A wide-band radial basis function decision feedback equalizer-assisted burst-by-burst adaptive modem,,M. Yee; L. Hanzo,12,,IEEE Transactions on Communications,2002.0,JournalArticle
b98739ffdaedac62c65281d8f0afc649a0b57479,Other Wiley and IEEE Press Books on Related TopicsFor detailed contents please refer to http://wwwmobile.ecs.soton.ac.uk),,L. Hanzo; C. H. Wong; M. Yee,0,,,2002.0,
bb60986221fb34ee81276fd9a9efbc4f9bf3beda,Other Related Wiley and IEEE Press Books,,L. Hanzo; T. Liew; B. Yeap,0,,,2002.0,
c0c88087a76c9ae6151391dfad041261e0656b05,Space-time IQ-interleaved TCM and TTCM for AWGN and Rayleigh fading channels,,S. Ng; L. Hanzo,22,,,2002.0,
c1f6f3447dfe62cfdb3971f7fd1655128cc16b5d,Minimum Bit Error Rate Beamforming,,Sheng Chen; N. N. Ahmad; L. Hanzo,3,,,2002.0,
c517c92791d10d74580b6f6293383401299d3426,Importance Sampling Simulation and Multiple-Hyperplane Realization of the Bayesian Decision Feedback Equaliser,,S. Chen; L. Hanzo,1,,,2002.0,
ced630284bedc9a46fd7626d63f3706b929f3e1e,RBFEqualized Adaptive Modulation,,L. Hanzo; C. H. Wong; M. Yee,0,,,2002.0,Review
d3088fd54745716dd2728659c617343751927965,Uplink capacity investigations of TDD/CDMA,,Xingyao Wu; Lie-liang Yang; L. Hanzo,20,,Vehicular Technology Conference. IEEE 55th Vehicular Technology Conference. VTC Spring 2002 (Cat. No.02CH37367),2002.0,JournalArticle; Conference
d4e27f14a3234ac469d2921ed20ee24f5f754103,"Comparative study of turbo equalization schemes using convolutional, convolutional turbo, and block-turbo codes",,B. Yeap; T. Liew; J. Hamorsky; L. Hanzo,33,,IEEE Transactions on Wireless Communications,2002.0,JournalArticle
d4fabf6c3ed1fb748441f9f82cd38c627ae3208b,Near-Instantaneously Adaptive Wireless Transceivers of the Near Future,,Lie-liang Yang; L. Hanzo,0,,,2002.0,
d793c5653240d128f8863720bda35742c858b018,Reduced-complexity I/Q turbo detector for convolutional-coding assisted space-time trellis coding,,B. Yeap; T. Liew; L. Hanzo,4,,Proceedings IEEE 56th Vehicular Technology Conference,2002.0,Conference
dd7799f2c25366abd50243be834acf3934be77ea,Crest factors of Shapiro-Rudin sequence based multi-code MC-CDMA signals,,B. Choi; C. Tellambura; L. Hanzo,5,,Vehicular Technology Conference. IEEE 55th Vehicular Technology Conference. VTC Spring 2002 (Cat. No.02CH37367),2002.0,JournalArticle; Conference
ddd2d889c7bd2ba71340b65c10fc3ac16d29ffa3,Space-time spreading assisted broadband MC DS-CDMA,,Lie-liang Yang; L. Hanzo,13,,Vehicular Technology Conference. IEEE 55th Vehicular Technology Conference. VTC Spring 2002 (Cat. No.02CH37367),2002.0,JournalArticle; Conference
dde79f90eb613134c2afb92f71ae096c5d540679,Multi-user OFDM employing parallel interference cancellation assisted decision-directed channel estimation,,M. Munster; L. Hanzo,1,,Proceedings IEEE 56th Vehicular Technology Conference,2002.0,Conference
df5d0c0140435187b5812e4530f34da547c2bcd4,Comparative Study of Turbo Equalisers,,L. Hanzo; T. Liew; B. Yeap,0,,,2002.0,Review
e1d2fb31a1bf4fc414fab17981257b8fd06b5c44,Speech performance of adaptive transceivers for PCN,,R. Steele; J. Williams; L. Hanzo,1,,,2002.0,
e450568731844666735c3628968b8f474869a88c,Joint-detection and interference cancellation based burst-by-burst adaptive CDMA schemes,,E. Kuan; S. Ng; L. Hanzo,2,,IEEE Transactions on Vehicular Technology,2002.0,JournalArticle
e6af82bad7e6952bf47cf9d7b5f728eb62d0357a,Iterative soft sequential estimation assisted acquisition of m-sequences,,Lie-liang Yang; L. Hanzo,16,,,2002.0,
e92dc4d17f89e054b82080d6c5581541260872e5,SpaceTime Block Codes,,L. Hanzo; T. Liew; B. Yeap,0,,,2002.0,
efc41a9b7b430b7191606ca91fa53887addeb75d,Time-Variant Bitrate Turbo-Coded Near-Instantaneously Adaptive OFDM-Based Interactive Videophony,,L. Hanzo; P. Cherriman; T. Keller,0,,,2002.0,
f190a44c221b4529be3db4b8fbd280805c9f8e11,"TCM, TTCM, BICM and BICM-ID schemes for Wireless Communications",,L. Hanzo,0,,,2002.0,
f2032887c3e71043c52263507d5ec79218aef685,Improving the throughput of DS-CDMA systems using adaptive rate transmissions based on variable spreading factors,,Lie-liang Yang; L. Hanzo,10,,Proceedings IEEE 56th Vehicular Technology Conference,2002.0,Conference
f398f663dbbd2fd49d7fef4dc791c74502b2556d,Block-adaptive kernel-based CDMA multiuser detection,,Sheng Chen; L. Hanzo,10,,2002 IEEE International Conference on Communications. Conference Proceedings. ICC 2002 (Cat. No.02CH37333),2002.0,JournalArticle; Conference
f7b38360d796c5ba2beda2c18e2291ab56937397,Residue number system assisted fast frequency-hopped synchronous ultra-wideband spread-spectrum multiple-access: a design alternative to impulse radio,,Lie-liang Yang; L. Hanzo,44,,IEEE J. Sel. Areas Commun.,2002.0,JournalArticle
fb2b8a5b68e1f8f5e43c269d26f02c257a4aebd1,Conclusions and Suggestions for Further Research,This chapter contains sections titled: Book Summary and Conclusions Suggestions for Future Research Closing Remarks,L. Hanzo; C. H. Wong; M. Yee,4,,"Crime, Policing and Punishment in England, 1660–1914",2002.0,
fe69a716d48ed6c35d09bcd1174aabffafbb15b5,Space-time codes and concatenated channel codes for wireless communications,,T. Liew; L. Hanzo,118,,Proceedings of the IEEE,2002.0,JournalArticle
016ef4a1ba0c9ab796ec9a2710cd1979ad72bcec,The Propagation Environment,,L. Hanzo; P. Cherriman; J. Streit,0,,,2001.0,
05566a29b1e2fcc85593c977d7cac9c3de96d69f,Overview of LowRate Speech Coding,,L. Hanzo; F. Somerville; J. P. Woodward,0,,,2001.0,Review
09900f2fa592cb5a4f3cc47d6c1c875b3606907c,Low-complexity erasure insertion in frequency-hopping spread-spectrum communications subjected to fading and partial-band interference,,Lie-liang Yang; L. Hanzo,4,,GLOBECOM'01. IEEE Global Telecommunications Conference (Cat. No.01CH37270),2001.0,JournalArticle; Conference
0a8eb2a84e4512c94469f83836deab69aa649434,Wireless video communications : second- and third-generation systems and beyond,,L. Hanzo; P. Cherriman; J. Streit,124,,,2001.0,
0d4a28a0d43149d9fb4230c43938a5651dd7ac9d,Adaptive antenna assisted network performance of FDD-mode UMTS,,J. S. Blogh; L. Hanzo,5,,IEEE 54th Vehicular Technology Conference. VTC Fall 2001. Proceedings (Cat. No.01CH37211),2001.0,JournalArticle; Conference
0e31c7acc795819ca5227d196829ad0e444a4248,Modulation and Transmission Techniques,,L. Hanzo; P. Cherriman; J. Streit,0,,,2001.0,
0f2cec20c0bc05bb1659570dc1833c018ca1c68d,HIPERLAN-like turbo coded multi-user detection assisted OFDM based interactive video telephony,,P. Cherriman; M. Münster; L. Hanzo,0,,IEEE 54th Vehicular Technology Conference. VTC Fall 2001. Proceedings (Cat. No.01CH37211),2001.0,JournalArticle; Conference
13f42dce9a1513a4bdc32c90a261f9348ba30aeb,A Performance Comparison of Fullband and Different Subband Equalisers,,H. Mohamad; Stephan Weiss; M. Rupp; L. Hanzo,1,,,2001.0,
14f5d646b031f3a4881d066212fb519e5aa6fbf9,"Channel Allocation1This chapter is based on [228, 229] and was prepared in collaboration with Francesca Romiti.",,L. Hanzo; P. Cherriman; J. Streit,0,,,2001.0,
191228c27a3525286b15312768fa12949ac8413b,Space-Time Coded Versus Burst-by-Burst Adaptive Wireless Multimedia Transceivers,,L. Hanzo,0,,,2001.0,
1b9e7a8edd0d5232e422e4455ea3bd7a66578ce3,Third-Generation Mobile Communications Standards and Beyond,,L. Hanzo,0,,,2001.0,
1f9bc5b9b1dedb4c6b8456cdabde7dc459c43fc7,Turbo equalization of convolutional coded and concatenated space time trellis coded systems using radial basis function aided equalizers,,M. Yee; B. Yeap; L. Hanzo,8,,IEEE 54th Vehicular Technology Conference. VTC Fall 2001. Proceedings (Cat. No.01CH37211),2001.0,JournalArticle; Conference
21ae851713c40ad076f1b7d3cd807925371dce1b,"Software-Configurable Burst-by-Burst Adaptive TDMA, CDMA and OFDM Transceivers",,L. Hanzo,0,,,2001.0,
239425a1162ad73dd1efbbe4319ec08bed401513,Stochastic gradient adaptive minimum symbol-error-rate equalization for pulse-amplitude modulation,,Sheng Chen; B. Mulgrew; A. Samingan; L. Hanzo,1,,,2001.0,
2592eadf6706df803b370efc5a61bcf9d126c3eb,Wireless Multimedia Communications: Standards and beyond,,L. Hanzo,0,,,2001.0,
2647184dd1d9516f6eb59b5457539d3f966a3e4a,A H.263 Videophone System for Use over Mobile Channels,,L. Hanzo; P. Cherriman; J. Streit,0,,,2001.0,
2cb57836cd71baf15096aa140359b31a6756d41b,Standard ForwardAdaptive CELP Codecs,,L. Hanzo; F. Somerville; J. P. Woodward,0,,,2001.0,
2d86c6a35b1795536086bf54e04f9090a78558a8,BackwardAdaptive Code Excited Linear Prediction,,L. Hanzo; F. Somerville; J. Woodard,0,,,2001.0,
2ec70eacc5d7b6855d81c3bb4b1638aa937ac553,Performance of SDMA multiuser detection techniques for Walsh-Hadamard-spread OFDM schemes,,M. Münster; L. Hanzo,18,,IEEE 54th Vehicular Technology Conference. VTC Fall 2001. Proceedings (Cat. No.01CH37211),2001.0,JournalArticle; Conference
2fca555d63f16cd0b9e6e4fbac012bb946ffe7f8,A Novel Subband Adaptive Beamforming Architecture Based on the Generalized Sidelobe Canceller,,W. Liu; S. Weiss; L. Hanzo,0,,,2001.0,
31a77084799af20c5e7b7694b77224a42beeb7c2,Constant modulus algorithm assisted soft decision-feedback equalization,,S. Vlahoyiannatos; L. Hanzo,1,,ICC 2001. IEEE International Conference on Communications. Conference Record (Cat. No.01CH37240),2001.0,JournalArticle; Conference
37674172dcdaf642f3c163f3629852d6fb24e82e,Second-order channel parameter estimation assisted cancellation of channel variation-induced inter-subcarrier interference in OFDM systems,,M. Munster; L. Hanzo,15,,"EUROCON'2001. International Conference on Trends in Communications. Technical Program, Proceedings (Cat. No.01EX439)",2001.0,Conference
38c6860277936ab1b5330a6215d6405ca4f35c78,Adaptive minimum-BER linear multiuser detection for CDMA signals in multipath channels with 4-QAM constellation,,A. Samingan; Sheng Chen; L. Hanzo,3,,,2001.0,
3f0cdcb0d090e75b7053a0bd080aa0aef47f4bee,Genetic algorithm assisted joint multiuser symbol detection and fading channel estimation for synchronous CDMA systems,,K. Yen; L. Hanzo,122,,IEEE J. Sel. Areas Commun.,2001.0,JournalArticle
3f7bf221e439de9479d440876f5eb63d77d5a3c4,Adaptive minimum-BER linear multiuser detection,,Sheng Chen; A. Samingan; B. Mulgrew; L. Hanzo,28,,"2001 IEEE International Conference on Acoustics, Speech, and Signal Processing. Proceedings (Cat. No.01CH37221)",2001.0,JournalArticle; Conference
406967b6da4bc3f404beb7bfac1d423895f11d94,Wireless video communications - second to third generation systems and beyond,,L. Hanzo; P. Cherriman; J. Streit,74,,,2001.0,
43050bd33fb2bcbda9383bd37f552e116485ed76,Zinc Function Excitation,,L. Hanzo; F. Somerville; J. Woodard,0,,,2001.0,Review
4810278903c0eefcb1aac459891bef7e1ac9c96e,Turbo-equalised H.263-based video telephony for GSM/GPRS,,P. Cherriman; B. Yeap; L. Hanzo,1,,ICC 2001. IEEE International Conference on Communications. Conference Record (Cat. No.01CH37240),2001.0,JournalArticle; Conference
4c6a78b643b714177cadad5fe58f0ab21591f17b,SecondGeneration Mobile Systems,,L. Hanzo; P. Cherriman; J. Streit,0,,,2001.0,
5136c7b367542fc639a790bb603537767a821f46,A unified approach to the analysis of multicarrier DS-CDMA over Nakagami-m fading channels,,Lie-liang Yang; L. Hanzo,5,,GLOBECOM'01. IEEE Global Telecommunications Conference (Cat. No.01CH37270),2001.0,Conference
5b0f0c552843f889f6d907e7091076ff824f62c0,ADAPTIVE LEAST ERROR RATE ALGORITHMFOR NEURAL NETWORK,,CLASSIFIERSS. Chen; B. Mulgrew; L. Hanzo,0,,,2001.0,
5b2cfaa951630912bc7a7c84f2555426c90413b8,Analysis by Synthesis Coding,,L. Hanzo; F. Somerville; J. P. Woodward,1,,,2001.0,
5cb395a8059ec2178abff9db3e7c9dc58db1a849,Very LowRate Coding and Transmission,,L. Hanzo; F. Somerville; J. P. Woodward,0,,,2001.0,
5ee00bb1960e4cac654017d4c58b3d17627160ff,Linear Predictive Vocoder,,L. Hanzo; F. Somerville; J. Woodard,2,,,2001.0,
5ef90ff5e979d450f34c29f5dae80a05da1b3828,Multiple hyperplane detector for implementing the asymptotic Bayesian decision feedback equalizer,,Sheng Chen; L. Hanzo; B. Mulgrew,0,,ICC 2001. IEEE International Conference on Communications. Conference Record (Cat. No.01CH37240),2001.0,JournalArticle; Conference
5f2122928aba7fa97b04b720836f167353b38a09,'Errors-and-erasures' decoding performance of RS coded DS-CDMA using M-ary orthogonal signalling,,Lie-liang Yang; L. Hanzo,0,,IEEE 54th Vehicular Technology Conference. VTC Fall 2001. Proceedings (Cat. No.01CH37211),2001.0,JournalArticle; Conference
60173f3374a29177b4e008a73702cf59deb1ce12,'Errors-and-erasures' decoding in RS coded DS-CDMA using noncoherent M-ary orthogonal modulation,,Lie-liang Yang; L. Hanzo,1,,"EUROCON'2001. International Conference on Trends in Communications. Technical Program, Proceedings (Cat. No.01EX439)",2001.0,Conference
6178adf27c6c23e721463916301d056b945283b7,Voice Compression and Communications,,J. P. Woodward; C. Sommerville; L. Hanzo,102,,,2001.0,
61bca7664ef7ef336f75ccff1efd211c5863db73,IEEE International Conference on Acoustics Speech and Signal Processing,,Sheng Chen; A. Samingan; B. Mulgrew; L. Hanzo,206,,,2001.0,
633fd2a908d5dfc4d4b8af4f36efbc3b1be622da,Low BitRate Parametric QuadTreeBased Codecs and Multimode Videophone Transceivers,,L. Hanzo; P. Cherriman; J. Streit,0,,,2001.0,
642d086d255429645e8a24382ac9679c2de7f14a,Genetic algorithm assisted multiuser detection in asynchronous CDMA communications,,K. Yen; L. Hanzo,50,,ICC 2001. IEEE International Conference on Communications. Conference Record (Cat. No.01CH37240),2001.0,JournalArticle; Conference
668e6bbda2e0f1e566b6ef7430f350d8d2e0030c,"TCM, TTCM, BICM and iterative BICM assisted OFDM-based digital video broadcasting to mobile receivers",,C.S. Lee; S. Ng; L. Piazzo; L. Hanzo,11,,"IEEE VTS 53rd Vehicular Technology Conference, Spring 2001. Proceedings (Cat. No.01CH37202)",2001.0,Conference
66b69c9304b6c84b9f34e721f90d8402062c556f,Comparative study of concatenated turbo coded and space-time block coded as well as space-time trellis coded OFDM,,T. Liew; B. Choi; L. Hanzo,16,,"IEEE VTS 53rd Vehicular Technology Conference, Spring 2001. Proceedings (Cat. No.01CH37202)",2001.0,Conference
6a5b3c49bd1d190aa6111307b57f30e2e5902664,Subband adaptive broadband beamforming,,Wei Liu; S. Weiss; L. Hanzo,0,,,2001.0,
6be01ce3773903d567ae9616fe26a65d742cdc9c,Decision-feedback equalization using multiple-hyperplane partitioning for detecting ISI-corrupted M-ary PAM signals,,Sheng Chen; L. Hanzo; B. Mulgrew,15,,IEEE Transactions on Communications,2001.0,JournalArticle
6d2643106b477fc079b511a4c936d28903fb064d,Burst-by-burst adaptive turbo-coded radial basis function-assisted decision feedback equalization,,M. Yee; T. Liew; L. Hanzo,14,,IEEE Transactions on Communications,2001.0,JournalArticle
7273823b31a94f7a5ebd74965da6ef46e408153e,Speech Signals and an Introduction to Speech Coding,,L. Hanzo; F. Somerville; J. Woodard,1,,,2001.0,
729d43ccca5b9b5bd3df1e339d4f190581c88fbf,Minimum-distance decoding of redundant residue number system codes,,Lie-liang Yang; L. Hanzo,13,,ICC 2001. IEEE International Conference on Communications. Conference Record (Cat. No.01CH37240),2001.0,JournalArticle; Conference
743f11d796c5b4af44f75015df8447dba729116d,Concatenated space-time block coded and turbo coded symbol-by-symbol adaptive OFDM and multi-carrier CDMA systems,,B. Choi; T. Liew; L. Hanzo,11,,"IEEE VTS 53rd Vehicular Technology Conference, Spring 2001. Proceedings (Cat. No.01CH37202)",2001.0,Conference
75cf1e2b1bfc2aff537c1bd7c0c0890e86d7221d,Speech spectral quantizers for wideband speech coding,,G. Guibé; H. T. How; L. Hanzo,26,,Transactions on Emerging Telecommunications Technologies,2001.0,JournalArticle
7fcd3decd45f3f54b7c16f503e364a8414b2d0c4,Comparative study of adaptive beam-steering and adaptive modulation-assisted dynamic channel allocation algorithms,,J. S. Blogh; P. Cherriman; L. Hanzo,5,,IEEE Transactions on Vehicular Technology,2001.0,JournalArticle
826ad435c00e3e90f09f823aa9b08e759e66c1ba,Slow frequency-hopping multicarrier DS-CDMA for transmission over Nakagami multipath fading channels,,Lie-liang Yang; L. Hanzo,34,,IEEE J. Sel. Areas Commun.,2001.0,JournalArticle
842f9ecad7c7bb993f8256e61b5adac50f4ceb59,Orthogonal frequency division multiplex synchronization techniques for frequency-selective fading channels,,T. Keller; L. Piazzo; P. Mandarini; L. Hanzo,215,,IEEE J. Sel. Areas Commun.,2001.0,JournalArticle
86121e5366f096d8759f34ba97305675d307b1aa,Reduced complexity in-phase/quadrature-phase turbo equalisation using iterative channel estimation,,B. Yeap; C. Wong; L. Hanzo,15,,ICC 2001. IEEE International Conference on Communications. Conference Record (Cat. No.01CH37240),2001.0,JournalArticle; Conference
88d42007b6c10d2aedf9a94dcc1227d39e3cbbe2,Regular Pulse Excited Coding,,L. Hanzo; F. Somerville; J. Woodard,0,,,2001.0,
899b0a2d0dad5789ed455fe7d617f82848244cb3,Appendix C: Probability Density Function for Amplitudes,,L. Hanzo; F. Somerville; J. Woodard,0,,,2001.0,
89a121207c5ab278af6a9abaa928203c0c853152,Very Low BitRate VQ Codecs and Multimode Video Transceivers,,L. Hanzo; P. Cherriman; J. Streit,0,,,2001.0,
924d85eccb0af2245080b4dd6bb0d49470d7a11d,Sinusoidal Transform Coding Below 4 kbps,,L. Hanzo; F. Somerville; J. Woodard,0,,,2001.0,
93481695e1a13ef015f2f666127fdb563727a224,Adaptive antenna array assisted dynamic channel allocation techniques,,J. S. Blogh; P. Cherriman; L. Hanzo,11,,IEEE J. Sel. Areas Commun.,2001.0,JournalArticle
9ac10d22a97ba560efc33a108154dadfb70160f5,A burst-by-burst adaptive joint-detection based CDMA speech transceiver,,H. T. How; T. Liew; E. Kuan; L. Hanzo,0,,IEEE 54th Vehicular Technology Conference. VTC Fall 2001. Proceedings (Cat. No.01CH37211),2001.0,JournalArticle; Conference
9c90f5933feeca56cf81640eb97131488d4b364b,Performance analysis of coded M-ary orthogonal signaling using errors-and-erasures decoding over frequency-selective fading channels,,Lie-liang Yang; L. Hanzo,35,,IEEE J. Sel. Areas Commun.,2001.0,JournalArticle
9d7a4fbb654ef836a3e70e5e43a5a348bf776e82,Wideband Coding and Transmission,,L. Hanzo; F. Somerville; J. P. Woodward,0,,,2001.0,
9f288d459cb4eb444f9a0261d49a06394969705d,Unified Error Control Procedure for Global Telecommunications Ssytems using Redundant Residue Number System Codes,,Lie-liang Yang; L. Hanzo,0,,,2001.0,
a08a04b4638ce9af09b842523d632f17be054e2e,Multirate transmission in frequency-hopping multicarrier direct sequence code division multiple access systems,,Lie-liang Yang; L. Hanzo,1,,IEEE 54th Vehicular Technology Conference. VTC Fall 2001. Proceedings (Cat. No.01CH37211),2001.0,JournalArticle; Conference
a115cd07a883d52444030ed32cc8a2823e63d84c,Redundant residue number system based error correction codes,,Lie-liang Yang; L. Hanzo,86,,IEEE 54th Vehicular Technology Conference. VTC Fall 2001. Proceedings (Cat. No.01CH37211),2001.0,JournalArticle; Conference; Review
a43678eebf32caabbf2858c1266dbfd771afc113,CDMA Systems: ThirdGeneration and Beyond,,L. Hanzo; P. Cherriman; J. Streit,0,,,2001.0,
abce640886643d091dd819abb83868ddc98ef764,Optimum mode-switching assisted adaptive modulation,,B. Choi; L. Hanzo,14,,GLOBECOM'01. IEEE Global Telecommunications Conference (Cat. No.01CH37270),2001.0,Conference
afac0c2ac2643fd7ce4d57324e45dd3c6bb9540e,Adaptive Modulation and Adaptive Antenna Array Assisted Network Performance of Multi-User Detection Aided UTRA-like FDD / CDMA Systems,,J. S. Blogh; L. Hanzo,1,,,2001.0,
b226204604d6374f3a7ac5b323fa9f75b846fee1,Transmit Diversity Assisted Multicarrier DS-CDMA: A Flexible Multiple-Access Scheme for Ubiquitous Communications,,L. Yang; L. Hanzo,0,,,2001.0,
b40e2d5f98d93c03fd7baa7567b1874134ab9106,RBF-based decision feedback aided turbo equalisation of convolutional and space-time trellis-coded systems,,M. Yee; B. Yeap; L. Hanzo,3,,,2001.0,
b58f2882ae5cf1cbfe3135440cda2fe0bcaf9658,IEEE International Communications Conference (ICC) 2001,,Sheng Chen; B. Mulgrew; L. Hanzo,0,,,2001.0,
b8306b78e31b2655af93bd5e8ae6f6a87d5f7d64,Support vector machine multiuser receiver for DS-CDMA signals in multipath channels,,Sheng Chen; A. Samingan; L. Hanzo,125,,IEEE Trans. Neural Networks,2001.0,JournalArticle
b845a4f176578c33b5279c961f6f43d26da9f197,Very Low BitRate DCT Codecs and Multimode Videophone Transceivers,,L. Hanzo; P. Cherriman; J. Streit,0,,,2001.0,
b9a17b692df8920037baec4f75e55c86bb4c1ce0,BlockBased Channel Coding,,L. Hanzo; P. Cherriman; J. Streit,0,,,2001.0,
bc43a2aa72dde39b9e5783eeafba871bd430bb95,Error Rate Based Power Control,,L. Hanzo; P. Cherriman; J. Streit,0,,,2001.0,
be7359036c0b8571c8335b5e2d6753c972876ec5,CDMA Systems: Third-generation and Beyond,,K. Yen; Lie-liang Yang; L. Hanzo,0,,,2001.0,
c029478ecf1942a3e306578e7bd2f8694fbcad1d,Appendix A: Constructing the Quadratic Spline Wavelets,,L. Hanzo; F. Somerville; J. Woodard,0,,,2001.0,
c2f5a58396a9c78868644fa9a3248ab02ba8a6ce,Proceedings 2001 IEEE Workshop Neural Networks for Signal Processing,,Sheng Chen; B. Mulgrew; L. Hanzo,1,,,2001.0,
c7f10ebe09cc3d8b53e478ebdb6ba101d87152c4,"Adaptive SingleCarrier, Multicarrier, and CDMAbased Video Systems",,L. Hanzo; P. Cherriman; J. Streit,0,,,2001.0,
c872550137b470e51701b11d4949c0ab412ad8b2,Appendix B: Zinc Function Excitation,,L. Hanzo; F. Somerville; J. Woodard,0,,,2001.0,
c8922833f6b22e5c17f5f59426ca922c8e2d5fd6,Speech Signals and Waveform Coding,,L. Hanzo; F. Somerville; J. P. Woodward,0,,,2001.0,
c94815f164368fac49851c0d956d97814004fc37,Adaptive least error rate algorithm for neural network classifiers,,S. Chen; B. Mulgrew; L. Hanzo,9,,Neural Networks for Signal Processing XI: Proceedings of the 2001 IEEE Signal Processing Society Workshop (IEEE Cat. No.01TH8584),2001.0,
cf414cd2fb30ce8169a78f35e5b7e3f4cc99b2a0,Serial acquisition of DS-CDMA signals in multipath fading mobile channels,,Lie-liang Yang; L. Hanzo,78,,IEEE Transactions on Vehicular Technology,2001.0,JournalArticle
cf4691f1a131dfb1a09c484b927c36975f41603c,Turbo equalization of serially concatenated systematic convolutional codes and systematic space time trellis codes,,B. Yeap; T. Liew; L. Hanzo,10,,"IEEE VTS 53rd Vehicular Technology Conference, Spring 2001. Proceedings (Cat. No.01CH37202)",2001.0,Conference
cf6788c72606157280e5150b0fbe6888447c541d,RAKE receiver detection of adaptive modulation aided CDMA over frequency selective channels,,B. Choi; L. Hanzo,2,,IEEE 54th Vehicular Technology Conference. VTC Fall 2001. Proceedings (Cat. No.01CH37211),2001.0,JournalArticle; Conference
cfcf8c81a626032f5c742719a66c73d47f5ad7a4,A space-time coded OFDM based MPEG-4 audio transceiver,,H. T. How; T. Liew; L. Hanzo,0,,IEEE 54th Vehicular Technology Conference. VTC Fall 2001. Proceedings (Cat. No.01CH37211),2001.0,JournalArticle; Conference
d04a7a7678a00407be82a920bb686b90ac849dd3,Adaptive multiuser receiver using a support vector machine technique,,S. Chen; A. Samingan; L. Hanzo,13,,"IEEE VTS 53rd Vehicular Technology Conference, Spring 2001. Proceedings (Cat. No.01CH37202)",2001.0,Conference
d6e9ffbc6de3ff07d7a3ff75371843c6b9f58871,A performance comparison of fullband and different subband adaptive equalisers,,H. Mohamad; Stephan Weiss; M. Rupp; L. Hanzo,4,,Proceedings of the 11th IEEE Signal Processing Workshop on Statistical Signal Processing (Cat. No.01TH8563),2001.0,
d89e02e3018fd6512d980278859bcf39dfc76b07,An ARQ Assisted H.261Based Reconfigurable Multilevel Videophone System,,L. Hanzo; P. Cherriman; J. Streit,0,,,2001.0,
dd2933b82a4a99935b31def74976c8d9b5acf01d,Genetic Algorithm Based Antenna Diversity Assisted Multiuser Detect ion for Synchronous,,K. Yen; L. Hanzo,0,,,2001.0,
e3a91f631355a28cc99c5d3135fa181c467a8d5a,Combined trellis-coded modulation and blind turbo equalisation,,S. Vlahoyiannatos; S. Ng; L. Hanzo,1,,"EUROCON'2001. International Conference on Trends in Communications. Technical Program, Proceedings (Cat. No.01EX439)",2001.0,Conference
ed397c21632ae4845590eff15f5374a2ce11e671,Acquisition performance study of single- and multi-carrier DS-CDMA over Nakagami-m fading channels,,Lie-liang Yang; L. Hanzo,1,,"IEEE VTS 53rd Vehicular Technology Conference, Spring 2001. Proceedings (Cat. No.01CH37202)",2001.0,Conference
f4026a6fdb3e7ad921025b08b8c7b82f01ded104,Adaptive minimum-BER linear multiuser detection for DS-CDMA signals in multipath channels,,Sheng Chen; A. Samingan; B. Mulgrew; L. Hanzo,159,,IEEE Transactions on Signal Processing,2001.0,JournalArticle
f67d585370fa2198572f0bb1f1e397cd19188f82,Parallel Interference Cancellation Assisted Decision-Directed Channel Estimation for Multi-User OFDM,,M. Münster; L. Hanzo,1,,,2001.0,
f6c84cf0739d9a7de4f8d8296c5959a52a4b5a80,Performance of Rake receiver assisted adaptive-modulation based CDMA over frequency selective slow Rayleigh fading channels,,B. Choi; M. Münster; Lie-liang Yang; L. Hanzo,41,,,2001.0,
f7a5cd25aafccad5d131e36b2a0f05b71702c5ef,Space-time block coded adaptive modulation aided OFDM,,T. Liew; L. Hanzo,26,,GLOBECOM'01. IEEE Global Telecommunications Conference (Cat. No.01CH37270),2001.0,JournalArticle; Conference
f8bff50dde1ad729a63599374d1a4eced8d24a75,Reduced complexity in-phase/quadrature-phase turbo equalisation using radial basis functions,,M. Yee; B. Yeap; L. Hanzo,1,,"IEEE VTS 53rd Vehicular Technology Conference, Spring 2001. Proceedings (Cat. No.01CH37202)",2001.0,Conference
fc839d41d3a3c61bf93874715d8ecb3d1f72c9f5,Subband adaptive generalized sidelobe canceller for broadband beamforming,,W. Liu; S. Weiss; L. Hanzo,20,,Proceedings of the 11th IEEE Signal Processing Workshop on Statistical Signal Processing (Cat. No.01TH8563),2001.0,
fd568b90ead6a51472cdd2051593d16ae615260a,Video Traffic Modeling and Multiple Access,,L. Hanzo; P. Cherriman; J. Streit,1,,,2001.0,
fd61b4d396d1ee65724964b81e295a3805e455f6,A Novel Method for Partially Adaptive Broadband Beamforming,,W. Liu; Stephan Weiss; L. Hanzo,5,,2001 IEEE Workshop on Signal Processing Systems. SiPS 2001. Design and Implementation (Cat. No.01TH8578),2001.0,JournalArticle
fe5daba19f38f829c90f96763611112ce3ff4441,"Comparative study of TCM, TTCM, BICM and BICM-ID schemes",,S. Ng; T. Liew; L. Yang; L. Hanzo,28,,"IEEE VTS 53rd Vehicular Technology Conference, Spring 2001. Proceedings (Cat. No.01CH37202)",2001.0,Conference
ffa03c6fdfa4a978f8dc12d86c51677b1e663794,"Burst-by-burst adaptive decision feedback equalized TCM, TTCM, BICM and BICM-ID",,S. Ng; C. Wong; L. Hanzo,9,,ICC 2001. IEEE International Conference on Communications. Conference Record (Cat. No.01CH37240),2001.0,JournalArticle; Conference
042c815d0797c76f009f3b508216377b3de66837,"Video compression and communications over wireless channels: from second to third generation systems, WLANs and beyond",,L. Hanzo,8,,,2000.0,
0c1559d355b43f9d5658a206c21174097bc73e96,"Single and Multicarrier Modulation: For Personal Communications, Wlans and Broadcasting",,L. Hanzo; T. Keller; W. Webb,8,,,2000.0,Review
0c996b9e8a67defd31242a2b1ee6cf5dc9cda2cf,Wireless Multimedia Communications: High-End Adaptive Transceivers,,L. Hanzo,0,,,2000.0,
14a375cbe73d29dd7b5712fbc628b190ea515a73,Comparative study of space time block codes and various concatenated turbo coding schemes,,T. Liew; J. Pliquett; B. Yeap; Lie-Lung Yang; L. Hanzo,24,,11th IEEE International Symposium on Personal Indoor and Mobile Radio Communications. PIMRC 2000. Proceedings (Cat. No.00TH8525),2000.0,JournalArticle
14f0a665a206c17355fa06ea171efd3aff6776fc,"Satellite based turbo-coded, blind-equalized 4-QAM and 16-QAM digital video broadcasting",,Chee-Siong Lee; S. Vlahoyiannatos; L. Hanzo,11,,IEEE transactions on broadcasting,2000.0,JournalArticle
18e6165d354707eaebe9c62f7c6f757d27b0bdcb,MMSE Channel Prediction for Symbol-by-Symbol Adaptive OFDM Systems,,M. Münster; L. Hanzo,1,,,2000.0,
19e18e8a5b8f11057d1168f802bb1c3b5c25fa45,Blind joint soft-detection assisted slow frequency-hopping multicarrier DS-CDMA,,Lie-liang Yang; L. Hanzo,27,,IEEE Transactions on Communications,2000.0,JournalArticle
1f37cd82ffb8a3d33ae5e1ed007f5963fc9c04ca,Performance of RS coded DS-CDMA using noncoherent M-ary orthogonal modulation over multipath fading channels,,Lie-liang Yang; K. Yen; M. Dillinger; L. Hanzo,3,,11th IEEE International Symposium on Personal Indoor and Mobile Radio Communications. PIMRC 2000. Proceedings (Cat. No.00TH8525),2000.0,JournalArticle
202a6041d1469d08d131028d2b0fc78f3131c977,Performance Comparison of FH/MC DS-CDMA with Single- and Multi-Carrier DS-CDMA,,L. Yang; L. Hanzo,73,,,2000.0,Review
285290c6609efeb50a338020e2c2b8f39f379875,OFDM-based turbo-coded hierarchical and non-hierarchical terrestrial mobile digital video broadcasting,,Chee-Siong Lee; T. Keller; L. Hanzo,33,,IEEE transactions on broadcasting,2000.0,JournalArticle
2965afdae6521541a8799628c299e10cb83ca885,The super-trellis structure of turbo codes,,M. Breiling; L. Hanzo,27,,IEEE Transactions on Information Theory,2000.0,JournalArticle
2b41d1e6da7ac845e0defbe07704f05b5caa803b,Co-channel interference cancellation techniques for antenna array assisted multiuser OFDM systems,,M. Münster; L. Hanzo,31,,,2000.0,
35b6cd9f417f6107a14f879a9ece64c8f3ceca2a,Parallel code-acquisition for multicarrier DS-CDMA systems communicating over multipath Nakagami fading channels,,Lie-liang Yang; L. Hanzo,8,,Global Communications Conference,2000.0,JournalArticle; Conference
37ad014501d086917259c879c9f9d91f232ec1ad,Turbo-Coded Terrestrial Mobile Video Broadcasting,,C. S. Lee; T. Keller; L. Hanzo,1,,,2000.0,
381b81ecf242aec2a4ba41d0217c6cb875539bfc,Performance of parallel code acquisition schemes for multicarrier CDMA over frequency-selective Rayleigh fading channels,,Lie-liang Yang; L. Hanzo,3,,11th IEEE International Symposium on Personal Indoor and Mobile Radio Communications. PIMRC 2000. Proceedings (Cat. No.00TH8525),2000.0,JournalArticle
3c4a451a7077d89bd73f0a2008006dcd91ccdb7f,TTCM-OFDM over dispersive fading channels,,L. Piazzo; L. Hanzo,13,,VTC2000-Spring. 2000 IEEE 51st Vehicular Technology Conference Proceedings (Cat. No.00CH37026),2000.0,Conference
3cf8f9b7682a13fed26424ba33fe2b9314758fba,Optimal decision feedback equaliser for M-PAM signals using support vector machine solution,,Sheng Chen; A. Samingan; L. Hanzo,3,,,2000.0,
3ee0f6ed0319910861c7b342023e72c129b99e60,A Reed-Solomon coded DS-CDMA system using noncoherent M-ary orthogonal modulation over multipath fading channels,,Lie-liang Yang; K. Yen; L. Hanzo,18,,IEEE Journal on Selected Areas in Communications,2000.0,JournalArticle
40f9cfca207603fa3eb3293bc9e91668429892d9,Channel-adaptive wideband wireless video telephony,,L. Hanzo; C. Wong; P. Cherriman,16,,IEEE Signal Processing Magazine,2000.0,JournalArticle; Review
54ff9442666690cedf4777a7f7bcc58988693cee,Adaptive multicarrier modulation: a convenient framework for time-frequency processing in wireless communications,,T. Keller; L. Hanzo,625,,Proceedings of the IEEE,2000.0,JournalArticle; Review
5cf3d18766f70228cce43ce83bd37014813a8b93,A recursive algorithm for the error probability evaluation of M-QAM,,Lie-liang Yang; L. Hanzo,111,,IEEE Communications Letters,2000.0,JournalArticle
5e31d62a13ba2451d59f905f6b783348be002709,Blind-Equalised and Turbo Coded Satellite Based Digital Video Broadcasting,,C. S. Lee; S. Vlahoyiannatos; L. Hanzo,1,,,2000.0,
6da32d53ccda394a3fb71c53579e4f2ed728d012,An Importance Sampling Simulation Method for Bayesian Decision Feedback Equalizers,,S. Chen; L. Hanzo,2,,,2000.0,
78bedbae6914d12e16df5f5901affaf8f82b2aed,Upper-bound performance of a wide-band adaptive modem,,C. Wong; L. Hanzo,39,,IEEE Transactions on Communications,2000.0,JournalArticle
78ca74d91dbf59fac7bc2b7e3ec708e8c7b4ff3b,PERFORMANCE OF PARALLEL CODE ACQUISITION SCHEMES FADING CHANNELS FOR MULTICARRIER CDMA OVER FREQUENCY-SELECTIVE RAYLEIGH,,Lie-liang Yang; L. Hanzo,0,,,2000.0,
84a68c907963adcc5e438764b6bbac488b344d45,Iterative decoding of redundant residue number system codes,,T. Liew; L. Yang; L. Hanzo,6,,VTC2000-Spring. 2000 IEEE 51st Vehicular Technology Conference Proceedings (Cat. No.00CH37026),2000.0,Conference
88046d8c163852c26842622bc5e48ffd8798957b,Adaptive redundant residue number system coded multicarrier modulation,,T. Keller; T. Liew; L. Hanzo,71,,IEEE Journal on Selected Areas in Communications,2000.0,JournalArticle
89c8c08d111ecdce90c06950fc53f7913a3813f5,Adaptive modulation techniques for duplex OFDM transmission,,T. Keller; L. Hanzo,328,,IEEE Transactions on Vehicular Technology,2000.0,JournalArticle
8d0d3b5b5923800aa0fa4247aa019f70083b249c,A multiband excited waveform-interpolated 2.35-kbps speech codec for bandlimited channels,,F. Brooks; L. Hanzo,6,,IEEE Transactions on Vehicular Technology,2000.0,JournalArticle
94883c2e9244bad653c728736ad42f7f0956fb4b,Comparative Study of Wideband Speech Spectral Quantization Schemes,,G. Guibé; H. T. How; L. Hanzo,1,,,2000.0,
991333afe321cc573c1a827c84f32c7442bec9a2,Turbo- and BCH-coded wide-band burst-by-burst adaptive H.263-assisted wireless video telephony,,P. Cherriman; L. Hanzo; C. Wong,24,,IEEE Trans. Circuits Syst. Video Technol.,2000.0,JournalArticle
9b02e948fe2ede7077e3c29b6fdcc604ac0866b4,Interactive cellular and cordless video telephony: State-of-the-art system design principles and expected performance,,L. Hanzo; P. Cherriman; E. Kuan,37,,Proceedings of the IEEE,2000.0,JournalArticle
a92d56350f73f87b8ae8d213125c5ea2ee1356d3,"Concatenated space-time block codes and TCM, turbo TCM, convolutional as well as turbo codes",,T. Liew; J. Pliquett; B. Yeap; Lie-Lung Yang; L. Hanzo,22,,Global Communications Conference,2000.0,JournalArticle; Conference
acfef3ef319028b5b19ff2964b170d07d61308da,A turbo-coded burst-by-burst adaptive wide-band speech transceiver,,T. Keller; M. Münster; L. Hanzo,14,,IEEE Journal on Selected Areas in Communications,2000.0,JournalArticle
adb35e627ccac0b1f2dfe2e47d0e696167e84b1f,A Wideband Transform-coded Symbol-by-Symbol Adaptive Speech and Audio Transceiver,,T. Keller; M. Münster; L. Hanzo,0,,,2000.0,
b6897fddc7cae64186329c663fa26103690762a8,Asymptotic Bayesian decision feedback equalizer using a set of hyperplanes,,Sheng Chen; B. Mulgrew; L. Hanzo,17,,IEEE Transactions on Signal Processing,2000.0,JournalArticle
b90b82fc38fa6b34a7a3a0f5553a1b09868dc4ed,"Single- and Multi-carrier Quadrature Amplitude Modulation : Principles and Applications for Personal Communications, WLANs and Broadcasting",,L. Hanzo; W. Webb; T. Keller,332,,,2000.0,Review
ba791f34a3e7c080ce25e9924d361d6ff8aad921,"Wideband speech coding , speech spectral quantisation Speech Spectral Quantizers for Wideband Speech Coding",,G. Guibé; H. T. How; L. Hanzo,0,,,2000.0,
bc6948ad90652a8c9063db05ded0572c5e2b9b75,Comparative study of turbo decoding techniques: an overview,,J. Woodard; L. Hanzo,371,,IEEE Transactions on Vehicular Technology,2000.0,JournalArticle; Review
bc7f03d651160c053002a0a557d44a26f1b96442,Comparative study of adaptive-rate CDMA transmission employing joint-detection and interference cancellation,,E. Kuan; L. Hanzo,4,,VTC2000-Spring. 2000 IEEE 51st Vehicular Technology Conference Proceedings (Cat. No.00CH37026),2000.0,Conference
c2dba4d8743be2b3a8e685aa68d12d4207c0d699,Binary BCH turbo coding performance: union bound and simulation results,,S. Ng; T. Liew; L. Yang; L. Hanzo,7,,VTC2000-Spring. 2000 IEEE 51st Vehicular Technology Conference Proceedings (Cat. No.00CH37026),2000.0,Conference
c7c426cac1ccecebcf80fdb3b0ef1e177dd6eb8f,Emetteur-recepteur video amcr a detection conjointe adaptative,,L. Hanzo; P. Cherriman; E. Kuan,0,,,2000.0,
d03a08aebff3b678296ff746ed03d9ea29f8a492,Modified MAP Algorithm for Extended Turbo BCH Codes and Turbo Equalisers,,T. Liew; B. Yeap; J. Woodard; L. Hanzo,6,,,2000.0,
d04eced2665409f167f72cbf0c6e1ad8b859eeef,TURBO-CODED BLIND PER-SURVIVOR PROCESSING MULTIUSER,,E. Kuan; L. Hanzo,0,,,2000.0,
d0793b92d4f6b58781deee8c6a528a485d492b7b,Performance of errors-and-erasures decoded Reed-Solomon codes over frequency-selective Rayleigh fading channels using M-ary orthogonal signaling,,L. Yang; L. Hanzo,2,,VTC2000-Spring. 2000 IEEE 51st Vehicular Technology Conference Proceedings (Cat. No.00CH37026),2000.0,Conference
e5eb07d6e8451616c76261ef04eefb96c19b9589,Turbo-coded blind per-survivor processing multiuser detection CDMA,,E. Kuan; L. Hanzo,2,,11th IEEE International Symposium on Personal Indoor and Mobile Radio Communications. PIMRC 2000. Proceedings (Cat. No.00TH8525),2000.0,JournalArticle
e67005b7fa95f01472f488da0c57624991962d00,Adaptive rate RRNS coded OFDM transmission for mobile communication channels,,T. Keller; T. Liew; L. Hanzo,17,,VTC2000-Spring. 2000 IEEE 51st Vehicular Technology Conference Proceedings (Cat. No.00CH37026),2000.0,Conference
f6729916224748c3da88150e0a96ffd4d680f79a,Burst-by-Burst Adaptive Turbo-coded OFDM-Based Video Telephony,,P. Cherriman; T. Keller; L. Hanzo,1,,,2000.0,
058ab8971497da530ccc98947fa3a755329aafbf,A 2.35 kbps joint-detection CDMA speech transceiver,,F. Brooks; E. Kuan; L. Hanzo,1,,IEEE Vehicular Technology Conference,1999.0,Conference
063d70abd0b05fd35b85f16bea7deefbdc30cd34,Turbo Coded Burst by Burst Adaptive Wideband Modulation with Blind Modem Mode Detection,,C. H. Wong; T. Liew; L. Hanzo,10,,,1999.0,
0dccd0334fe2f51d2f97a34fb4e09192782565c1,Dynamic channel allocation techniques using adaptive modulation and adaptive antennas,,J. S. Blogh; P. Cherriman; L. Hanzo,25,,Gateway to 21st Century Communications Village. VTC 1999-Fall. IEEE VTS 50th Vehicular Technology Conference (Cat. No.99CH36324),1999.0,JournalArticle; Conference
0eb23618914e29d52a681f3b44e596d9a9e440a1,Turbo-Coded Digital Video Broadcasting for Mobile Environments,,C. S. Lee; T. Keller; L. Hanzo,2,,,1999.0,
11a1c05208887df97e57bdd6192b98302d432891,Low-complexity wireless speech communications schemes,,L. Hanzo; Jeff Williams; R. Steele,0,,,1999.0,
14159bde58006dc1294d9c3d26412a69fb9f9dd4,Introduction to Digital Cellular Radio,,R. Steele; L. Hanzo,20,,,1999.0,
1c2100493acca1c4e12d4d6a6522c62f161f983e,Crest-factor study of MC-CDMA and OFDM,,B. Choi; E. Kuan; L. Hanzo,66,,Gateway to 21st Century Communications Village. VTC 1999-Fall. IEEE VTS 50th Vehicular Technology Conference (Cat. No.99CH36324),1999.0,Conference
1ee548bda80b592bb80a5d6f36c7c697043d57d6,Guest Editorial Article (Foreword) | NIST,,H. Gharavi; L. Hanzo,0,,,1999.0,
22d2e5480fc703ebf4467c4c9b977febd5fa81f9,Speech Coding: 2nd,,R. Salami; L. Hanzo; F. Brooks; R. Steele,0,,,1999.0,
279e02b09697f32c12860b29cab74eff15668c13,Multi-level radial basis function network based equalisers for Rayleigh channels,,M. Yee; L. Hanzo,22,,IEEE Vehicular Technology Conference,1999.0,Conference
28bc03d7f61282fdf28332bc93db30811baa43b0,Dynamic Channel Allocation Using Adaptive Antennas and Power Control,,J. S. Blogh; P. Cherriman; L. Hanzo,4,,,1999.0,
296778598821445665258011dd0f47c74b845ea0,"Adaptive TDMA, CDMA, and OFDM Techniques with Applications to Video Communications",,L. Hanzo,0,,,1999.0,
2b0c65f931c0c774f33fdec53c0cf6d328ab22a7,Sub-band adaptive pre-equalised OFDM transmission,,T. Keller; L. Hanzo,34,,Gateway to 21st Century Communications Village. VTC 1999-Fall. IEEE VTS 50th Vehicular Technology Conference (Cat. No.99CH36324),1999.0,Conference
31fc230742805260ec847fe24ba92e4a15be6899,The Pan-European Cellular System: 2nd,,L. Hanzo,0,,,1999.0,
3899c4578cfacdf1c88f1b9679c8224d0e1defd5,Residue number system arithmetic assisted M-ary modulation,,Lie-liang Yang; L. Hanzo,33,,IEEE Communications Letters,1999.0,JournalArticle
3d03278f1ba23744169ae4c7cef13e319603764d,Soft-decision redundant residue number system based error correction coding,,T. Liew; L. Yang; L. Hanzo,24,,Gateway to 21st Century Communications Village. VTC 1999-Fall. IEEE VTS 50th Vehicular Technology Conference (Cat. No.99CH36324),1999.0,Conference
3f502abb695fcc6b51c915abe9f886e4a4aaace4,Non-iterative joint channel equalisation and channel decoding,,A. Knickenberg; B. Yeap; J. Hamorsky; M. Breiling; L. Hanzo,14,,Seamless Interconnection for Universal Services. Global Telecommunications Conference. GLOBECOM'99. (Cat. No.99CH37042),1999.0,Conference
3fe38f0424567f5d85e6517aa4d57e034b48b9bd,"Block-Based Turbo-Coded, Turbo-Equalised Partial-Response Modulation for Dispersive Mobile Channels",,B. Yeap; T. Liew; J. Hamorsky; L. Hanzo,0,,,1999.0,
449e940add07ba153a1d8872cc05b66db0bfabf2,Orthogonal frequency-division multiplex transmission of H.263 encoded video over highly frequency-selective wireless networks,,P. Cherriman; T. Keller; L. Hanzo,23,,IEEE Trans. Circuits Syst. Video Technol.,1999.0,JournalArticle
47528d8ac29aeef15d57fa10bd18dc14ece21f18,"Intelligent Error-Control Assisted Adaptive TDMA, CDMA, and OFDM Techniques",,L. Hanzo,0,,,1999.0,
49984f9deb5419a343582b9f5b7e40013072ab08,The probability of multiple correct packet reception in coded synchronous frequency-hopped spread-spectrum networks,,Dongmin Lim; L. Hanzo,8,,IEEE Transactions on Communications,1999.0,JournalArticle
4dde83aff8c7e26e118b56c4867b6253e5de4e5a,Interference aspects of adaptive modems over slow Rayleigh fading channels,,J. M. Torrance; L. Hanzo; T. Keller,35,,,1999.0,
51b61bfab3f9eee248355042fa6d01afec7ed166,Residue number system based multiple code DS-CDMA systems,,Lie-liang Yang; L. Hanzo,27,,IEEE Vehicular Technology Conference,1999.0,Conference
53b575116d8c714e7195c8924d19023e347c1957,Multimode Wireless Videophony - An Overview,,L. Hanzo; J. Streit,0,,,1999.0,Review
54e7d0d0569282075c7bd2e738dd768a0efc7c27,Serial acquisition techniques for DS-CDMA signals in frequency-selective multi-user mobile channels,,Lie-liang Yang; L. Hanzo,10,,IEEE Vehicular Technology Conference,1999.0,Conference
5f9c04692312b229c847c8c34c0dbb933027a81b,Characterisation of Mobile Radio Channels: 2nd,,D. Greenwood; L. Hanzo,18,,,1999.0,
64f7b99585ed5de3688f6ee92bfb3c467ec7f0c7,Multi-Mode Joint-Detection CDMA/H.263 Based Video Telephony,,P. Cherriman; E. Kuan; L. Hanzo,3,,,1999.0,
66f2ee3083f597955d3753610213af554c123e31,ThirdGeneration Wireless Systems,,R. Steele; L. Hanzo,0,,,1999.0,
6908a1121597e067ac4e177600b447986d618481,Upper-Bound Performance of Radial Basis Function Decision Feedback Equalised Burst-by-Burst Adaptive Modulation,,Yee; L. Hanzo,6,,,1999.0,
76a93af27d009bcd7b9092fc0194baefd341fe6c,Block Turbo Coded Burst-by-Burst Adaptive Modems,,T. Liew; C. H. Wong; L. Hanzo,22,,,1999.0,
7ba55ac2e64e8abc802403c2029e62fd76808436,Pilot-Symbol Based Orthogonal Frequency Division Multiplex Frequency Acquisition Techniques for Dispersive Mobile Channels,,T. Keller; L. Piazzo; P. Mandarini; L. Hanzo,0,,,1999.0,
7dca832f914187ee720a0fa8fb65e6eb54508b56,Overlapping-ary Frequency Shift Keying Spread-Spectrum Multiple-Access Systems Using Random Signature Sequences,,Lie-liang Yang; L. Hanzo,10,,,1999.0,
842c577289fd600a1a237061ec231772634bb067,Third-Generation Wireless Systems: 2nd,,K. Yen; L. Hanzo,0,,,1999.0,
8525dbb972fdb306771f7ad3c5532e0761f4f04a,Blind soft-detection assisted frequency-hopping multicarrier DS-CDMA systems,,Lie-liang Yang; L. Hanzo,14,,Seamless Interconnection for Universal Services. Global Telecommunications Conference. GLOBECOM'99. (Cat. No.99CH37042),1999.0,Conference
8c50f2c07dd02c04203455ec0ac264beaf8bd117,Quaternary Frequency Shift Keying,,R. Steele; L. Hanzo,0,,,1999.0,
8e561f682a8f5e0d4abfca15a68067a5a9ce00b8,Burst-by-burst adaptive wireless video telephony over dispersive channels,,C. Wong; P. Cherriman; L. Hanzo,6,,Seamless Interconnection for Universal Services. Global Telecommunications Conference. GLOBECOM'99. (Cat. No.99CH37042),1999.0,Conference
98973e19b16c59f24addee5c7036660c14b42070,Wireless QAM-based Multi-media Systems:Components and Architecture: 2nd,,L. Hanzo,0,,,1999.0,
9debbb9934e905a45a53c0b6b903cbfce99c9aae,Adaptive beamforming assisted dynamic channel allocation,,J. S. Blogh; P. Cherriman; L. Hanzo,6,,IEEE Vehicular Technology Conference,1999.0,Conference
b4d0909ada755f9ed43942014d111d3884373f89,Comparative study of joint-detection and interference cancellation based burst-by-burst adaptive CDMA schemes,,E.L. Knan; L. Hanzo,2,,Gateway to 21st Century Communications Village. VTC 1999-Fall. IEEE VTS 50th Vehicular Technology Conference (Cat. No.99CH36324),1999.0,Conference
b7a3482d922d89c68e77044bee144997424fd8e9,Slow Frequency-Hopping Multicarrier DS-CDMA,,L. Yang; L. Hanzo,12,,,1999.0,
bc6524c7fd0429e946afce3d2bd68c05be0ed3e2,Wireless QAMbased Multimedia Systems: Components and Architecture,,R. Steele; L. Hanzo,1,,,1999.0,
bd8ee2ce5ca97d1ca578f2c397a962feea0e5651,Latency and networking aspects of adaptive modems over slow indoors Rayleigh fading channels,,J. M. Torrance; L. Hanzo,41,,,1999.0,
c04dcb8f6df053ddbfec2babfdec41d23d212c0d,Overlapping M-ary frequency shift keying spread-spectrum multiple-access systems using random signal sequences,,Lie-liang Yang; L. Hanzo,28,,,1999.0,
c8cb14686c562259ec4df6f7e92573bccfe5f660,Blind-detection assisted sub-band adaptive turbo-coded OFDM schemes,,T. Keller; L. Hanzo,40,,IEEE Vehicular Technology Conference,1999.0,Conference
ca1d039401dd177daece8248f46726adceb7a375,Radial basis function decision feedback equaliser assisted burst-by-burst adaptive modulation,,M. Yee; L. Hanzo,13,,Seamless Interconnection for Universal Services. Global Telecommunications Conference. GLOBECOM'99. (Cat. No.99CH37042),1999.0,Conference
d8d372aaaed9c1e8d97571077a9888f551d61e35,Residual Number System Assisted CDMA: A New System Concept,,K. Yen; L. Yang; L. Hanzo,11,,,1999.0,
d969924d48f43a43d78a34b499ed90380df668c4,Global System of Mobile Communicationsknown as GSM,,R. Steele; L. Hanzo,0,,,1999.0,Review
db04b3d4d4ab1ee41d8b60c446e3aad939e20712,Error-rate-based power-controlled multimode H.263-assisted video telephony,,P. Cherriman; L. Hanzo,18,,,1999.0,
dd8edd89f1ffc9f3ac092692af8b7ba26d8835a8,Joint detection based wideband burst-by-burst adaptive demodulation under co-channel interference,,C. Wong; E. Kuan; L. Hanzo,3,,Gateway to 21st Century Communications Village. VTC 1999-Fall. IEEE VTS 50th Vehicular Technology Conference (Cat. No.99CH36324),1999.0,Conference
e2ca38420893d8fef6836b63399a28ec4fe56c4b,A Residue Number System Based Parallel Communication Scheme Using Orthogonal Signaling : Part IIMultipath IIMultipath IIMultipath Fading Channels 1 2,,Lie-liang Yang; L. Hanzo,0,,,1999.0,
e42c1324c006c841289f7571670c1bd2169dcd6d,Burst-by-burst adaptive joint detection CDMA,,E. Kuan; C. Wong; L. Hanzo,25,,IEEE Vehicular Technology Conference,1999.0,Conference
e4423f69239ad0fadf652fb981bbcd165afed9f8,Block turbo coded burst-by-burst adaptive radial basis function decision feedback equaliser assisted modems,,M. Yee; T. Liew; L. Hanzo,15,,Gateway to 21st Century Communications Village. VTC 1999-Fall. IEEE VTS 50th Vehicular Technology Conference (Cat. No.99CH36324),1999.0,Conference
e5f019d8008111b7966c40700636979a5eae7bde,The British Cordless Telephone Standard CT-2: 2nd,,L. Hanzo,2,,,1999.0,
e73036da730cae6f46d7b6ab6243fd2e245cac6e,Upper-bound performance of a wideband burst-by-burst adaptive modem,,C. Wong; L. Hanzo,39,,IEEE Vehicular Technology Conference,1999.0,Conference
e8d30b176badd97be5e9d194efeb80ef289d8c95,Ratio statistic test assisted residue number system based parallel communication schemes,,Lie-liang Yang; L. Hanzo,17,,IEEE Vehicular Technology Conference,1999.0,Conference
eb6ebe0ddff36e512528f19114a0f3a16b1e56a7,Overlapping Mary Frequency Shift Keying Spread-Spectrum Multiple-Access Systems Using Random Signature Sequences 1,,L. Hanzo,2,,,1999.0,
ec6f449577ade3a388cf7bb8790ec61bb29c8069,Bandwidth-Efficient Wireless Multimedia Communications: Problems Solutions and Challenges,,L. Hanzo,0,,,1999.0,Review
f63138565c51fe303e0e82466fe641159cf77e2f,Mobile Radio Communications: Second and Third Generation Cellular and WATM Systems: 2nd,,R. Steele; L. Hanzo,132,,,1999.0,
f81b4209383876fe570eccdec7df73d16f71d0cc,Video Transmission for Mobile Multimedia Applications - Scanning the Issue,,H. Gharavi; L. Hanzo,2,,,1999.0,
f9c091d22fc18f9f073e011c5711c7edffb18ae8,Joint Channel Equalisation and Channel Decoding,,A. Knickenberg; B. Yeap; J. Hamorsky; M. Breiling; L. Hanzo,4,,,1999.0,
0446aef160d3cd91e32bed6d77d7954cfc6d0563,"A 2.4 kbps Zinc Function Excited, Waveform Interpolated Multiband Speech Codec",,F. Brooks; L. Hanzo,1,,,1998.0,
04da49a3c3818d8f4faa3bec254a13fe3dd25bb8,Oscillation-scaled histogram-based Markov modelling of video codecs for multiple access,,M. del Buono; L. Hanzo; P. Cherriman,4,,IEEE GLOBECOM 1998 (Cat. NO. 98CH36250),1998.0,
04f3f6181c46d9733a62d11c5e859c1cf831668d,Adaptive Orthogonal Frequency Division Multiplexing Schemes,,T. Keller; L. Hanzo,48,,,1998.0,
07ffe1a1c2f8bb0adda2f8f9bf82fbbec5cbe239,Constant-rate Turbo-coded and Block-coded Orthogonal Frequency Division Multiplex Videophony over UMTS,,P. Cherriman; T. Keller; L. Hanzo,5,,,1998.0,
09c542f827c3112a2631f10a54b1e2901fc7d408,Multi-frame packet reservation multiple access using oscillation-scaled histogram-based Markov modelling of video codecs,,J. Brecht; M. D. Buono; L. Hanzo,3,,Signal processing. Image communication,1998.0,JournalArticle
10d9b1daa2abcc6081e4fa5ef342483bf1d52a90,Programmable H.263-based wireless video transceivers for interference-limited environments,,P. Cherriman; L. Hanzo,48,,IEEE Trans. Circuits Syst. Video Technol.,1998.0,JournalArticle
25a4ce093749189ed1450995b115f09988af2e0f,Joint Detection CDMA Techniques for Third-generation Transceivers,,E. Kuan; L. Hanzo,15,,,1998.0,Review
35edc1ed09b3dc8da504185b8f0f7e5f7569fd3a,"A Sixth-Rate, 3.8 kbps GSM-Like Speech Transceiver",,F. Brooks; B. Yeap; J. Woodard; L. Hanzo,1,,,1998.0,
404a0826cd07ccc2e7cd0c70f618d87583dc96d6,Adaptive OFDM Techniques for Wireless ATM and UMTS Systems: Blind Modem Mode Detection and Turbo Coding,,T. Keller; L. Hanzo,1,,,1998.0,
49aaca83f897bf8136704c35df6d3df582649984,An OFDM-Based Wireless ATM System,,T. Keller; L. Hanzo,0,,,1998.0,
4e058f400c8466731c78f90bf8aaeafb8db3b682,Wavelet-Based Pitch Detection for Low-Rate speech Coding,,F. Brooks; L. Hanzo,2,,,1998.0,
60aba8c502e64114338a385e7caad8680a09040f,Interference cancellation for adaptive multi-mode terminals,,J. M. Torrance; L. Hanzo; T. Keller,0,,IEEE GLOBECOM 1998 (Cat. NO. 98CH36250),1998.0,
6d062c66f07bb2563503759a92843f6b9df89a14,Channel Allocation for Third-generation Mobile Radio Systems,,P. Cherriman; F. Romiti; L. Hanzo,29,,,1998.0,
7dc4eacad37b4bd1a1947b3e457defd4e7bf4564,A narrowband mobile multimedia system,,L. Hanzo; J. Streit; R. Salami; W. Webb,0,,,1998.0,
83bb16ab2ec8bfbac322c57e7f0d7070feb96e13,Modern Voice Compression and Communications,,L. Hanzo,0,,,1998.0,
8e42fef618af9ad88cff4528420f68c554c36678,An intelligent dual-mode wireless speech transceiver,,J. Woodard; L. Hanzo,0,,,1998.0,
bcbbefbeed2f6e8e27719ef92db6ffe52357ca8b,Performance of residue number system based DS-CDMA over multipath fading channels using orthogonal sequences,,Lie-Lung Yang; L. Hanzo,46,,Transactions on Emerging Telecommunications Technologies,1998.0,JournalArticle
dfb69e7060a483e6ce9bda5762eb3d89a6e0157d,"A 1.9 kbps Zinc function excited, waveform interpolated speech codec",,F. Brooks; L. Hanzo,0,,IEEE GLOBECOM 1998 (Cat. NO. 98CH36250),1998.0,
e06de86eade9ae38b290737a44d803ca43a72683,Narrowband Wireless Visual Communications,,L. Hanzo,0,,,1998.0,
f9544ac1c3e0efb027041ce788f19bb7e4f0c126,Bandwidth-efficient wireless multimedia communications,,L. Hanzo,82,,Proceedings of the IEEE,1998.0,JournalArticle; Review
0166c3618642315b02024a5fe23b915bec765360,Multi-frame packet reservation multiple access for variable-rate multimedia users,,J. Brecht; L. Hanzo; M. D. Buono,4,,"IEEE International Symposium on Personal, Indoor and Mobile Radio Communications",1997.0,JournalArticle
0914e8c67c9502a0cc090d69aa81c1a97dc5d09c,STATISTTCAL PACIiET ASSIGNhIENT hIULTIPLE ACCESS FOR IVIRELESS ASYNCHRONOUS TRANSFER MODE SYSTEMS,,J. Brecht; L. Hanzo,0,,,1997.0,
09184e79cdc5dd2da2d3cb372ff04e39d7f723b5,The Pan-European Cellular System,,L. Hanzo,5,,,1997.0,
0a83e35358c3bfd3668ca0460dc0a4967e90b556,"Intelligent Multimode Wireless Visual-,Voice- and Graphical Compression and Communications",,L. Hanzo,0,,,1997.0,
4349c738d3f6ae899d2652696ece098f37f4593c,Turbo-coded parallel modem techniques for personal communications,,T. Keller; J. Woodard; L. Hanzo,13,,1997 IEEE 47th Vehicular Technology Conference. Technology in Motion,1997.0,Conference
458e2ecda7885fef54229efe285284fff8f8eff9,Statistical Packet Assignment Multiple Access for Wireless Asynchronous Transfer Mode Systems,,J. Brecht; L. Hanzo,6,,,1997.0,
45a8f9bd770ab74438da09f360cf3a4090591bc0,Statistical multiplexing for mitigating latency in adaptive modems,,J. M. Torrance; L. Hanzo,10,,"IEEE International Symposium on Personal, Indoor and Mobile Radio Communications",1997.0,JournalArticle
4a332903f63852cbdfba57352de2bd7468c6768a,Power-control for multimode transceivers,,P. Cherriman; L. Hanzo,0,,1997 IEEE 47th Vehicular Technology Conference. Technology in Motion,1997.0,Conference
79d55fb78da2c97952063f38c7a49be770a395c3,Optimum non-iterative turbo-decoding,,M. Breiling; L. Hanzo,8,,"IEEE International Symposium on Personal, Indoor and Mobile Radio Communications",1997.0,JournalArticle
83be69e3bdce757c89dfc3ce54ceaf7b843e47c2,Narrowband Wireless Multimedia Communications,,L. Hanzo,0,,,1997.0,
884da38b4895f4be157d64c3b9fb42dc9265bace,A Range of Low and High Delay CELP Speech Codecs between 8 and 4 kbits/s,,J. Woodard; L. Hanzo,0,,Digit. Signal Process.,1997.0,JournalArticle
8fefe89877dbfd84e5b5a8478493c0aaff1a7f76,Orthogonal Frequency Division Multiplex transmission of H.263 encoded video over wireless ATM networks,,P. Cherriman; T. Keller; L. Hanzo,4,,,1997.0,
a2e9e46fbab51e0dbe654edbb662bd7afaecc84c,Fixed-rate video codecs for mobile radio systems,,J. Streit; L. Hanzo,7,,Transactions on Emerging Telecommunications Technologies,1997.0,JournalArticle
a863c9ba4aab1686ce67492899be39ada573a201,Latency considerations for adaptive modulation in an interference-free slow Rayleigh fading channel,,J. M. Torrance; L. Hanzo,15,,1997 IEEE 47th Vehicular Technology Conference. Technology in Motion,1997.0,Conference
af7810a146aafbf17f1d2f78a7b92a134115ee23,Robust programmable-rate wireless graphical correspondence,,L. Hanzo; Andy H. Yuen,0,,Transactions on Emerging Telecommunications Technologies,1997.0,JournalArticle
bbf98c513b08b6751a9bc25836f1dc602a6db419,Non-iterative optimum super-trellis decoding of turbo codes,,M. Breiling; L. Hanzo,8,,,1997.0,
be9617b2d2c5b4d930627eb5de465b46fe73e7c0,A Range of Low anid High Delay CELP Speech Cedecs,,L. Hanzo,0,,,1997.0,
c1ed2c7a3e5fe1713488f89891d7755e9837839f,Dual-mode vector-quantized low-rate cordless videophone systems for indoors and outdoors applications,,J. Streit; L. Hanzo,29,,,1997.0,
cca329e353f4d7085aa1a9ffdf943fb673a7dd06,Comparison of fixed-rate video codecs for wireless videophony,,J. Streit; L. Hanzo,1,,1997 IEEE 47th Vehicular Technology Conference. Technology in Motion,1997.0,Conference
d3a8d178cce62eeb335ce87f5be11e11d4a38353,Turbo-coded Orthogonal Frequency Division Multiplex transmission of 8 kbps encoded speech,,J. Woodard; T. Keller; L. Hanzo,15,,,1997.0,
d3e6369f824a00c1a3f342d84d5caffeb5764320,Block-run run-length coding of handwriting and bilevel graphics based on quadtree segmentation,,H. Yuen; L. Hanzo,2,,Pattern Recognition Letters,1997.0,JournalArticle
d656ffbfb64254c425cd006384c7514e6464ff81,Interference Resilience of Burst-by-burst Adaptive Modems,,J. M. Torrance; L. Hanzo; T. Keller,3,,,1997.0,
05e3f5e820abc02ed53ac000da91e3441c835089,Performance and error sensitivity comparison of low and high delay CELP codecs between 8 and 4 kbits/s,,J. Woodard; L. Hanzo,0,,"Proceedings of PIMRC '96 - 7th International Symposium on Personal, Indoor, and Mobile Communications",1996.0,JournalArticle
09f6839f07689d2401b0dc8129b8dd33e95a546b,Definition of the IMT terminal architecture,,B. Friedrichs; G. Nitsche; M. Menard; R. Karimi; J. Lecaille; N. Drew; D. Bennett; P. Kenington; L. Hanzo,0,,,1996.0,
0b3ea3400698f387111ee43c118ebb93b37cc222,Adaptive modulation in a slow Rayleigh fading channel,,J. M. Torrance; L. Hanzo,38,,"Proceedings of PIMRC '96 - 7th International Symposium on Personal, Indoor, and Mobile Communications",1996.0,JournalArticle
18943145e4f51d6d822f2bc5da590e203dcd6e0b,Optimisation of switching levels for adaptive modulation in slow Rayleigh fading,,J. M. Torrance; L. Hanzo,131,,,1996.0,
1cd0eaf2c1fcdee2cce526f27770569c84002543,Vector-quantised cordless videophone transceivers,,J. Streit; L. Hanzo,0,,Proceedings of GLOBECOM'96. 1996 IEEE Global Telecommunications Conference,1996.0,Conference
1e6f04e0373a27502584c1f5685048ff342221a2,Power-controlled H.263-based wireless videophone performance in interference-limited scenarios,,P. Cherriman; L. Hanzo,9,,"Proceedings of PIMRC '96 - 7th International Symposium on Personal, Indoor, and Mobile Communications",1996.0,JournalArticle
3e354cc04b2bbbaf12af16c17608b2e988ca8c5a,ARQ-assisted H261 and H263-based Programable Video Transceivers,,P. Cherriman; L. Hanzo; R. Lucas,3,,,1996.0,
7c1022fee7b90ea2a6469116c7eaf605dd40fa1f,Fixed-rate video codecs for wireless systems,,J. Streit; L. Hanzo,1,,Proceedings of First International Workshop on Wireless Image/Video Communications,1996.0,
84a50057221d9927543123ffb5f47822fbf6f563,The Potential and Limitations of Adaptive Modulation over Slow Rayleigh Fading Channels,,J. M. Torrance; D. Didascalon; L. Hanzo,4,,,1996.0,
8b6f0d38f283400be63a8b5d5685bef7f4490d4f,Upper bound performance of adaptive modulation in a slow Rayleigh fading channel,,J. M. Torrance; L. Hanzo,109,,,1996.0,
8d7fcd3baf3b04a5b6d20910734bef10edca9f62,Bandwidth-efficient Tetherless Multimedia Communications,,L. Hanzo,0,,,1996.0,
9799ed5d4955637bb4258c8e22d04ebef67ed677,A low-delay multimode speech terminal,,J. Woodard; J. M. Torrance; L. Hanzo,9,,IEEE Vehicular Technology Conference,1996.0,Conference
a44f569ce1cf6aa332d6289d7979fc317abb2ef1,Wireless Audio-Visual Communications,,L. Hanzo,0,,,1996.0,
c0c8756c2831fd73bd4b50a0851ac7a1682f12bf,Quadtree-decomposed cordless videophones,,J. Streit; L. Hanzo,1,,IEEE Vehicular Technology Conference,1996.0,Conference
c159836974c1b0ee1d17ad390b18d8b204c1e765,Robust H.263 video transmission over mobile channels in interference limited environments,,P. Cherriman; L. Hanzo,16,,Proceedings of First International Workshop on Wireless Image/Video Communications,1996.0,
c73cebf2ab8beb7650c6a1ab6dbda46e2e64b485,Quadtree-based reconfigurable cordless videophone systems,,J. Streit; L. Hanzo,26,,IEEE Trans. Circuits Syst. Video Technol.,1996.0,JournalArticle
cf912d84df7ea2c361275e52a242e6e18c256cfc,H261 AND H263-BASED PROGRAMABLE VIDEO TRANSCEIVERS,,P. Cherriman; L. Hanzo,6,,,1996.0,
d23a242358692706987289b3bf011ad2f98982ee,Orthogonal frequency division multiplex synchronisation techniques for wireless local area networks,,T. Keller; L. Hanzo,86,,"Proceedings of PIMRC '96 - 7th International Symposium on Personal, Indoor, and Mobile Communications",1996.0,JournalArticle
d4171f872a179db584e371a8710b3955a713d770,Demodulation level selection in adaptive modulation,,J. M. Torrance; L. Hanzo,33,,,1996.0,
dfcf96d5f55da464b2631a5e031f2dd774bc5e05,Multi-level modulation in the indoors leaky feeder environment,,J. M. Torrance; T. Keller; L. Hanzo,5,,IEEE Vehicular Technology Conference,1996.0,Conference
f5be36a22df205e70df58a08cf5cca9ff704e2b4,Bandwidth-efficient Multi-level Communications,,L. Hanzo,0,,,1996.0,
f68bd31baf1d89700ab68bdbded844e4dfa55844,Eye and lip enhancement for low-rate videophony,,J. Streit; L. Hanzo; B. Bradshaw,1,,"Proceedings of PIMRC '96 - 7th International Symposium on Personal, Indoor, and Mobile Communications",1996.0,JournalArticle
ff802aa3a493683fcdfae204fd9fd37927117da8,Performance Upper Bound of Adaptive QAM in Slow Rayleigh-Fading Environments,,J. M. Torrance; L. Hanzo,25,,,1996.0,
05a0937b2fc5e01b0f19cb35558e15c05d43739d,Channel-adaptive modulation,,Jeff Williams; L. Hanzo; R. Steele,17,,,1995.0,
1a69a5e1a79123128d868bfe7926248a1d3b259e,Robust differential chain coding scheme,,H. Yuen; L. Hanzo,4,,,1995.0,
1b07688f8bae93fd963ec1cd94fe332038e778b8,Wireless multimedia communications,,L. Hanzo,23,,,1995.0,
377fab1247f822607dbb822665643caf9904ac64,An adaptive discrete cosine transformed videophone communicator for mobile applications,,J. Streit; L. Hanzo,9,,"IEEE International Conference on Acoustics, Speech, and Signal Processing",1995.0,JournalArticle; Conference
63eae40d950f29d0fc79add97c9addf84b5e6297,Efficient variable rate vector quantization using quadtree segmentation,,H. Yuen; Kam-Chi Li; L. Hanzo,12,,International Symposium on Circuits and Systems,1995.0,JournalArticle
68378e2aec68c368c89a48daa29b849a8db158ea,A low-rate voice/video personal communicator scheme,,L. Hanzo; J. Streit; R. Salami; W. Webb,0,,,1995.0,
6edd2ae6b9e11af9a46400637025f6f781ece431,A Re-Configurable Speech Transceiver,,J. Woodard; L. Hanzo,0,,,1995.0,
80dc894d465dc5621a5dcee6399328b48152aa38,A New Chain Coding Scheme for Cursive Script and Line Drawings,,H. Yuen; L. Hanzo,0,,International Computer Science Conference,1995.0,JournalArticle
8959f5a9fba18e20b1233db2e54a74e16e2ac5d1,An intelligent multimode voice communications system for indoor communications,,L. Hanzo; J. Woodard,27,,,1995.0,
8ac5d8f92779397e4e21dea58c7bcd90d46022b3,Adaptive fixed-length differential chain coding for transmission of line graphics,,H. Yuen; L. Hanzo,7,,,1995.0,
8f3a6ecd5348c7de2aea1bb5a367541dd825c508,A low-rate multi-level voice/video transceiver for personal communications,,L. Hanzo; J. Streit; R. Salami; W. Webb,4,,Wireless personal communications,1995.0,JournalArticle
a37d4d3fd4699726aa0180d93c27c079046c331f,Speech and Channel Coding for Mobile Systems,,L. Hanzo,0,,,1995.0,
b833958e38864f8b142bb23e8b126164587e7c70,Comparative study of pilot symbol assisted modem schemes,,J. M. Torrance; L. Hanzo,55,,,1995.0,
c212e6e8ea3cce320c0f010fab055ae6b2686e44,A Digital Audio Broadcasting Scheme,,L. Hanzo; X. Lin; R. Steele; W. Webb,0,,,1995.0,
c60a074442f100070fcd77ae94dc3a7f4f8f33e9,A novel coding scheme for the transmission of on-line handwriting,,H. Yuen; L. Hanzo,1,,Proceedings of GLOBECOM '95,1995.0,
e1b5b63e61734239e2191faa2e0f58d801a42bba,A 9/18 kBd Wireless Videophone Scheme,,J. Streit; L. Hanzo,0,,,1995.0,
e7459a0e7659cda43a42c0a6380365f5032046d4,Wireless multi-level graphical correspondence,,H. Yuen; L. Hanzo,0,,IEEE International Conference on Universal Personal Communications,1995.0,Conference
ec096f8069858811efd924a86ee35b630f8dd26b,Adaptive low-rate wireless videophone schemes,,L. Hanzo; J. Streit,68,,IEEE Trans. Circuits Syst. Video Technol.,1995.0,JournalArticle
edbc4e7e07a0e347f499a7d8493d6a49cadca065,Performance Comparison of Wireless Speech Communications Schemes,,J. Williams; L. Hanzo; R. Steele,0,,,1995.0,
fb60456fe1583f6f9d3f8f215afe890bf9c2aa57,Wireless videophone schemes,,J. Streit; L. Hanzo,0,,IEEE International Conference on Universal Personal Communications,1995.0,Conference
fbd289185e8d1eaf2ecfdb06b5b2a0522d750548,Improvements to the analysis-by-synthesis loop in CELP codecs,,J. Woodard; L. Hanzo,9,,,1995.0,
21a34f2890a4e8ee84198990c655e69b6848ed3f,A Portable Multimedia Communicator Scheme,,L. Hanzo; R. Stedman; R. Steele; J. Cheung,4,,,1994.0,
36b9c55e4724326f51eb141d4cd9aab4ef8ae747,A Re-Configurable Cordless Telecommunications Scheme,,L. Hanzo; J. Woodard,0,,,1994.0,
6aa135536c93b87ca733fb606bbfe28d9e94381b,A dual-rate algebraic CELP-based speech transceiver,,J. Woodard; L. Hanzo,6,,IEEE Vehicular Technology Conference,1994.0,JournalArticle; Conference
8948bee6d88e2a392a3a1c7fba44e1a77428e28e,The pan-European mobile radio system: Part II,,L. Hanzo; R. Steele,4,,Transactions on Emerging Telecommunications Technologies,1994.0,JournalArticle
acd47025068ffc8c8a94b2eb600ee554f8e2fbc5,A comparative study of narrowband microcellular speech transmission schemes,,J. Williams; L. Hanzo; R. Steele; J. Cheung,5,,,1994.0,
ad6b4ac2e3a8640645365236bd40e40e617ef118,A Packet Reservation Multiple Access Assisted Telecommunication Cordless Scheme,,L. Hanzo; J. Cheung; R. Steele; W. Webb,0,,,1994.0,
adfc7f0c723e87eee90a2573376cf33c66ae70f9,A packet reservation multiple access assisted cordless telecommunication scheme,,L. Hanzo; J. Cheung; R. Steele; W. Webb,18,,,1994.0,
bf790df1f9497a1ca3be2f66a6788320ed28fea0,A fractal video communicator,,J. Streit; L. Hanzo,23,,IEEE Vehicular Technology Conference,1994.0,JournalArticle; Conference
d0dd0b7bde29c199f6db5ab0dbd78905070b388d,Mobile multimedia communications,,L. Hanzo,0,,,1994.0,
df3834ca02122f4074a53cf01fcf9f6b2c93e1e3,The Pan-European Mobile Radio System,,L. Hanzo; R. Steele,10,,,1994.0,
fe5ab14cf64444f58fbe2a762469e6f4407b479d,"A mobile speech, video and data transceiver scheme",,L. Hanzo; R. Stedman; R. Steele; J. Cheung,6,,IEEE Vehicular Technology Conference,1994.0,JournalArticle; Conference
ff63dea67407e2b0637eed33b360be0fcda1cb9f,A mobile hi-fi digital audio broadcasting scheme,,L. Hanzo; Xiao Lin; R. Steele; W. Webb,2,,IEEE Vehicular Technology Conference,1994.0,JournalArticle; Conference
043c3cc2d335b17591f63af44b8ae10130935f0d,Transmission of subband-coded images via mobile channels,,R. Stedman; H. Gharavi; L. Hanzo; R. Steele,100,,IEEE Trans. Circuits Syst. Video Technol.,1993.0,JournalArticle
1807339b19ada786812be42d171f21fe7f86a86f,Packet reservation multiple access for wireless multimedia communications,,M. Eastwood; L. Hanzo; J. Cheung,12,,,1993.0,
1d6e5f5dcdaa7cbbda05a4b0d9866b3f34773c34,An Adaptive Mobile Multi-Media Communicator,,R. Stedman; L. Hanzo; R. Steele,0,,,1993.0,
333d39655ebfd9454b4a662c29a27450f75c3bc1,Performance of PRMA schemes via fading channels,,L. Hanzo; J. Cheung; R. Steele; W. Webb,6,,IEEE Vehicular Technology Conference,1993.0,Conference
6162906ed269aa6c40a67876fab271996d4c43d0,On QAM Speech Transmission Schemes for Microcellular Mobile PCNs,,L. Hanzo; W. Webb; R. Steele; R. Salami,9,,Transactions on Emerging Telecommunications Technologies,1993.0,JournalArticle
a5cc4b34a435d3ccbcb4a26c8e2ac507b1ef4d74,PRMA efficiency in adaptive transceivers,,L. Hanzo; J. Cheung; R. Steele,2,,,1993.0,
b50034ff1eb6b4f2d27cbff54148182400d00323,Effects of PRMA on objective speech quality,,J. Cheung; L. Hanzo; W. Webb; R. Steele,6,,,1993.0,
c7d08e5b5d74558771cc216abd1bc90a35ea8e31,Subband-multipulse digital audio broadcasting for mobile receivers,,X. Lin; L. Hanzo; R. Steele; W. Webb,7,,,1993.0,
75f107ca48c4f6b809b9b703cfa0d081edf20cb7,Speech Coding: 1st,,R. Salami; L. Hanzo; R. Steele; Khh Wong; I. Wassell,0,,,1992.0,
776ffea18c0e86fc59a9a5cb1f5231ffd18203c6,The Pan-European Digital Cellular Mobile Radio System - known as GSM: 1st,,L. Hanzo; J. Stefanov,40,,,1992.0,
7dd1d1e9cdf8c4cf65830287491839a3c18a37a3,Transmission of digitally encoded speech at 1.2 kbaud for PCN,,L. Hanzo; R. Salami; R. Steele; P. Fortune,17,,,1992.0,
88454064e10a613762477604f2cc324a96b5a882,Channel Coding: 1st,,Khh Wong; L. Hanzo,0,,,1992.0,
94cf5b6494028f4196f197246854a076be405732,Mobile Radio Channels: 1st,,D. Greenwood; L. Hanzo,2,,,1992.0,
adf93b3af3ae7b7a3b73ec158c6e7ae3ea6f29df,On the Computation of 16-QAM and 64-QAM Performance in Rayleigh-Fading Channels,,P. Fortune; L. Hanzo; R. Steele,41,,,1992.0,
ca9c7cadc64e100f7eb2d83d267aa953ccea4c36,A 22 K Bd mobile video telephone scheme,,R. Stedman; R. Steele; H. Gharavi; L. Hanzo,2,,[1992 Proceedings] Vehicular Technology Society 42nd VTS Conference - Frontiers of Technology,1992.0,Conference
f084585cd74cd25737cdaa3a30c11b779ba8646a,Does Low Complexity Preclude High Speech Quality in the RPE-GSM Speech Codec?,,L. Hanzo,0,,,1992.0,
0cb302a6c8a913b54f7746d312f30acf93677faf,On Tetherless Orthogonal Multiplex Speech Transmission Schemes,,L. Hanzo,0,,,1991.0,
3b4785b39b957ef75499aa203ab73a280f945bcc,On Speech Coding in a Nutshell,,L. Hanzo,0,,,1991.0,
ff2f23888ae0e85a228e56f73260aa2e8d50b913,Does 16-QAM provide an alternative to a half-rate GSM speech codec?,,W. Webb; L. Hanzo; R. Salami; R. Steele,6,,[1991 Proceedings] 41st IEEE Vehicular Technology Conference,1991.0,Conference
16e1ccd2db3e97b08c24675e6a643cdb273b79b0,"A subband coding, BCH coding, and 16-QAM system for mobile radio speech communications",,L. Hanzo; R. Steele; P. Fortune,54,,,1990.0,
696db1db9f185a053af9996879c23f3abe56d642,Speech and data transmission via QAM for mobile personal communications,,W. Webb; L. Hanzo; R. Steele,0,,,1990.0,
e0402acdb2be147020641d2181d88830e089d15f,Bandwidth efficient QAM schemes for Rayleigh fading channels,,W. Webb; L. Hanzo; R. Steele,198,,,1990.0,
05092bd46eab29a0f0d1694f2ab129d8a2f26538,A fully vector quantised self-excited vocoder,,R. Salami; L. Hanzo; Derek G. Appleby,5,,"IEEE International Conference on Acoustics, Speech, and Signal Processing",1989.0,JournalArticle; Conference
0c32816639c9169f8e61a48f69c11b0097b457ae,A 2.1 kBd speech transmission system for Rayleigh-fading channels,,L. Hanzo; R. Salami; R. Steele,0,,,1989.0,
8302a3b156ca793f5f92b671e7c09e4d8e9883e6,A Computationally Efficient CELP Codec with Stochastic Vectorquantisation of LPC Parameters,,R. Salami; L. Hanzo; D. Appleby,1,,,1989.0,
87f61fcfacc01809a47661b880b118cd8cd95256,"A Jointly Optimised Subband Coding, BCH Coding, 16-QAM, Diversity and Post-Enhancement Scheme for Mobile Radio Speech Transmissions",,L. Hanzo; R. Steele,0,,,1989.0,
9ada3f5cb48871cf24e18984901b25d280912605,List of Symbols,,L. Hanzo; L. Yang; E. Kuan; K. Yen,0,,,1989.0,
a73f7a1afecc623153738cc21e8678dfe3dee56c,Channel Coding for Satellite Mobile Channels,,K. Wong; L. Hanzo; R. Steele,16,,,1989.0,
bde6e716c24fea3b24a4d6428cf7662a82963616,Effect of Cochannel Interference on Handover in Microcellular Mobile Radio,,R. Steele; D. Twelves; L. Hanzo,7,,,1989.0,
f23dd1703e216b31926814563e0a29fa7409b01e,Efficient channel coding and interleaving schemes for mobile radio communications,,L. Hanzo; K. Wong; R. Steele,7,,,1989.0,
17b528bb32eee61e4ebc28890ec579d2fe159f74,A Subband Codec with Embedded Reed-Solomon Coding for Mobile Radio Speech Communication,,K. Wong; L. Hanzo; R. Steele,2,,,1988.0,
29224dca4f60e2347e0bf63d90f76d1f25131cff,Feasibility of Two-Wire Duplex Baseband Digital Transmission,,L. Hanzo; L. Hinsenkamp; L. Osvath; G. Paksy,0,,,1988.0,
60dafd98836dd8149a5345b1a114af0aa7888b61,An embedded Reed-Solomon coding and QAM scheme for subband coded speech transmission via Rayleigh-fading channels,,L. Hanzo; R. Steele; P. Fortune,0,,,1988.0,
6ead7a2c24d5e705865f15c545eb55ea9d77a8fe,Transmission of SBC speech via 16-level QAM over mobile radio channels,,P. Fortune; L. Hanzo; R. Steele,4,,IEEE Global Telecommunications Conference and Exhibition. Communications for the Information Age,1988.0,Conference
3d97b40daeb6a26107f903df73da2a50593c4ab0,On the Subjective and Objective Evaluation of Speech codecs,,L. Hanzo; L. Hinsenkamp,2,,,1987.0,
71f8edeb24a9f56bfd44982f9644d3a8080f3dd1,On the Implementation of Two-Wire Baseband Digital Transmitters,,L. Hanzo,0,,,1986.0,
8548e5fd084f57e402b4ebafba281c9f7f1742d0,On the Objective Evaluation of Speech Transmission Systems,,L. Hanzo,0,,,1986.0,
0ccb403fe2e8400c649b2169b63ad2a106ccb68b,On the Systemtechnique and Implementation of the PCM Channel of the Intrecsat System,,É. Bács; M. Gubányi; L. Hanzo,0,,,1985.0,
4af45e965cbff4a990aaa8808abef1fc202380b5,Two-Wire Full-Duplex Digital Data and Speech Communications Using Echo Cancellers,,L. Hanzo,0,,,1985.0,
c3a06b646eb1fc4c05c345afea2ffe4e619e79a6,A Simple Real-Time Adaptive Speech Detector for SCPC Systems,,É. Bács; L. Hanzo,9,,,1985.0,
dac0efc5156e04c4d77f95b9b3cd15f690441486,On the Implementation of Speech Detectors for SCPC Satellite Systems,,É. Bács; L. Hanzo; L. Uhereczky,0,,,1985.0,
fed05be60440241598ca57e8872a7a638b7ba9c2,On the Implementation and System-Technique of the PCM Channel Unit in the 'Intercsat' SCPC System,,L. Hanzo,0,,,1985.0,
1db3bcedf87170b6b56abd8f11bc18b90794394a,Call for papers,,A. Czylwik; D. Bajić; A. Burr; L. Correia; A. Dekorsy; R. Fischer; M. Haardt; Tu Ilmenau; L. Häring; L. Hanzo; F. Jondral; Thomas Kaiser; R. Kays; A. Klein; V. Kühn; J. Lindner; T. Matsumoto; J. Nossek; M. Pesavento; A. Reichman; H. Rohling; Tu Hamburg-Harburg; A. Sibille; J. Sýkora; Ctu Prague; R. Thomä; R. Urbansky; T. Weber; A. Wittneben; T. Zwick,0,,,1983.0,
875a0e9b3f4a9527e486232861fa780e0b18c9e3,Dynamic Properties of Timing Recovery Systems for Data Transmission,,É. Bács; L. Hanzo; L. Hinsenkamp,0,,,1983.0,
c87e9f9faecb1c0818f86048cdc586b95e2a2da4,Orthogonal-Multiplex Data Transmission Methods and their Properties via Real Transmission Media,,L. Hanzo,0,,,1983.0,
e6a33debf910f16cd1cd849f7817dc2b06c7040d,Orthogonal Data Transmission Methods for Telephone Channels,,L. Hanzo,0,,,1983.0,
36e1341ec1a5eba58335e79bccde5f4602ccb890,On the Design of FIR Filters,,L. Hanzo; L. Hinsenkamp,8,,,1980.0,
3f66780035b27b208ac5f0df9d6c4027584d7e47,On the Transmitter of a 4800/2400 bps Data Modem,,É. Bács; L. Hanzo; J. Szebeni,0,,,1980.0,
caa17d471a5970ea78cd5af3b9519699eea5a3bc,"Theoretical and Practical Questions of Modulated, Filtered Signal Generation in a 4800/2400 bps, Microprocessor-Implemented Data Modem",,É. Bács; L. Hanzo; J. Szebeni,0,,,1980.0,
5e4324790e75be0dc8e00d7e6912935dacd54d9f,A Data Transmitter with Variable Digital Filter,,É. Bács; L. Hanzo,0,,,1978.0,
d59ecb1c7e31001700d8994e66ce45088bf8ad15,Editorial,,L. Hanzo; Zoran Kostic; K. Letaief,0,,Wireless personal communications,1965.0,Editorial; JournalArticle
1e72f10949872e9eed14fa57963bafe589fc883e,LDPC assisted Block Coded Modulation for Transmission over Rayleigh Fading Channels,,F. Guo; S. Ng; L. Hanzo,16,,,,
2cfb93637f2e55b01333251bde80cdae606bb31b,Multiuser Detection in Time-and Frequency-Domain Spread Multicarrier Code-Division Multiple-Access Systems,,Lie-liang Yang; L. Hanzo,0,,,,
33c4b270cde484ce245b75429323008643e6651a,"Ieee Transactions on Communications, Accepted for Publication 1 Near-capacity Turbo Coded Soft-decision Aided Dapsk/star-qam for Amplify-and-forward Based Cooperative Communications",,Dandan Liang; S. Ng; L. Hanzo,2,,,,JournalArticle
46ace9a5c94a0014831f8d4268c437835ebeafd2,"An Adaptive Scaling and Biasing Scheme for Ofdm-based Visible Light Communication Systems References and Links Exact Bep Analysis for Coherent M-ary Pam and Qam over Awgn and Rayleigh Fading Channels, "" In",,Zhaocheng Wang; Qi Wang; Sheng Chen; L. Hanzo; J. A. Jovicic; T. Li; Richardson; Z. Wang; S. Wang; L. Chen; L L Hanzo; J Vuči´c; C. Kottke; S. Nerreter; K. Langer; J. Walewski; Z Wang; C. Yu; W. Zhong; J. Chen; A M Khalid; G. Cossu; R. Corsini; P. Choudhury; E. Ciaramella; G. Wang; N. Chi; Y. Wang; R. Li; X. Huang; C. Yang; Z. Zhang; H Elgala; R. Mesleh; H. Haas; T Komine; J. Lee; S. Haruyama; M. Nakagawa; L. Li; X. Zhang; Q. Gao; Y. Luo; D. Gu,0,,,,
480eb6fed0c2b1ec3a340906f585c297b6f261d0,"Ieee Transactions on Communications, Accepted for Publication 1 Joint Timing and Channel Estimation for Bandlimited Long-code-based Mc-ds-cdma: a Low-complexity Near-optimal Algorithm and the Crlb Abstract—joint Timing and Channel Estimation (jtce) for Bandlimited Long-code-aided Multi-carrier Direc",,Shuai Wang; Sheng Chen; Aihua Wang; L. Hanzo,11,,,,JournalArticle
84100266cb4bdc4f6d75bb6e04939af774037836,An Ofdm and Mc-cdma Primer Title Page -for Wiley to Do Copyright Page -for Wiley to Do 1.2.6 Uplink Detection Techniques for Multi-user Sdma-ofdm . . . . . 13,,L. Hanzo; T. Keller,0,,,,
b2b9e9a53e557067810c71f22c1b8dfb4208a766,Multilevel Generalized Low-Density Parity-Check Codes,,R. Tee; F. Kuo; L. Hanzo,0,,,,
b605d13fb44784da2066fe2b7f3470b1c087db56,Assisted Joint Detection Based CDMA,,S. Ng; E. Kuan; L. Hanzo,0,,,,
cb749235cf25230e24b3e6987ee1ac7b0be97dcf,"Ieee Transactions on Communications, Accepted for Publication Code-rate-optimized Differentially Modulated Near-capacity Cooperation",,Li Wang; Lingkun Kong; S. Ng; L. Hanzo,11,,,,
d383507bd6303b8724105a82893678f069de69d4,Interleaver Mapping Channel Encoder Equivalent Discrete Channel Turbo Equaliser,,S. Ng; M. Yee; L. Hanzo,0,,,,
e1f3a5e67c24b5865990af3e8ba0a54bd6a86067,Coding Theory and Performance Of Redundant Residue Number System Codes,,Lie-liang Yang; L. Hanzo,32,,,,
e519d74d1dcaa28070c61ffbb3821685bd64125c,A 2.4 Kbps Waveform Interpolation Speech Codec Incorporating Wavelet-based Techniques,,F. Brooks; L. Hanzo,1,,,,
