id,title,abstract,authors,citationCount,references,venue,year,type
2abe58af70836ba4d95055445b3e1f69aca31ebe,Trusted Collaboration for MEC-Enabled VR Video Streaming: A Multi-Agent Reinforcement Learning Approach,"Collaboration among mobile edge computing (MEC) has been envisioned as a promising paradigm to meet the requirements of wireless virtual reality (VR) applications. However, trust risks create tremendous challenges in MEC collaboration due to the distributed, complex, and unreliable nature of resource providers. In this paper, we present a trusted collaboration framework for VR video streaming to manage the video buffer in VR devices (VDs) under a more realistic distributed environment. In the framework, the rendering tasks can be processed collaboratively among edge servers (ESs) by exploring their behaviors (e.g., selfish behavior, malicious behavior, and cooperative behavior). Considering the collaborator may not be fully trustworthy, we present a novel trust evaluation method by combining direct and indirect values, aiming to ensure reliable collaborator selection. Then, we formulate an optimization problem to maintain an effective buffer state in VR devices (VDs) through jointly optimizing collaborator selection, spectrum allocation, and rendering resource allocation. Due to the fluctuating wireless fading channel and the dynamic video rate, the optimization problem is intractable by adopting traditional methods. Then, we adopt the multi-agent deep deterministic policy gradient (MADDPG) to tackle this dynamic and distributed problem. Simulation results indicate that the proposed approach can achieve a good performance.",Yueqiang Xu; Heli Zhang; Ieee Xi Li Member; F. Yu; Hong Ji; Victor C. M. Leung,11,,IEEE Transactions on Vehicular Technology,2023,JournalArticle
331962d2a6b66e59d034f3ff163cd4564b71bf87,Covert Communications: A Comprehensive Survey,"Information security has always been a critical issue in wireless networks. Apart from other secure techniques, covert communication emerges as a potential solution to security for wireless networks owing to its high-security level. In covert communication networks, the transmitter hides the transmitted signals into environmental or artificial noise by introducing randomness to avoid detection at the warden. By eliminating the existence of transmitted signals at the warden, information security can be preserved more solidly than other secure transmission techniques, i.e., without noticing the existence. Due to the promising security protection, covert communication has been successfully utilized in tremendous wireless communication scenarios. However, fundamental challenges in its practical implementation still exist, e.g., the effectiveness of randomness utilization, the low signal-to-interference-plus-noise ratio at legitimate users, etc. In this survey, we demonstrate a comprehensive review concentrating on the applications, solutions, and future challenges of covert communications. Specifically, the covert principle and research categories are first introduced. Then, the applications in the networks with different topologies and the effective covert techniques in the existing literature are reviewed. We also discuss the potential implementation of covert communications in future networks and the open challenges.",Xinying Chen; Jianping An; Zehui Xiong; C. Xing; Nan Zhao; F. Yu; A. Nallanathan,196,,IEEE Communications Surveys and Tutorials,2023,JournalArticle; Review
8bca5353649c8e35d4a380bed2c5494d132480a5,A Hierarchical Digital Twin Network for Satellite Communication Networks,"Satellite communication networks promise to provide seamless global coverage in the 6G era. However, novel satellite networks face the challenges of high dynamics in terms of both communication and networking, which makes its design, emulation, deployment, and maintenance over-complicated. For these challenges, Digital Twin (DT) can establish a virtual replica of the physical system, providing a means of emulation, validation, prediction, and troubleshooting for the actual system whose benefits have been proven by many applications. In this work, we design a hierarchical digital twin network for satellite communication networks, which defines central-DT and edge-DT models that provide differentiated DT services such as communication DT and networking DT. Further, for the problem of model synchronization, we propose three approaches to improve the model synchronization efficiency, namely, dynamic DT migration, QoS-aware DT synchronization slice, and locator-identifier-isolation addressing mechanism. Simulation is conducted to validate the improvement of the proposed scheme, and provide proof of efficiency.",Yuke Zhou; Ran Zhang; Jiang Liu; Tao Huang; Qinqin Tang; F. Yu,16,,IEEE Communications Magazine,2023,JournalArticle
00c9d9b5ed2095b8b546bb4c9d88bb52b130fee8,Computation Offloading and Energy Harvesting Schemes for Sum Rate Maximization in Space-Air-Ground Networks,"The space-air-ground (SAG) integrated networks will play a major role in the sixth generation (6G) mobile networks, which will provide global coverage, full connection and pervasive intelligence services for multiple ground Internet of Things (IoT) devices. Moreover, massive computing tasks can be either performed by local devices, or offloaded to edge servers, such as low orbit satellites, high altitude platforms (HAPs) and remote base stations. Nevertheless, the joint computation and communication resource allocation solutions are becoming challenging due to the large-scale state space, time-varying network scenarios, and limited battery capacity. In this paper, we propose a SAG-integrated three-layer heterogenous network model to maximize the sum-rate of ground IoT devices, which further enhances the deep integration of communication and computation resources. Additionally, we develop a Lyapunov-assisted multi-agent proximal policy optimization algorithm to process the task scheduling, HAP selection, battery harvesting, and CPU cycle frequency optimization. Extensive simulation results corroborate that the proposed method has superior performance gains in terms of the remaining battery capacity, energy consumption, and maximum average sum-rate compared with the state-of-the-art baselines.",Yongkang Gong; Haipeng Yao; Zehui Xiong; Song Guo; F. Yu; D. Niyato,8,,Global Communications Conference,2022,JournalArticle; Conference
0fe5ecc9f1753d1d27c34ba5030b19a0958b481c,On-Site Colonoscopy Autodiagnosis Using Smart Internet of Medical Things,"Colonoscopy screening is one of the most effective diagnostic tools for detecting intestinal diseases, such as bleeding, polyp, Meckel’s diverticulum, and ulcer. However, the missed rate of manual detection is high due to the lack of experience or fatigue among clinicians. To address this issue, this work proposed a novel autodiagnosis framework built on Internet of Medical Things (IoMT) systems, which can be deployed among multiple hospitals in a distributed fusion. This work presents a two-stage knowledge distillation (TSKD) method coupled with Bayesian optimization (BO) that can exploit distributed colonoscopy data to learn a compact diagnostic model achieving a good tradeoff between predictive performance and resource consumption (e.g., memory and computation). The proposed framework is extensively evaluated in real-world data sets in comparison with its counterparts. A prototype of on-site diagnostic device is implemented to demonstrate the potential for real-world deployment.",Jie Chen; Xiaoxiao Song; Zhichao Huang; Jianqiang Li; Zhaoxia Wang; Chengwen Luo; F. Yu,6,,IEEE Internet of Things Journal,2022,JournalArticle
196800f11422775791ae904ae357cb1516fb9209,UAV Relayed Covert Wireless Networks: Expand Hiding Range via Drones,"Covert communication has emerged as a revolutionary wireless technique to hide confidential information - either naturally or via artificial noise - from being detected. Random transmit power, time-variant channel state information, and location mobility can be leveraged to confuse the detection at the warden. However, it becomes challenging when the distance is long or the direct link is blocked. In this article, we explore an unmanned aerial vehicle (UAV) as the relay to assist covert wireless networks to achieve better quality of service. First, several typical application scenarios are demonstrated and briefly discussed. Then, two scenarios of UAVs serving as a relay in covert wireless networks are narrated. The first case investigates a multi-antenna transmitter aided by a drone relay in the long-range covert wireless network against the detection of a UAV warden. The second case studies the covert wireless network assisted by a UAV relay to overcome the channel blockage problem. Simulation results are provided to evaluate the effectiveness and superiority of the proposed schemes. Finally, some future challenges are discussed.",Xinying Chen; Jianping An; Nan Zhao; C. Xing; D. B. D. Costa; Yonghui Li; F. Yu,11,,IEEE Network,2022,JournalArticle
1b5fe29424962ae272d4fdfb44ff07e7e3e66084,Off-Network Communications for Future Railway Mobile Communication Systems: Challenges and Opportunities,"GSM-R is predicted to be obsoletd by 2030, and a suitable successor is needed. Defined by the International Union of Railways, the Future Railway Mobile Communication System (FRMCS) contains many future use cases with strict requirements. These use cases should ensure regular communication not only in network coverage but also in uncovered scenarios. There is still a lack of standards on off-network communication in FRMCS, so this article focuses on off-network communication and intends to provide reference and direction for standardization. We first provide a comprehensive summary and analysis of off-network use cases in FRMCS. Then we give an overview of existing technologies (GSM-R, TETRA, DMR, LTE-V2X, and NR-V2X) that may support off-network communication. In addition, we simulate and evaluate the performance of existing technologies. Simulation results show that it is possible to satisfy the off-network communication requirements in FRMCS with enhancements based on LTE-V2X or NR-V2X. Finally, we give some future research directions to provide insights for industry and academia.",Jiewen Hu; Gang Liu; Yongbo Li; Zhenghua Ma; W. Wang; C. Liang; F. Yu; P. Fan,13,,IEEE Communications Magazine,2022,JournalArticle; Review
1ec4b9444855c832a9df218c93ff1693c855f918,HDP-CNN: Highway deep pyramid convolution neural network combining word-level and character-level representations for phishing website detection,,Faan Zheng; Qiao Yan; Victor C. M. Leung; F. Yu; Zhong Ming,13,,Computers & security,2022,JournalArticle
231467fcaad386004653429350166c42b09c628f,An Efficient Ciphertext-Policy Attribute-Based Encryption Scheme Supporting Collaborative Decryption With Blockchain,"In the last few decades, ciphertext-policy attribute-based encryption (CP-ABE) technology has attracted great interest, since it can provide fine-grained, flexible, and access control for sensitive data to implement a high secure and efficient data-sharing mechanism. In this article, based on the linear secret sharing scheme (LSSS), an efficient scheme is proposed to realize a collaborative decryption function. For any user group, when the user’s attribute set cannot access the ciphertext alone, the private key of other users in the same group can be used for collaborative decryption with the permission of the data owner. Our scheme uses the LSSS matrix that can significantly reduce the computation and storage overhead when comparing with the existing schemes. Then, a multiauthorization model is created based on the Bohen–Lynn–Shacham technology in order to solve the key-management issue. Finally, we implemented the specific functions of the framework through JAVA, and built a private chain to verify the feasibility of data transfer between users.",Ying He; Haiyan Wang; Yuan Li; Ke Huang; V. Leung; F. Yu; Zhong Ming,17,,IEEE Internet of Things Journal,2022,JournalArticle
26227a94dac6b6494004cba3c92a0449b1551b43,Energy-Saving Deployment Optimization and Resource Management for UAV-Assisted Wireless Sensor Networks With NOMA,"Energy-saving techniques are vital for the battery-powered sensor devices (SDs), which affect their lifetime. In this paper, we propose an air-and-ground cooperative wireless sensor network (AGWSN), wherein several UAVs are deployed as aerial access points (AAPs) to assist the terrestrial access point (TAP) for data collecting. The positions of the AAPs can be modified to approach the cell-edge SDs, therefore reducing the energy of the SDs expended in uploading data. To fully exploit the potential of the AGWSN, we formulate a joint AAP position optimization, channel allocation, and power control problem to minimize the total power consumption of all SDs subject to their decoding threshold. To solve the formulated problem, we first analyze the optimal user pairing rule in each cell and based on the rule propose a maximum-weighted-independent-set inspired algorithm for the AAP position optimization. Then, we remodel the channel allocation problem as an interference minimization problem and devise a K-CUT based algorithm to solve it. We further propose a low-complex iterative algorithm to obtain the optimal transmission power for each SD. The performance of the proposed algorithms is evaluated via theoretical analysis and numerical simulation. Simulation results indicate that if the intracell and intercell interference are not well coordinated, the superiorities of the AGWSN cannot be developed, and its performance is even worse than the traditional terrestrial network (TTN). Cooperated with our algorithms, the AGWSN significantly outperforms the TTN in terms of total power consumption and probability of successful decoding.",Daosen Zhai; Chen Wang; Ruonan Zhang; Cao Haotong; F. Yu,44,,IEEE Transactions on Vehicular Technology,2022,JournalArticle
2a97cb698160d5c77aea4fdcec782f9e0f7cafda,Heterogeneous Markov Decision Process Model for Joint Resource Allocation and Task Scheduling in Network Slicing Enabled Internet of Vehicles,"In the Internet of Vehicles (IoV) with network slicing functions, both the inter-slice resource allocation and the intra-slice task scheduling have received extensive attention. However, the joint optimization of these two problems has not been fully studied. This letter focuses on the complexity issue of the joint resource allocation and task scheduling problem in the IoV with both ultra-reliable low-latency communication (URLLC) and enhanced mobile broadband (eMBB) slices. A heterogeneous Markov decision process (HMDP) which models the resource allocation process and the task scheduling process in two different layers is proposed. Benefiting from the two-layer structure of the HMDP, the size of action space is significantly reduced, and the asynchronous decisions of different sub-MDPs are enabled. The corresponding layered deep reinforcement learning (DRL) architecture is also designed to solve the HMDP-based optimization problem. Simulation results show that the layered DRL-based algorithm outperforms other methods.",Wenjun Wu; Junyu Dong; Yang Sun; F. Yu,18,,IEEE Wireless Communications Letters,2022,JournalArticle
34c56def9b922560cfa70b40be40ee89477d2bd1,IRS-UAV Relaying Networks for Spectrum and Energy Efficiency Maximization,"In this paper, an integrated intelligent reflecting surface (IRS)-unmanned aerial vehicle (UAV) communication scheme is proposed where the IRS is mounted on the UAV as a mobile relay between the base station (BS) and the ground user. We present two schemes to maximize the spectrum efficiency (SE) and the energy efficiency (EE) of the system by jointly optimizing the active beamforming, passive beamforming and UAV trajectory. First, to tackle the SE maximization problem, we divide it into three sub-problems to optimize the variables iteratively. For the active and passive beamforming, the closed-form solutions can be directly derived. The suboptimal trajectory design can be obtained by utilizing the successive convex approximation (SCA). Furthermore, considering the limited on-broad energy of UAV, a scheme to maximize the EE is proposed. The optimal active beamforming and the passive beamforming can be similarly obtained. For the non-convex fractional programing of trajectory optimization, it can be solved via the Dinkelbach’s method. Numerical results demonstrate that the effectiveness of the proposed algorithms.",Yuhua Su; Xiaowei Pang; Shanzhi Chen; Xu Jiang; Nan Zhao; F. Yu,8,,ICC 2022 - IEEE International Conference on Communications,2022,JournalArticle; Conference
3d916ec1f74d8fbf5f98934b0b923f621f36e986,Hybrid Autonomous Driving Guidance Strategy Combining Deep Reinforcement Learning and Expert System,"The complex traffic and road environment pose considerable challenges to the accuracy, timeliness, and adaptive ability of connected and autonomous vehicles (CAVs) in making driving decisions. This paper uses vehicle collaboration and integrates the adaptive learning capabilities of machine learning and the interpretation capabilities of expert systems (ESs) in a unified architecture to form a hybrid autonomous driving guidance system, which not only solves the “bottleneck” of knowledge acquisition during the construction of expert systems but also solves the “black box” phenomenon of machine learning in the decision-making process. First, an autonomous driving strategy based on deep reinforcement learning (DRL) is proposed for CAVs to make decisions and extract corresponding rules. Next, we design an ES knowledge base expansion method including rule extraction, rule sharing, and rule test. Particularly, vehicular blockchain is adopted to ensure user privacy and data security during the rule-sharing process. Third, hybrid autonomous driving guidance combining ES and machine learning is proposed for CAVs to make accurate and efficient decisions in different driving environments. Once the strategy is well trained, it can effectively guide CAVs to cope with the complex traffic environment. Extensive simulations validate the performance of our proposal in terms of decision-making accuracy, effectiveness, and safety.",Yuchuan Fu; Changle Li; F. Yu; T. Luan; Yao Zhang,34,,IEEE transactions on intelligent transportation systems (Print),2022,JournalArticle
44cc2966a8fe1d1c8a1cdc46e84d2126865e46fc,Buffer-Aware Virtual Reality Video Streaming With Personalized and Private Viewport Prediction,"Viewport prediction and prefetch have an important influence on VR video streaming performance. This work proposes a novel federated learning-based viewport prediction model training algorithm, ComPer-FedAvg. The proposed algorithm leverages a VR video’s common viewing pattern and users’ personal viewing patterns to train the prediction model in a distributed and privacy-preserving manner. Further, considering the VR video viewport prediction accuracy, a stochastic game is formulated to solve the VR streaming network’s communication resource allocation problem, where limited communication resource blocks are auctioned to users to achieve the optimal overall VR viewing experience. For each user, the auction is decomposed into two disjoint subproblems, namely, the optimal number of data rate requesting and true value claiming (bidding). The optimal true value claiming has been analytically proved to be equal to the VR viewing reward with given data rate. Due to the lack of global information when users request data rate, we reformulate users’ data rate requesting problem as a POMDP problem. A novel deep reinforcement learning algorithm is adopted to solve the problem. Evaluation and simulation results show the proposed viewport prediction and VR streaming schemes outperform conventional solutions in terms of prediction accuracy and VR viewing experience.",Ran Zhang; Jiang Liu; Fangqi Liu; Tao Huang; Qinqin Tang; Shangguang Wang; F. Yu,35,,IEEE Journal on Selected Areas in Communications,2022,JournalArticle
468bda2f54649c7243e2033f2fd3825842fa3989,Deep-Reinforcement-Learning-Based Resource Allocation for Content Distribution in Fog Radio Access Networks,"With the rapid development of wireless communication technologies, the emerging multimedia applications make mobile Internet traffic grow explosively while putting forward higher service requirements for the next-generation wireless networks. Therefore, how to achieve low-latency content transmission by effectively allocating heterogeneous network resources to improve the network quality of service and end-user quality of experience is a key issue to be solved urgently in the current Internet. In this article, we propose a deep reinforcement learning (DRL)-based resource allocation scheme to improve content distribution in a layered fog radio access network (FRAN). We formulate the optimal resource allocation problem as a minimal delay model, where in-network caching is deployed and the same content requests from mobile users can be aggregated in the queue of each base station. To cope with the increasing user requests and overcome capacity constraints of the FRAN, moreover, a cloud–edge cooperation offloading scheme is utilized in our model, where the integrated allocation of caching, computing, and communication resources and joint optimization between in-network caching and routing are considered to promote resource utilization and content delivery. In our solution, a new DRL policy is designed to make cross-layer cooperative caching and routing decisions for the arriving content requests according to request history information and available network resources in the system. Simulation results demonstrate that our proposed model can performs much better than the existing cloud–edge cooperation schemes in the FRAN.",Chao Fang; Hang Xu; Yihui Yang; Zhaoming Hu; Shanshan Tu; K. Ota; Zheng Yang; M. Dong; Zhu Han; F. Yu; Yun-jie Liu,52,,IEEE Internet of Things Journal,2022,JournalArticle
4a832672ba0dc41391b5a37297b4427b56eb5139,An Online Throughput Maximization Algorithm for Green Coordinated Multi-Point Systems,"Wireless systems are upgraded to use green energy (e.g., solar, wind, and tide energy) such that the greenhouse gas emission can be neutralized. This work incorporates the on-grid energy into a green coordinated multi-point (CoMP) system to handle the volatile arrival of green energy. In the green CoMP, the long-term weighted throughput maximization problem is investigated by expecting a non-positive consumption of the long-term on-grid energy. Motivated by the capacity-achieving property and simple implementation, an online zero-forcing dirty paper precoder is proposed to update the precoding matrices by combining statistical learning with the Lyapunov learning. A tradeoff relation is theoretically established to show that the long-term weighted throughput approaches the $\mathcal{O}(V)$ -neighbor of optimal value while the long-term consumed on-grid energy increases at a rate of $\mathcal{O}\left( {{{\log }^2}(V)/\sqrt V } \right)$, where V is an introduced control parameter. Numerical results are used to verify the performance of the online zero-forcing dirty paper precoder.",Yanjie Dong; Haijun Zhang; Jian-qiang Li; F. Yu; Song Guo; Victor C. M. Leung,1,,"IEEE International Conference on Acoustics, Speech, and Signal Processing",2022,JournalArticle; Conference
50e4c4e1812f36463d7ba4d05577ea2e51b43bb9,Toward Tailored Resource Allocation of Slices in 6G Networks With Softwarization and Virtualization,"Compared with 5G networks, 6G networks are guaranteed to provide various tailored end-to-end network services and emerging cloud-edge applications. Network slicing (NS) is regarded as the key enabler of 6G networks. Softwarization and virtualization technologies, such as software-defined networking and network function virtualization, are accelerating the way toward NS of 6G networks. The resource allocation issue in 6G NS is very crucial, worthy more research attention. In this article, we propose one efficient resource allocation algorithm, labeled as TailoredSlice-6G, so as to realize the tailored slices in 6G. When receiving one slice request, our TailoredSlice-6G will identify the slice resource type in the first place. Then, our TailoredSlice-6G will select its most suitable subalgorithm to do the resource allocation and slicing deployment. Each type of slice corresponds to its specific resource allocation subalgorithm, inserted in the TailoredSlice-6G algorithm. In addition, each subalgorithm in TailoredSlice-6G is guaranteed to run within polynomial time. Thus, TailoredSlice-6G having the potential to be promoted to real networking application. To highlight the merits of TailoredSlice-6G, we do the comprehensive simulation. Simulation results vividly reveal that our TailoredSlice-6G outperforms the selected heuristics that are representative in the literature.",Haotong Cao; Jianbo Du; Haitao Zhao; D. X. Luo; Neeraj Kumar; Longxiang Yang; F. Yu,61,,IEEE Internet of Things Journal,2022,JournalArticle
58a44b25d25a7259e786882aa4685db9441b14b1,Knowledge-Based Fault Diagnosis in Industrial Internet of Things: A Survey,"Industrial Internet of Things (IIoT) systems connect a plethora of smart devices, such as sensors, actuators, and controllers, to enable efficient industrial productions in manners observable and controllable by human beings. Plain model-based and data-driven diagnosis approaches can be used for fault detection and isolation of specific IIoT components. However, the physical models, signal patterns, and machine learning algorithms need to be carefully designed to describe system faults. Besides, the ever-increasing level of connectivity among devices can induce exponential complexity. Knowledge-based fault diagnosis approaches improve interoperability via ontologies so that high-level reasoning and inquiry response can be provided to nonexpert users. Therefore, knowledge-based fault diagnosis approaches are preferred over plain model-based and data-driven diagnosis approaches in recent IIoT systems. In the context of IIoT systems, this work reviews the recent progress on the construction of knowledge bases via ontologies and deductive/inductive reasoning for knowledge-based fault diagnosis. Besides, general inductive reasoning methods are discussed to shed light on their successful applications in knowledge-based fault diagnosis for IIoT systems. Following the trend of large-system decentralization, future fault diagnosis also requires decentralized implementations. Therefore, we conclude this survey by discussing several interesting open problems for decentralized knowledge-based fault diagnosis for IIoT systems.",Yuanfang Chi; Yanjie Dong; Z. J. Wang; F. Yu; Victor C. M. Leung,120,,IEEE Internet of Things Journal,2022,JournalArticle; Review
5ae5854002a8445539732e6634312e312d2a8db0,Profit Maximizing Smart Manufacturing Over AI-Enabled Configurable Blockchains,"Based on the trustless feature of blockchain, this article designs a general configurable blockchain-enabled smart manufacturing system to achieve flexible manufacturing in response to large-scale manufacturing services. With a transaction pool containing all the pending manufacturing tasks but aligning with the logic flow, the complex manufacturing structure can be uniformly tackled. Furthermore, in virtue of the contradiction between large-scale manufacturing and limited blockchain throughput, we formulate a joint optimization of the block size, task scheduling, and the supply-demand configuration to maximize the customers’ net profit with the probabilistic delay requirements, which addresses the critical issue of efficiency and latency in the blockchain-based live manufacturing process. Meanwhile, the production quality and price preference are involved. For solution, a mixed online bipartite matching-based DQN algorithm is proposed, which circumvents the high dimensionality by separating the task-manufacturer matching from the time-correlated problem. Simulation results show that the proposed flexible framework can well adopt to dynamic customer population, and achieves better convergence.",Yinglei Teng; Lanlin Li; Luona Song; F. Yu; Victor C. M. Leung,11,,IEEE Internet of Things Journal,2022,JournalArticle
6d30dc78feafde726e39ff8ab71b862c16772171,Toward Energy-Efficient UAV-Assisted Wireless Networks Using an Artificial Intelligence Approach,"This article studies the application of artificial intelligence (AI) approach in UAV-assisted wireless networks to cope with a large number of parameters impacting energy-efficiency in the sixth generation wireless network. In order to improve the energy efficiency for UAV-assisted wireless networks, we focus on the following three aspects: the UAVs trajectory planning; caching, computing, and communication resource allocation of UAVs; and 3D hovering location decision of UAVs. We discuss each aspect and reveal the corresponding optimization problem of energy efficiency. We also explore several promising deep-learning-based AI methods, which include pointer network, federated deep learning, and multi-agent deep deterministic policy gradient, to solve these optimization problems. Through case studies, we verify the superiority of the proposed AI methods to save UAVs' energy and decrease the system delay.",Shu Fu; Mengya Zhang; Min Liu; Chen Chen; F. Yu,10,,IEEE wireless communications,2022,JournalArticle
6e404e97da0b33f5379602d5b192757766f0eb4b,UAV SECaaS: Game-Theoretic Formulation for Security as a Service in UAV Swarms,"Unmanned aerial vehicles, popularly known as UAVs, have been used in many applications in the recent past. UAVs have also been recently used to provide security as a service (SECaaS). SECaaS involves technical solutions, like antivirus and antispam software, firewalls, using secure operating systems, etc. UAVs are resource-constrained entities, and thus, they avail the computational facilities of the base station (BS) to serve the users in their range. At times, several UAVs cooperatively come together to serve a given region, and such a group of UAVs is called a swarm of UAVs. Generally, a group/swarm of UAVs connect themselves to the BS through cluster head (CH) UAVs, which are intermediary nodes. In real-world scenarios, many stakeholders come together to form a UAV swarm configuration providing services to users. Each stakeholder wants to maximize gains. This work proposes a pricing Stackelberg game among the UAVs, CHs, and the BS by formulating their behavioral utilities. Using particle swarm optimization on each entity’s utility functions, we create an optimal price strategy to maximize profit.",Gaurang Bansal; Vinay Chamola; B. Sikdar; F. Yu,5,,IEEE Systems Journal,2022,JournalArticle
8776224a0a099597d5cf841776f72c0b775afe11,A blockchain-based and privacy-preserved authentication scheme for inter-constellation collaboration in Space-Ground Integrated Networks,,Ting Xiong; Ran Zhang; Jiang Liu; Tao Huang; Yun-jie Liu; F. Yu,16,,Comput. Networks,2022,JournalArticle
941e3720246b59d9aac7fe3a2b6170343da31dc0,Multi-Agent Driven Resource Allocation and Interference Management for Deep Edge Networks,"Sixth generation mobile networks (6G) may experience a huge evolution on vertical industry scenarios, where deep edge networks ($\mathbf{D}\mathrm{E}\mathrm{N}\mathrm{s}$) become an important network structure for the intelligent resource management of computing, caching and communications (3 C). In this paper, we propose two pervasive scenarios including single edge scene and multiple edge scenes for deep integration of wireless communications and computation depending on real-time adaptive collaboration. Specifically, in the single edge scenario, a novel deep reinforcement learning (DRL)-based framework is invoked for collaboratively optimizing the task scheduling, transmission power and CPU cycle frequency under metabolic channel conditions. Meanwhile, in order to alleviate interference in multiple edge scenarios, we propose a multi-agent aided deep deterministic policy gradient (MADDPG) algorithm to minimize total energy consumption and latency. Numerical experiments demonstrate these methods have substantial performance improvement in terms of saving system’s total overhead (i.e., energy consumption and delay) upon considering the task scheduling, transmission power, channel mutual interference and CPU cycle frequency against other conventional benchmarks.",Yongkang Gong; Haipeng Yao; Jingjing Wang; Liang Jiang; F. Yu,20,,IEEE Transactions on Vehicular Technology,2022,JournalArticle
95b4c1732e5dcc7eb63fe8b6304881ba2ad3c298,Towards Energy-Efficient and Secure Data Transmission in AI-Enabled Software Defined Industrial Networks,"Currently, increasing attention is devoted to artificial intelligence (AI) enabled software defined industrial networks (AI-SDINs). Toward energy-efficient and secure data transmission in AI-SDINs, a metric called energy-cost-per-useful-bit (ECPUB), which means energy cost of transmitting per useful bit is presented to evaluate energy efficiency and a novel energy-efficiency based secure multipath routing scheme is then put forward. Specifically, the ECPUB incorporates the utility and the law of diminishing marginal utility, for revealing the relationship among energy consumption, residual energy, and useful bits required. Moreover, in this article, an energy-efficiency based secure multipath routing scheme (E2SMR) is proposed by adopting the ECPUB and (t, n) threshold secret sharing scheme, for enhancing the security under the premise of guaranteeing energy efficiency. Extensive simulation results show that ECPUB can evaluate the energy efficiency and facilitate the balance of network load, while E2SMR can prolong the lifetime of the network and simultaneously ensure the network functionality securely.",Weidong Fang; Chunsheng Zhu; F. Yu; Kun Wang; Wuxiong Zhang,25,,IEEE Transactions on Industrial Informatics,2022,JournalArticle
b2625450dc5aed3039c61aa76c6875c28f930e7f,"A Comprehensive Survey on Blockchain in Industrial Internet of Things: Motivations, Research Progresses, and Future Challenges","With rapid development of enabling technologies such as Internet of Things, robotics, and big data, the fourth industrial revolution known as “Industry 4.0” (I4.0) has become a great opportunity for productivity innovation around the world. Industrial Internet of Things (IIoT), as a typical implication of Cyber-Physical Systems (CPS) in I4.0 era, has attracted significant attention. It aims at optimizing resources and improving production efficiency for manufacturing industry through deep interconnection of physical equipment, wide collection of multi-dimensional data, intelligent awareness of environment and automatic control. Blockchain is a kind of distributed ledger technology and has features including decentralization, anti-tamper, transparency, anonymity, and contract-autonomy. These features are helpful to improve the services and promote the development of IIoT. In this paper, we provide a comprehensive survey on the literatures applying blockchain technology into IIoT. We firstly introduce the related works and background knowledge. And then, the motivations and benefits for applying blockchain into IIoT are discussed in detail. Furthermore, based on the layered architecture of blockchain we summarized in the previous work, we outline the research framework of blockchain in IIoT. Meanwhile, the related application research is presented from the perspectives of devices security, data collection and sharing, and industrial application. Moreover, we explore the technical requirements of blockchain platforms in IIoT applications. Finally, some challenges and future directions on blockchain in IIoT, as well as broader perspectives, are concluded for further study.",R. Huo; Shiqin Zeng; Zhihao Wang; Jiajia Shang; Wei Chen; Tao Huang; Shuo Wang; F. Yu; Yun-jie Liu,163,,IEEE Communications Surveys and Tutorials,2022,JournalArticle; Review
bc35dae9ff57f217337a5c5402bf47885c0057e9,Insurance Plan for Service Assurance in Cloud Computing Market with Incomplete Information,,Yanru Zhang; Chunxiao Jiang; N. H. Tran; Shengrong Bu; F. Yu; Zhu Han,0,,J. Commun. Inf. Networks,2022,JournalArticle
c299ac06f8f5d54438bb4613c49ff8398a8c8607,"Resource Allocation of Video Streaming Over Vehicular Networks: A Survey, Some Research Issues and Challenges","In intelligent transportation systems (ITS), the vehicular ad-hoc network (VANET) is an enabling technology that can provide information exchange services among connected and autonomous vehicles (CAVs). Video streaming over VANETs is a potential application to ensure the safety of drivers and passengers and improve infotainment services. However, owing to the dynamic network topology, video transmission in VANETs is very challenging in terms of latency, reliability, and security. Therefore, a comprehensive summary of the state-of-art video streaming over VANETs is surveyed in this work. Firstly, related works and background knowledge are introduced. Then, a systematic survey on resource allocation (RA) scheme for video streaming in VANETs is provided, and some prevailing and feasible optimization tools are elaborated. Furthermore, enabling technologies of video streaming over VANETs are summarized with a special focus on the integration of video communication, caching, and computing. Finally, we give some challenges and future research directions.",Xiantao Jiang; F. Yu; Tian Song; Victor C. M. Leung,61,,IEEE transactions on intelligent transportation systems (Print),2022,JournalArticle; Review
c801adc4465ed8d391295afeb02630f0ed9a6c4d,Efficient Resource Allocation for Multi-Beam Satellite-Terrestrial Vehicular Networks: A Multi-Agent Actor-Critic Method With Attention Mechanism,"With the rapid development of intelligent transportation systems, there is an increasing demand for a variety of vehicular services, such as automated driving assistance, emergency alert, infotainment, etc. However, in some situations (e.g., remote areas or maritime scenarios), the terrestrial networks alone cannot serve the vehicular applications very well due to the infrastructure deployment and maintenance issues. Satellite networks have become an effective supplement to terrestrial networks, which complement well in terms of coverage, flexibility, reliability, and availability. In this paper, we consider the low orbit multi-beam satellite-terrestrial networks to serve for vehicles. We model this problem as a cooperative multi-agent reinforcement learning process, where each beam acts as an agent, and the global bandwidth is cooperatively shared among all the agents. A multi-agent actor-critic method with attention mechanism is proposed to allocate resources for vehicles with strict delay requirements and minimum bandwidth consumption. When allocating bandwidth, the channel efficiency, the angle of the beams and the priorities of requests in different regions are also considered. Centralized training and distributed execution is performed in the training of the agents. Extensive simulation results verify the effectiveness of our proposed method, where all the agents can well cooperative to achieve efficient resource allocation on-demand for the vehicles under strictly limited bandwidth resources.",Ying He; Yuhang Wang; F. Yu; Qiuzhen Lin; Jian-qiang Li; V. Leung,32,,IEEE transactions on intelligent transportation systems (Print),2022,JournalArticle
cd0ab0c6e884c1b81d126b4606115f169957aa0d,A Blockchain-Enabled Trusted Identifier Co-Governance Architecture for the Industrial Internet of Things,"Recently, the Industrial Internet of Things plays a vital role in the new round of technology innovation and industry competition, where the identity resolution system is its key component. However, there are some problems in the existing Handle-based identity resolution architecture. Therefore, a trusted identifier co-governance architecture is proposed, and a prototype system is designed and implemented in this article. Specifically, we design a blockchain-based decentralized framework for identifier service, identifier life cycle management based on smart contract, and a data storage mechanism for a trusted identifier. The whole architecture could solve the problems of single point of failure, data tampering, and governance deviation, and reduce the trust cost in the process of data circulation. The simulation results reveal that the system has achieved good results in terms of delay and throughput.",R. Huo; Shiqin Zeng; Yuhong Di; Xiangfeng Cheng; Tao Huang; F. Yu; Yun-jie Liu,9,,IEEE Communications Magazine,2022,JournalArticle
d07c6ebdf8e5c187db4ab5e2b2d34a54e55bc560,"A Survey of Driving Safety With Sensing, Vehicular Communications, and Artificial Intelligence-Based Collision Avoidance","Accurately discovering hazards and issuing appropriate warnings to drivers in advance or performing autonomous control is the core of the Collision Avoidance (CA) system used to solve traffic safety problems. More comprehensive environmental awareness, diversified communication technologies, and autonomous control can make the CA system more accurate and effective, thereby improving driving safety. In addition, the assistance of Artificial Intelligence (AI) technology can make the CA system adapt to the environment and facilitate fast and accurate decisions. Considering the current lack of a thorough survey of driving safety with sensing, vehicular communications, and AI-based collision avoidance, in this paper, we survey existing researches for state-of-the-art data-driven CA techniques. Firstly, we discuss the major steps of CA and key research issues. For each step, we review the existing enabling techniques and research methods for CA in detail, including sensing and vehicular communication for safe driving, as well as CA algorithm design. Particularly, we present a comparison between the most common AI algorithms for different functions in the CA system. Testbeds and projects for CA are summarized next. Finally, several open challenges and future research directions are also outlined.",Yuchuan Fu; Changle Li; F. Yu; T. Luan; Yao Zhang,100,,IEEE transactions on intelligent transportation systems (Print),2022,JournalArticle; Review
d78a782e74a092e1c8ff91b75e2e72376ac3ff15,Blockchain-Based Multi-Access Edge Computing for Future Vehicular Networks: A Deep Compressed Neural Network Approach,"Vehicular ad hoc networks (VANETs) have become an important branch of future 6G smart wireless communications. As an emerging key technology, multi-access edge computing (MEC) provides low-latency, high-speed, and high-capacity network services for the VANETs. In this paper, we propose a novel framework for blockchain-based, hierarchical multi-access edge computing for the future VANET ecosystem (BMEC-FV). In the underlying VANET environment, we propose a trust model to ensure the security of the communication link between vehicles. Multiple MEC servers calculate the trust between vehicles through computing offloading. Meanwhile, the blockchain system plays an important role to manage the entire BMEC-FV architecture. We aim to optimize the throughput and the quality of services (QoS) for MEC users in the lower layer of the system architecture. In this framework, the main challenge is how to effectively reach consensus among blockchain nodes while ensuring the performance of MEC systems and blockchains. The blocksize of blockchain nodes, the number of consensus nodes, reliable features of each vehicle, and the number of producing blocks for each block producer are considered in a joint optimization problem, which is modeled as a Markov decision process with state space, action space, and reward function. Since it is difficult for this to be solved by traditional methods, we propose a novel deep compressed neural network scheme. Simulation results illustrate the superiority of the BMEC-FV ecosystem.",Dajun Zhang; F. Yu; Ruizhe Yang,33,,IEEE transactions on intelligent transportation systems (Print),2022,JournalArticle
d7e2a217a9dac1692697e04b04808bd0285556d0,Guest Editorial Special Issue on Space-Air-Ground-Integrated Networks for Internet of Vehicles,,Tingting Yang; Ning Zhang; Mai Xu; M. Dianati; F. Yu,3,,IEEE Internet Things J.,2022,JournalArticle
ea03c7c079ac13fc9b98425232ff7db279c7d39f,A Collaborative Caching-Transmission Method for Heterogeneous Video Services in Cache-Enabled Terahertz Heterogeneous Networks,"To mitigate the impact of the dramatic growth of wireless video traffic and provide users with heterogeneous video services, a collaborative caching-transmission method in cache-enabled terahertz (THz) heterogeneous networks is studied in this paper. We propose a novel scalable video coding (SVC)-based two-tier cooperative caching strategy that can provide video services with different perceptual qualities. In addition, we propose a hierarchical hybrid transmission scheme where users obtain the requested layer files through the cooperative cellular multicast-D2D and THz transmissions. A base layer-based multicast group aggregation process is presented to improve resource utilization, while an efficient multicast transmission resource scheduling scheme can make better use of the spatial reusability. We derive the expressions for the average offloading capacity gain and average energy consumption, and formulate an efficiency function optimization problem. The problem is efficiently solved by the greedy strategy-gradient descent based caching solution and long tail distribution based heuristic caching solution. Simulation results validate the two solutions and demonstrate that the proposed caching-transmission method can achieve quasi-optimal performance compared with other contrasting schemes.",Qi Li; A. Nayak; Xiaoxiang Wang; Dongyu Wang; F. Yu,17,,IEEE Transactions on Vehicular Technology,2022,JournalArticle
ed0346512c944743b61d4cc3be5946ad4cb1e05d,Sharded Blockchain for Collaborative Computing in the Internet of Things: Combined of Dynamic Clustering and Deep Reinforcement Learning Approach,"Immutability, decentralization, and linear promoted scalability make the sharded blockchain a promising solution, which can effectively address the trust issue in the large-scale Internet of Things (IoT). However, currently, the throughput of sharded blockchains is still limited when it comes to high proportion of cross-shard transactions (CSTs). On the other hand, the assemblage characteristic of the collaborative computing in IoT has not been received attention. Therefore, in this article, we present a clustering-based sharded blockchain strategy for collaborative computing in the IoT, where the sharding of the blockchain system is implemented in two steps: K-means-clustering-based user grouping and the assignment of consensus nodes. In this framework, how to reasonably group the IoT users while simultaneously guaranteeing the system performance is the key point. Specifically, we describe the data transactions among IoT devices by data transaction flow graph (DTFG) based on a dynamic stochastic block model. Then, formed as a Markov decision process (MDP), the optimization of the cluster number (shard number) and the adjustment of consensus parameters are jointly trained by deep reinforcement learning (DRL). Simulation results show that the proposed scheme improves the scalability of the sharded blockchain in the IoT application.",Zhaoxin Yang; Ruizhe Yang; F. Yu; Meng Li; Yanhua Zhang; Yinglei Teng,57,,IEEE Internet of Things Journal,2022,JournalArticle
ee0ddc77adfd6b45d5f316d480279f67c6d8c430,Utility Optimization for Resource Allocation in Multi-Access Edge Network Slicing: A Twin-Actor Deep Deterministic Policy Gradient Approach,"To achieve the service-oriented features of the 5G, network slicing aims to create logical virtual networks where multiple services are provided on a common physical infrastructure. The performance of network slicing depends on the intelligent management of multi-dimensional resources, which are exactly what multi-access edge computing (MEC) provides. This paper proposes joint optimization of communication, computing and caching (3C) resources in multi-access edge network slicing. The optimization objective of the two-level resource allocation problem is to maximize the utility obtained by mobile virtual network operators while ensuring the quality of service (QoS). The deep reinforcement learning (DRL) approach is employed which enables the resource allocation scheme to intelligently adapt to the dynamic environment. Specifically, we propose a novel DRL approach named twin-actor deep deterministic policy gradient (twin-actor DDPG). Since the action space is continuous, the DDPG is adopted where the actor generates the deterministic policy while the critic evaluates the policy and guides the actor to obtain the optimal policy. A novel twin-actor structure is put forward to replace the actor of the DDPG, thus the slice-level action and user-level action can be generated respectively. The convergence and effectiveness of the proposed DRL based algorithm is are verified by numerical simulation.",Zhaoying Wang; Yifei Wei; F. Yu; Zhu Han,58,,IEEE Transactions on Wireless Communications,2022,JournalArticle
fc182cd3dd6c689bc2d3f99b90f48dc766e39941,Reliable and Low-Overhead Clustering in LEO Small Satellite Networks,"Low earth orbit (LEO) small satellites have attracted great interests in civilian and military applications due to their low cost and high service performance. However, the enormous scale and high dynamism of small satellites pose challenges to network flexibility and scalability. Therefore, the hierarchical satellite network structure is introduced as an effective approach to enhance the satellite network capabilities further. In this regard, small satellites’ clustering is of fundamental importance for designing such a hierarchical structure. Satellite clusters are always prone to instability due to unpredictable link failures and frequent topology changes. In this article, we study the small satellite clustering problem of jointly optimizing the cluster reliability and the network management overhead. A coalition game-theoretic framework is introduced to obtain low computational complexity by adopting the clustering-decision-making process in an automated and fully distributed fashion. A distributed coalition formation algorithm based on the optimization of reliability and management overhead is developed for the clustering problem. Finally, extensive simulations have been conducted, and the results show that our proposed clustering scheme is able to produce better results than the baseline schemes.",Jiang Liu; Xinyu Zhang; Ran Zhang; Tao Huang; F. Yu,24,,IEEE Internet of Things Journal,2022,JournalArticle
ff233f3b30ffd18d004daf379f8d9f1bfa6e6670,Intelligent Joint Network Slicing and Routing via GCN-Powered Multi-Task Deep Reinforcement Learning,"In 6G mobile systems, network slicing is an emerging technology to support services with distinct requirements by dividing a common infrastructure into multiple logical networks. However, as a network management method, it is difficult for network slicing to achieve a real-time resource allocation to satisfy the stringent requirement of services in 6G networks. This paper introduces a joint network slicing and routing mechanism, which combines the network management and control framework to provide a fine-grained, real-time and dynamic resource allocation. Graph Convolutional Networks (GCN)-powered Multi-Task Deep Reinforcement Learning (DRL) is proposed to solve this complicated resource allocation problem. We first extend the DRL model into multi-task manner, where multiple output branches are matched to joint scheduling resources in every network slice. GCN with differentiable pooling mechanism is integrated into DRL model to capture the topological information from graph-structured network status. We implement our model in the SDN controller and evaluate it with representative topologies. The packet-level experiments show that 1) compared to rule-based and other learning-based methods, GCN-powered multi-task DRL can improve the performance of joint network slicing and routing; 2) our method is robust to diverse network environments; 3) in contrast with other learning-based algorithms, our method achieves a better performance.",Tianjian Dong; Zirui Zhuang; Q. Qi; Jingyu Wang; Haifeng Sun; F. Yu; Tao Sun; Cheng Zhou; J. Liao,58,,IEEE Transactions on Cognitive Communications and Networking,2022,JournalArticle
0101f41200a0fcc2331cd4d0c7cf7d1b5638067f,An Incentive Mechanism for Big Data Trading in End-Edge-Cloud Hierarchical Federated Learning,"As a compelling collaborative machine learning framework in the big data era, federated learning allows multiple participants to jointly train a model without revealing their private data. To further leverage the ubiquitous resources in end-edge-cloud systems, hierarchical federated learning (HFL) focuses on the layered feature to relieve the excessive communication overhead and the risk of data leakage. For end devices are often considered as self-interested and reluctant to join in model training, encouraging them to participate becomes an emerging and challenging issue, which deeply impacts training performance and has not been well considered yet. This paper proposes an incentive mechanism for HFL in end-edge-cloud systems, which motivates end devices to contribute data for model training. The hierarchical training process in end-edge-cloud systems is modeled as a multi-layer Stackelberg game where sub-games are interconnected through the utility functions. We derive the Nash equilibrium strategies and closed-form solutions to guide players. Due to fully grasping the inner interest relationship among players, the proposed mechanism could exchange the low costs for the high model performance. Simulations demonstrate the effectiveness of the proposed mechanism and reveal stakeholder's dependencies on the allocation of data resources.",Yunfeng Zhao; Zhicheng Liu; Chao Qiu; Xiaofei Wang; F. Yu; Victor C. M. Leung,15,,Global Communications Conference,2021,JournalArticle; Conference
0106765e65bc9583d24a2ca9fbcc6fe91eecf288,A Novel Adaptive Gradient Compression Scheme: Reducing the Communication Overhead for Distributed Deep Learning in the Internet of Things,"Distributed deep learning deployed in an edge computing environment is a promising approach for extracting accurate information from raw sensor data from Internet of Things (IoT). But the distributed training suffers from heavy communication overheads between a master node and multiple compute nodes due to frequent transmission of gradients, which limits the training efficiency of the distributed deep learning. In this article, we propose a novel algorithm named ProbComp-LPAC (ProbComp: probability compression and LPAC: layer parameters adaptive compression), which can reduce the communication overhead and improve the training efficiency of the distributed deep learning. ProbComp-LPAC adopts a probability equation to select the gradients and uses different compression rates in different layers of deep neural networks. Comparing with other methods, such as adaptive compression (AdaComp) and lazily aggregated quantized compression (LAQ), the performance of ProbComp-LPAC is not only faster in the training speed but also higher in the accuracy of the test.",Peng Luo; F. Yu; Jianyong Chen; Jian-qiang Li; Victor C. M. Leung,23,,IEEE Internet of Things Journal,2021,JournalArticle
04b763c1f1299152a9558ab0bd278410908bee66,Multi-Antenna Covert Communication via Full-Duplex Jamming Against a Warden With Uncertain Locations,"Covert communication can hide the information transmission process from the warden to prevent adversarial eavesdropping. However, it becomes challenging when the location of warden is uncertain. In this paper, we propose a covert communication scheme against a warden with uncertain locations, which maximizes the connectivity throughput between a multi-antenna transmitter and a full-duplex jamming receiver with the limit of covert outage probability (the probability of the transmission found by the warden). First, we analyze the monotonicity of the covert outage probability to obtain the optimal location for the warden. Then, under this worst situation, we optimize the transmission rate, the transmit power and the jamming power of covert communication to maximize the connection throughput. This problem is solved in two stages. First, we derive the transmit-to-jamming power ratio limit from the maximum allowed covert outage probability. With this constraint, the connection probability is maximized over the transmit-to-jamming power ratio for a fixed transmission rate. Since the connection probability and the transmission rate are coupled, the bisection method is applied to maximize the connectivity throughput via optimizing the transmission rate iteratively. Simulation results are presented to evaluate the effectiveness of the proposed scheme.",Xinying Chen; Wen Sun; C. Xing; Nan Zhao; Yunfei Chen; F. Yu; A. Nallanathan,67,,IEEE Transactions on Wireless Communications,2021,JournalArticle
0c3d9d86992ae725dfe772d1f5960749f49e3113,Optimizing Information Freshness in MEC-Assisted Status Update Systems With Heterogeneous Energy Harvesting Devices,"The ever-growing number of Internet-of-Things (IoT) devices makes multiaccess edge computing (MEC)-assisted status update system more and more attractive, which can be deployed to enable remote data acquisition and analysis from urban space. The ambient computing resource at edge automatically extracts valuable status update information from the data collected by IoT devices, which supports the real-time remote monitoring applications. In this article, we employ the concept of Age of Information (AoI) to quantify the freshness of status updates. To combat the limited battery capacity at IoT devices, energy harvesting (EH) is leveraged to capture the green energy from ambient environment. Specifically, we investigate an age minimization problem by considering the randomness in energy arrivals, heterogeneity in harvesting mode, and the stochasticity in transmission and computing process. The formulated problem is a long-term stochastic optimization problem. Then, we transform the original problem into a series of per-time slot deterministic optimization problem. An online scheduling policy is proposed to obtain the energy management decisions at devices, and the transmission and computing scheduling decisions among multiple devices without any prior knowledge on the network dynamics, which is facilitated to be implemented. Simulation results show that the performance of our proposed algorithm is competitive when compared with other existing schemes.",Long Liu; Xiaoqi Qin; Xiaodong Xu; Hang Li; F. Yu; Ping Zhang,12,,IEEE Internet of Things Journal,2021,JournalArticle
0f470303415d15e2c0003aa81b4bc07241c43f51,Capsule Network Distributed Learning with Multi-Access Edge Computing for the Internet of Vehicles,"For realizing an intelligent transport system, a vast amount of raw image data is required to train various intelligent applications on the Internet of Vehicles (IoV). A capsule network performs well in the computer vision area with fewer model parameters compared to convolutional neural networks. Due to the small-scale model, multi-access edge computing (MEC) devices can support online training for the whole capsule network model. In this article, we propose a novel framework for MEC-based capsule network (CapsMEC) distributed learning for IoV applications. Capsules in CapsMEC are specially designed to train in a collaborative way, which relieves the network pressure in MEC and the time-consuming training time of the traditional capsule network. Experimental results prove the effectiveness of the proposed framework.",Jie Xu; F. Yu; Jingyu Wang; Q. Qi; Haifeng Sun; J. Liao,3,,IEEE Communications Magazine,2021,JournalArticle
1d942744c4568ed0518745dea9f7618d251b5850,DeepADV: A Deep Neural Network Framework for Anomaly Detection in VANETs,"We are seeing a growth in the number of connected vehicles in Vehicular Ad-hoc Networks (VANETs) to achieve the goal of Intelligent Transportation System (ITS). This is leading to a connected vehicular network scenario with vehicles continuously broadcasting data to other vehicles on the road and the roadside network infrastructure. The presence of a large number of communicating vehicles greatly increases the number and types of possible anomalies in the network. Existing works provide solutions addressing specific anomalies in the network only. However, since there can be a multitude of anomalies possible in the network, there is a need for better anomaly detection frameworks that can address this unprecedented scenario. In this paper, we propose an anomaly detection framework for VANETs based on deep neural networks (DNNs) using a sequence reconstruction and thresholding algorithm. In this framework, the DNN architectures are deployed on the roadside units (RSUs) which receive the broadcast vehicular data and run anomaly detection tasks to classify a particular message sequence as anomalous or genuine. Multiple DNN architectures are implemented in this experiment and their performance is compared using key evaluation metrics. Performance comparison of the proposed framework is also drawn against the prior work in this area. Our best performing deep learning-based scheme detects anomalous sequences with an accuracy of 98%, a great improvement over the set benchmark.",Tejasvi Alladi; Bhavya Gera; A. Agrawal; V. Chamola; F. Yu,70,,IEEE Transactions on Vehicular Technology,2021,JournalArticle
267437498209a245fc6712604e60c396bdb6d582,Guest Editorial: Aerial Computing: Drones for Multi-Access Edge Computing,,Jianchao Zheng; A. Anpalagan; M. Guizani; Yuan Wu; Ning Zhang; Xianfu Chen; F. Yu,2,,IEEE wireless communications,2021,JournalArticle
26b31109a161ccc0b1a07599fdb78674ef72fd02,Resource Management for Secure Computation Offloading in Softwarized Cyber–Physical Systems,"The evolution of the Internet of Things (IoT) makes an increased emphasis on extending their computing and storage capabilities by relying particularly on the cloud/edge computing (EC) for cyber–physical systems (CPSs). Especially, in software-defined CPS (SD-CPS), different software-defined networking (SDN) controllers share information and cooperate to make global decisions. To further enhance system security during the information sharing process, we introduce blockchain technology into SD-CPS. However, because many security-related decisions are sensitive to latency, it is vital to minimize the system latency in blockchain-empowered SD-CPS. In this article, a blockchain-empowered distributed SD-CPS framework is proposed to realize consensus and distributed resource management by offloading data in a hybrid network paradigm that combines cloud computing and EC. Moreover, to adaptively implement offloading and control strategies while guaranteeing data security, we design a resource management scheme for reducing system latency and provide the flexibility of cooperation. To foster intelligence, we formulate the joint communication, computation, and consensus problems as a Markov decision process and use deep reinforcement learning to balance resource allocation, reduce latency, and guarantee data security. Compared with other schemes, simulation results verify the effectiveness of the proposed scheme, which performs better on self-adaptation decision making and system delay reduction.",Dan Wang; N. Zhao; Bin Song; Peng Lin; F. Yu,31,,IEEE Internet of Things Journal,2021,JournalArticle
331dfb64e347d3ea700848657236ec38009de824,Enabling Massive IoT Toward 6G: A Comprehensive Survey,"Nowadays, many disruptive Internet-of-Things (IoT) applications emerge, such as augmented/virtual reality online games, autonomous driving, and smart everything, which are massive in number, data intensive, computation intensive, and delay sensitive. Due to the mismatch between the fifth generation (5G) and the requirements of such massive IoT-enabled applications, there is a need for technological advancements and evolutions for wireless communications and networking toward the sixth-generation (6G) networks. 6G is expected to deliver extended 5G capabilities at a very high level, such as Tbps data rate, sub-ms latency, cm-level localization, and so on, which will play a significant role in supporting massive IoT devices to operate seamlessly with highly diverse service requirements. Motivated by the aforementioned facts, in this article, we present a comprehensive survey on 6G-enabled massive IoT. First, we present the drivers and requirements by summarizing the emerging IoT-enabled applications and the corresponding requirements, along with the limitations of 5G. Second, visions of 6G are provided in terms of core technical requirements, use cases, and trends. Third, a new network architecture provided by 6G to enable massive IoT is introduced, i.e., space–air–ground–underwater/sea networks enhanced by edge computing. Fourth, some breakthrough technologies, such as machine learning and blockchain, in 6G are introduced, where the motivations, applications, and open issues of these technologies for massive IoT are summarized. Finally, a use case of fully autonomous driving is presented to show 6G supports massive IoT.",Fengxian Guo; F. Yu; Heli Zhang; Victor C. M. Leung,488,,IEEE Internet of Things Journal,2021,JournalArticle; Review
37528fc9b5ce5b1623ba4d65f988b30d91293b65,A Survey on Cyber-Security of Connected and Autonomous Vehicles (CAVs),"As the general development trend of the automotive industry, connected and autonomous vehicles (CAVs) can be used to increase transportation safety, promote mobility choices, reduce user costs, and create new job opportunities. However, with the increasing level of connectivity and automation, malicious users are able to easily implement different kinds of attacks, which threaten the security of CAVs. Hence, this paper provides a comprehensive survey on the cyber-security in the environment of CAVs with the aim of highlighting security problems and challenges. Firstly, based on the types of communication networks and attack objects, it classifies various cyber-security risks and vulnerabilities in the environment of CAVs into in-vehicle network attacks, vehicle to everything network attacks, and other attacks. Next, it regards cyber-risk as another type of attacks in the environment of CAVs. Then, it describes and analyzes up-to-date corresponding defense strategies for securing CAVs. In addition, it concludes several available cyber-security and safety standards of CAVs, which is helpful for the practical application of CAVs. Finally, several challenges and open problems are discussed for the future research.",Xiaoqiang Sun; F. Yu; Peng Zhang,254,,IEEE transactions on intelligent transportation systems (Print),2021,JournalArticle; Review
3c1512d3ad9b26221acd9c99cd6447d2cc09a58c,Multi-Antenna Covert Communication With Jamming in the Presence of a Mobile Warden,"Covert communication can hide the information transmission process from the warden to prevent adversarial eavesdropping. However, it becomes challenging when the warden can move. In this paper, we propose a covert communication scheme against a mobile warden, which maximizes the connectivity throughput between a multi-antenna transmitter and a full-duplex jamming receiver with the covert outage probability (COP) limit. First, we analyze the monotonicity of the COP to obtain the optimal location the warden can move. Then, under this worst situation, we optimize the transmission rate, the transmit power and the jamming power of covert communication to maximize the connection throughput. This problem is solved in two stages. Under this worst situation, we first maximize the connection probability over the transmit-to-jamming power ratio within the maximum allowed COP for a fixed transmission rate. Then, the Newton’s method is applied to maximize the connection throughput via optimizing the transmission rate iteratively. Simulation results are presented to evaluate the effectiveness of the proposed scheme.",Xinying Chen; Zheng Chang; Nan Zhao; Yunfei Chen; F. Yu; T. Hämäläinen,2,,IEEE Vehicular Technology Conference,2021,JournalArticle; Conference
3ce93605c949038799c84f1e90b84181b518b465,Task Offloading for Wireless VR-Enabled Medical Treatment With Blockchain Security Using Collective Reinforcement Learning,"Wireless virtual reality (VR)-enabled medical treatment (WVMT) system, integrating the VR technology and the platform of the Internet of Medical Things (IoMT), is a promising application in future medical industries. Multiaccess edge computing (MEC) is an effective approach to support the ubiquitous applications of WVMT systems. Due to the high requirements of medical services, the computation efficiency and security are two issues in WVMT systems. In this article, we propose a blockchain-enabled task offloading scheme, where the viewport rendering tasks of VR devices (VDs) can be offloaded to edge access points (EAPs). The blockchain is integrated into the system to reach the consensus of the global information of task offloading and data processing to resist malicious attacks. To reduce VDs’ computation load under the promise of high VR QoE, we formulate the computation offloading and resource allocation to be a Markov decision problem, considering block consensus, content correlation, and fluctuating channel conditions. Then, a novel collective reinforcement learning (CRL) algorithm is proposed to adaptively allocate resources based on the requirements of viewport rendering, block consensus, and content transmission. In the simulations, the convergence rate and the performance in terms of energy consumption and stalling rate are evaluated. simulation results demonstrate the effectiveness of the proposed scheme.",Peng Lin; Qingyang Song; F. Yu; Dan Wang; Lei Guo,81,,IEEE Internet of Things Journal,2021,JournalArticle
402202840ba102449eac180d5dd32ef64a1d34a3,Protection of surveillance recordings via blockchain-assisted multimedia security,,Zhaowei Ma; Li Zhu; F. Yu; Jeremy James,8,,Int. J. Sens. Networks,2021,JournalArticle
44bbc28551ea6b4f2986355ae876acc210f623fb,"When Serverless Computing Meets Edge Computing: Architecture, Challenges, and Open Issues","Edge computing enables applications to leverage computing resources near the data source to perform data processing, which can effectively cope with the explosive growth of network data. However, along with the benefits come great challenges: application developers need to explicitly manage their resources and handle the burden of scalability and load balancing; users have to pay based on the allocated resources, not the resources actually consumed; and so forth. Serverless edge computing extends the idea of serverless computing and has emerged as a compelling model for dealing with many of the challenges associated with edge infrastructure. Different from the existing works which mainly focus on the basic architectures, platforms, and optimization models, this article aims to provide a systematic and comprehensive overview of server-less edge computing networks from the perspective of networking. We first propose the network architecture and layered structure of serverless edge computing networks. Then, the communication process, as well as the implementation and deployment, is presented. Next, the promising technical challenges, including service deployment and lifecycle management, resource awareness and service discovery, service scheduling, and so on, are discussed. Finally, some potential areas for future research are highlighted.",Renchao Xie; Qinqin Tang; Shi Qiao; Haoren Zhu; F. Yu; Tao Huang,111,,IEEE wireless communications,2021,JournalArticle; Review
4d8d70abe5fce8f123df23e7f47f67a0e5858132,Robust Secure Energy-Efficiency Optimization in SWIPT-Aided Heterogeneous Networks With a Nonlinear Energy-Harvesting Model,"Secure information transmission and energy efficiency (EE) optimization are very important for simultaneous wireless information and power transfer (SWIPT)-aided heterogeneous networks. However, most of the existing works consider perfect channel state information (CSI) and linear energy harvesting (EH) models, which are too ideal in practical systems. In this article, we focus on the EE-based robust optimization with imperfect CSI and nonlinear EH models in a SWIPT-aided two-tier heterogeneous macro-femto network with multiple eavesdroppers. In particular, we formulate a robust beamforming problem by jointly optimizing the beamforming vectors of the macro base station (BS) and femto BSs, the power splitting (PS) factors of energy receivers, and the artificial noise vectors of BSs, under multiple constraints including the quality of service requirement of each user, the minimum harvested energy, the maximum transmit power, and the PS factor. Although the formulated robust optimization problem is nonconvex, an EE-based iterative algorithm is developed to obtain the solutions. Simulation results demonstrate the proposed algorithm is superior to other algorithms in terms of EE and security.",Yongjun Xu; Hao Xie; C. Liang; F. Yu,35,,IEEE Internet of Things Journal,2021,JournalArticle
538328db72fabfc4d0dbebb76aeee0ca64a894b5,Efficient Blockchain-Enabled Large Scale Parked Vehicular Computing With Green Energy Supply,"While the vehicular network enables geographically distributed cooperative computation, its mature implementation has long been constrained due to the lack of an effective management platform. In this paper, employing the security and privacy attributes of blockchain, we propose a novel Blockchain-enabled Large-scale Parked Vehicular Computing (BLPVC) architecture to utilize the potential solar energy and vehicular computational resources in the outdoor parking lot. However, the uneven green power supply and random arrival time of electric vehicles compose the highly complex environment. Accordingly, in this paper, to handle the efficient utilization of the distributed resources by blockchain technology, we propose an integrated optimization framework which leverages the green energy utilization and service latency limit among the processes of block generation, task computing, and communication, whereas such a design leads to the mixed-timescale stochastic optimization problem. To this end, corresponding to the dynamic solar energy arrival, we propose a shaped deep deterministic policy gradient (DDPG) algorithm to accelerate the learning rate of computational frequency control in the short-term stage; while in the long-term stage, for the mixed-integer programming (MIP) of task offloading and blockchain parameters adjustment, a series of transformation is employed to preserve convexity. Finally, experiments are carried out on Python demonstrating that the proposed scheme achieves a balanced performance between service latency and distributed resources, while the battery depreciation cost is heavily reduced.",Yinglei Teng; Yu Cao; Mengting Liu; F. Yu; V. Leung,24,,IEEE Transactions on Vehicular Technology,2021,JournalArticle
57dd1823b595df062820c4975073ca79d77d04d6,Guest Editorial: Special Issue on Blockchain and Edge Computing Techniques for Emerging IoT Applications,,Victor C. M. Leung; Xiaofei Wang; F. Yu; D. Niyato; T. Taleb; Sangheon Pack,6,,IEEE Internet Things J.,2021,JournalArticle
5a914f010d76c32b1b2c0dea234da3dc53370183,Cross-Layer Defense Methods for Jamming-Resistant CBTC Systems,"Communication-based Train Control (CBTC) systems are the burgeoning directions for developing future train control systems. With the adoption of wireless communication and network techniques, train control systems are more vulnerable to cyber-attacks. Notably, the jamming attacks, aiming at the handoff process that is the weakest part of train ground communication systems, will cause long disruption of communication. It will have a severe impact on train control operation efficiency. Current research regarding industry control system security is hard to model the impact of the jamming attacks on the train control system quantitatively, and current countermeasure schemes against jamming attacks are not designed for the operating mechanism of train control systems. This paper first builds the train control security state transition probability model under jamming attacks. A cross-layer defense scheme is then proposed from the aspect of the physical layer, the cyber layer and the management layer. In the physical layer, this paper designs a model prediction control algorithm to track dynamic target signals, in the hopes of eventually tracking the dynamic target quickly and smoothly. In the cyber layer, a multi-stage and zero-sum stochastic game model is built for the channel selection for the attack and the defense, whereby the channel selection randomized policy will be obtained. In the management layer, a dynamic train travel speed profile generation algorithm is proposed to mitigate the jamming attacks’ impact on train control systems. Extensive simulation results are shown that jamming attack impact on CBTC can be mitigated effectively with our proposed cross-layer defense scheme.",Li Zhu; Yang Li; F. Yu; B. Ning; T. Tang; Xiaoxuan Wang,67,,IEEE transactions on intelligent transportation systems (Print),2021,JournalArticle
5ad98ac6fabe2be8c42356ca56976ba1e58adec4,Securing UAV-to-Vehicle Communications: A Curiosity-Driven Deep Q-learning Network (C-DQN) Approach,"Unmanned aerial vehicle (UAV) will open up new application fields in smart city-based intelligent transportation systems (ITSs), e.g., traffic management, disaster rescue, police patrol, etc. However, the broadcast and line-of-sight nature of air-to-ground wireless channels give rise to a new challenge to the information security of UAV-to-vehicle (U2V) communications. This paper considers U2V communications subject to multi-eavesdroppers on the ground in urban scenarios. We aim to maximize the secrecy rates in physical layer security perspective while considering both the energy consumption and flight zone limitation, by jointly optimizing the UAV’s trajectory, the transmit power of the UAV, and the jamming power sent by the roadside unit (RSU). This joint optimization problem is modeled as a Markov decision process (MDP), considering time-varying characteristics of the wireless channels. A curiosity-driven deep reinforcement learning (DRL) algorithm is subsequently utilized to solve the above MDP, in which the agent is reinforced by an extrinsic reward supplied by the environment and an intrinsic reward defined as the prediction error of the consequence after executing its actions. Extensive simulation results show that compared to the DRL without intrinsic rewards, the proposed scheme can have excellent performance in terms of the average reward, learning efficiency, and generalization to other scenarios.",Fang Fu; Qi Jiao; F. Yu; Zhicai Zhang; Jianbo Du,11,,2021 IEEE International Conference on Communications Workshops (ICC Workshops),2021,JournalArticle; Conference
6491d8fd75094004629f386aef33cffb071a3b3b,Wireless Virtual Reality in Beyond 5G Systems with the Internet of Intelligence,"Virtual reality (VR) over wireless has promising applications in healthcare, education, entertainment, and industrial production. However, it is difficult for the existing wireless systems to meet the needs of massive content transmission, ultra-low latency, and high computation in wireless VR. In this article, with the recent advances of edge intelligence and the Internet of Intelligence, we propose a novel framework that can jointly provide computation, storage, and communication resources for wireless VR in beyond 5G systems. In this framework, intelligence can be fully exploited to coordinate the computing, caching, and transmission systems to enable ubiquitous deployments of wireless VR. We present some key techniques and propose specific methods to support wireless VR. In addition, we propose a novel quantum-inspired RL reinforcement learning (QRL) algorithm for the multidimensional resource provisioning issue in wireless VR. In the simulations, some essential performance metrics are evaluated and some interesting results are presented, showing the effectiveness of the proposed strategy.",Peng Lin; Qingyang Song; F. Yu; Dan Wang; A. Jamalipour; Lei Guo,39,,IEEE wireless communications,2021,JournalArticle
65f1e83a53c5ce9dee04042e0dd4191a451df2b8,A Survey on Zero-Knowledge Proof in Blockchain,"Blockchain, which is usually regarded as a public, decentralized and distributed ledger, has attracted significant attention recently. In the environment of blockchain, all historical transaction data are recorded and stored. However, because blockchain is open and transparent, a malicious user may illegally access private transaction data, including transaction amount, account address, and account balance. As a cryptographic technique, zero-knowledge proof (ZKP) can be used to verify whether the prover has enough transaction amount in the environment of blockchain without leaking any private transaction data. This article provides a comprehensive survey on ZKP in the environment of blockchain with the aim of highlighting security problems and challenges. It first discusses the framework, models and applications of ZKP. Next, it provides an introduction of blockchain, and proposes a framework of ZKP in the environment of blockchain. Then, it highlights the current state of ZKP in the environment of blockchain. Finally, it identifies some potential problems and future research directions.",Xiaoqiang Sun; F. Yu; Peng Zhang; Zhiwei Sun; Weixin Xie; Xiang Peng,198,,IEEE Network,2021,JournalArticle; Review
664fa37545ff3408ba000107e27b8c24694e9152,Autonomous Vehicle Navigation and Communication by Passive Radio Frequency (RFID) Tags,"This paper assesses the feasibility of using Passive UHF Radio-Frequency Identity (RFID) tags to augment the existing technologies for Autonomous Vehicle (AV) limitations such as camera occlusions, traffic-sign tempering, and spotty GPS signals interrupting AV localization. The study finds the Received Signal Strength Indicator (RSSI) and the number of tag reads in various propagation mediums such as Ice, Water, and Snow with single and dual-antenna configurations. A reader was mounted onto the AV, and readings were collected by driving it over the tags. Experiments were conducted with an AV on a test track with speeds up to 90 km/h. Due to the track constraints, speeds higher than that could not be tried. One research, however, was able to read the Passive tags up to 200 km/h. This paper finds that the technology in its current form is suitable for controlled indoor and confined environments. However, if more antennas and readers are experimented with - and more Passive RFID equipment is developed for AVs, it could show promise against the current AV limitations.",Osama Javaid; F. Yu; Junrun Huang,5,,Design and Analysis of Intelligent Vehicular Networks and Applications,2021,JournalArticle; Book
6819038448e8265f7d0c0c402ac9c9525f6d1d40,Semi-Distributed Resource Management in UAV-Aided MEC Systems: A Multi-Agent Federated Reinforcement Learning Approach,"Recently, unmanned aerial vehicle (UAV)-enabled multi-access edge computing (MEC) has been introduced as a promising edge paradigm for the future space-aerial-terrestrial integrated communications. Due to the high maneuverability of UAVs, such a flexible paradigm can improve the communication and computation performance for multiple user equipments (UEs). In this paper, we consider the sum power minimization problem by jointly optimizing resource allocation, user association, and power control in an MEC system with multiple UAVs. Since the problem is nonconvex, we propose a centralized multi-agent reinforcement learning (MARL) algorithm to solve it. However, the centralized method ignores essential issues like distributed framework and privacy concern. We then propose a multi-agent federated reinforcement learning (MAFRL) algorithm in a semi-distributed framework. Meanwhile, we introduce the Gaussian differentials to protect the privacy of all UEs. Simulation results show that the semi-distributed MAFRL algorithm achieves close performances to the centralized MARL algorithm and significantly outperform the benchmark schemes. Moreover, the semi-distributed MAFRL algorithm costs 23$\%$ lower opeartion time than the centralized algorithm.",Yiwen Nie; Junhui Zhao; F. Gao; F. Yu,115,,IEEE Transactions on Vehicular Technology,2021,JournalArticle
6c969af3129a745e0f2d1dcc1d0fd7c8d53555dc,Content Caching Oriented Popularity Prediction: A Weighted Clustering Approach,"Content popularity prediction plays an important role on proactive content caching. Different to most of the existing works which focus on improving the popularity prediction accuracy, in this article, we consider the content caching oriented popularity prediction through a weighted clustering approach in order to improve the caching performance. We formulate the loss of the cache hit ratio as the system regret to indicate the caching performance, and construct a clustering-based popularity prediction framework for overcoming the user request sparsity with considering the similarity of popularity evolution trends. For depicting the explicit relationship between the caching performance and the popularity prediction accuracy, we derive the popularity prediction error distribution of each content, and design the caching threshold. By extracting the insights in the relationship between the popularity prediction accuracy and the user clustering strategy, we develop a weighted clustering-based popularity prediction algorithm, which takes the caching regret probability of files as the weights. Based on two real-world datasets, the simulation results demonstrate that the proposed popularity prediction scheme achieves better caching performance than the state-of-the-art schemes.",Qi Chen; Wei Wang; F. Yu; M. Tao; Zhaoyang Zhang,37,,IEEE Transactions on Wireless Communications,2021,JournalArticle
6da08bffb4af559ce52653181a933c65b6ee2857,A Survey on Multi-Access Edge Computing Applied to Video Streaming: Some Research Issues and Challenges,"Driven by the quality of experience (QoE) requirement of video streaming applications in the smart city, smart education, immersive service, and connected vehicle scenarios, the existing network poses significant challenges, including ultra-high bandwidth, ultra-large storage, and ultra-low latency requirements, etc. Multi-access edge computing (MEC) is a potential technology, which can provide computation-intensive and caching-intensive services for video streaming applications to satisfy the requirement of QoE. Thus, focusing on video streaming schemes, a comprehensive summary of the state of the art applying MEC to video streaming is surveyed. Firstly, the related overview and background knowledge are reviewed. Secondly, resource allocation issues have been discussed. Thirdly, the enabling technologies for video streaming are summarized by taking account of caching, computing, and networking. Then, a taxonomy of MEC enabled video streaming applications is classified. Finally, challenges and future research directions are given.",Xiantao Jiang; F. Yu; Tian Song; Victor C. M. Leung,138,,IEEE Communications Surveys and Tutorials,2021,JournalArticle; Review
6e070430b95b44d06531b4c408f4aed49f0676c3,Dynamic Computation Offloading in IoT Fog Systems With Imperfect Channel-State Information: A POMDP Approach,"Driven by the growing popularity of mobile applications, such as the Internet of Things (IoT), fog computing has been envisioned as a promising approach to enhance the computation capability of mobile devices and reduce the energy consumption. In this article, we aim to investigate the dynamic computation offloading problem in the IoT fog system under the fast time-varying wireless channel conditions. Our work differs from the existing work, which is based on the assumption that the channel-state information can be perfectly obtained by the offloading agent (e.g., the IoT device). In reality, due to hardware limitation, short sensing time, and network connectivity issues in IoT fog systems, it is difficult for the IoT device to have the perfect knowledge of a dynamic channel environment. Therefore, in this article, we propose a partially observable offloading scheme to enable the IoT device to make the optimal offloading decision with imperfect channel-state information. The optimization problem is formulated as a partially observable Markov decision process (POMDP) formulation, with the objective of minimizing the IoT device’s energy consumption while meeting its requirement on task processing delay. To find the optimal offloading solution, an offline algorithm based on the deep recurrent $Q$ -network (DRQN) is developed. Finally, extensive simulation experiments are performed to evaluate the effectiveness of the proposed offloading scheme.",Renchao Xie; Qinqin Tang; Chenghao Liang; F. Yu; Tao Huang,31,,IEEE Internet of Things Journal,2021,JournalArticle
72166806b97d67afd48f813875b38a6d0515cf01,A Cross-Layer Defense Scheme for Edge Intelligence-Enabled CBTC Systems Against MitM Attacks,"While communication-based train control (CBTC) systems play a crucial role in the efficient and reliable operation of urban rail transits, its high penetration level of communication networks opens doors to Man-in-the-Middle (MitM) attacks. Current researches regarding MitM attacks do not consider the characteristics of CBTC systems. Particularly, the limited computing capability of the on-board computers prevents the direct implementation of most existing intrusion detection and defense algorithms against the MitM attack. In order to tackle this dilemma, in this article, we first introduce edge intelligence (EI) into CBTC systems to enhance the computing capability of the system. A cross-layer defense scheme, which includes the detection and defense stages, are proposed next. For the cross-layer detection stage, we propose a Long Short-Term Memory (LSTM) and Support Vector Machine (SVM) based detection method to combine the detection probability calculated from the train control parameter sequence and operation log files. For the cross-layer defense stage, we construct a Bayesian game based defense model to derive the optimal defense policy against MitM attacks. To further improve the accuracy of the defense scheme as well as optimize the communication resource allocation scheme, we propose an optimal communication resource allocation scheme based on the Asynchronous Advantage Actor-Critic (A3C) algorithm at last. Extensive simulation results show that the proposed scheme achieves excellent performance in defending against MitM attacks.",Yang Li; Li Zhu; Hongwei Wang; F. Yu; Shichao Liu,60,,IEEE transactions on intelligent transportation systems (Print),2021,JournalArticle
7543cdd295d91e9d02224d60331ac2fa822ae943,Secure Analysis in UAV-Based mmWave Relaying Networks with Cooperative Jamming,"Unmanned aerial vehicles (UAVs) have been used in millimeter-wave (mmWave) networks as relays to assist remote or blocked communication nodes. In this paper, we perform secrecy analysis for UAV-based mmWave relaying networks, where a cooperative jamming scheme is proposed via utilizing the destination and an external UAV to cooperatively disrupt the eavesdroppers at the two stages of relaying, respectively. Considering the probability of line-of-sight (LoS) between the UAV and ground nodes, the three-dimensional (3D) antenna gain, and the Nakagami-m small-scale fading model, closed-form SOP of the network is obtained by employing the Gauss-Chebyshev quadrature. Simulation results are presented to validate the theoretical expressions of SOP and to show the effectiveness of the proposed scheme.",Xiaowei Pang; Mingqian Liu; Nan Zhao; Yunfei Chen; Yonghui Li; F. Yu,5,,ICC 2021 - IEEE International Conference on Communications,2021,JournalArticle; Conference
78e0026fada6096d8a7ab032422c889348f1bd04,Cache-Enabled Multicast Content Pushing With Structured Deep Learning,"The cache-enabled multicast content pushing, which multicasts the content items to multiple users and caches them until requested, is a promising technique to alleviate the heavy network load by enhancing the traffic offloading. This, in turn, has called for the optimization of content pushing strategy while considering both the transmission and caching resources, which jointly result in the complicated coupling among pushing decisions and lead to high computational complexity. Unlike most existing approaches which simplify the pushing problem via bypassing the complicated coupling, in this paper, we propose a multicast content pushing strategy to maximize the offloaded traffic with the cost on content caching based on structured deep learning. Specifically, we design the convolution stage to extract the spatio-temporal correlations of one content item between different pushing decisions, and construct the fully-connected stage to capture the spatial coupling among the decisions of pushing different content items to different user devices. Moreover, to address the absence of the ground truth on multicast content pushing, we relax the transmission constraint to derive a performance upper bound for guiding the training direction. This relaxed problem is solved based on dynamic programming in a bottom-up manner. Compared to the state-of-the-art baselines including both the traditional model-based and the general neural network-based strategies, the proposed pushing strategy achieves significant performance gain in both the random-generated dataset and the real LastFM dataset. In addition, it is also shown that the proposed strategy is robust to the uncertainty of user request information.",Qi Chen; Wei Wang; Wei Chen; F. Yu; Zhaoyang Zhang,19,,IEEE Journal on Selected Areas in Communications,2021,JournalArticle
7b78313845605350497ee8bd4c0164770bf1ab51,Flexi-Compression: A Flexible Model Compression Method for Autonomous Driving,"Benefiting from the rapid development of convolutional neural networks, computer vision-based autonomous driving technologies are gradually being deployed in vehicles. However, these neural networks typically have a large number of parameters and extremely high computational cost, making them difficult to deploy in autonomous vehicles with limited storage and computational power. In this paper, we propose an innovative model compression approach to compress convolutional neural networks in autonomous driving algorithms, which we call Flexi-Compression. Flexi-Compression first modifies the model structure by replacing the traditional convolutional layers with our proposed Flexi-CP module, thus reducing the computation of the convolutional layers. Then, we leverage knowledge distillation to enable the compressed model to quickly acquire the knowledge of the original model. In addition, we use a Flexi-Batch Normalization layer to prune the model and finally further reduce the model size by model quantization. We compress the VGG-16 network using our proposed model compression algorithm, which is a commonly used backbone network in autonomous driving algorithms. On the CIFAR-10 dataset, our compression method can reduce the parameters of the VGG-16 network by 86% and the computation by 87% with 4% loss of accuracy. To verify the effectiveness of our compression algorithm in real-world applications, we also compress an autonomous driving algorithm and achieve excellent performance.",Hantao Liu; Ying He; F. Yu; Jeremy James,11,,Design and Analysis of Intelligent Vehicular Networks and Applications,2021,Book; JournalArticle
805ea04bed331313e996213d6b9dad9ba6467899,Resource Allocation and Trajectory Design in UAV-Aided Cellular Networks Based on Multiagent Reinforcement Learning,"In this article, we focus on a downlink cellular network, where multiple unmanned aerial vehicles (UAVs) serve as aerial base stations for ground users through frequency-division multiple access (FDMA). With user locations and channel parameters inaccessible, the UAVs coordinate to make a decision on resource allocation and trajectory design in a decentralized way. Aiming at optimizing both overall and fairness throughput, we model resource allocation and trajectory design as a decentralized partially observable Markov decision process (Dec-POMDP) and propose multiagent reinforcement learning (RL) as a solution. Specifically, we use parameterized deep $Q$ -network (P-DQN) for the action space comprising both discrete and continuous actions and the QMIX framework is leveraged to aggregate each UAV’s local critics. For fairness throughput optimization, we introduce an entropy-like fairness indicator to the reward to make the total return decomposable. In addition, we further propose a novel distributed learning framework for overall throughput optimization such that each UAV can contribute its local gradient, and model training can be implemented in parallel without need of observation data sharing among the UAVs. Simulation results show that the proposed multiagent RL approach as well as the distributed learning framework are efficient in model training and present acceptable performance close to that achieved by deterministic optimization, which relies on convention optimization techniques with user locations and channel parameters explicitly known beforehand. For fairness throughput optimization, we also show that ground users achieve individual throughputs close to each other, which verifies the effectiveness of the proposed fairness indicator as the reward definition in the RL framework.",Sixing Yin; F. Yu,64,,IEEE Internet of Things Journal,2021,JournalArticle
86f136e2d51ba11559e957c6771deb53f16129ab,Artificial Intelligence (AI)-Empowered Intrusion Detection Architecture for the Internet of Vehicles,"Recent advances in the Internet of Things (IoT) and the adoption of IoT in vehicular networks have led to a new and promising paradigm called the Internet of Vehicles (IoV). However, the mode of communication in IoV being wireless in nature poses serious cybersecurity challenges. With many vehicles being connected in the IoV network, the vehicular data is set to explode. Traditional intrusion detection techniques may not be suitable in these scenarios with an extremely large amount of vehicular data being generated at an unprecedented rate and with various types of cybersecurity attacks being launched. Thus, there is a need for the development of advanced intrusion detection techniques capable of handling possible cyberattacks in these networks. Toward this end, we present an artificial intelligence (AI)-based intrusion detection architecture comprising Deep Learning Engines (DLEs) for identification and classification of the vehicular traffic in the IoV networks into potential cyberattack types. Also, taking into consideration the mobility of the vehicles and the realtime requirements of the IoV networks, these DLEs will be deployed on Multi-access Edge Computing (MEC) servers instead of running on the remote cloud. Extensive experimental results using popular evaluation metrics and average prediction time on a MEC testbed demonstrate the effectiveness of the proposed scheme.",Tejasvi Alladi; Varun Kohli; V. Chamola; F. Yu; M. Guizani,83,,IEEE wireless communications,2021,JournalArticle
8894fe7f4c40c2a377fd1ed1343401cc3fb5b8f3,Caching for secure social networks,,F. Yu; Tiffany Ying He,0,,Edge Caching for Mobile Networks,2021,
88f444f77ad29b55995407f03f02ed177b19c257,Networking Integrated Cloud–Edge–End in IoT: A Blockchain-Assisted Collective Q-Learning Approach,"Recently, the term “Internet of Things” (IoT) has elicited escalating attention. The flexibility, agility, and ubiquitous accessibility have encouraged the integration between machine learning (ML) with IoT. However, there are many challenges that present the key inhibitors in moving ML to the public solution, such as centralized training, poor training efficiency, and heavy computing capabilities requirements. Therefore, bringing learning intelligence to edge IoT nodes has been spotlighted for some researches. Meanwhile, how to govern the use of learning results efficiently, reliably, scalably, and safely is hampered by the heterogeneity and nonconfidence among IoT nodes. In this article, we propose a blockchain-based collective $Q$ -learning (CQL) approach to address the above issues, where lightweight IoT nodes are used to train parts of learning layers, then employing blockchain to share learning results in a verifiable and permanent manner. We further improve the traditional Proof of Work (PoW). Instead of solving a meaningless puzzle, we regard the learning process in the IoT node as a piece of work. Accordingly, the winner is the IoT node with the minimum reduced percentage of the learning loss function, referred to as the Proof-of-Learning (PoL) consensus protocol. Specifically, in order to show how the CQL approach works, we use it to address a networking integrated cloud–edge–end resource allocation in IoT. The experimental results reveal the superior performance of the proposed scheme.",Chao Qiu; Xiaofei Wang; Haipeng Yao; Jianbo Du; F. Yu; Song Guo,83,,IEEE Internet of Things Journal,2021,JournalArticle
8e7b6df486e164f89db2aec50444f161aab19b29,Resource-Ability Assisted Service Function Chain Embedding and Scheduling for 6G Networks With Virtualization,"While 5G is being deployed all around the world, the industry and academia start the investigation of 6G. Network function virtualization (NFV) is seen as the key enabler towards the flexible resource management and sharing of 6G networks. The main idea of NFV is to decouple the physical devices from the specific functions that run on them. In NFV, virtual network service (NS) is modeled as a service function chain (SFC). The challenges in SFC description, composition, embedding, and scheduling are key issues in NFV. In this paper, we focus on the joint SFC embedding and scheduling for NFV in 6G networks. With the assistance of sensing the physical node resource abilities, we propose a novel SFC embedding and scheduling algorithm, which is named as RA-SFC-6G. A new service is first composed as an SFC which is an ordered sequence of virtual network functions (VNFs). Afterwards, our RA-SFC-6G algorithm will select the physical nodes with stronger resource abilities and abundant resources to accommodate the SFC. In addition, the NS is guaranteed to be implemented without violating the NS maximum allowed scheduling time. If violated, our RA-SFC-6G can re-embed and re-schedule the violated VNFs to suitable positions. In order to validate our RA-SFC-6G performance, we do the experiment work. Experiment results show that our RA-SFC-6G achieves at least 10$\%$ higher SFC acceptance ratio than the previous counterparts and the typical heuristics.",Haotong Cao; Jianbo Du; Haitao Zhao; D. X. Luo; Neeraj Kumar; Longxiang Yang; F. Yu,74,,IEEE Transactions on Vehicular Technology,2021,JournalArticle
8fbac7056362bdeaa2a0b76293166f2a21e6ef63,Energy Efficiency Optimization in SWIPT Enabled WSNs for Smart Agriculture,"Smart agriculture is able to optimize the information resources of agriculture, which can improve the quality and productivity of agricultural products. Wireless sensor networks (WSNs) provide smart agriculture with effective solutions for collecting, transmitting, and processing of information. However, the large number of sensor networks consume too much energy that violates the principle of green communication. Simultaneous wireless information and power transfer (SWIPT) technology utilizes radio-frequency signals to transmit information and provide energy to WSNs, which can extend the lifetime of WSNs effectively. In this article, an architecture design of smart agriculture is first proposed by exploiting the SWIPT. Then, an energy efficiency optimization scheme is studied to achieve green communication, in which the subcarriers’ pairing and power allocation are jointly optimized. The process of communication is divided into two phases. Specifically, in the first phase, source sensor sends information to relay sensor and destination sensor. Relay sensor utilizes a part of the subcarriers to receive the information, and utilizes the remaining subcarriers to collect energy. Destination sensor uses all the subcarriers to receive the information. In the second phase, relay sensor utilizes the energy collected in the first phase to forward the information to destination sensor. An effective iterative optimization algorithm is proposed to resolve the proposed optimization problem through Lagrangian dual function. Simulation results validate that the performance of the algorithm can improve energy efficiency of the system effectively.",Weidang Lu; Xiaohan Xu; Guoxing Huang; Bo Li; Yuan Wu; Nan Zhao; F. Yu,68,,IEEE Transactions on Industrial Informatics,2021,JournalArticle
96358e6dcbbebf6c4d92b73028bb61b38a2bb63c,Energy-Efficient Secure Video Streaming in UAV-Enabled Wireless Networks: A Safe-DQN Approach,"Unmanned aerial vehicles (UAVs) are anticipated to be integrated into the next generation wireless networks as new aerial mobile nodes, which can provide various live streaming applications such as surveillance, reconnaissance, etc. For such applications, due to the dynamic characteristics of traffic and wireless channels, how to guarantee the quality of service (QoS) is a challenging task. In this paper, with recent advances in scalable video coding (SVC), we study energy-efficient secure video streaming in rotary-wing UAV-enabled wireless networks. By jointly optimizing video levels selection, power allocation, and the UAV’s trajectory, we intend to maximize the long-term energy efficiency that is defined as the ratio of video quality to power consumption. Meanwhile, secrecy timeout probability is considered as a constraint cost to guarantee time delays requirements in a long run perspective. Our problem is modeled as a constrained Markov decision process (CMDP) and solved by safe deep Q-learning network (safe-DQN), where a safe policies set induced by constructing a Lyapunov function is dynamically adjusted to satisfy the constraint conditions of the CMDP. Extensive simulation results with different system parameters show the effectiveness of the proposed algorithm compared with other existing reinforcement learning algorithms.",Zhicai Zhang; Qian Zhang; Jiansong Miao; F. Yu; Fang Fu; Jianbo Du; Tuan Wu,40,,IEEE Transactions on Green Communications and Networking,2021,JournalArticle
9b54c82f6276eb303378f65385757dbfcba987a0,Secrecy Analysis of UAV-Based mmWave Relaying Networks,"Employing unmanned aerial vehicles (UAVs) in millimeter-wave (mmWave) networks as relays has emerged as an appealing solution to assist remote or blocked communication nodes. In this case, the network security becomes a great challenge due to the presence of malicious eavesdroppers. In this paper, we perform a secrecy analysis for a UAV-based mmWave relaying network. We first investigate the relaying scheme without jamming where the UAV decodes and forwards the information from the source to the destination with malicious eavesdropping. Furthermore, to enhance the secrecy performance, we propose a cooperative jamming scheme via utilizing the destination and an external UAV to cooperatively disrupt the eavesdroppers at the two stages of relaying, respectively. Using the probability of line-of-sight (LoS) between the UAV and ground nodes, the three-dimensional (3D) antenna gain, and the Nakagami-m small-scale fading model, the secrecy outage probability (SOP) of the two schemes with and without jamming is analyzed. Closed-form expressions for the SOP of the two schemes are obtained by employing the Gauss-Chebyshev quadrature. Simulation results are presented to validate the theoretical expressions of SOP and to show the effectiveness of the proposed schemes.",Xiaowei Pang; Mingqian Liu; Nan Zhao; Yunfei Chen; Yonghui Li; F. Yu,32,,IEEE Transactions on Wireless Communications,2021,JournalArticle
aac6be7a1312f1540187819745dece34fcb851a0,MEC and Blockchain-Enabled Energy-Efficient Internet of Vehicles Based on A3C Approach,"Nowadays, the rise of the Internet of Vehicles (IoV) has led to the rapid development of smart transportation. To increase the computing capacity of mobile vehicles and decrease the content delivery latency of suppliers, mobile edge computing (MEC) is considered as an indispensable solution. However, there are some essential issues to be considered: 1) security and privacy of data transmission, and 2) reasonable resource allocation for collaborative computing and caching. In this paper, to solve above issues, blockchain technology is adopted to ensure reliable transmission and interaction of data. Meanwhile, we develop an intelligent resource framework about computing and caching for blockchain-enabled MEC systems in IoV. Through jointly considering and optimizing offloading decision of computation task carried by vehicle, caching decision, the number of offloaded consensus nodes, block interval and block size, the energy consumption and computation overheads can be decreased, and the data throughput of the blockchain can be increased significantly. Moreover, the proposed optimization problem is modeled and formulated as a Markov decision process. Facing the complexity and dynamic of resource allocation, the asynchronous advantage actor-critic approach is considered and applied to solve the optimization problem. Experiment results demonstrate that the advantages of the proposed optimization scheme are obvious compared with other existing schemes.",Xinyu. Ye; Meng Li; F. Yu; Pengbo Si; Zhuwei Wang; Yanhua Zhang,7,,Global Communications Conference,2021,JournalArticle; Conference
b504dfbf1d3cce8173e54192b9e5696eeb13f913,Joint Resource Allocation for Ultra-Reliable and Low-Latency Radio Access Networks With Edge Computing,"This paper investigates a joint resource allocation for ultra-reliable and low-latency radio access networks (URLLRANs) with edge computing. Compared with conventional networks, URLLRANs have more restrictive latency and reliability requirements, and always feature short packet communications. It is a challenging work to provide edge computing services in URLLRANs, since the processing and transmission delay as well as packet loss during computation and communications should all be taken into considerations. Along these lines, to specify the trade-off between latency and reliability, this paper defines computation rates and transmission rates for short packets. Different from the existing work, the proposal takes effective information as well as energy consumption as performance metrics based on the definition. The packet request rates, computation latency, service rates, communication power, blocklength, and transmission information amounts are jointly optimized to reduce energy consumption and meanwhile generate more effective information for both the computation system and the communication system. To solve the NP-hard problem, the locally optimal solution and global optimal solution are both derived. Simulation results validate the performance advantage of the proposal and also indicate that the locally optimal solution can greatly reduce the computation complexity with only a small performance loss when compared with the global optimal solution.",Yuchen Zhou; F. Yu; Jian Chen; Bingtao He,19,,IEEE Transactions on Wireless Communications,2021,JournalArticle
b766f177ed92ceb4255bf13c02883414510a755c,Vehicle Position Correction: A Vehicular Blockchain Networks-Based GPS Error Sharing Framework,"The positioning accuracy of the existing vehicular Global Positioning System (GPS) is far from sufficient to support autonomous driving and ITS applications. To remedy that, leading methods such as ranging and cooperation have improved the positioning accuracy to varying degrees, but they are still full of challenges in practical applications. Especially for cooperative positioning, in addition to the performance of methods, cooperators may provide false data due to attacks or selfishness, which can seriously affect the positioning accuracy. By fully exploiting the characteristics of blockchain and edge computing, this paper proposes a vehicular blockchain-based secure and efficient GPS positioning error evolution sharing framework, which improves vehicle positioning accuracy from ensuring security and credibility of cooperators and data. First, by analyzing the GPS error, a bridge can be established between the sensor-rich vehicles and the common vehicles to achieve cooperation by sharing the positioning error evolution at a specific time and location. Particularly, the positioning error evolution is obtained by a deep neural network (DNN)-based prediction algorithm running on the edge server. We further propose to use blockchain technology for storage and sharing the evolution of positioning errors, mainly to guarantee the security of cooperative vehicles and mobile edge computing nodes (MECNs). In addition, the corresponding smart contracts are designed to automate and efficiently perform storage and sharing tasks as well as solve inconsistencies in time scales. Extensive simulations based on actual data indicate the accuracy and security of our proposal in terms of positioning error correction and data sharing.",Changle Li; Yuchuan Fu; F. Yu; T. Luan; Yao Zhang,92,3ead9ba6582992e9d4fbafaeacb8cdca7a549ad5; c5411405e7c7ab59549984440e636599b65fb66c; a7c9d4249031dfd7a014844f230048a171fd20ec; 53d634e2ec960b4c5356fbef9fa020cbe74eac8d; 2a902fc7630b77daa2873f72b9cc6c3619677a10; 1af9c1572ada83edb1388764f291089ff2a5d47b; 7117fdbfc3f3a4561ddc7843a54eec31b7373f18; 7ce85bb8c698a769c61641e84d1e360bd1157575; a145002396e7e119808ebfcf66ce215cd331552a; 6842322a287b19fb351e358935c9d92255451421; 652f7114d38446301bce4052686ae7a17343d90e; bb568b609acf1efbfa5b97e0a6cfe5ffbe00ade4; 01a7daf388f436c33025e1592a04b1b10fa9ef4b; ee177faa39b981d6dd21994ac33269f3298e3f68; 3687612a7f6a3149e2f47b67a6b9fcb516585694; faded269429c7e334592ef2381244f6d58524f27; 33709e0bb08464cdaf26b1ef68b7c388333a7156; 0b8f936dbc373952e4bd7427b134fb6016e82018; fcfd1279b4a0b44b53aa44fb1aa2da4a5c2731b0; 9e7f30e36c70a35873c809a44dcce0bcccc63678; 171dfd113c84f86138699e73e6819a5144832199; d16e66f0e4a3bcbfac5ea4c19e60ed53f6608f45; bbff38c90b337d3018a9e5d5adb1901fee5c0e3a; 22a59b51cafafd114c8d8eb0946408d42fe53d47; e5d44cd4e1ac92e88c0b6e10d082a49b744f78c2; 6e974bc4ae8f0907f5ee438c3231ac6c88a52c2f; 9bf490d2ca7d12912bb87d2cc9d66cb3a6eadd9d; ecb6ca66f3dfdc7c907a5756f80bf0cde1e5c679; 801890b7a36b9a20ddf5856e700eb088a9295680; 26ca2ce169a9844dda7dbcb90c2149b3424f46a5; a59de0f2599fb35ed99a2117fe87447abe95bc7d; aa32e87ae4f9dc780e05d5b8d0180278862715e6; ecb7e9c7605a76b9345ba138fc56fe65f32c36bf; 89a0bf28d39b739d2627c09f7f6d22d18eb5c37e; c564c35b9efa0ff175ebfd23ae93dfca05c790a1; 538293a830d3021ffdefebb44353d0f2f9c57b28; 201df6d8ad3914f36c6cbd857d6cfafa4ecaf654; 48326c5da8fd277cc32e1440b544793c397e41d6; 6a8122861b80842ee6f406acdeec35aec913f1b8; ca9fbcf11aa34cc7040bbda9b95753ef1189f895; 08007e471c2b8bfa6fc9cc46aa92f174b48b7008; 4f8d648c52edf74e41b0996128aa536e13cc7e82; 83e9bb73b319502b16270fa9e23da973e7e4b967; 4e9ec92a90c5d571d2f1d496f8df01f0a8f38596; 103e5b8f771277266439c129ecf309c965af11a3,IEEE transactions on intelligent transportation systems (Print),2021,JournalArticle
c32f2fe14a8b7f97761e85f9dc4ff16823e650f3,Deep-Reinforcement-Learning-Based Latency Minimization in Edge Intelligence Over Vehicular Networks,"A novel paradigm that combines federated learning with blockchain to empower edge intelligence over vehicular networks (FBVN) can enable latency-sensitive deep neural network-based applications to be executed in a distributed pattern. However, the complex environments in FBVN make the system latency much harder to minimize by traditional methods. In this article, we model the training and transmission latency of each autonomous vehicle (AV) and consensus latency of the blockchain in-edge side in FBVN. Considering the dynamic and time-varying wireless channel conditions, unpredictable packet error rate, and unstable data sets quality, we adopt duel deep $Q$ -learning (DDQL) as the solving approach. We propose a federated DDQL algorithm, in which the learning agent is deployed on each AV side, and the sensing states on each AV do not need to be shared so that it increases scalability and flexibility for practical implementation. Simulation results show that the proposed algorithm has better performance in reducing system latency compared with the other schemes.",N. Zhao; Hao Wu; F. Yu; Lifu Wang; Weiting Zhang; Victor C. M. Leung,17,,IEEE Internet of Things Journal,2021,JournalArticle
c40430facc0902308a95b794453599db5615e4ff,Two New Kinds of Interference Alignment Schemes for Cellular $K$-User MIMO Downlink Networks,"It is known that interference alignment (IA) plays an important role in improving the degree of freedom (DoF) of multi-input and multi-output (MIMO) systems. However, most of the traditional IA schemes suffer from the high computational complexity and require the global and instantaneous channel state information (CSI), both of which make them difficult to be extended to cellular MIMO systems. To handle these issues, two new IA schemes, i.e., the retrospective interference regeneration (RIR) scheme and the beamforming based distributed retrospective interference alignment (B-DRIA) scheme, are proposed for cellular $K$-user MIMO downlink networks. For the RIR scheme, it adopts interference elimination algorithm to erase redundant symbols in inter-cell interference (ICI) signals, and then uses interference regeneration algorithm to avoid secondary interference. The RIR scheme obtains greater DoF gain than the retrospective interference alignment (RIA) scheme, but incurs performance degradation when the transceiver antennas ratio (TAR) approaches 1. Therefore, the B-DRIA scheme is further proposed. For the B-DRIA scheme, the cellular beamforming matrix is introduced to eliminate the ICI, and meanwhile distributed RIA algorithm is adopted to align inter-user interference (IUI). The simulation results show that the B-DRIA scheme obtains larger DoF than the RIR scheme locally. Specifically, when TAR approaches 1, two schemes obtain the same DoF. While TAR approaches 2, the DoF of the B-DRIA scheme is superior than the RIR scheme.",Jingfu Li; Wenjiang Feng; F. Yu; Weiheng Jiang the School of Microelectronics; Communication Engineering; Chongqing University the Department of System; Computer Engineering; Carleton University,12,14fcd1294614ec2eb6f943d47611fbe9b847b093; 3eb0d3f95a179b440aa09436628a4697b61baa0d; b22ef12b1972458e715205e25979415652afad93; 8f47e8481d986143cdf029b67594c83574f0a4fa; d49b5c4469bf449a2e8bfa58a8daaaeeb52f3dc5; 146b6dc187888a3b9a40d0ffd643e39de416e9d3; b129a07608a996adcabb8e39e2b5217c581365b9; a7a876d79d023c4fff64b397a77e8c1988b397ab; 0c331d1e7432332ec9bff6c1003c00405ce63ef4; 18434f5d70f95a1f198daf05e00b0656f35ad0af; f28ca83c10b051291b2de82166354401bc25c008; df558548f1356fc2e8b9e694b7481628b19d28cd; f7e00f21d471a15cc8478650263209416573678c; 12d3f15aab922327f87d2d174a03297235854cac; 7f2c7f51fe9cb4826a674e054b223a6da6715596; 1cca3debe544c42f290765dce1cd5ce73f40086b; 1011e831dc6d17f5f8ea72b975f4d70753635b22; d85f889576dccf626c4e8d26605f57901c726402; b2ff9d2be4f734e9d081aa3ce9113ca06fea5377; aef5b511a59c28e35eee9f5e74704d207f1a9943; f8873e5600f5374e7872634613eadcd9a8b66aaa; 292ed4ccc28d52a5eb7bb954291f04fc998a7b3c; e028244b08a7c3c5203ac9d505e19569cffa22f4; e2ef937fcab0bdff3fbedb0a9bc6cae630484535; 3d3270941ab64c5c2dbe5df68d550fe0c9675684; 57dcd8e393538a1a4995ce8138f240244372d82d; c95f01f520c825087acaf6b7ceae649f2b1cc32f; 186a48c3dac7e16004456ff832c17ea7740ea9a1; f398fc76c6d87d2423946b2a00f38bbcc908a6d1; dc6a3f84c64a8f99cc49c44c19229babec93e2b4; fc5b1c2c95f8ee9ba77ca5d7390e73cc229c64e5; 625dae28525ecb069248755a9641ead779632455; 8c1c2005146e29d15479c009ae6f30d3ea03e9fe; 5f7c391425a4b1746175440cfddb42c09d14ba2a; 47fdb5fbb423eb9a0853b52fa26dc1619dfea6cd; b8081ed63430cb11d651eb48b5fd193919646cbe; a1d5b6336c0934a97ecde177d2bf16272b419973; f2e7f30d7e5da05144229e2e8a01d24014f5685d; 51aac1b4664cb8a9f3480d525e1eb586f7cac53a; e8ff8a0aa1b615ffdf4ad74946e6b9676aeff3db; cdfcc44754c7ba526c2b6fadd47b57480340466c; 408a8e250316863da94ffb3eab077175d08c01bf; e09c1b8cbc7094d3f64deffbf4682760255c0511,IEEE Transactions on Vehicular Technology,2021,JournalArticle
c6d75d1f728122ac3d82aea774b19c2dd44aa326,Blockchain based Joint Task Scheduling and Supply-Demand Configuration for Smart Manufacturing,"Nowadays, blockchain has become a promising tamper-evident and tamper-resistant distributed ledger technology that achieves the security and privacy through the cryptography, consensus mechanism and chained data structure. In this paper, we propose a general blockchain-based smart manufacturing system (BSM) that utilizes the decentralization, immutability, auditability of blockchain to achieve flexible manufacturing that responds to on-demand services in time. For management, manufacturing services are divided into tasks and for unified scheduling, these tasks are queued along the logical flow in the transaction pool. Considering the contradiction between large scale manufacturing and limited transactional throughput, a joint task scheduling over blockchains and supply-demand configuration design is proposed to obtain the maximum customers’ net profit while balancing the timeliness as well as the production and blockchain payoff. Moreover, a maximum weight matching based Alternating Optimization framework (MWMAO) is proposed as the solution. Simulation results show that the proposed framework has superiority on the profitability.",Lanlin Li; Yinglei Teng; F. Yu; Mei Song; Wenjun Wang,4,,IEEE Wireless Communications and Networking Conference,2021,JournalArticle; Conference
d69be25945de7f818b44b7aa28b1ccca51ec8cd3,Advancing Software-Defined Service-Centric Networking Toward In-Network Intelligence,"Recent advances separately in edge intelligence, service-centric networking, and software-defined networking have profoundly impacted future networks and intelligent applications. Nevertheless, they have not been jointly considered. Jointly considering these three remarkable techniques will open up a nascent research direction. In this article, we propose a software-defined service-centric networking (SDSCN) framework to push the frontier of edge intelligence toward general in-network intelligence. We devise a three-plane architecture, including a data plane, a management plane, and a control plane. Specifically, in-network context-aware computing and caching capabilities are incorporated into the service-centric data plane. Network programmability and global orchestration provide the potential to design plenty of useful network applications to customize network behaviors flexibly. How in-network federated learning works in SDSCN can be observed from case studies and is validated by emulation. More simulation results show the outperformance of SDSCN. Several challenges in developing the proposed framework are presented and discussed.",Xiaolu Li; Renchao Xie; F. Yu; Tao Huang; Yun-jie Liu,15,,IEEE Network,2021,JournalArticle
d6c0a6250c2cb1a4075cc72a9ea2b07da879f278,A Multi-Agent Reinforcement Learning Approach for Blockchain-based Electricity Trading System,"In microgrid, peer-to-peer (P2P) electricity trading has quickly ascended to the spotlight and gained enormous popularity. However, there are inevitable credit problems and system security problems. Besides, the current model in the electricity trading system cannot balance the utilities of multiple trading entities. In this paper, we propose a blockchain-based distributed P2P electricity trading system. We define elecoins as currency in circulation within our trading system. In order to jointly optimize the utilities of both parties in the elecoins trading, we formulate the elecoins purchasing problem as a hierarchical Stackelberg game. Then, we design a distributed multi-agent utility-balanced reinforcement learning (DMA-UBRL) algorithm to search the Nash equilibrium. Finally, we factually build a blockchain system with a blockchain explorer and deploy an electricity trading smart contract (ETSC) on Ethereum, with a website interface for operating. The numerical results and the implemented realistic system show the advantages of our work.",Yifan Cao; Xiaoxu Ren; Chao Qiu; Xiaofei Wang; Haipeng Yao; F. Yu,5,,Global Communications Conference,2021,JournalArticle; Conference
dd4e284af898474390b694135a1e1a995b4a3b34,"Guest Editorial: Internet of Drones: Novel Applications, Recent Deployments, and Integration",,V. Chamola; F. Yu; B. Sikdar; S. Kanhere; M. Guizani,4,,IEEE Internet Things Mag.,2021,JournalArticle
e1cbff21fb587586f1bf860d63861cac1f9f8acd,Reliable Data Transmission over Energy-Efficient Vehicular Network Based on Blockchain and MEC,"Recently, electric vehicles (EVs) have been widely used under the call of green travel and environmental protection, and diverse requirements for charging are also increasing gradually. In order to ensure the authenticity and privacy of charging information interaction, blockchain technology is proposed and applied in charging station billing systems. However, there are some issues in blockchain itself, including lower computing efficiency of the nodes and higher energy consumption in the consensus process. To handle the above issues, in this paper, combining blockchain and mobile edge computing, we develop a reliable billing data transmission scheme to improve the computing capacity of nodes and reduce the energy consumption of the consensus process. By jointly optimizing the primary and replica nodes offloading decisions, block size and block interval, the transaction throughput of the blockchain system is maximized, as well as the consumption costs of latency and energy consumption is minimized. Moreover, we formulate the joint optimization problem as Markov decision process (MDP). To tackle this dynamic and continuity of the system state, the actor–critic reinforcement learning is introduced to solve the MDP problem. Finally, simulation results demonstrate that the performance improvement of the proposed scheme through comparison with other existing schemes.",Xinyu Ye; Meng Li; F. Yu; Pengbo Si; Zhuwei Wang; Yanhua Zhang,4,,ICC 2021 - IEEE International Conference on Communications,2021,JournalArticle; Conference
e43c27d55c492827af896f7ebcedfc76bacbca3f,"Blockchain and smart contract for access control in healthcare: A survey, issues and challenges, and open issues",,Mehdi Sookhak; M. Sattari; Nader Sohrabi Safa; F. Yu,132,,Journal of Network and Computer Applications,2021,JournalArticle; Review
e8ec2e969983f252f8e45ba8d48d904b7ca30ff6,"AI-Enabled Object Detection in UAVs: Challenges, Design Choices, and Research Directions","Unmanned aerial vehicles (UAVs) are emerging as a powerful tool for various industrial and smart city applications. UAVs coupled with various sensors can perform many cognitive tasks such as object detection, surveillance, traffic management, and urban planning. Deep learning has emerged as a popular technique to speed up the processing of high-dimensional data like images and videos, which has led to several applications in surveillance and autonomous driving. However, the area of aerial object detection has been understudied. This work proposes a deep learning approach for detection of objects in aerial scenes captured by UAVs. Our work first categorizes the current methods for aerial object detection using deep learning techniques and discusses how the task is different from general object detection scenarios. We delineate the specific challenges involved and experimentally demonstrate the key design decisions that significantly affect the accuracy and robustness of models. We further propose an optimized architecture that utilizes these optimal design choices along with the recent Res-NeSt backbone to achieve superior performance in aerial object detection. Lastly, we propose several research directions to inspire further advancement in aerial object detection.",Ayush Jain; Rohit Ramaprasad; Pratik Narang; Murari Mandal; V. Chamola; F. Yu; M. Guizani,30,,IEEE Network,2021,JournalArticle
ef827b72edfd311a8addb8cab01d3117e08ece83,Edge Intelligence for Object Detection in Blockchain-Based Internet of Vehicles: Convergence of Symbolic and Connectionist AI,"Reliable detection of objects is a crucial requirement to improve the safety of the visual Internet of Vehicles (V-IoVs). The resemblance of objects to each other or the background makes the detection of objects difficult. The traditional connectionist artificial intelligence (All-based object detection model is a potential approach to increase detection performance, but it has poor interpretability and high computational complexity. Edge intelligence has demonstrated a considerably good balance between efficiency and computation complexity, integrating multi-access edge computing and AI. In this article, an edge AI framework is designed to perform the object detection task, and a novel abductive learning algorithm is proposed to realize the interpretability and robustness of AI in the V-IoV system. Based on the you only look once (YOLO) classifier, the abductive model is used to learn from the data, which combines symbolic and connectionist AI. Moreover, blockchain is developed for model sharing. Compared to the state of the art, simulation results show the high accuracy of the proposed algorithm. Moreover, the proposed approach has interpretability and strong robustness.",Xiantao Jiang; F. Yu; Tian Song; Victor C. M. Leung,19,,IEEE wireless communications,2021,JournalArticle
f7da9f293cbaa20ca89b4e78e6a376c7f02f1668,"Fast, Reliable, and Secure Drone Communication: A Comprehensive Survey","Drone security is currently a major topic of discussion among researchers and industrialists. Although there are multiple applications of drones, if the security challenges are not anticipated and required architectural changes are not made, the upcoming drone applications will not be able to serve their actual purpose. Therefore, in this paper, we present a detailed review of the security-critical drone applications, and security-related challenges in drone communication such as DoS attacks, Man-in-the-middle attacks, De-Authentication attacks, and so on. Furthermore, as part of solution architectures, the use of Blockchain, Software Defined Networks (SDN), Machine Learning, and Fog/Edge computing are discussed as these are the most emerging technologies. Drones are highly resource-constrained devices and therefore it is not possible to deploy heavy security algorithms on board. Blockchain can be used to cryptographically store all the data that is sent to/from the drones, thereby saving it from tampering and eavesdropping. Various ML algorithms can be used to detect malicious drones in the network and to detect safe routes. Additionally, the SDN technology can be used to make the drone network reliable by allowing the controller to keep a close check on data traffic, and fog computing can be used to keep the computation capabilities closer to the drones without overloading them.",Vikas Hassija; V. Chamola; Adhar Agrawal; Adit Goyal; Nguyen Cong Luong; Dusist Niyato; F. Yu; M. Guizani,161,22c6c76ffec7d3094580ffa16f4e128c9d68b0d2; 14f86269f987b67db871fe184fab8b6619f13c51; 7f069d96f4d643df45e02db4698a222cd8cfac8f; 733b4c81b21971652c508a4dbae85a2c3116e3e2; 662659cbbfc312f76c8b2ab82acbeba055d842a8; 9fbbd520f24a810a4278e1054f04f481d417c8bd; 0cdcb926902d1878a7c8a48bfdb2d9c77ec5be02; c4f58fdfe60709d8b36aef189e404919354d113b; 39551c9fc80dfa52fa47482a4bb1823263069713; 54ae38fbdc1ea081eec8cbb5ce26749c7a2995b9; 6a23913552f9817746b2bcb3e5c7f8bd0585ba99; e42481abdce053acb3b8ec6b40341626a0cb6eda; f6d1e3ca285ce7f30866206e6d38a15417a83815; e98beae7719951233f013d3899cc1f42a6c54ff7; 1b31ec6dc1ec8a852d45aa9b50ea1a62c9aea938; 5603dc2ef70cde2de7af9140480f7756884ee5c5; b776012736f549fbfb0b170833a6b166b98e00b6; 50396ea5fd4b4f85c5c1d81b25adb6eb7fd199e8; 3879db5c30532fff41af1ffef9e265818e7c9285; 52c2a4856c784b980fea12cd54e72bd22e274fe5; 10b8ffa7a5c485c57dfd194cf406c03da399829a; d8214bbc91fe4c0405af5fbe56d54392e157c05c; 4695d9a16c77bbfc8e54f9703572600bc7c2ba2f; 9a605d3df4e9be1acf4b675eccf9d1e5f8edb563; f053d43ec6d4fcea56c54559672be729f270d138; 69e21a7c05e72062b95e828c156d31a0d2b40712; dee671c42c7c973018b5ed5c8367d47c2e95fe03; 7d7d669d7de2068095dc886fcda7b01f18bf5d5f; 9ea6105b4d44f816fe2023930e2fc6fdcfb0b021; 84f8b3ece360a5cc261d5da002c239822726d92f; b5a56e0811aced346079bb20057fbfb7715d23e7; d9c808112bf630f5e03ba4d5f87abefd7dd50131; 1a06f1d590074259f6c3e273ca43d263b05d0b18; 8d208c08c9fea2793085a6da625b8e4f5ebe7695; 75143f917642de78cd71d4216dd27db98b6ac7c4; 25dd72f0f2de590416e0692c145c2c4cf7e757f0; 90fb8dee0f4559db301e3e9b5e6f76b3e1bede38; b2f57f82a7771bea274b9a530a68fd7aa1920c41; 8cb14df1144d9c50962cf145fcfa74f9cbac6261; 392b25aef8ac51b037c76dcde2ee12ce215d939e; b6c6340a4fd2a3982542cb685bdda25c88bf3dbc; 4062cef1d98cd6d81db5cce5da57cb2db0e46779; f54ad655a1a47d4ef198814b87355afa5722a9d2; b22162075dc03f49b3bf46a8829fb0a9ff1a09cf; 0bba5b6fb74a821d8fca644effa24449ef79bdd8; 00098e5d220e58387a03b5ecb65473a6920fe80c; a84bd8f41d2225cbf8224963b02d926c196a0b60; f2406886db71e6a7c83cd9d61ec1d0a17ce090be; fffe570263c29c449eb56acec6308f206a85ca94; 926e8732c06c6315d03c728db742b9f85d3fe2e0; 27d6b20365e3b9fb9120f5e3e2b94b8483f2c1c8; d8762dd02b0b17cfaff444c031780c0ea388ed1b; c0557fb6c889af7780b4fbf0b5e75fe96aa83e64; fd3a7325aad101dd91adceb7b6a5fa1b65e10099; bbe830b40affbfee05fb92f8fbdd70f57bce650c; f6e4c007a642647332e720ec9541f85268718cc3; 640326c8bf932e497fc15de715480ac303e1f1eb; 58606bac5e7c89552ce93a8de14121cf7cecfbcf; 5ab6d8d4957189bccd7ab5bc97dbeb90b6746a08; 79c8f930bb66c82421b84617e4b6c0b2855cd063; 4cb6d8e11b36b101e36f744c3f22d2a634004961; 925f022fbaa8fa7e955beb1c1d825fd9e376d40f; 855dabdea87dcc3815a5f6f1ee86040881134135; ca525ea29230ee75643cc17c6a5e4c9edd093da0; 4449136b2783351d88013aa2fac32fded1dd56e8; 9adaf216039fd85c2fc4bc45b535f666aaa839df; 7125887dda67655f329ceacf80f5f4b399e632be; e40a48fd32f4b421c94aac356c56ae2495a953a0; 578d7c50df90f3adab616cd7a3f6805adfd6c60f; 4499f86c2a99bbe29ab00cb2f783d5baaaa86ec9; 6463fb267c75f4b1ed3ab434eb16bd05f575ca72; 147ca64965125626e938bd2e3d5868b26ce4c775; b343d11f6fee0c679d1291bb35819ba464710160; 1b1dcaf4f7a1a18fa900a0d430a728d5b1a5746f; 05fa1777f47b48f14239d5646f102fb12076dfbd; 0f5a0fbd07155cbf81ae9a5e76a1bc78da10a376; a27d4d932099843acc8e4e13248b53dc56440a9b; e03be6464247eb248df5fbbce50821328bc0f3e1; af3a68ea30237fc69fd2e562a76789215d6c3a8f; 61353583010aa862b10c69653d1a57824a7eabe5; 2c4a58cf4468e9043e23e92a14e5b6b56233412e; f3548c62a1c8b39d3379e5b230c62de2740a1731; e64590b78434a38b931cf86d915335850fb67f2a; 0bf2cb4ae68275f4fd71a30f191dc95793a0d49e; 2c12ee28bda90b16b325ed1b8c20988fbae1555f; e1a1f6fded2ac64e8653f33194613bd5da8bf7ec; 64fcde870588026b026b16875fdad67df77d10f9; d0a7f64d5505ed59dd08f982b39524ca12454f42; 93b009fef1eda6cb771d23b5321e10fbd9924ab5; f4ef589e2637014d9286cf273c62e772519a86a0; b84cc2b8b17b40c23e29aadb6ba2aa7fdd7fb6ee; 977d5f44c9a9073e6f998bd026683603edd100a3; 4050270f1afe99c3c7fdb6ec10c84b40031e9f0b; 7bbb7830fff42877109576d20e3905a40a47b08e; 3eaba6abfaf1bb8c712b7a2bd8baaad5d8dec2ef; 20fc0dd853dc96ce73d9151fb20afaf586425757; cfe3010bf754bc1095be56c82f6b813ffd68e2f6; 55fbe4ce9e08f138dd4c945fb85ad04b19528c39; 544deea483b3adb9ec7babeb5f281a65dfa90ff3; e0cb07ef9086985c6a8bfec377f1ce1ff1eac5af; 0e39e519471cc41b232381bd529542e2c02f21fa; bab58b074dc9da57d7d6d1cadb102da933f88cca; a5fe5e1613367f41af359ecf269efcd2094e079e; 727eed38d45b502e5977916a6d626227deafa03f; eca95659595691ddd1faa3c7b014579e65ea83e0; a761bc231431ce9e138526de16bc745736b0aad8; be9b0bf2516ec7347affb1d17431b619a7cb2cc6; 9e18c636ae87922436a62abfc49888624c9c4c2d; b5e9e3f6a86bdc5de9ad23c09b49e8df167a3dce; 193216d14c26aaa1508e12c6094fc0b67f72518f; 99c2f90ae3c75e4b5561c2a4ecdb5424b561546e; 3f131b0efdf6ebc26f2623220dcdc6079c220fd2; b5821a753a731a0858df5a1409f2481efe813aa5; 6162b6d6b4a804ee2304eb2c601192d044e96111; a8b300319587b00bd0d18146dcad5457e38bee86; dd9de3340f4cf7adb5316ba657b82ed92b9c8340; 9ddea5041f26abedfacf7e5f24dbf3921dd4a2b8; 17f8fe0af1c07c1875203342b6661e09c3e0695d; 03d35e9034375c0c5fccbcaf9137e1beefc6d87c; 8460e3671bf22580ff46a9d4dbb9c50f6d2cfebc; 805d0da469da6ba7571ee75732ab66202aaea9e0; 9bb0aa7c062a1ac3df0a73d1e7caa88937e9716e; 7c7534c3ea62f0d0775dc7b408d7fdc39cf449cb; 80ca563e9d9d8613649fcb5cc47ab91e4984ca1b; ba54f3aa6e5631fb4d00d21ab4a78263375a363d; 820c6b1d8337522efa61ea129b698bbfdb69cf7c; 9faaee9e1dbba065e48f417cb16b552b1ca66a28; 826850f37a18d4ed78c698c519b82bc210db54f6; 9b81bd4553bc53c04acc12d0a1e68b2d5778446e; 6e633b41d93051375ef9135102d54fa097dc8cf8; cb88fb0d12844475d9c32b9cdd63bd804a13f038; 4b2f55f91e63268a58457cccaa95255336c3e0df; fef88a35a758787cf0af06902bceb70c45ba16f4,IEEE Communications Surveys and Tutorials,2021,JournalArticle; Review
fa39a0da77e18981d5a4afbffde1594040d60aef,Height Optimization and Resource Allocation for NOMA Enhanced UAV-Aided Relay Networks,"In this paper, we investigate the application of the non-orthogonal multiple access (NOMA) technique into the unmanned aerial vehicle (UAV) aided relay networks. Specifically, we first incorporate the NOMA protocol with the decode-and-forward (DF) relay protocol to enhance the performance of the cell edge users in a macrocell network. Theoretical analysis indicates that the NOMA-DF-relay protocol outperforms the conventional orthogonal multiple access (OMA) based DF-relay protocol in terms of data rate. To fully exploit the advantages of the proposed protocol, we formulate a joint UAV height optimization, channel allocation, and power allocation problem with the objective to maximize the total data rate of the cell edge users under the coverage of the UAV. For solving the formulated problem effectively, we first analyze its property and employ the golden section method to propose a general framework to obtain the optimal height of the UAV. Then, we design a low-complexity iterative algorithm to solve the joint channel-and-power allocation problem based on the matching theory and the Lagrangian dual decomposition technique. Finally, simulation results demonstrate that the NOMA-DF-relay protocol is superior to the OMA-DF-relay protocol even when the system parameters are not optimized, and the proposed algorithms can further significantly improve the network performance in comparison with the other schemes.",Daosen Zhai; Huan Li; Xiao Tang; Ruonan Zhang; Z. Ding; F. Yu,81,,IEEE Transactions on Communications,2021,JournalArticle
fd238875fd1d57c88f7d7b4c8e8edd003f367c6e,AgriSegNet: Deep Aerial Semantic Segmentation Framework for IoT-Assisted Precision Agriculture,"Aerial inspection of agricultural regions can provide crucial information to safeguard from numerous obstacles to efficient farming. Farmland anomalies such as standing water, weed clusters, hamper the farming practices, which causes improper use of farm area and disrupts agricultural planning. Monitoring of farmland and crops through Internet-of-Things (IoT)-enabled smart systems has potential to increase the efficiency of modern farming techniques. Unmanned Aerial Vehicle (UAV)-based remote sensing is a powerful technique to acquire farmland images on a large scale. Visual data analytics for automatic pattern recognition from the collected data is useful for developing Artificial intelligence (AI)-assisted farming models, which holds great promise in improving the farming outputs by capturing the crop patterns, farmland anomalies and providing predictive solutions to the inherent challenges faced by farmers. In this work, we propose a deep learning framework AgriSegNet for automatic detection of farmland anomalies using multiscale attention semantic segmentation of UAV acquired images. The proposed model is useful for monitoring of farmland and crops to increase the efficiency of precision farming techniques.",Tanmay Anand; S. Sinha; Murari Mandal; V. Chamola; F. Yu,97,,IEEE Sensors Journal,2021,
01a584b6a3ab7a1db5b9117f705ee96a8d750719,Blockchain-Enabled Internet of Vehicles With Cooperative Positioning: A Deep Neural Network Approach,"Although vehicular global positioning system (GPS) has been widely applied in many traffic scenarios, it is far from achieving lane-level positioning due to its low accuracy. Existing cooperative positioning (CP) methods have improved vehicular positioning accuracy to varying degrees, which still have challenges in further improving the system’s robustness and security. In this article, we propose a novel framework of blockchain-enabled Internet of Vehicles (IoV) with CP for improving vehicular GPS positioning accuracy, system robustness, and security. First, a self-positioning correction scheme for the intelligent vehicles is proposed to improve their positioning accuracy, which uses the multitraffic signs as benchmarks to correct the vehicular position (given by GPS) by deep neural network (DNN) algorithm. We further design a multi-intelligent vehicle positioning error sharing model to reduce GPS positioning error of common vehicles (CoVs) in the same segment or area. In addition, to realize information sharing between vehicles and ensure system security, the connections among intelligent vehicles, CoVs, and roadside units are built by proposing a blockchain-enabled architecture that includes IoV subsystem and blockchain subsystem, where the corresponding mechanism of the information choosing, information sharing, and penalty is designed. Extensive simulation results show the accuracy, robustness, and security of our proposal in terms of vehicular positioning, information transferring, and sharing.",Yanxing Song; Yuchuan Fu; F. Yu; Li Zhou,58,,IEEE Internet of Things Journal,2020,JournalArticle
01c663a80e486575e0d6f5d44e9c95f8d659577f,Utility Optimization for Resource Allocation in Edge Network Slicing Using DRL,"Network slicing and Multi-access Edge Computing (MEC) have been envisioned as promising technique in the fifth generation mobile communication (5G). In this work, we study joint optimization of radio and computation resource in network slicing with MEC to maximize utility of Mobile Virtual Network Operator (MVNO), while meeting slice Quality of Service (QoS) requirements. On account of the dynamic change of slice demands and environment information, it is hard to solve resource allocation problems with conventional methods. Inspired by the superiority of deep reinforcement learning (DRL) in decision-making problems with the high state space and continuous action space. We formulate the utility maximization problem as a markov decision process (MDP). With an MVNO controller, the problem can be solved utilizing deep deterministic policy gradient (DDPG) algorithm to execute the dynamic resource allocation scheme. Simulation results show that utility performance of the proposed algorithm outperforms than the benchmark algorithms and enables dynamic resource allocation scheme.",Zhaoying Wang; Yifei Wei; F. Yu; Zhu Han,24,,Global Communications Conference,2020,JournalArticle; Conference
01f7996c77af4e7740397f67bfab81d8f6fde949,Graded Warning for Rear-End Collision: An Artificial Intelligence-Aided Algorithm,"Realizing the ultra-low latency and high-accuracy solutions for rear-end collision is still challenging, especially under the condition in which many uncertainties exist. This paper proposes an artificial intelligence-based warning algorithm for rear-end collision avoidance. Three key issues are addressed by applying the neural network approach, including noises in positioning, inaccurate risk assessment, and enhanced comfort level of passengers. First, to filter the noises in positioning, wireless vehicular communications are leveraged; accurate relative lane positioning can be achieved to justify when two vehicles are in the same lane. Second, an online neural network model is developed to assess the risk of collisions in real time while driving. The algorithm can converge fast to a globally optimal solution and adapt to different traffic environments. Third, to maximize the comfort of passengers during the braking process, a graded warning strategy is developed at the prerequisite of guaranteed safety. With the above schemes sewed in to one framework, our proposal can achieve rear-end warning with reduced missing alarm rate, accurate risk assessment and enhanced comfort to passengers. The extensive simulations validate the effectiveness and accuracy of our proposal in terms of relative lane positioning, risk assessment, and collision avoidance.",Yuchuan Fu; Changle Li; T. Luan; Yao Zhang; F. Yu,21,,IEEE transactions on intelligent transportation systems (Print),2020,JournalArticle
02f4f773e75cd8b8e946cd20e2df7a3e72049a5e,Optimal Proactive Caching Placement for Named Data Networking with Interest Aggregation,"On-path caching is a building block in Named Data Networking that helps eliminate redundant traffic. The performance of redundancy elimination depends on both Content Store (CS) and Pending Interest Table (PIT), i.e., CS caches content for future reuse, and PIT aggregates repetitive requests in a short period. However, contemporary proactive caching strategies only take account of CS while neglecting PIT. In this work, we integrate both PIT and CS into the proactive caching model, derive how to calculate aggregated request rate, and propose an algorithm to calculate the aggregated request rate across the tree topology. Then we formulate caching placement into optimization problems and solve them with a decomposition-based evolutionary algorithm. The simulation results show that the proposed scheme outperforms conventional solutions.",Ran Zhang; Jiang Liu; Tao Huang; Renchao Xie; F. Yu; Yun-jie Liu,2,,Global Communications Conference,2020,JournalArticle; Conference
09552f49e40a7adee73515b0f756bec9ce4d4032,Energy-Efficient Video Streaming in UAV-Enabled Wireless Networks: A Safe-DQN Approach,"Unmanned aerial vehicles (UAVs) are anticipated to be integrated into the next generation wireless networks as new aerial mobile users, which can provide various live streaming applications such as surveillance, reconnaissance, etc. For such applications, due to the dynamic characteristics of traffic and wireless channels, how to guarantee the quality of service (QoS) is a challenging task. In this paper, with recent advances in scalable video coding (SVC), we study secure video streaming in wireless networks with UAVs. By jointly optimizing video levels selection and power allocation, the research tries to maximize the energy efficiency, which is the ratio of video quality to power consumption, while satisfying the secrecy timeout probability (STP) requirement. The aforementioned problem is modeled as a constrained Markov decision process (CMDP). And then, the study employs a state-of-the-art reinforcement learning algorithm, namely safe deep Q-learning network (safe-DQN), to solve the CMDP problem, in which a safety policies set is induced by constructing a Lyapunov function. Extensive simulation results with different system parameters show the effectiveness of the proposed algorithm compared with other existing reinforcement learning algorithms.",Qian Zhang; Jiansong Miao; Zhicai Zhang; F. Yu; Fang Fu; Tuan Wu,13,,Global Communications Conference,2020,JournalArticle; Conference
0bc8334125d7334f62829a7424f0309183f4133d,Toward Communication-Efficient Federated Learning in the Internet of Things With Edge Computing,"Federated learning is an emerging concept that trains the machine learning models with the local distributed data sets, without sending the raw data to the data center. But, in the Internet of Things (IoT) where the wireless network resource is constrained, the key problem of federated learning is the communication overhead for parameter synchronization, which wastes bandwidth, increases training time, and even impacts the model accuracy. Gradient sparsification has received increasing attention, which only updates significant gradients and accumulates insignificant gradients locally. However, how to preserve the accuracy after a high ratio sparsification has been ignored in the literature. In this article, a general gradient sparsification (GGS) framework is proposed for adaptive optimizers, to correct the sparse gradient update process. It consists of two important mechanisms: 1) gradient correction and 2) batch normalization (BN) update with local gradients. With gradient correction, the optimizer can properly treat the accumulated insignificant gradients, which makes the model converge better. Furthermore, updating the BN layer with local gradients can relieve the impact of delayed gradients without increasing the communication overhead. We have conducted experiments on LeNet-5, CifarNet, DenseNet-121, and AlexNet with adaptive optimizers. Results show that when 99.9% gradients are sparsified, validation data sets are maintained with top-1 accuracy.",Haifeng Sun; Shiqi Li; F. Yu; Q. Qi; Jingyu Wang; J. Liao,69,,IEEE Internet of Things Journal,2020,JournalArticle
0ca6b5c66bc41516a1511955e2b3864fc78c29cb,Unmanned aerial vehicle assisted communications and networking,,T. Duman; Nan Zhao; Yunfei Chen; Chunguo Li; Kezhi Wang; F. Yu; Lisheng Fan; Mohamed-Slim Alouini,0,,Physical Communication,2020,JournalArticle
1e9083928227bbccb758b41223bc1c9f160bca02,A Decision-Making Strategy for Vehicle Autonomous Braking in Emergency via Deep Reinforcement Learning,"Autonomous braking through vehicle precise decision-making and control to reduce accidents is a key issue, especially in the early diffusion phase of autonomous vehicle development. This paper proposes a deep reinforcement learning (DRL)-based autonomous braking decision-making strategy in an emergency situation. Three key influencing factors, including efficiency, accuracy and passengers’ comfort, are fully considered and satisfied by the proposed strategy. First, the vehicle lane-changing process and the braking process are analyzed in detail, which include the critical factors in the design of the autonomous braking strategy. Second, we propose a DRL process that determines the optimal strategy for autonomous braking. Particularly, a multi-objective reward function is designed, which can compromise the rewards achieved of different brake moments, the degree of the accident, and the comfort of the passenger. Third, a typical actor-critic (AC) algorithm named deep deterministic policy gradient (DDPG) is adopted for solving the autonomous braking problem, which can improve the efficiency of the optimal strategy and be stable in continuous control tasks. Once the strategy is well trained, the vehicle can automatically take optimal braking behavior in an emergency to improve driving safety. Extensive simulations validate the effectiveness and efficiency of our proposal in terms of learning effectiveness, decision-making accuracy and driving safety.",Yuchuan Fu; Changle Li; F. Yu; T. Luan; Yao Zhang,125,,IEEE Transactions on Vehicular Technology,2020,JournalArticle
252f53b625e03dac0a3d0b78c5621d62c958e3f5,Computation Over MAC: Achievable Function Rate Maximization in Wireless Networks,"The next generation wireless network is expected to connect billions of nodes, which brings up the bottleneck on the communication speed for distributed data fusion. To overcome this challenge, computation over multiple access channel (CoMAC) was recently developed to compute the desired functions with a summation structure (e.g., mean, norm, etc.) by using the superposition property of wireless channels. This work aims to maximize the achievable function rate of reliable CoMAC in wireless networks. More specifically, considering channel fading and transceiver design, we derive the achievable function rate adopting the quantization and the nested lattice coding, which is determined by the number of nodes, the maximum value of messages and the quantization error threshold. Based on the derived result, the transceiver design is optimized to maximize the achievable function rate of the network. We first study a single cluster network without inter-cluster interference (ICI). Then, a multi-cluster network is further analyzed in which the clusters work in the same channel with ICI. In order to avoid the global channel state information (CSI) aggregation during the optimization, a low-complexity signaling procedure irrelevant with the number of nodes is proposed utilizing the channel reciprocity and the defined effective CSI.",Li Chen; Nan Zhao; Yunfei Chen; Xiaowei Qin; F. Yu,13,,IEEE Transactions on Communications,2020,JournalArticle
33040ef11f544ff3fec2bb2b7d1e13cf732f6e8f,Guest Editorial: Special Section on Social and Cognitive Mobile Computing in Industrial Internet of Things,"INTERNET of Thing (IoT) technology has attracted intensive interest in the automotive industry to meet the new demands in the market while continuing to achieve their conservative goals [item 1) in the Appendix]. As for Industrial Internet of Things (IIoT), randomly moving wireless nodes are often carried by humans and communicate with each other when they are in close proximity. The interaction between nodes shows strong regularity or sociality, i.e., a wireless node always communicates with several social-closed or distance-closed nodes. Furthermore, with thousands of industrial sensors across physical and man-made environments, the IIoT generates vast amounts of real-time data complexes in scale, form, and meaning [items 2) and 3) in the Appendix]. Particularly, cognitive IIoT learns from interactions with people and their experiences with industrial environments via cognitive mobile computing, which enables them to keep pace with the volume, complexity, and unpredictability of information generated by the IIoT. Different from usual mesh networks whose main feature lies in its unpredictable topology structure, the intrinsic properties of social and cognitive IIoT are social metrics guiding data in a predictable way and intelligently understanding and judging social values of massive data. In this context, social and cognitive mobility modeling, routing protocol, energy allocation, mobile computing, cognitive computing, etc., in the IIoT environment especially with stochastic layout shapes deserve more comprehensive investigations. Such characteristics call for a deep fusion of social characteristics, user experiences, edge computing, trust probability, cognitive communication, and information sharing in IIoT. Motivated by this, taking social and cognitive mobile computing into account when designing the IIoT mechanism in industry aggregation areas has been a promising trend. This special section collects the latest ideas and research on the social and cognitive mobile computing in IIoT. Particularly, 15 original articles are accepted and included in the collection on the following pages. The topics of these articles are mainly concerned with social and cognitive mobility modeling, routing protocol, resource allocation, and so forth. We believe that these articles will play a role in inspiring our readers.",Nan Zhao; Yunfei Chen; T. Han; F. Yu,0,,IEEE Transactions on Industrial Informatics,2020,JournalArticle
39b6bf5f9f1f8e20722573ee49fcc72277faf555,Blind Parameter Estimation of M-FSK Signals in the Presence of Alpha-Stable Noise,"Blind estimation of parameters for <inline-formula> <tex-math notation=""LaTeX"">${M}$ </tex-math></inline-formula>-ary frequency-shift-keying (<inline-formula> <tex-math notation=""LaTeX"">${M}$ </tex-math></inline-formula>-FSK) signals is great of importance in intelligent receivers. Many existing algorithms have assumed white Gaussian noise. However, their performance severely degrades when grossly corrupted data, i.e., outliers, exist. This article solves this issue by developing a novel approach for parameter estimation of <inline-formula> <tex-math notation=""LaTeX"">${M}$ </tex-math></inline-formula>-FSK signals in the presence of alpha-stable noise. Specifically, the proposed method exploits the generalized first- and second-order cyclostationarity of <inline-formula> <tex-math notation=""LaTeX"">${M}$ </tex-math></inline-formula>-FSK signals with alpha-stable noise, which results in closed-form solutions for unknown parameters in both time and frequency domains. As a merit, it is computationally efficient and thus can be used for signal preprocessing, symbol timing estimation, signal and noise power estimation. Furthermore, substantial theoretical analysis on the performance of the proposed approach is provided. Simulations demonstrate that the proposed method is robust to alpha-stable noise and that it outperforms the state-of-the-art algorithms in many challenging scenarios.",Junlin Zhang; Nan Zhao; Mingqian Liu; Cheng Qian; Yunfei Chen; Feng-kui Gong; F. Yu,8,,IEEE Transactions on Communications,2020,JournalArticle
4052089340b8ce3ead387e01b0827452b90f9257,Dynamic Service Function Chain Embedding for NFV-Enabled IoT: A Deep Reinforcement Learning Approach,"The Internet of things (IoT) is becoming more and more flexible and economical with the advancement in information and communication technologies. However, IoT networks will be ultra-dense with the explosive growth of IoT devices. Network function virtualization (NFV) emerges to provide flexible network frameworks and efficient resource management for the performance of IoT networks. In NFV-enabled IoT infrastructure, service function chain (SFC) is an ordered combination of virtual network functions (VNFs) that are related to each other based on the logic of IoT applications. However, the embedding process of SFC to IoT networks is becoming a big challenge due to the dynamic nature of IoT networks and the abundance of IoT terminals. In this paper, we decompose the complex VNFs into smaller virtual network function components (VNFCs) to make more effective decisions since VNF nodes and IoT network devices are usually heterogeneous. In addition, a deep reinforcement learning (DRL) based scheme with experience replay and target network is proposed as a solution that can efficiently handle complex and dynamic SFC embedding scenarios in IoT. Our simulations consider different types of IoT network topologies. The simulation results present the efficiency of the proposed dynamic SFC embedding scheme.",Xiaoyuan Fu; F. Yu; Jingyu Wang; Q. Qi; J. Liao,100,,IEEE Transactions on Wireless Communications,2020,JournalArticle
4d787f22bbf64143d08254df64c1a59822fae3ab,Guest Editorial: Blockchain and Healthcare Computing,"The four papers in this special section focus on the use of blockchain in the healthcare field. With the development of society, health has received increasing attentions. The development of science and technology has also promoted the protection of health. In recent years, the rapid development of computing and networking technologies has improved the ability to collect, measure, and analyze health-related data, and thus tremendous opportunities have opened up for healthcare computing. Meanwhile, these technologies have also brought new challenges and issues.",Yulei Wu; Zheng Yan; F. Yu; R. Deng; V. Varadharajan; Wei Chen,3,,IEEE journal of biomedical and health informatics,2020,JournalArticle
51562d59949344c26e9bd760a3661f1a134d2c51,"Task offloading, load balancing, and resource allocation in MEC networks","To prolong the time duration of smart mobile devices (SMDs) or enable low-latency tasks, mobile edge computing (MEC) has emerged as a promising paradigm by offloading tasks to nearby MEC servers (MECSs). In this study the authors propose an optimisation problem to minimise the weighted sum of the total delay and energy consumption of all SMDs in a multi-MECS-multi-SMD network via multi-dimensional optimisation on offloading strategy making, load balancing, computation resource allocation and transmit power control. Since the problem is NP-hard, the authors decompose it into three subproblems to solve. First, they propose a low complexity heuristic algorithm to obtain the offloading strategies while guaranteeing load balancing between the multiple MECSs. Then they solve computation resource allocation subproblem using Lagrange dual decomposition. Finally, employing fractional programming, the authors transform the transmit power control subproblem into a convex programming problem where the closed-form solution is obtained. The proposed simulation results verify the convergence of the proposed iterative algorithms, and demonstrate that the proposed joint optimisation could achieve good performance in both delay and energy reduction.",Shulei Li; Jianbo Du; Daosen Zhai; Xiaoli Chu; F. Yu,17,,IET Communications,2020,JournalArticle
53743cb8438e0084762a3dd9aed0ec8552b76dda,A Mobile Edge Computing (MEC)-Enabled Transcoding Framework for Blockchain-Based Video Streaming,"Blockchain technology is reshaping the video streaming industry by changing how humans create, distribute and consume videos. Leveraging blockchain technology, some emerging video streaming platforms aim to eliminate the centralized video streaming servers by building peer-to-peer content distribution architectures and cryptocurrency-based payment systems. On these blockchain-based platforms, the source video streams are required to be transcoded into multiple versions to meet heterogeneous user demands, which is a computationally intensive and energy consuming process. Meanwhile, the block size of the blockchain has significant impacts on the performance of blockchain-based video streaming systems. In this article, we propose a novel MEC-enabled transcoding framework for blockchain-based video streaming while an adaptive block size scheme is designed for the underlying blockchains. The system architecture of the proposed framework is presented to enable coordination of different aspects. Then we address the video transcoding and block size issues by using the ADMM method, and smart contract is used to facilitate distributed optimization among non-trusting entities. Simulation results are presented to show the effectiveness of the proposed framework.",Mengting Liu; Yinglei Teng; F. Yu; V. Leung; Mei Song,23,,IEEE wireless communications,2020,JournalArticle
59e6662c2700a70e095d02386a27ebe37a1a4243,UAV-Assisted Data Transmission in Blockchain-Enabled M2M Communications with Mobile Edge Computing,"Recently, the development of the internet of Things (ioT) provides plenty of opportunities and challenges in various fields. As an essential part of ioT, machine-to-machine (M2M) communications open a novel way that machine-type communication devices (MTCDs) are connected and communicated without any human intervention. However, when ioT infrastructures are destroyed, network services will be disrupted. Then it is difficult for the MTCDs located in remote areas to restore communication by themselves immediately. To cope with these problems, in this article, we introduce some promising technologies such as unmanned aerial vehicles (UAV), blockchain and mobile edge computing (MEC) to ensure data transmission, security and reliability in damaged M2M communications networks. Meanwhile, we propose a joint optimization framework to maximize both data computation capacity and throughput of blockchain systems, and formulate it as a Markov decision process (MDP). in order to solve the dynamic and complicated optimization problem, dueling deep Q-network (DQN) is adopted, so that the optimal selection and decision can be made to achieve maximum system rewards. Simulation results with different system parameters show that our proposed framework can improve the system performance effectively compared to the existing schemes. Finally, open research issues and challenges are discussed for UAV-assisted M2M communications.",Meng Li; F. Yu; Si Pengbo; Ruizhe Yang; Wang Zhuwei; Zhang Yanhua,40,,IEEE Network,2020,JournalArticle
5c6c7a83c208d7e7f74550abfd32afc5063511ac,Computing and Relaying: Utilizing Mobile Edge Computing for P2P Communications,"Besides increasing the computing capacity of edge devices, mobile edge computing (MEC) can also be utilized to help communication. This paper proposes an MEC-assisted computing and relaying scheme to enhance the throughput of uncompressed data for mobile peer-to-peer (P2P) communications. We assume that the target data has a dynamic compression rate during the transmission from one mobile device to another through a relay node with MEC. In order to obtain the optimal transmission and compression strategy for the mobile devices and the relay node, a cost function that defines the tradeoff between energy consumption and latency time is investigated first. Then a closed-form solution is derived by minimizing the cost function with respect to practical constraints. Compared with conventional P2P communications without MEC, the proposed model breaks the bottleneck of P2P communications by decoupling the data compression rates at the two sides of MEC server. Numerical results verify the effectiveness of the proposed scheme.",Min Qin; Li Chen; Nan Zhao; Yunfei Chen; F. Yu; Guo Wei,4,,IEEE Transactions on Vehicular Technology,2020,JournalArticle
5d0abe592f9c918ee83bb90046fa0fe252c9a38d,AI-Chain: Blockchain Energized Edge Intelligence for Beyond 5G Networks,"Beyond fifth generation (B5G) networks have recently emerged as the advancement of existing communication systems. With the unprecedented proliferation of artificial intelligence (Ai), more intelligent B5G networks are projected to fuel the continuous development of Ai applications and the efficiency of communication technologies. More recently, the outgrowths of B5G have brought billions of devices throwing zillions of bytes of data to network edges. Training such huge data volumes using a centralized data center proves to be a challenging task, due to prohibitively heavy bandwidth costs, poor time efficiency, and high privacy leakages. These challenges have fueled the revolutionary shift of intelligence applications from a centralized data center to ubiquitous edges, denoted as edge intelligence. However, there is still a long way ahead before edge intelligence is able to fully mature. Governing and sharing the use of learning results efficiently, reliably, and safely are hampered by the heterogeneity and non-confidence among edges. in this article, we propose blockchain energized edge intelligence for B5G networks, called the Ai-Chain, fusing deep learning and blockchain. The Ai-Chain is a distributed and immutable record of learning results that is able to construct a new basis of sharing among edges. Additionally, we consider a novel learning-based consensus protocol in the Ai-Chain, denoted as proof of learning (PoL). in response to the huge computing power waste, PoL treats the training process as a working puzzle, rather than the meaningless hashing in a proof of work protocol. On the other hand, PoL fully unlocks the potential of sharing more advanced intelligence among edges. in order to demonstrate the effectiveness of the Ai-Chain, we employ it to solve a joint resource allocation problem in B5G networks. Experimental results prove the superior performance of the Ai-Chain to the current popular scheme.",Chao Qiu; Haipeng Yao; Xiaofei Wang; Ni Zhang; F. Yu; D. Niyato,37,,IEEE Network,2020,JournalArticle
60788ff3f1ccd1a0b0277263a5da3bdd2980d664,GGS: General Gradient Sparsification for Federated Learning in Edge Computing*,"Federated learning is an emerging concept that trains the machine learning models with the distributed datasets, without sending the raw data to the data center. But in an edge computing enviroment where the wireless network resource is constrained, the key problem of federated learning is the communication overhead for parameters synchronization, which wastes bandwidth, increases training time, and even impacts the model accuracy. Gradient sparsification has received increasing attention, which only updates significant gradients and accumulates insignificant gradients locally. However, how to preserve the accuracy after a high ratio sparsification has always been ignored. In this paper, a General Gradient Sparsification (GGS) framework is proposed for adaptive optimizers, to correct the sparse gradient update process. It consists of two important mechanisms: gradient correction and batch normalization update with local gradients (BN-LG). With gradient correction, the optimizer can properly treat the accumulated insignificant gradients, which makes the model converge better. Furthermore, updating the batch normalization layer with local gradients can relieve the impact of delayed gradients without increasing the communication overhead. We have conducted experiments on LeNet-5, CifarNet, DenseNet-121, and AlexNet with adaptive optimizers. Results show that when 99.9% gradients are sparsified, validation datasets are maintained with top-l accuracy.",Shiqi Li; Q. Qi; Jingyu Wang; Haifeng Sun; Yujian Li; F. Yu,48,,ICC 2020 - 2020 IEEE International Conference on Communications (ICC),2020,JournalArticle; Conference
6b55af14c0a8e7d7607eec5df705be9b38b817aa,Securing Aerial-Ground Transmission for NOMA-UAV Networks,"The efficient spectrum utilization of non-orthogonal multiple access (NOMA) and flexible mobility of unmanned aerial vehicle (UAV) enable NOMA UAV to become a prospective approach for future wireless networks. However, its secure transmission remains a great challenge. in this article, we summarize several potential solutions to mitigate adversarial eavesdropping toward aerial-ground transmission in NOMA-UAV networks, and propose three effective security schemes accordingly. First, a power allocation scheme is proposed at the UAV to ensure the privacy of a specific user with the sum transmission rate of others maximized. A closed-form solution is derived. Then, beamforming is leveraged to provide efficient privacy protection for multiple users in the network via jointly optimizing the precoding vectors to avoid eavesdropping and to maximize the spectrum efficiency. Finally, we perform artificial jamming together with beamforming to protect all the users in the network. Numerical results are provided to evaluate the superiority of the proposed schemes. Some future research issues and challenges of this direction are also pointed out.",Xinying Chen; Dongdong Li; Zhutian Yang; Yunfei Chen; Nan Zhao; Z. Ding; F. Yu,38,,IEEE Network,2020,JournalArticle
79480066917298188a4501539653ff6a5360c4d1,Scalable Parallel Task Scheduling for Autonomous Driving Using Multi-Task Deep Reinforcement Learning,"The Internet of Vehicles (IoV) as a promising application of Internet of Things (IoT) has played a significant role in autonomous driving, by connecting intelligent vehicles. Autonomous driving needs to process the mass environmental sensing data in coordination with surrounding vehicles, and makes an accurate driving judgment accordingly. Since the vehicles always have limited computing resources, processing these data in parallel with efficient task scheduling is one of the most important topics. Most current work focuses on formulating special scenarios and service requirements as optimization problems. However, the complicated and dynamic environment of vehicular computing is hard to model, predict and control, making those previous methods unscalable and unable to reflect the real scenario. In this paper, a Multi-task Deep reinforcement learning approach for scalable parallel Task Scheduling (MDTS) is firstly devised. For avoiding the curse of dimensionality when coping with complex parallel computing environments and jobs with diverse properties, we extend the action selection in Deep Reinforcement Learning (DRL) to a multi-task decision, where the output branches of multi- task learning are fine-matched to parallel scheduling tasks. Child tasks of a job are accordingly assigned to distributed nodes without any human knowledge while the resource competition among parallel tasks is leveraged through shared neural network layers. Moreover, we design an appropriate reward function to optimize multiple metrics simultaneously, with emphasis on specific scenarios. Extensive experiments show that the MDTS significantly increases the overall reward compared with least- connection scheduling and particle swarm optimization algorithm from −16.71, −0.67 to 2.93, respectively.",Q. Qi; Lingxin Zhang; Jingyu Wang; Haifeng Sun; Zirui Zhuang; J. Liao; F. Yu,65,,IEEE Transactions on Vehicular Technology,2020,JournalArticle
7d9adf73d8d2f41da90815a97b3b762e167296c4,"Heterogeneous Networks Through Multi-resources Deployment, Performance Enhancement for",,Yuchen Zhou; F. Yu; Jian Chen; Yonghong Kuo,0,,Encyclopedia of Wireless Networks,2020,
7fe1f2b0bc413709bdd8a2a4a01a95e7345c98ea,Delay Sensitive Large-scale Parked Vehicular Computing via Software Defined Blockchain,"To utilize the potential commutating resources of parked vehicles (PVs) in the large parking lot, we design a large-scale parked vehicular computing system via software defined blockchain. However, the parking time for PVs is uncertain and some computational services have delay requirements. Therefore, in this paper, we propose a delay-sensitive joint blockchain parameters and resource optimization framework including block size and block generation time, as well as the offloading strategy and computing frequency adjustment. Such a design causes the problem to be highly coupled and non-convex, for which we use an alternating optimization (AO) strategy and perform multiple transformations to ensure convexity. Finally, the simulation results show the effectiveness of the proposed scheme.",Yu Cao; Yinglei Teng; F. Yu; Victor C. M. Leung; Ziqi Song; Mei Song,6,,IEEE Wireless Communications and Networking Conference,2020,JournalArticle; Conference
86ee5b84d7e0b5414b3b01cb6fa5e49de57b703f,Secure Transmission via Beamforming Optimization for NOMA Networks,"Owing to the eminent performance gain, non-orthogonal multiple access (NOMA) has been regarded as a promising approach to achieve high throughput and low latency for the next-generation networks. Nevertheless, potential adversaries can still pose a threat to secure transmission in NOMA systems. Hence, in this article, secure transmission schemes based on beamforming optimization are designed to combat both internal and external eavesdropping for downlink multi-input single-output NOMA networks. Using the transmit beamforming design, we first propose two schemes to protect the privacy of a specific NOMA user in the presence of untrusted users. Then, the sum secrecy rate optimization problem is studied to combat the external eavesdropper through optimizing the precoding vectors, when the channel state information (CSI) is available. In addition, two secure beamforming strategies with the help of artificial noise and inter-user interference are proposed without eavesdropping CSI, respectively. Simulation results are presented to demonstrate the effectiveness of the proposed schemes, and some open issues are discussed as well.",Yang Cao; Nan Zhao; Yunfei Chen; Minglu Jin; Z. Ding; Yonghui Li; F. Yu,59,,IEEE wireless communications,2020,JournalArticle
889f00cfac6262136eff0e9496de25081d6d0348,Decentralized Computation Offloading in IoT Fog Computing System With Energy Harvesting: A Dec-POMDP Approach,"Recently, fog computing has emerged as a prospective technique to provide pervasive and agile computation services for Internet-of-Things (IoT) devices and support advanced applications. Introducing the energy harvesting (EH) technique into the fog computing system can extend the battery lifetime and provide a higher quality of experiences (QoE) for IoT devices. In the EH-enabled IoT fog system, computation offloading is an important issue and has attracted much attention. In most existing works, it is assumed that the IoT device is fully aware of the system state. However, in practical offloading problems, the IoT device may not be able to obtain accurate system state information, and only have a partial observation of the environment. Therefore, in this article, we investigate the decentralized partially observable offloading problem in the EH-enabled IoT fog system, in which multiple IoT devices cooperate to maximize the network performance while meeting their QoE requirements. We formulate the optimization problem as a decentralized partially observable Markov decision process (Dec-POMDP) in which each IoT device makes the task offloading decisions according to its local observation of the environment. The Lagrangian approach and the policy gradient method are adopted to find the optimal solution for the proposed problem. Due to the high complexity of solving the Dec-POMDP, a learning-based decentralized offloading algorithm with low complexity is presented to find the approximate optimal solution. Finally, extensive experimental evaluation and comparison are carried out to show the effectiveness of the proposed scheme.",Qinqin Tang; Renchao Xie; F. Yu; Tao Huang; Yun-jie Liu,65,,IEEE Internet of Things Journal,2020,JournalArticle
ac5c7f3e882c902f415e668577f3903ad1c26a12,Bring Intelligence among Edges: A Blockchain-Assisted Edge Intelligence Approach,"The revolutions of computing and communication have opened up demands for the high quality of service (QoS), such as high data transmission, high reliability, and low latency. These new opportunities have spawned numerous studies on edge computing and artificial intelligence (AI), even the cooperation between them, referred to as edge intelligence. However, there are a number of handicaps that prevent edge intelligence from being used as a generic platform. The most intractable one is the heterogeneity and un-credibility among edges, hindering the way of sharing the learning results reliably, flexibly, and efficiently. In this paper, we propose a blockchain-assisted edge intelligence (B-EI) approach to solve the problem. The edge learning nodes train their local intelligence, followed by the improved blockchain to share the local intelligence, constructing edge intelligence among the heterogeneous and uncredible edges. Specifically, the improved blockchain employs a novel learning-measured consensus protocol, named Proof of Learning. The edges, also acted as the blockchain nodes, compete to have more superior local intelligence, instead of solving a hashed result. The superior local intelligence is then shared and distributed with other edges. It is not only beneficial to achieve edge intelligence, but also efficient to employ the computation resource, by replacing the hashing as the intelligence training. In order to show the potential benefits, we then use the proposed B-EI approach to solve a joint resource assignment problem. Simulation results show that our scheme outperforms the other state-of-art solutions, in terms of training episodes, and resource utility.",Chao Qiu; Xiaofei Wang; Haipeng Yao; Zehui Xiong; F. Yu; Victor C. M. Leung,12,,Global Communications Conference,2020,JournalArticle; Conference
d5a196f2549d1473010f07af7872ffa184b580c4,Blockchain-Incentivized D2D and Mobile Edge Caching: A Deep Reinforcement Learning Approach,"D2D caching assists mobile edge caching in offloading inter-domain traffic by sharing cached items with nearby users, while its performance relies heavily on caching nodes' sharing willingness. In this article, a Blockchain-based CDM is proposed as an incentive mechanism for the distributed caching system. Under given incentive mechanisms, both D2D and mobile edge caching nodes' willingness is guaranteed by satisfying their expected reward for cache sharing. Besides, for the distributed CDM, content delivery related transactions are executed by smart contracts. To achieve consensus on the transactions and prevent frauds, a consensus protocol among the SCENE is necessary. The pPBFT protocol is proposed to minimize the latency of reaching consensus while guaranteeing its confidence level. We build the model of cache sharing and transaction execution consensus, and we further formulate cache placement and SCENE selection as Markov Decision Process problems. Considering the complexity and dynamics of the problems, a deep reinforcement learning approach is adopted to solve the problems. Simulation results show that, compared to conventional solutions, the proposed schemes achieve efficient traffic offloading, and significantly improve the transaction execution consensus speed.",Ran Zhang; F. Yu; Jiang Liu; Renchao Xie; Tao Huang,27,,IEEE Network,2020,JournalArticle
db576e14aa1aefca0e9a40731aac846d219ce4f5,Performance Optimization for Blockchain-Enabled Distributed Network Function Virtualization Management and Orchestration,"Distributed network function virtualization management and orchestration (NFV-MANO) offers a flexible way to manage and orchestrate diversified network services in large-scale Internet of vehicles (IoV). However, it is challenging to manage different services and resources in distributed NFV due to the difficulties of reliable message synchronization among multiple MANO systems. Recently, blockchain technology has emerged to solve the trust and security problems for the interconnections of multiple MANO systems. Moreover, multi-access edge computing (MEC) has become a prospective paradigm shift from the centralized cloud due to its advantages of completing tasks near users. In this work, we propose a blockchain-enabled distributed NFV framework to reach consensus among multiple MANO systems where the computation tasks of the blockchain are processed with MEC. The consensus procedures of MANO systems and blockchain nodes are explained in detail and the representation of the blockchain throughput is given. The blockchain throughput is the number of transactions a blockchain system can handle per second, which is an important evaluation indicator for the performance of a blockchain system. We make decisions for the primary node selection, the MANO system selection and the edge server selection for reaching consensus. Moreover, the blockchain throughput, the processing delay of computation tasks of blockchain and operational costs are jointly considered in the problem formulation. A dueling deep reinforcement learning approach is applied to solve this problem. Simulation results show the effectiveness of the proposed scheme.",Xiaoyuan Fu; F. Yu; Jingyu Wang; Q. Qi; J. Liao,25,,IEEE Transactions on Vehicular Technology,2020,JournalArticle
e765b46e820b2792b11456be1e198a5e8af81cba,Vehicular Blockchain-Based Collective Learning for Connected and Autonomous Vehicles,"The accuracy of the ML model is essential for the further development of AI-enabled CAVs. With the increasing complexity of on-board sensor systems, the large amount of raw data available for learning can however cause big communication burdens and data security issues. To alleviate the communication cost yet improve the accuracy of machine learning with preserved data privacy is an important issue to address in CAVs. In this article, we survey the existing literature toward efficient and secured learning in a dynamic wireless environment. In particular, a BCL framework for AI-enabled CAVs is presented. The framework enables distributed CAVs to train ML models locally and upload to blockchain network to overall utilize the ""collective intelligence"" of CAVs while avoiding large amounts of data transmission. Blockchain is then applied to protect the distributed learned models. We evaluate the performance of the presented framework by simulations and discuss a range of open research issues that need to be addressed in the future.",Yuchuan Fu; F. Yu; Changle Li; T. Luan; Yao Zhang,75,,IEEE wireless communications,2020,JournalArticle; Review
ef9f1c6ff0bf574840d9b1caa8a040d8651d9c2d,"Satellite-Terrestrial Integrated Edge Computing Networks: Architecture, Challenges, and Open Issues","STN has been considered a novel network architecture to accommodate a variety of services and applications in future networks. Being a promising paradigm, MEC has been regarded as a key technology-enabler to offer further service innovation and business agility in STN. However, most of the existing research in MEC enabled STN regards a satellite network as a relay network, and the feasibility of tasks processing directly on the satellites is largely ignored. Moreover, the problem of multi-layer edge computing architecture design and heterogeneous edge computing resource co-scheduling, have not been fully considered. Therefore, different from previous works, in this article, we propose a novel architecture named STECN, in which computing resources exist in multi-layer heterogeneous edge computing clusters. The detailed functional components of the proposed STECN are discussed, and we present the promising technical challenges, including meeting QoE requirements, cooperative computation offloading, multi-node task scheduling, mobility management and fault/failure recovery. Finally, some potential research issues for future research are highlighted.",Renchao Xie; Qinqin Tang; Qiuning Wang; Xu Liu; F. Yu; Tao Huang,209,,IEEE Network,2020,JournalArticle
f830aec7f23e6cef892bc9364c26cd11978b11cc,An Autonomous Lane-Changing System With Knowledge Accumulation and Transfer Assisted by Vehicular Blockchain,"Inappropriate lane following and changing behaviors of connected and autonomous vehicles (CAVs) can result in accidents, such as rear-end collision and side collision. To remedy that, the use of deep reinforcement learning (DRL) for autonomous driving decisions is currently a widely used promising solution. In this case, the accuracy and effectiveness of such a machine learning (ML) model is quite essential for this artificial intelligence (AI)-enabled CAVs. This article proposes a blockchain-based collective learning (BCL) framework for autonomous lane-changing systems. Four key issues, namely, learning efficiency, data security, users’ privacy, as well as communication burden, are addressed by applying collective learning, vehicular blockchain, and knowledge transfer. First, we model the lane-changing problem as a DRL process and learn the autonomous lane-changing strategy through the deep deterministic policy gradient (DDPG) algorithm. Second, a single CAV involves a limited number of driving scenarios, and the independent learning method has the problem of inefficiency. Therefore, we propose a collective learning framework to utilize the “collective intelligence” shared by CAVs. Third, a vehicular blockchain is then applied to ensure the security and privacy of the user and data. In addition, the introduction of the blockchain can incentivize more users to participate in collective learning. Finally, in order to accelerate the learning process and achieve higher level performance while further reducing the communication burden, we use the corresponding knowledge extracted from the ML model such as human learning, as privileged information for sharing instead of directly sharing local ML models. Extensive simulation results validate the effectiveness and efficiency of our proposal in terms of learning efficiency, driving safety, as well as system security and robustness.",Yuchuan Fu; Changle Li; F. Yu; T. Luan; Yao Zhang,36,,IEEE Internet of Things Journal,2020,JournalArticle
f980c3498ab831d5912510c7c132741882d19f18,Adaptive Bitrate Streaming in Wireless Networks With Transcoding at Network Edge Using Deep Reinforcement Learning,"Adaptive bitrate (ABR) streaming has been used in wireless networks to deal with the time-varying wireless channels. Traditionally, wireless video is fetched from remote Internet server. However, wireless video streaming from Internet server faces challenges such as congestion and long latency. ABR streaming and video transcoding at the radio access network (RAN) edge have shown the potential to overcome such problem and provided better video streaming service. In the paper, we consider joint computation and communication for ABR streaming based on mobile edge computing (MEC) under time-varying wireless channels. We propose a joint video transcoding and quality adaptation framework for ABR streaming by enabling RAN with computing capability. By modeling the wireless channel as a finite state Markov channel, we formulate the optimization problem as a stochastic optimization problem of joint computational resource assignment and video quality adaptation for maximizing the average reward, which is defined as the tradeoff between user perceived quality of experience and the cost of performing transcoding at edge server. By using deep reinforcement learning (DRL) algorithm, we develop an automatic algorithm to perform the computational resource assignment and video quality adaptation without any prior knowledge of channel statistics. Simulation results using Tensorflow show the effectiveness of the designed MEC-enabled ABR streaming system and DRL algorithm.",Yashuang Guo; F. Yu; Jianping An; Kai Yang; Chuqiao Yu; V. Leung,58,,IEEE Transactions on Vehicular Technology,2020,JournalArticle
fc4055818c4aba064de650999aff882006078a6f,Relaying Systems With Reciprocity Mismatch: Impact Analysis and Calibration,"Cooperative beamforming can provide significant performance improvement for relaying systems with the help of the channel state information (CSI). In time-division duplexing (TDD) mode, the estimated CSI will deteriorate due to the reciprocity mismatch. In this work, we examine the impact and the calibration of the reciprocity mismatch in relaying systems. To evaluate the impact of the reciprocity mismatch for all devices, the closed-form expression of the achievable rate is first derived. Then, we analyze the performance loss caused by the reciprocity mismatch at sources, relays, and destinations respectively to show that the mismatch at relays dominates the impact. To compensate the performance loss, a two-stage calibration scheme is proposed for relays. Specifically, relays perform the intra-calibration based on circuits independently. Further, the inter-calibration based on the discrete Fourier transform (DFT) codebook is operated to improve the calibration performance by cooperation transmission, which has never been considered in previous work. Finally, we derive the achievable rate after relays perform the proposed reciprocity calibration scheme and investigate the impact of estimation errors on the system performance. Simulation results are presented to verify the analytical results and to show the performance of the proposed calibration approach.",Rongjiang Nie; L. Chen; Nan Zhao; Yunfei Chen; F. Yu; Guo Wei,8,,IEEE Transactions on Communications,2020,JournalArticle
049944b97ee5c76f21e99a06917f3831d96c94e6,Trust management for secure cognitive radio vehicular ad hoc networks,,Ying He; F. Yu; Zhexiong Wei; Victor C. M. Leung,46,,Ad hoc networks,2019,JournalArticle
07ccbf0edbadde11cd69528098cb94f658feb2a0,Proactive Jamming Toward Interference Alignment Networks: Beneficial and Adversarial Aspects,"Interference alignment (IA) is a prospective method to achieve interference management in wireless networks. On the other hand, jamming can be deemed either as a potential threat to degrade the performance of wireless networks, or as a helper to combat the eavesdropping for the legitimate networks. In this paper, we consider these two opposite scenarios, beneficial and adversarial jamming, toward IA networks, and based on which two proactive jamming schemes are proposed. In the first scheme, the jammer utilizes its precoding vector to constrain the jamming signal into the same subspace as the interference at each IA receiver, which will disrupt the potential eavesdropping significantly without affecting the transmission of IA users. Specifically, secure transmission can be guaranteed through the jamming without any additional cooperation with the IA users. In the second scheme, the jammer utilizes its precoding vector to project the jamming signal into the same subspace as that of the desired signal at each IA receiver secretly. Thus, the IA users cannot detect the concealed jamming signal, which will result in the performance degradation of the IA network. Extensive simulation results are presented to show the effectiveness of the two proposed jamming schemes toward IA networks.",Jing Guo; Nan Zhao; Zhutian Yang; F. Yu; Yunfei Chen; Victor C. M. Leung,18,,IEEE Systems Journal,2019,JournalArticle
0aef05c740d5ca7b6a0606f43a4597e103aafc68,Optimal Power Allocations for 5G Non-Orthogonal Multiple Access with Half/Full Duplex Relaying,"Recently, power allocation has attracted more and more attention in order to optimize the performance of non-orthogonal multiple access (NOMA) systems. Different from existing works, the power allocation problems are investigated for cooperative NOMA systems with dedicated amplify-and-forward half-duplex relay (NOMA-HDR) and full-duplex relay (NOMA-FDR). From the fairness standpoint, the power allocation problems are formulated to maximize the minimum achievable user rate in the considered systems. The problems for both NOMA-HDR and NOMA-FDR systems with two-user and M-user are addressed. The closed-form power allocation policy of two-user NOMA-HDR system is obtained. Also, the optimal numerical power allocation policies for two-user NOMA-FDR and M-user NOMA-HDR systems are obtained. In addition, the problem for M-user NOMA-FDR systems is solved in noise-limited environment. Simulation results show that the proposed NOMA-HDR or NOMA-FDR scheme with power adaption clearly outperforms the NOMA-HDR or NOMA-FDR scheme with fixed power allocation. Besides, when the residual self-interference channel gain is small, the performance of NOMA-FDR system is better than the NOMA-HDR system.",Zhou Shen; Gang Liu; Z. Ding; Ming Xiao; Zheng Ma; F. Yu,6,,ICC 2019 - 2019 IEEE International Conference on Communications (ICC),2019,JournalArticle; Conference
177a2ebbd206bb10a2e2f15f18835c9cee2e3ec9,Interference Alignment With Adaptive Power Allocation in Full-Duplex-Enabled Small Cell Networks,"We consider the interference alignment (IA) in small cell networks with full-duplex (FD) self-backhauling equipped on each small base station. First, by leveraging the optimization theory and formulating the IA conditions as a 0–1 integer linear programming (ILP) problem, we establish that the optimal solution of the formulated ILP problem is exactly equivalent to that of its associated relaxed linear programming one, then proposing an efficient approach to judge the IA feasibility, even in FD-based small cell networks with more interference signals. Then, given perfect interference elimination, an adaptive power allocation (PA) problem is formulated, followed by an iterative algorithm leveraging first-order approximations, with its convergence assured. Finally, simulations are conducted to reveal the effectiveness of the proposed algorithms, showing that the sum rate of FD-enabled networks can benefit from not only the introduction of FD self-backhauling but also the execution of adaptive PA.",Kan Wang; F. Yu; Lei Wang; Junhuai Li; Nan Zhao; Q. Guan; Bing Li; Qiong Wu,40,,IEEE Transactions on Vehicular Technology,2019,JournalArticle
1fe203e4e8b313e7f245c2f7ae5199491a9271f1,A novel Intrusion Detection System for Vehicular Ad Hoc Networks (VANETs) based on differences of traffic flow and position,,Junwei Liang; Jianyong Chen; Yingying Zhu; F. Yu,70,,Applied Soft Computing,2019,JournalArticle
23d0c92dc76917678a1f1ecd1d9f1ea79d452385,Communicating or Computing Over the MAC: Function-Centric Wireless Networks,"Distributing data aggregation through multiple access channel (MAC) has been challenging in large wireless networks. In order to tackle the challenge, a computing over the MAC (CP-MAC) scheme has been proposed as a promising communication-computation integrated way for function-centric networks. In this paper, we analyze the performance of the CP-MAC scheme, compared with the traditional communication-computation separated way, i.e., a communicating over the MAC (CM-MAC) scheme. Function-centric wireless networks are considered, where the fusion center (FC) does not need the individual data of each node but only the target function. We begin with the ideal uniform-MAC scenarios, where the CP-MAC scheme is always better than the CM-MAC scheme. Then, practical non-uniform MAC scenarios are studied for both homogeneous networks with Rayleigh fading and heterogeneous networks with a different path loss. Closed-form expressions of the achievable function rate are provided using the asymptotic theory of ordered statistics. It is found that the CP-MAC scheme is not always superior to the CM-MAC scheme. Simulation results are provided to verify and illustrate our derived results.",Li Chen; Nan Zhao; Yunfei Chen; F. Yu; Guo Wei,13,,IEEE Transactions on Communications,2019,JournalArticle
242a5f0b3ba663a0d403224ca0e43a6370c7ff94,Deep Reinforcement Learning Based Performance Optimization in Blockchain-Enabled Internet of Vehicle,"The rapid development of Internet of Vehicles (IoV) necessitates a secure and reliable infrastructure to store and share the massive data. Blockchain, a distributed and immutable ledger, is widely considered as a promising solution to ensure data security and privacy for IoV. To deal with the massive IoV data, the scalability of blockchain becomes a critical issue, which should maximize transactional throughput as well as handling the dynamics of IoV scenarios. Therefore, this paper proposes a novel deep reinforcement learning (DRL) based performance optimization framework for blockchain-enabled IoV, where transactional throughput is maximized while guaranteeing the decentralization, latency and security of the underlying blockchain system. In this framework, we first carry out the performance analysis for blockchain systems from the aspects of scalability, decentralization, latency and security. Further, DRL technique is adopted to select block producers and adjust block size and block interval to adapt to the dynamics of IoV scenarios. Simulation results show that our proposed framework can effectively improve the throughput of blockchain-enabled IoV systems without affecting other properties.",Mengting Liu; Yinglei Teng; F. Yu; Victor C. M. Leung; Mei Song,49,,ICC 2019 - 2019 IEEE International Conference on Communications (ICC),2019,JournalArticle; Conference
30e7badfb32d661c97457e5f439e40619cbac10c,Caching Unmanned Aerial Vehicle-Enabled Small-Cell Networks: Employing Energy-Efficient Methods That Store and Retrieve Popular Content,"Unmanned aerial vehicles (UAVs) provide flexible wireless access to future wireless networks and have wider coverage with higher transmission rates. However, because the wireless backhaul for UAVs is usually capacity limited and congested, and, because UAVs cannot operate for long periods of time due to their limited battery life, we propose a framework of caching UAV-enabled smallcell networks to offload the data traffic of small-cell base stations (SBSs). In the proposed scheme, the most common content is stored in local caches of UAVs in advance and delivered to mobile users directly from the caches when required. Thus, the wireless backhaul congestion can be alleviated, the energy consumption can be reduced, and the quality of experience (QoE) can be improved. Based on this framework, typical schemes of caching UAV-enabled small-cell networks are demonstrated, and the distributed caching strategy for UAVs is discussed. For illustration, a case study of interference management is also presented. Finally, several interesting research issues and challenges are discussed for caching UAVenabled networking.",Nan Zhao; F. Yu; Lisheng Fan; Yunfei Chen; Jie Tang; A. Nallanathan; Victor C. M. Leung,63,,IEEE Vehicular Technology Magazine,2019,JournalArticle
3de482ce2c60bc5fd098af3be3d63e586af0ac79,Power-Constrained Edge Computing With Maximum Processing Capacity for IoT Networks,"Mobile edge computing (MEC) plays an important role in next-generation networks. It aims to enhance processing capacity and offer low-latency computing services for Internet of Things (IoT). In this paper, we investigate a resource allocation policy to maximize the available processing capacity (APC) for MEC IoT networks with constrained power and unpredictable tasks. First, the APC which describes the computing ability and speed of a served IoT device is defined. Then its expression is derived by analyzing the relationship between task partitioning and resource allocation. Based on this expression, the power allocation solution for the single-user MEC system with a single subcarrier is studied and the factors that affect the APC improvement are considered. For the multiuser MEC system, an optimization problem of APC with a general utility function is formulated and several fundamental criteria for resource allocation are derived. By leveraging these criteria, a binary-search water-filling algorithm is proposed to solve the power allocation between local CPU and multiple subcarriers, and a suboptimal algorithm is proposed to assign the subcarriers among users. Finally, the validity of the proposed algorithms is verified by Monte Carlo simulation.",Min Qin; Li Chen; Nan Zhao; Yunfei Chen; F. Yu; Guo Wei,54,,IEEE Internet of Things Journal,2019,JournalArticle
3fefb5c8f618cfa8badea08b81e7d334fcf9c26f,Reinforcement Learning and Deep Reinforcement Learning,,F. Yu; Ying He,11,,Deep Reinforcement Learning for Wireless Networks,2019,Review
49e6c290349269762cacc3d585586f723835ad50,Modified Cramér-Rao Bound for $M$-FSK Signal Parameter Estimation in Cauchy and Gaussian Noise,"The Cramér-Rao bound (CRB) provides an efficient standard for evaluating the quality of standard parameter estimators. In this paper, a modified Cramér-Rao bounds (MCRB) for modulation parameter estimations of <inline-formula><tex-math notation=""LaTeX"">$\boldsymbol{M}$</tex-math></inline-formula>-ary frequency-shift-keying (<inline-formula><tex-math notation=""LaTeX"">$\boldsymbol{{M}}$</tex-math></inline-formula>-FSK) signals is proposed under the condition of the Gaussian and non-Gaussian additive interference. We extend the MCRB to the estimation of a vector of non-random parameters in the presence of nuisance parameters. Moreover, the MCRB is applied to the joint estimation of phase offset, frequency offsets, frequency deviation, and symbol period of <inline-formula><tex-math notation=""LaTeX"">$\boldsymbol{M}$</tex-math></inline-formula>-FSK signal with two important special cases of alpha stable distributions, namely, the Cauchy and the Gaussian. The extensive simulation studies are conducted to contrast the MCRB for the modulation parameter vector in different noise environments.",Junlin Zhang; Nan Zhao; Mingqian Liu; Yunfei Chen; Hao Song; Feng-kui Gong; F. Yu,4,,IEEE Transactions on Vehicular Technology,2019,JournalArticle
5655ec3105830925bba797bec33d1fff61c7549e,When Full Duplex Wireless Meets Non-Orthogonal Multiple Access: Opportunities and Challenges,"NOMA is a promising radio access technology for 5G wireless systems. The core of NOMA is to support multiple users in the same resource block via power or code domain multiplexing, which provides great enhancement in spectrum efficiency and connectivity. Meanwhile, with the recent advance in self-interference (SI) cancelation techniques, FD wireless communication has become a feasible technology enabling radios to receive and transmit simultaneously. This article aims to investigate the combination of these two emerging technologies. At first, several typical scenarios and protocols are presented to illustrate the application of the FD technique in NOMA systems. Then, a novel NOMA system with FD base stations (BSs) based on C-RAN is proposed. Furthermore, power allocation policies are discussed for the proposed scheme, and simulation results are provided to demonstrate its superiority. Finally, challenges and research opportunities of FD NOMA systems are also identified to stimulate future research.",Xianhao Chen; Gang Liu; Zheng Ma; Xi Zhang; P. Fan; Shanzhi Chen; F. Yu,22,c1a834807985446aebc4a928d7776e0a35ab1626; de71ca1352c534bf892b4fef0fe82c5c526cbd64; 5030feaa26599c0cd4067a492a4c30117c94eafe; 50794672005e34e1029d0e07f46ff2fa18692817; 1f69b7576601bfa3cce13a8b273c86ab6f6079e6; aba360d01edf113f85f1c3fcc04b7a6d36a082dc; 776a39ab39f492b8bee17a35a719810446eb819d; 9f8f20448905371de0b26266d7ddbec0348f70de; 3b49da4951d85e97f2bf6dd4e2796533bd45a9cf; 863f2291f14a8c8b12a2c98f0c47e26a65949377; 060b5d862ac106dcaf596b193c6236a6b2594829; ecfa0452164fc39e6b1d63b7e298e1b74582ef8e; db8e33bedf577b0423df8aee8eee6c81bcca966c; f8ceb795b6bf63c0288c05b60195f27ecdbeba19; 3b28a409d820b611667bf22135e1f372cf12eb64,IEEE wireless communications,2019,JournalArticle
603fb7fc4220cf0d3ea46b0182651a2e74eaaf80,An Energy-Efficient UAV Recharging and Reshuffling Strategy for Seamless Coverage,"Due to the easy deployment, low cost and high maneuverability, unmanned aerial vehicles (UAVs) serving as aerial base stations can be efficiently deployed according to realtime situations for providing high-quality coverage, which can improve the communication efficiency and meet the requirements of green communications. However, due to the finite flight energy, a single UAV has limited capability of providing seamless long-term service to ground users. Therefore, the cooperation of multiple drones relying on sophisticated recharging and reshuffling schemes is necessary. In this paper, we investigate an energy- efficient cooperation strategy of multi-UAVs for providing seamless long-term coverage, where the positioning and the flight strategy are jointly considered. We first introduce a novel UAV power model, based on which we derive the cyclic UAV recharging and reshuffling constraint in order to satisfy the seamless long-term coverage requirement. For maximizing the energy-efficiency, we introduce a two-stage joint optimization algorithm for solving both the optimal UAV deployment as well as the cyclic UAV recharging and reshuffling strategy (CRRS). Finally, the efficiency of our proposed algorithm is shown by the simulation results.",Xiaowei Li; Haipeng Yao; Jingjing Wang; Chunxiao Jiang; F. Yu,3,,Global Communications Conference,2019,JournalArticle; Conference
6433210853898b4e21f48776928eed78e23cbe75,Energy-Efficient Machine-to-Machine (M2M) Communications in Virtualized Cellular Networks with Mobile Edge Computing (MEC),"With an increasing number of machine-type communication devices (MTCDs), machine-to-machine (M2M) communications have attracted great attentions from both academia and industry. Different from traditional communication networks, the data connections with M2M communications are typically small-sized but with high frequency, necessitating the efficiency optimization of both energy consumption and computation. In this paper, we introduce mobile edge computing (MEC) into virtualized cellular networks with M2M communications, to decrease the energy consumption and optimize the computing resource allocation as well as improve computing capability. Moreover, based on different functions and quality of service (QoS) requirements, the physical network can be virtualized into several virtual networks, and then each MTCD selects the corresponding virtual network to access through the embedded-SIM (eSIM) technology. Meanwhile, the random access process of MTCDs is formulated as a partially observable Markov decision process (POMDP) to minimize the system cost, which consists of both the energy consumption and execution time of computing tasks. Furthermore, to facilitate the network architecture integration, software-defined networking (SDN) is introduced to deal with the diverse protocols and standards in the networks. Extensive simulation results with different system parameters reveal that the proposed scheme could significantly improve the system performance compared to the existing schemes.",Meng Li; F. Yu; Pengbo Si; Yanhua Zhang,38,,IEEE Transactions on Mobile Computing,2019,JournalArticle
6de73910ffcb6d5e10cb83b49b628757196b0c7d,Privacy-Preserving Content Dissemination for Vehicular Social Networks: Challenges and Solutions,"Vehicular social networks (VSNs), viewed as the integration of traditional vehicular networks and social networks, are promising communication platforms based on the development of intelligent vehicles and deployment of intelligent transportation systems. Passengers can obtain information by searching over Internet or querying vehicles in proximity through intra-vehicle equipment. Hence, the performance of content dissemination in VSNs heavily relies on inter-vehicle communication and human behaviors. However, privacy preservation always conflicts with the usability of individual information in VSNs. The highly dynamic topology and increasing kinds of participants lead to potential threats for communication security and individual privacy. Therefore, the privacy-preserving solutions for content dissemination in VSNs have become extremely challenging, and numerous researches have been conducted recently. Compared with related surveys, this article provides the unique characteristics of privacy-preserving requirements and solutions for content dissemination in VSNs. It focuses on: 1) a comprehensive overview of content dissemination in VSNs; 2) the privacy issues and potential attacks related to content dissemination; and 3) the corresponding solutions based on privacy consideration. First, the characteristics of VSNs, content dissemination and its solutions in VSNs are revealed. Second, the privacy issues for content dissemination in the current VSN architecture are analyzed and classified according to their features. Various privacy-preserving content dissemination schemes, attempting to resist distinct attacks, are also discussed. Finally, the research challenges and open issues are summarized.",Xiaojie Wang; Zhaolong Ning; Mengchu Zhou; Xiping Hu; Lei Wang; Yan Zhang; F. Yu; Bin Hu,147,,IEEE Communications Surveys and Tutorials,2019,JournalArticle; Review
753b40a26d9e8a6c35c2929b5a1f80232465f896,Deep Reinforcement Learning for Mobile Social Networks,,F. Yu; Ying He,1,,Deep Reinforcement Learning for Wireless Networks,2019,
869afaa5b820ca13a542f2b30e6a7211e68cf0e9,"Optimizing virtual machine placement in IaaS data centers: taxonomy, review and open issues",,Hamid Talebian; A. Gani; Mehdi Sookhak; Ahmed Abdelaziz Abdelatif; Abdullah Yousafzai; A. Vasilakos; F. Yu,50,,Cluster Computing,2019,JournalArticle; Review
8ced60caf6dd69c243b1e862dba455ae65e691d7,Computation Offloading and Resource Allocation in Vehicular Networks Based on Dual-Side Cost Minimization,"The proliferation of smart vehicular terminals (VTs) and their resource hungry applications impose serious challenges to the processing capabilities of VTs and the delivery of vehicular services. Mobile Edge Computing (MEC) offers a promising paradigm to solve this problem by offloading VT applications to proximal MEC servers, while TV white space (TVWS) bands can be used to supplement the bandwidth for computation offloading. In this paper, we consider a cognitive vehicular network that uses the TVWS band, and formulate a dual-side optimization problem, to minimize the cost of VTs and that of the MEC server at the same time. Specifically, the dual-side cost minimization is achieved by jointly optimizing the offloading decision and local CPU frequency on the VT side, and the radio resource allocation and server provisioning on the server side, while guaranteeing network stability. Based on Lyapunov optimization, we design an algorithm called DDORV to tackle the joint optimization problem, where only current system states, such as channel states and traffic arrivals, are needed. The closed-form solution to the VT-side problem is obtained easily by derivation and comparing two values. For MEC server side optimization, we first obtain server provisioning independently, and then devise a continuous relaxation and Lagrangian dual decomposition based iterative algorithm for joint radio resource and power allocation. Simulation results demonstrate that DDORV converges fast, can balance the cost-delay tradeoff flexibly, and can obtain more performance gains in cost reduction as compared with existing schemes.",Jianbo Du; F. Yu; Xiaoli Chu; Jie Feng; G. Lu,235,,IEEE Transactions on Vehicular Technology,2019,JournalArticle
8edb053baf5293eae87d11ec1797e6b7fd7587c0,Ieee Access Special Section Editorial: Cloud and Big Data-Based Next-Generation Cognitive Radio Networks,"In cognitive radio networks (CRN), secondary users (SUs) are required to detect the presence of the licensed users, known as primary users (PUs), and to find spectrum holes for opportunistic spectrum access without causing harmful interference to PUs. However, due to complicated data processing, non-real-time information exchange and limited memory, SUs often suffer from imperfect sensing and unreliable spectrum access. Cloud computing can solve this problem by allowing the data to be stored and processed in a shared environment. Furthermore, the information from a massive number of SUs allows for more comprehensive information exchanges to assist the resource allocation and interference management at the cloud center while relieving the stringent capacity demands in fronthaul links. Moreover, spectrum resources should be made available to more users, especially when the spectrum is underutilized but occupies a large band. Hence, cloud-based CRN can generate massive sensing samples that will benefit the applications of big data algorithms. The approaches to spectrum sensing and spectrum management can be greatly improved with decision-making capabilities of spectral big data.",Nan Zhao; Xin Liu; F. Yu; Yunfei Chen; T. Han; Zheng Chang,0,,IEEE Access,2019,JournalArticle
8fd9f2a8685471a27e8f0a076170d6d596ab9798,Joint Attitude and Power Optimization for UAV-Aided Downlink Communications,"In this paper, we investigate the unmanned aerial vehicle (UAV)-aided communications, where a UAV as an aerial base station (BS) transmits data to multiple ground terminals (GTs) simultaneously and an antenna array is equipped on the UAV. Note that in practice, the spatial resolution of antenna array varies with different directions. Thus, given one user distribution, the direction of antenna array on UAV may be optimized to support the best multiuser spatial separation. Based on this observation, we propose to maximize the minimum throughput of all GTs by jointly optimizing the attitude of UAV and the transmit power for each GT, where the attitude includes both location and direction information. We develop two efficient sub-optimal solutions for this non-convex problem. The interference among the co-scheduled GTs is dramatically reduced through direction adjustment of antenna array. Finally, simulation results are provided to verify the proposed algorithms.",Wei Guo; Weile Zhang; Yongchao Wang; Nan Zhao; F. Yu,4,,IEEE Transactions on Vehicular Technology,2019,JournalArticle
958ba46d94d63bf8758a797e7e6a3abe912abf3f,Decentralized Resource Allocation for Video Transcoding and Delivery in Blockchain-Based System With Mobile Edge Computing,"The blockchain-based video systems are designed to build a decentralized and flexible video ecosystem by enabling a direct interaction among users, video providers (VPs), and service providers. In blockchain-based video systems, the heterogeneous qualities and formats of the video streams usually require massive computational resources to transcode them into different versions and formats to meet distinct requirements of users. However, current blockchains cannot handle massive and heterogeneous video streaming due to limited computing capacity and long transaction times. To deal with this issue, in this paper, leveraging mobile edge computing (MEC) technology, we propose a blockchain-based MEC architecture, where small base stations (SBSs) allocate their computation as well as communication resources for providing video streaming in a distributed and secure manner. Moreover, to improve the operation efficiency, we use a series of smart contracts to enable a self-organized video transcoding and delivery service without a centralized controller. Then, users, SBSs, and VP could adjust their strategies according to the transactional information on blockchain. Moreover, we formulate the video transcoding and delivery problem as a three-stage Stackelberg game. We analyze the sub-game equilibrium in each stage and the interplays of the three-stage game. Last, we propose an iterative algorithm to solve the problem. Simulation results show that the proposed approach could obtain the good performance in terms of average time to finality (TTF), average access delay, and network cost.",Yiming Liu; F. Yu; Xi Li; Hong Ji; Victor C. M. Leung,84,,IEEE Transactions on Vehicular Technology,2019,JournalArticle
9c9d5a0f84474c94111bcfe2afd7ee8ac7713103,Collaborative Vehicular Edge Computing Networks: Architecture Design and Research Challenges,"The emergence of augmented reality (AR), autonomous driving and other new applications have greatly enriched the functionality of the vehicular networks. However, these applications usually require complex calculations and large amounts of storage, which puts tremendous pressure on traditional vehicular networks. Mobile edge computing (MEC) is proposed as a prospective technique to extend computing and storage resources to the edge of the network. Combined with MEC, the computing and storage capabilities of the vehicular network can be further enhanced. Therefore, in this paper, we explore the novel collaborative vehicular edge computing network (CVECN) architecture. We first review the work related to MEC and vehicular networks. Then we discuss the design principles of CVECN. Based on the principles, we present the detailed CVECN architecture, and introduce the corresponding functional modules, communication process, as well as the installation and deployment ideas. Furthermore, the promising technical challenges, including collaborative coalition formation, collaborative task offloading and mobility management, are presented. And some potential research issues for future research are highlighted. Finally, simulation results are verified that the proposed CVECN can significantly improve network performance.",Renchao Xie; Qinqin Tang; Qiuning Wang; Xu Liu; F. Yu; Tao Huang,47,8e933fac4006eaec3c5221554bc448206f7b12e4; 4f940cfbfa70c67ecb026478a8607fa7ec376220; c66b53abd906b98f78fa4500608544bd93b769f3; 0208f4d33580a6728e7a443a9ee50518d2692ab4; b86bf3a69dc7a56b4b7e58a1e431eb747f0de344; 51bbc76bd7a7c887ff67a5a8c504814a0d4afab2; 5f50854458e2c5cb8beef809d1426f6413504e8b; 3dc5061ac52c92a85824c19fd376d9e932b12966; 8365bd5d9666a4107159405a93e9c9fef906f400; e8c3bc2610019e3fc5d4da7b648b91423fe53197; b7e2cd19cdf33ff3d2447d564175bd1663a5b171; 08b62293bc2dc4bcf8ff2fc13d65c9d43aa043ac; 9b039248f63a6c739d34686d273ce536e82ed31d; 104fc7a5cd2c71aae0dd70d158577bb746b8b663; e820bd661a21f88c20aadea213918d88148cd313; d273b8a945d635a50d1c0c9c7b33335070f8c148; b2f6119e8b5e4a9b7ad98599ed9a878d88a975d7; afd9dadac8d3354615e26b2038887ecdbc9e33e5; 8c5293da3ad1a463cb9694edfbf1bf19b8cbd698; e3a442aa24e5df7e6b2a25e21e75c4c325f9eedf; 414a44b733de549f35e713b6c0dff4f3e3c0ee45; 8be4d8179f95fc56c554852038539a97e7467893; 81cba545677a2fa3ce259ef5c540b03cc8ab6c03; 27a2cd9fdb4d7888f874139f6c6e23d77cb2fccb; 9dc4ae9502c566eb6091dc598961724e21b60139; 42aa2aa8c9e470276ca7b531d965e1f1007d5706; dc4e9aa01abf579b6e5c8fc43261f9062e77a7f9; 19e5700fd7e2b6928720ebbe0ca8f7f22803c255; a31c6b015406be73a9efad9e68d4050066315ca0; e5cc5272b5d124cccd1d341de92e6fa20a34bd9d,IEEE Access,2019,JournalArticle; Review
a1ec53d1e53bb8ec68dde60203a5a5506bde0e3e,Robust Energy-Efficient Resource Allocation for IoT-Powered Cyber-Physical-Social Smart Systems With Virtualization,"To promote future intelligent systems, a novel cyber-physical-social smart system (CPS3) powered by the Internet of Things is presented in this paper, where wireless network virtualization is adopted to enhance the diversity and the flexibility of the service operation and the system management. Based on the presented system, a robust energy-efficient resource allocation scheme is proposed to guarantee the outage probability requirements of controllers and actuators while realizing the maximization of the system energy efficiency. Different from the existing works, imperfect channel state information is studied for energy-efficient resource allocation in CPS3. To effectively handle the formulated optimization problem, the concept of virtual devices is introduced to equivalently reformulate the original problem. Afterward, the probabilistic mixed problem is approximately transformed into a nonprobabilistic problem though outage probability analyses. After the transformation, the optimization problem can be decomposed into power allocation and channel allocation, where an iterative algorithm for power allocation is adopted to maximize the system energy, and a heuristic greedy algorithm is presented to schedule sensors and actuators on different subchannels based on the obtained power allocation results. Simulation results demonstrate the convergency of the proposed algorithm and the advantages of the proposed scheme.",Yuchen Zhou; F. Yu; Jian Chen; Yonghong Kuo,25,,IEEE Internet of Things Journal,2019,JournalArticle
acaa094ff459c376a177382e8b3d28787205972b,Distributed Resource Allocation in Blockchain-Based Video Streaming Systems With Mobile Edge Computing,"Blockchain-based video streaming systems aim to build decentralized peer-to-peer networks with flexible monetization mechanisms for video streaming services. On these blockchain-based platforms, video transcoding, which is computationally intensive and time-consuming, is still a major challenge. Meanwhile, the block size of the underlying blockchain has significant impacts on the system performance. Therefore, this paper proposes a novel blockchain-based framework with an adaptive block size for video streaming with mobile edge computing (MEC). First, we design an incentive mechanism to facilitate collaboration among content creators, video transcoders, and consumers. In addition, we present a block size adaptation scheme for blockchain-based video streaming. Moreover, we consider two offloading modes, i.e., offloading to the nearby MEC nodes or a group of device-to-device (D2D) users, to avoid the overload of MEC nodes. Then, we formulate the issues of resource allocation, scheduling of offloading, and adaptive block size as an optimization problem. We employ a low-complexity alternating direction method of the multipliers-based algorithm to solve the problem in a distributed fashion. Simulation results are presented to show the effectiveness of the proposed scheme.",Mengting Liu; F. Yu; Yinglei Teng; Victor C. M. Leung; Mei Song,194,,IEEE Transactions on Wireless Communications,2019,JournalArticle
b02217dfef1348b86bf36cc74e116dcac1d4baa0,Resource Allocation for Blockchain-Enabled Distributed Network Function Virtualization (NFV) with Mobile Edge Cloud (MEC),"Mobile Edge Cloud (MEC) has emerged as a promising paradigm shift from the centralized mobile cloud due to the explosive growth of edge devices and traffic volumes. Network Function Virtualization (NFV) is a key technology for managing and orchestrating the virtualized instances in MEC. However, it is challenging to perform efficient resource allocation in distributed NFV with MEC due to the multiple existence of NFV Management and Orchestration (MANO) systems in distributed NFV. In this work, we propose a blockchain-enabled NFV framework to reach consensus among multiple MANO systems for complex MEC scenarios. Moreover, we take both the latency of services and operational cost into consideration to achieve better resource allocation. Then, we formulate the efficient resource allocation for services in blockchain-enabled NFV with MEC as a multi-objective optimization problem. Due to the fact that it is difficult to solve this multi-objective optimization problem by traditional methods, we propose a dueling deep reinforcement learning approach. Simulation results are presented to show the effectiveness of our proposed scheme.",Xiaoyuan Fu; F. Yu; Jingyu Wang; Q. Qi; J. Liao,11,,Conference on Computer Communications Workshops,2019,Conference
b98deb641e8e679b184625f10a7913591c28edb0,Deep Reinforcement Learning for Wireless Networks,,F. Yu; Ying He,13,,SpringerBriefs in Electrical and Computer Engineering,2019,
c703312cf2af3514fddbcc270fc9b31e54edf626,A Stackelberg-Based Optimal Profit Split Scheme in Information-Centric Wireless Networks,"The explosive growth of mobile traffic in the Internet makes content delivery a challenging issue to cope with. To promote efficiency of content distribution and reduce network cost, Internet Service Providers (ISPs) and content providers (CPs) are motivated to cooperatively work. As a clean-slate solution, nowadays Information-Centric Networking architectures have been proposed and widely researched, where the thought of in-network caching, especially edge caching, can be applied to mobile wireless networks to fundamentally address this problem. Considered the profit split issue between ISPs and CPs and the influence of content popularity is largely ignored, in this paper, we propose a Stackelberg-based optimal network profit split scheme for content delivery in information-centric wireless networks. Simulation results show that the performance of our proposed model is comparable to its centralized solution and obviously superior to current ISP-CP cooperative schemes without considering cache deployment in the network.",Chao Fang; Zhuwei Wang; Huawei Huang; Pengbo Si; F. Yu,0,,2019 IEEE International Conference on Communications Workshops (ICC Workshops),2019,JournalArticle; Conference
d22a89ceea06ba464245975928e0744f9038cf0f,Buffer-Aware Streaming in Small-Scale Wireless Networks: A Deep Reinforcement Learning Approach,"Buffer-aware video streaming, which exploits the available storage space in user device to store the prefetched video data in good channels for video data use in poor channels, has been proved to have the potential to reduce the impact of fluctuating wireless channels on user-perceived video performance. However, in practical wireless networks, due to the unknown channel state and video rate, providing buffer-aware video streaming service to wireless user is a challenging problem. In this paper, with the aim to design an autonomous wireless video streaming system, we apply the deep reinforcement learning approach to dynamic resource optimization for wireless buffer-aware video streaming under unknown channel state and video rate. Specifically, we define a reward function for buffer-aware video streaming as the effective video streaming time when neither video-playback overflow nor video-playback underflow occurs. We propose a Markov decision process based problem formulation of the joint bandwidth allocation and buffer management for maximizing the effective video streaming time of all users. The optimal bandwidth allocation and buffer management policy is learned from training a deep neural network based on a deep reinforcement learning algorithm. We simulate the proposed algorithm in Tensorflow. Simulation results verify that the proposed deep reinforcement learning approach is effective for buffer-aware video streaming in wireless networks.",Yashuang Guo; F. Yu; Jianping An; Kai Yang; Ying He; Victor C. M. Leung,28,,IEEE Transactions on Vehicular Technology,2019,JournalArticle
dad3f73117befd0d9dbdb6b9f1e755c8bf2eef1e,"Resource Allocation for Ultra-Dense Networks: A Survey, Some Research Issues and Challenges","Driven by the explosive data traffic and new quality of service requirement of mobile users, the communication industry has been experiencing a new evolution by means of network infrastructure densification. With the increase of the density as well as the variety of access points (APs), the network benefits from proximal transmissions and increased spatial reuse of system resources, thus introducing a new paradigm named ultra-dense networks (UDNs). Since the limited available resources are shared by ubiquitous APs in UDNs, the demand for efficient resource allocation schemes becomes even more compelling. However, the large scale of UDNs impedes the exploration of effective resource allocation approaches particularly on the computational complexity and significance overhead or feedback. In this paper, we provide a survey-style introduction to resource allocation approaches in UDNs. Specifically, we first present some common scenarios of UDNs with the relevant special issues. Second, we provide a taxonomy to classify the resource allocation methods in the existing literatures. Then, to alleviate the main difficulties of UDNs, some prevailing and feasible solutions are elaborated. Next, we present some emerging technologies thriving UDNs with special RA features discussed. Additionally, the challenges and open research directions are outlined in this field.",Yinglei Teng; Mengting Liu; F. Yu; Victor C. M. Leung; Mei Song; Yong Zhang,149,,IEEE Communications Surveys and Tutorials,2019,JournalArticle; Review
dbabab9bf5955558f73a37644f4bb626106a6d73,Big Data Analytics in Intelligent Transportation Systems: A Survey,"Big data is becoming a research focus in intelligent transportation systems (ITS), which can be seen in many projects around the world. Intelligent transportation systems will produce a large amount of data. The produced big data will have profound impacts on the design and application of intelligent transportation systems, which makes ITS safer, more efficient, and profitable. Studying big data analytics in ITS is a flourishing field. This paper first reviews the history and characteristics of big data and intelligent transportation systems. The framework of conducting big data analytics in ITS is discussed next, where the data source and collection methods, data analytics methods and platforms, and big data analytics application categories are summarized. Several case studies of big data analytics applications in intelligent transportation systems, including road traffic accidents analysis, road traffic flow prediction, public transportation service plan, personal travel route plan, rail transportation management and control, and assets maintenance are introduced. Finally, this paper discusses some open challenges of using big data analytics in ITS.",Li Zhu; F. Yu; Yige Wang; B. Ning; T. Tang,804,,IEEE transactions on intelligent transportation systems (Print),2019,JournalArticle; Review
dc344dd47d23a5e78404979fc92b157c910849de,Performance Optimization for Blockchain-Enabled Industrial Internet of Things (IIoT) Systems: A Deep Reinforcement Learning Approach,"Recent advances in the industrial Internet of things (IIoT) provide plenty of opportunities for various industries. To address the security and efficiency issues of the massive IIoT data, blockchain is widely considered as a promising solution to enable data storing/processing/sharing in a secure and efficient way. To meet the high throughput requirement, this paper proposes a novel deep reinforcement learning (DRL)-based performance optimization framework for blockchain-enabled IIoT systems, the goals of which are threefold: 1) providing a methodology for evaluating the system from the aspects of scalability, decentralization, latency, and security; 2) improving the scalability of the underlying blockchain without affecting the system's decentralization, latency, and security; and 3) designing a modulable blockchain for IIoT systems, where the block producers, consensus algorithm, block size, and block interval can be selected/adjusted using the DRL technique. Simulations results show that our proposed framework can effectively improve the performance of blockchain-enabled IIoT systems and well adapt to the dynamics of the IIoT.",Mengting Liu; F. Yu; Yinglei Teng; Victor C. M. Leung; Mei Song,273,,IEEE Transactions on Industrial Informatics,2019,JournalArticle
e2e8c63420d66f2810e3ad38de7e23977c80ed3c,Service Function Chain Embedding for NFV-Enabled IoT Based on Deep Reinforcement Learning,"It is challenging to efficiently manage different resources in the IoT. Recently, Network function virtualization has attracted attention because of its prospect to achieve efficient resource management for IoT. In NFV-enabled IoT infrastructure, a service function chain (SFC) is composed of an ordered set of virtual network functions (VNFs) that are connected based on the business logic of service providers. However, the inefficiency of the SFC embedding process is one major problem due to the dynamic nature of IoT networks and the abundance of IoT terminals. In this article, we decompose the complex VNFs into smaller VNF components (VNFCs) to make more effective decisions since VNF nodes and physical network devices are usually heterogeneous. In addition, a deep reinforcement learning (DRL)-based scheme with experience replay and target network is proposed as a solution that can efficiently handle complex and dynamic SFC embedding scenarios. Simulation results present the efficient performance of the proposed DRL-based dynamic SFC embedding scheme.",Xiaoyuan Fu; F. Yu; Jingyu Wang; Q. Qi; J. Liao,48,,IEEE Communications Magazine,2019,JournalArticle
03f5de0e96b2cf6c9fe2a8602621809902874e01,Blockchain-Based Distributed Software-Defined Vehicular Networks via Deep Q-Learning,,Chao Qiu; F. Yu; Fangmin Xu; Haipeng Yao; Cheng-lin Zhao,28,,Design and Analysis of Intelligent Vehicular Networks and Applications,2018,JournalArticle
0a5f1e220cdfd339db3feabd1e02a294565a56fe,Cooperative Video Transmission Strategies via Caching in Small-Cell Networks,"Small-cell network is a promising solution to the high video traffic. However, it has some fundamental problems, i.e., high backhaul cost, quality of experience (QoE), and interference. To address these issues, we propose a cooperative transmission strategy for video transmission in small-cell networks with caching. In the scheme, each video file is encoded into segments using a maximum distance separable rateless code. Then, a portion of each segment is cached at a certain small-cell base station (SBS), so that the SBSs can cooperatively transmit these segments to users without incurring high backhaul cost. QoE When there is only one active user in the network, a greedy algorithm is utilized to deliver the video-file segment from the SBS with good channel state to the user watching videos in real time. This reduces video freezes and improves the QoE. When there exist several active users, interference will appear among them. To deal with interference, interference alignment (IA) is adopted. Based on the scheme for a single user, the greedy algorithm and IA are combined to transmit video-file segments to these users, and the performance of the system can be significantly improved. Simulation results are presented to show the effectiveness of the proposed scheme.",Xiaonan Liu; Nan Zhao; F. Yu; Yunfei Chen; Jie Tang; Victor C. M. Leung,9,,IEEE Transactions on Vehicular Technology,2018,JournalArticle
16c99c6e2a6e4c4866cd46f2e808467086584bff,UAV Trajectory Optimization for Data Offloading at the Edge of Multiple Cells,"In future mobile networks, it is difficult for static base stations (BSs) to support the rapidly increasing data services, especially for cell-edge users. Unmanned aerial vehicle (UAV) is a promising method that can assist BSs to offload the data traffic, due to its high mobility and flexibility. In this correspondence, we focus on the UAV trajectory at the edges of three adjacent cells to offload traffic for BSs. In the proposed scheme, the sum rate of UAV-served edge users is maximized subject to the rate requirements for all the users, by optimizing the UAV trajectory in each flying cycle. The optimization is a mixed-integer nonconvex problem, which is difficult to solve. Thus, it is transformed into two convex problems, and an iterative algorithm is proposed to solve it by optimizing the UAV trajectory and edge user scheduling alternately. Simulation results are presented to show the effectiveness of the proposed scheme.",Fen Cheng; Shun Zhang; Zan Li; Yunfei Chen; Nan Zhao; F. Yu; Victor C. M. Leung,299,,IEEE Transactions on Vehicular Technology,2018,JournalArticle
19f692a53444a21392b8019199775c9db29f5a97,Communications and Networking for Connected Vehicles,,Li Zhu; F. Yu; Victor C. M. Leung; Hongwei Wang; C. Briso-Rodríguez; Yan Zhang,6,,Wireless Communications and Mobile Computing,2018,JournalArticle
1bb93badc6a9fae4e614dad355106ab76fffd854,Computation Offloading and Resource Allocation in D2D-Enabled Mobile Edge Computing,,Jie Feng; Liqiang Zhao; Jianbo Du; Xiaoli Chu; F. Yu,21,,2018 IEEE International Conference on Communications (ICC),2018,JournalArticle; Conference
21894c84e4631d6fc7edf1963f593a6fa4ddca0c,Hybrid Half-Duplex/Full-Duplex Cooperative Non-Orthogonal Multiple Access With Transmit Power Adaptation,,Gang Liu; Xianhao Chen; Z. Ding; Zheng Ma; F. Yu,110,,IEEE Transactions on Wireless Communications,2018,JournalArticle
265eb70f852c7a4bad31ceb5ff5bc1bcc7fd1683,Challenges and Broader Perspectives,,F. Yu; Ta-Wen Huang; Garima Ameta,0,,"Integrated Networking, Caching, and Computing",2018,
2703391aaa5a78091b22f898b6e20e79f2bff85f,IEEE Access Special Section Editorial: Exploiting the Benefits of Interference in Wireless Networks: Energy Harvesting and Security,"Interference used to be viewed as a harmful factor in wireless networks, which can reduce the quality of information transmission. To combat against interference, many interference management techniques have emerged. Due to the latest research advances, interference (or noise) can also be exploited to offer some benefits to wireless networks. The first aspect is that interference in multi-user networks can be collected as a green power supply for the transceivers, known as wireless energy harvesting. Another application is that one can generate artificial noise to disrupt the adversarial eavesdropping, and guarantee the security of wireless networks. Therefore, conventional interference management techniques can be combined with these recent research advances to gain some additional benefits while guaranteeing information transmission.",Nan Zhao; F. Yu; Huiming Wang; T. Duong; Zheng Chang,0,,IEEE Access,2018,JournalArticle
2bb97c3ad4dc31ce7c0010ab077b2dd4be41ce09,Resource Allocation for Video Transcoding and Delivery Based on Mobile Edge Computing and Blockchain,"By bringing computing capabilities to the network edge, mobile edge computing (MEC) has emerged as a promising technique to enable low-latency video streaming services. However, due to the rapid growth of the number of devices and the heterogeneous formats of the video streams, the traditionally centralized content delivery schemes are insufficient to provide secure, adaptive video services with low complexity. To achieve a decentralized content market among untruthful parties (e.g., users and operators), in this paper, we propose an effective video transcoding and delivery approach based on MEC and blockchain. In the proposed approach, we envision a set of blockchain-based smart contracts to build an autonomous content delivery market, where all the participants are financially enforced by smart contract terms. Then, users, small base stations (SBSs), and content provider (CP) are able to autonomously adjust their strategies according to the content market statistics. Moreover, we formulate the optimization problem, including resource allocation, determining content price and quality levels of contents, as a three-stage Stackelberg game. We analyze the subgame equilibrium for each stage and the interplays of the three-stage game. Lastly, an iterative algorithm is proposed to obtain the solution. Simulation results are presented to show the effectiveness of the proposed approach.",Yiming Liu; F. Yu; Xi Li; Hong Ji; Victor C. M. Leung,17,,Global Communications Conference,2018,JournalArticle; Conference
3205e105a55a8b15edb905b28c9d515fb2634e9d,Auditing Big Data Storage in Cloud Computing Using Divide and Conquer Tables,,Mehdi Sookhak; F. Yu; Albert Y. Zomaya,66,,IEEE Transactions on Parallel and Distributed Systems,2018,JournalArticle
3974d95dc4c48b5ea4d3bee035562046fa5f34d5,Enabling Adaptive Data Prefetching in 5G Mobile Networks with Edge Caching,"The exponential growth of data traffic volume dominates the demand for the next generation mobile networks (5G). The consistent and satisfied quality of experience (QoE) is one of the leading challenges of provisioning services in 5G mobile networks. Thus, in this paper, we propose a novel adaptive prefetching scheme to compensate the undesired transmission conditions in the 5G mobile network by extending the content prefetching concept from the users to the network. Specifically, an optimization problem is proposed for a prefetching scheme that adaptively retrieves users' data to access nodes and (or) user equipments (UEs) before the actual requests according to the network status, QoE status, predicted data rates, and mobility patterns of users. For the sake of tractability, the prefetching problem is transferred to a convex problem that can be solved efficiently. Accordingly, to implement the proposed schemes in the 5G network, system interactions among entities in the network are designed to realize prefetching-related functions. A signaling protocol to support the adaptive prefetching scheme is also presented. Simulation results show that an adaptive prefetching scheme can improve the network performance significantly.",C. Liang; F. Yu; Ngoc-Dung Dào; G. Senarath; H. Farmanbar,6,,Global Communications Conference,2018,JournalArticle; Conference
421cfad7717c1d01622192548d8ba95cdbe684c1,Resource Allocation for 3C‐Enabled HetNets,,F. Yu; Tao Huang; Garima Ameta,0,,"Integrated Networking, Caching, and Computing",2018,
46680a77e6ce983ab5aea7748ae8dffe7f8c57ba,Joint Access and Resource Management for Delay-Sensitive Transcoding in Ultra-Dense Networks with Mobile Edge Computing,,Yiming Liu; F. Yu; Xi Li; Hong Ji; Heli Zhang; Victor C. M. Leung,20,,2018 IEEE International Conference on Communications (ICC),2018,JournalArticle; Conference
487a7b99c16e799eb79f1a88fffb8f2333b33679,Optimization or Alignment: Secure Primary Transmission Assisted by Secondary Networks,,Yang Cao; Nan Zhao; F. Yu; Minglu Jin; Yunfei Chen; Jie Tang; Victor C. M. Leung,123,,IEEE Journal on Selected Areas in Communications,2018,JournalArticle
55a6d8aff2ee51a6ae52fe3dc7cd40d557e071c0,Cache-Aware Multicast Beamforming Design for Multicell Multigroup Multicast,"To promote the massive video content delivery and to realize the long-term overall cost, the caching and computing functions have to be installed at some intermediate nodes within the networks. This paper presents a cache-aware multicast beamforming design for multicell multigroup multicast, where information-centric networking and mobile edge computing techniques are brought in the multicell multicast system to cache and transcode the contents passing through the nodes. The proposed cache-aware multicast beamforming design jointly optimizes the multicast mode, the caching strategy, and the network-wide beamforming vector, and focuses on minimizing the energy cost of the caching, computing, and communications. To make the formulated problem tractable, a two step method is proposed in this paper, where the first step is devoted to the cache-aware multicast approach design, while the second step is focused on the sparse multicast beamforming design. Furthermore, in order to promote the stabilization of the system, we further design a robust joint optimization strategy for the scenario with the imperfect channel state information. Extensive simulations are conducted to evaluate the performance of our proposed schemes.",Yuchen Zhou; F. Yu; Jian Chen; Yonghong Kuo,14,,IEEE Transactions on Vehicular Technology,2018,JournalArticle
602a54c10d7e6f68a66cd19db82bc69d657eb668,A Dynamic Pilot and Data Power Allocation for TDD Massive MIMO Systems,"In this paper, we propose a joint dynamic pilot and data power allocation scheme for time division duplex (TDD) massive multiple-input multiple-output (MIMO) systems, so as to both adaptively mitigate pilot contamination and balance the mutual interference. Due to the unknown of instant channel state information before pilots, we exploit the Gauss-Markov process of temporally-correlated channels and use the Kalman filter to not only filter out the pilot contamination but also provide the priori estimation values. Subsequently, the deterministic approximation of the rate is derived as a function of the priori channel estimation and the priori estimate errors, and accordingly the rate-profile maximization to achieve max-min fairness is formulated. To deal with this optimization coupled across the pilot power and data power as well as the users, we give an iterative alternating rate-suboptimal algorithm composed of two sub-problems, both of which are further solved by introducing the successive convex approximation (SCA) methods and slack variables. Numerical results confirm the improved rate provided by the proposed scheme.",Ruizhe Yang; Bo Lin; F. Yu; Yinglei Teng; Yanhua Zhang,3,,Global Communications Conference,2018,JournalArticle; Conference
6277cab641d5bc5d0700fd8114823b2ce34ae36e,Performance Metrics and Enabling Technologies,,F. Yu; Tao Huang; Garima Ameta,0,,"Integrated Networking, Caching, and Computing",2018,
69d0094afdbce2ad87c28ffee06b943aa975986a,An Intersection-Based Geographic Routing with Transmission Quality Guaranteed in Urban VANETs,,Lei Liu; Chen Chen; Zhiyuan Ren; F. Yu,9,,2018 IEEE International Conference on Communications (ICC),2018,JournalArticle; Conference
704ebc6760698bed533f34e59b4497a7389b8b0c,Edge Caching with Wireless Software-Defined Networking,,F. Yu; Tao Huang; Garima Ameta,0,,"Integrated Networking, Caching, and Computing",2018,
705e56de148251cfc45b3f0d102b64e8bb08fb27,Distributed Resource Allocation and Computation Offloading in Fog and Cloud Networks With Non-Orthogonal Multiple Access,"Fog computing, complementary to cloud computing, has recently emerged as a promising solution that extends the computing infrastructure from the cloud center to the network edge. By offloading computational applications to the network edge, fog computing could support delay-sensitive applications and reliable access to nearby users. However, with the growing number of demands from various applications, fog computing may be overwhelmed and it may result in significant performance degradation. Thus, to process applications efficiently, we propose an integrated fog and cloud computing (FCC) approach, where users can offload a series of applications to nearby fog nodes (FNs) or cloud center cooperatively. Nevertheless, due to the constrained computing, storage, and radio resources, how to perform resource allocation to achieve an optimal and stable performance is an important problem. To address this issue, we focus on multiple resource allocation problem in a general system, which consists of multi-user, multi-FN, and a cloud center. In addition, to reduce offloading transmission latency and release the constraint of limited radio resource, non-orthogonal multiple access, which enables multiple users to transmit data to the same FN for offloading tasks on the same spectrum resource, is introduced into the proposed FCC approach. To this end, we formulate joint offloading decision, user scheduling, and resource allocation problem as an optimization problem that aims at minimizing the total system cost of energy as well as the delay of users. Furthermore, we decouple the original problem and transform it into a convex problem. Finally, we develop alternating direction method of multipliers based algorithms to solve the optimization problem in a distributed and efficient way. Simulation results show that the proposed approach achieves better performance compared with existing schemes.",Yiming Liu; F. Yu; Xi Li; Hong Ji; Victor C. M. Leung,86,,IEEE Transactions on Vehicular Technology,2018,JournalArticle
72d7fea94958ac5da2f4d1c5a67a8bcb5b4c60f1,Network Slicing and Caching in 5G Cellular Networks,,F. Yu; Tao Huang; Garima Ameta,0,,"Integrated Networking, Caching, and Computing",2018,
753e595145343d1ab85c59b96d4cd71d53dd6b02,Self-optimizing interference management for non-orthogonal multiple access in ultra-dense networks,"Ultra-dense network (UDN), as well as nonorthogonal multiple access (NOMA), has been emerging as promising techniques to meet the growing demand of data traffic in next-generation wireless networks. However, due to the spectrum sharing among SBSs and users, interference management (IM) is becoming a more important issue in NOMA-based UDN. Moreover, the massive small base stations (SBSs) with various types and overlapped coverage require more intelligent and efficient mechanisms for the IM problem. Thus, in this paper, to reduce interference and improve operation efficiency, we propose a self-optimizing resource allocation (SORA) scheme for IM with joint consideration of the dynamic interference conditions and fierce resource competition among SBSs. Concretely, each SBS constructs the interfering SBSs group adaptively to represent the potential interference from other SBSs. Then, to reduce interference and meet users' requirements, each SBS performs the resource allocation including sub-band and power allocation independently. Moreover, we formulate the problem as a non-cooperation satisfaction game, where a satisfaction function is established for evaluating each SBS's utility. When every SBS's utility is above a preset threshold, the game is considered to reach the satisfaction equilibrium. A distributed algorithm is designed to enable each SBS to learn the satisfaction equilibrium and allocate the resource autonomously. Simulation results show the effectiveness of the proposed scheme compared with the traditional schemes.",Yiming Liu; F. Yu; Xi Li; Hong Ji; Heli Zhang; Victor C. M. Leung,6,,IEEE Wireless Communications and Networking Conference,2018,JournalArticle; Conference
841d20b72e209a414c1767247735dd2d4805190d,Energy-Efficient Resource Allocation in Fog Computing Supported IoT with Min-Max Fairness Guarantees,,Jie Feng; Liqiang Zhao; Jianbo Du; Xiaoli Chu; F. Yu,9,,2018 IEEE International Conference on Communications (ICC),2018,JournalArticle; Conference
84f2d04112f62dc1ad1374935ab56b772432c846,Cache-Enabled Adaptive Video Streaming Over Vehicular Networks: A Dynamic Approach,"Adaptive bitrate (ABR) streaming has recently been deployed in vehicular networks (VNs) to deal with the time-varying channels due to reasons such as high user mobility. Caching at the wireless edge (e.g., base station) to support ABR streaming is a challenging problem. In this paper, we propose a two time-scale dynamic caching scheme for ABR streaming in VNs, in which the video quality adaptation at the application layer and cache placement at the BS are performed at a larger time-scale while the video data transmission at the physical layer is performed at a smaller time-scale. Lyapunov optimization technique is employed to maximize the time-averaged network reward, which is the weighted sum of video quality and backhaul saving. Without the prior knowledge of channel statistics, we develop a dynamic cache algorithm (DCA) to obtain the video quality adaptation, cache placement, and radio bandwidth allocation decisions. For the arbitrary sample path of channel states, we compare the network reward achieved by DCA with that achieved by an optimal $T$-slot lookahead algorithm, i.e., the knowledge of the future channel path over an interval of length  $T$ time slots. Simulation results demonstrate the advantages of DCA for ABR streaming in time-varying VNs over the static cache approach.",Yashuang Guo; Qinghai Yang; F. Yu; Victor C. M. Leung,70,,IEEE Transactions on Vehicular Technology,2018,JournalArticle
87448407fd4e0bacf2e429667ab4b839c91b3cc2,Joint User Scheduling and Content Caching Strategy for Mobile Edge Networks Using Deep Reinforcement Learning,,Yifei Wei; Zhiqiang Zhang; F. Yu; Zhu Han,42,,2018 IEEE International Conference on Communications Workshops (ICC Workshops),2018,JournalArticle; Conference
9233ab0eaa5fc22a00f2fdb6d7d2d0017637b50b,Computation Offloading and Content Caching in Wireless Blockchain Networks With Mobile Edge Computing,"Blockchain technology has been applied in a variety of fields due to its capability of establishing trust in a decentralized fashion. However, the application of blockchain in wireless mobile networks is hindered by a major challenge brought by the proof-of-work puzzle during the mining process, which sets a high demand for the computational capability and storage availability in mobile devices. To address this problem, we propose a novel mobile edge computing (MEC) enabled wireless blockchain framework where the computation-intensive mining tasks can be offloaded to nearby edge computing nodes and the cryptographic hashes of blocks can be cached in the MEC server. Particularly, two offloading modes are considered, i.e., offloaded to the nearby access point or a group of nearby users. First, we conduct the performance analysis of each mode with stochastic geometry methods. Then, the joint offloading decision and caching strategy is formulated as an optimization problem. Furthermore, an alternating direction method of multipliers based algorithm is utilized to solve the problem in a distributed manner. Finally, simulation results demonstrate the effectiveness of our proposed scheme.",Mengting Liu; F. Yu; Yinglei Teng; Victor C. M. Leung; Mei Song,187,,IEEE Transactions on Vehicular Technology,2018,JournalArticle
93b1943d5a8e149c0c4b0fd8dc116d57ab9f3cdd,A Multi-Level DDoS Mitigation Framework for the Industrial Internet of Things,,Qiao Yan; Wenyao Huang; Xupeng Luo; Q. Gong; F. Yu,163,,IEEE Communications Magazine,2018,JournalArticle
99c46f53497aedcc1085ad9362c8f64366a13ed5,"Integrated Networking, Caching, and Computing",,F. Yu; Tao Huang; Yun-jie Liu,2,,,2018,
9eeb6594e8596762b1045c11fd122db4cf133e37,Hybrid computation offloading in fog and cloud networks with non-orthogonal multiple access,,Yiming Liu; F. Yu; Xi Li; Hong Ji; Victor C. M. Leung,30,,Conference on Computer Communications Workshops,2018,JournalArticle; Conference
9f6856cf267f9693f12991f84472a194d1a23541,Over-the-Air Computation for IoT Networks: Computing Multiple Functions With Antenna Arrays,"Over-the-air computation combines communication and computation efficiently by utilizing the superposition property of wireless channels, when Internet of Things (IoT) networks focus more on the computed functions than the individual messages. In this paper, we study the computation of multiple linear functions of Gaussian sources over-the-air using antenna arrays at both the IoT devices and the IoT access point (AP). The key challenges in this paper are the intranode interference of multiple functions, the nonuniform fading between different IoT devices and the massive channel state information (CSI) required at the IoT AP. We propose a novel transmitter design at the IoT devices with zero-forcing beamforming to cancel the intranode interference and uniform-forcing power control to compensate the nonuniform fading. In order to avoid massive CSI requirement, receive antenna selection is adopted at the IoT AP and a corresponding signaling procedure is proposed utilizing the “OR” property of the wireless channel. The performance of the proposed transceiver design is analyzed. The closed-form expression for the mean squared function error (MSFE) outage is derived. Due to the complexity of the expression, an asymptotic analysis of the MSFE outage is further provided to demonstrate the diversity order in terms of the transmit power constraint and the number of IoT devices. Simulation results are presented to show the performance of the proposed design.",Li Chen; Nan Zhao; Yunfei Chen; F. Yu; Guo Wei,16,,IEEE Internet of Things Journal,2018,JournalArticle
a0d483363f54995b9b2e1ba4ba94183463e32d49,"Overview, Motivations and Frameworks",,F. Yu; Tao Huang; Garima Ameta,0,,"Integrated Networking, Caching, and Computing",2018,Review
a837201a2196e7ef4fc7f440263d3d9d008472ee,"Video Transcoding, Caching, and Multicast for Heterogeneous Networks Over Wireless Network Virtualization",,Yuchen Zhou; F. Yu; Jian Chen; Yonghong Kuo,23,,IEEE Communications Letters,2018,JournalArticle
b4df2fd2e601bcdf42d46fc61ae4d3d043ff28b3,Economical Revenue Maximization in Cache Enhanced Mobile Edge Computing,,Jianbo Du; Liqiang Zhao; Jie Feng; Xiaoli Chu; F. Yu,11,,2018 IEEE International Conference on Communications (ICC),2018,JournalArticle; Conference
b6f84e368308d655dacd36b7bb18395ac1e60410,Privacy Protection via Beamforming Optimization in MISO NOMA Networks,"Non-orthogonal multiple access (NOMA) is a promising approach for 5G. However, the privacy between users may be compromised due to the superposition of all users’ signals to successive interference cancellation (SIC) receivers. In this paper, we propose a scheme based on beamforming optimization for the downlink NOMA that can enhance the security of a specific private user while guaranteeing other users' quality of service (QoS). Specifically, we intend to maximize the secrecy rate of the private user, under the constraint that the other users’ QoS is satisfied. Owing to the non-convexity, we first convert it into convex forms and then, an iterative algorithm based on the concave-convex procedure is proposed to attain their solutions. Extensive simulation results are presented to evaluate the effectiveness of the proposed scheme.",Yang Cao; Nan Zhao; Yunfei Chen; Minglu Jin; Lisheng Fan; Z. Ding; F. Yu,1,,International Conference on Wireless Communications and Signal Processing,2018,JournalArticle; Conference
b6fc41abeebd5cb3ef216942db3cd8fb46772240,"Communications, Caching, and Computing for Next Generation HetNets","To accommodate the dramatically increasing traffic demand, some of the intermediate nodes within HetNets should be endowed with storage and computation capabilities for facilitating pervasive computation service and massive content delivery. ICN and MEC are recognized as two promising techniques, with which content can be cached and computed in close proximity to mobile devices. These advanced techniques enable Het- Nets to accommodate and support more mobile users, but also bring challenges of architecture deployment and resource deployment. Along these lines, the fist part of this article offers a novel joint architecture of communications, caching, and computing for HetNets based on wireless network virtualization with software defined networking, where ICN and MEC support each other to promote network performance and guarantee different types of business demands. Based on the integrated framework, we further present two different self-enforcing mechanisms (i.e., a caching-assisted MEC approach and a computing-assisted ICN approach) to achieve mutual promotion between caching and computing. Against this background, the second part of this article offers virtual multi-resource deployment for both uplink and downlink scenarios to evaluate a three-way trade-off among communication, caching, and computing revenues. The results demonstrate our hypothesis on the utilization of the mutual promotion between ICN and MEC to improve the overall performance of future wireless systems.",Yuchen Zhou; F. Yu; Jian Chen; Yonghong Kuo,21,,IEEE wireless communications,2018,JournalArticle
bd151da6af7de5400f3c9431c7835ebe74c984e2,Resource Allocation in Topology Management of Asymmetric Interference Networks,,Xinyu Zhang; Nan Zhao; F. Yu; Minglu Jin; Victor C. M. Leung,9,,IEEE Systems Journal,2018,JournalArticle
be1a5a83ea2678d83c7248022123e53339767799,Software-Defined Vehicular Networks with Caching and Computing for Delay-Tolerant Data Traffic,,Meng Li; F. Yu; Pengbo Si; Haipeng Yao; Yanhua Zhang,11,,2018 IEEE International Conference on Communications (ICC),2018,JournalArticle; Conference
c2b96c938c74a8de31e6d6d128103274ab35e959,Joint optimization of 3C,,F. Yu; Tao Huang; Garima Ameta,0,,"Integrated Networking, Caching, and Computing",2018,
d0328c1e0dbe3a318512b1d55692de6533a78a83,Virtualization for Distributed Ledger Technology (vDLT),"Recently, with the tremendous development of crypto-currencies, distributed ledger technology (DLT) (e.g., blockchain) has attracted significant attention. The traditional Internet was originally design to handle the exchange of information. With DLT, we will have the Internet of value. Although, DLT has a great potential to create new foundations for our economic and social systems, the existing DLT has a number of drawbacks (e.g., scalability) that prevent it from being used as a generic platform for distributed ledger across the globe. In this paper, we present a novel virtualization approach to address the challenges in the existing DLT systems. Specifically, in the proposed virtualization for DLT (vDLT), the underlying resources (e.g., hardware, compute, storage, network, and so on) are abstracted. By providing a logical view of resources, vDLT can significantly improve the performance, facilitate system evolution, and simplify DLT management and configuration. Several use cases of vDLT are presented to illustrate the effectiveness of the proposed vDLT.",F. Yu; Jianming Liu; Ying He; Pengbo Si; Yanhua Zhang,106,5e558e2c7cc765411113092cf5ae6265c7d362f9; 6348f923941913f766b37203373ab6f0d3b8204c; 55435ad7d48a347a94275ebeb8b41fd8ec4c97bc; c1a8b95e3a3b063384d9ec4ac7fa1b783596cc5b; 53621d360f18a2a1ba606832d6c2b9d703209697; 0499ec3b1af9a1bed50c58cc953f5c6830ad8264; 57d488f0912c12fbfbcd329ee135f2f27ab3a65b; bbff38c90b337d3018a9e5d5adb1901fee5c0e3a; d704d5e26a687d6ad831427c6421a1a8b49ff0c3; 414a44b733de549f35e713b6c0dff4f3e3c0ee45; 10cfe2ebcee0db3fce46b97efed763e6c926f584; e27557e1508563701f6c04ebecff0ee49269addd; 9b5bc029f386e51d5eee91cf6a1f921f1404549f; ad3d83248eae66580d4deada76e72e3be9a9b44c; d9a10dfa265a01b364fc3c48cb1920225c914d77; ecef1d55851c0632da88b07e6b0dd2f775d74e4d; d1ba0ad6bbe8234a3a8a3325aa530d0acf4cc916; 49087de7ccf7f37bec3a16716aea60bd11e6e751; 8132164f0fad260a12733b9b09cacc5fff970530; c80eeb80827f1fb9f74e1aaedb1aae521cb12a6a; 7fb02be911a495994bfdcab75c0f0a4315970319; a8327365caeb960a50a0c746fe0b683804ccb6ba; 91e5f45dbe3708d11fbc96b564580af54461c0b0; df62a45f50aac8890453b6991ea115e996c1646e; bff4ecdd2c40bb67abab8d49e99c81287a7b2810; 4e9ec92a90c5d571d2f1d496f8df01f0a8f38596; 986e544c042cb66bf405f13e23ed23c35f24c24d; 7d41c1a974c5aa82dbeb011be5a138749e6812c2,IEEE Access,2018,JournalArticle
da7c6aa45dcbb9e15e66ac7b3df64cb8068b852f,Green Machine-to-Machine Communications with Mobile Edge Computing and Wireless Network Virtualization,,Meng Li; F. Yu; Pengbo Si; Yanhua Zhang,47,,IEEE Communications Magazine,2018,JournalArticle
e0ab88f1576fc95a13d0e77b4e1344e0235168b2,Deep Reinforcement Learning (DRL)-Based Transcoder Selection for Blockchain-Enabled Video Streaming,"Video transcoding has been widely applied in video streaming industry to convert videos into multiple formats for heterogeneous users. To provide fast and reliable transcoding services, some emerging platforms are leveraging blockchain and smart contract technology to build decentralized transcoding hubs with flexible monetization mechanisms, where any users can rent their idle computing resources to become transcoders in order to receive reward. On these blockchain-enabled platforms, transcoder selection together with resource allocation is a crucial but challenging issue, which should maximize the transcoding revenue to motivate the transcoder candidates as well as handling the dynamic quality of service (QoS) requirements and candidates' characteristics. In this paper, we propose a novel deep reinforcement learning (DRL)-based transcoder selection framework for blockchain-enabled video streaming. Specifically, we propose an evaluation mechanism to facilitate transcoder selection, and design the transcoder selection and resource allocation scheme using the DRL approach. Simulation results demonstrate the effectiveness of our proposed framework.",Mengting Liu; F. Yu; Yinglei Teng; Victor C. M. Leung; Mei Song,6,,2018 IEEE Globecom Workshops (GC Wkshps),2018,JournalArticle
e36ccce9272c9a907a7af046cbf3580a15cad82d,Caching UAV-enabled small-cell networks,,Nan Zhao; F. Yu; Lisheng Fan; Yunfei Chen; Jie Tang; A. Nallanathan; Victor C. M. Leung,3,,,2018,
e3ef4eb29918a7b293950213b9fc5f6e8a247f54,Secondary Transceiver Design for Secure Primary Transmission,"Security is a challenging issue for cognitive radio (CR) networks. Conventionally, interference will degrade the performance of a primary user (PU) when the spectrum is shared with secondary users (SUs). However, when properly designed, SUs can serve as friendly jammers to guarantee the secure transmission of PU. Thus, in this paper, we propose a optimal transceiver design scheme to improve the sum rate of SUs while guaranteeing the secrecy rate of PU. In the scheme, the secondary transceivers are jointly designed to maximize their sum rate while satisfying a threshold on the PU's secrecy rate. Due to the non-convex nature, it is first converted into a convex one and then, an alternating optimization algorithm based on the second-order cone programming is proposed to solve it. Finally, simulation results are presented to verify the effectiveness of the proposed scheme for secure CR networks.",Yang Cao; Nan Zhao; F. Yu; Minglu Jin; Yunfei Chen; Victor C. M. Leung,1,,IEEE Vehicular Technology Conference,2018,JournalArticle; Conference
ea0e0f1d227014c4fadf95a184d81bfcb99db5b7,"Integrated Computing, Caching, and Communication for Trust-Based Social Networks: A Big Data DRL Approach","Recent advances of computing, caching, and communication (3C) can have significant impacts on mobile social networks (MSNs). MSNs can leverage these new paradigms to provide a new mechanism for users to share resources (e.g., information, computation-based services). In this paper, we exploit the intrinsic nature of social networks, i.e., the trust formed through social relationships among users, to enable users to share resources under the framework of 3C. Specifically, we consider the mobile edge computing (MEC), in-network caching and device-to-device (D2D) communications. When considering the trust-based MSNs with MEC, caching and D2D, we apply a novel big data deep reinforcement learning (DRL) approach to automatically make a decision for optimally allocating the network resources. The decision is made purely through observing the network's states, rather than any handcrafted or explicit control rules, which makes it adaptive to variable network conditions. Google TensorFlow is used to implement the proposed deep Q-learning approach. Simulation results with different network parameters are presented to show the effectiveness of the proposed scheme.",Ying He; C. Liang; F. Yu; Victor C. M. Leung,17,,Global Communications Conference,2018,JournalArticle; Conference
eed4b0b15b6b52768c2da556bbf5394db0a94032,User Oriented Resource Management With Virtualization: A Hierarchical Game Approach,"The explosive advancements in mobile Internet and Internet of Things challenge the network capacity and architecture. The ossification of wireless networks hinders the further evolution toward the fifth generation of mobile communication systems. Ultra-dense small cell networks are considered as a feasible way to meet high-capacity demands. Meanwhile, ultra-dense small cell network virtualization also exploits an insightful perspective for the evolution because of its superiority, such as diversity, flexibility, low cost, and scalability. In this paper, we specify the necessity of resource management in virtualized ultra-dense small cell networks through a mapping and management architecture and consider the problem of user-oriented virtual resource management. Then, we model the virtual resource management problem as a hierarchical game and obtain the closed-form solutions for spectrum, power, and price, respectively. Furthermore, we propose a customer-first (CF) algorithm that characterizes the user-oriented service of virtualization, and analyze its convergence. Simulation results present the effectiveness of the proposed CF algorithm.",Lingxia Wang; Chungang Yang; Xinwei Wang; F. Yu; Victor C. M. Leung,7,e08332bc8f664e3d55363b50d1b932fbfa717986; f199333b9a5e107c5d167097c49293dac5a1bdd9; dfc43d48e8b4ac214a6909d2aa4a1388f019684d; 9bdb95d8a26b0fb192260cd89b9406b7012ed1e7; 585ecdd1876b7ec8323c08065521e999ac1bea76; 3eafaf242099b23cbb944f30c1ba63235ced204a; 2daee015dd66424f0f2c6dd73f66b585e7a66ca6; 16b5859ba8580ca1adb6fa44ed3f18caff538f74; f837e6ce4fc7c851b7442eab58e07fc398c580e9; 48f6bb1e62dfcd414baa6779a76ab11c21daa5ae; dda14f13444639647c5c35a9470a39c27f4cffe7; 69c5703e52c68dd5eb580d2b668ee0b35b6d5466; 913be9ea92a2faa90243779a7e81db8e85af6753; 0a856697f40bac32d4243320d95c8e614e82c7d1; ec19e0cbd1e338cb594ff25f856bf2f0de03658f; 03c0d461987d4fd94478cd8ef85e2e7488c6640f; 21110ddfb2dc3f4460f7eed2ec8facdce6cbc0f6; b1b47d0f8d0481b72f0b15ee7eabb282cd1ed27d; f5469a7ac527212edf6dd865d409e22050ef6a12; ea13ed9b14c2d49d1b32db9e1d4807bd6316c7ee; 9b5bc029f386e51d5eee91cf6a1f921f1404549f; 221588fa1352314476d258c4defc93ee58a52a2f; 30c9493f7d1cac027700a7fe610956c647c3516b; 25e6612d7700c76a460ba3bfc55e463a11393acd; 40cedf35c54a6441cd30c0156d29409143f70031; c36ca1249a5d8ed7823ca56251e6f6da935ca610; 65683857934df5bcba86c4f0ce3ceba9aff590a6; 51e1d10ad6e6c08b05b48b54e51edfec515c2dc7; 6a605ca172c4b261c9d30f1e517dc2621bb980e7; c985a7128d153dec175de1f185c8eb3dde7cca6d; 34b4c1a1949ec558b49c69673f285943e225a7f8; 5cdd46fe6a7ed71bacd22b156f8269a0519ec327; 5266950cd3ef5a39cabbc7319a7f102e8fcef528; 342fe6a6338e73fd4d34c4f37f41e3bbad274dd2; 43f9fa4e6e29765a6aace97c8aeb3f0271a721dc; ef336fe9c04559654936413f4910a54b7ae5028c; 49d1c81020acc5f7e1fb2590b36c06771d53f6ca; 23732086a0f61758e2d0a83cc1f08fa8940b9794; 518edf61a0d7d81895bf11529adfbeea4489c3cc,IEEE Access,2018,JournalArticle
efdeece346aec6f01faf75e2f9222eb7eed54de5,Permissioned Blockchain-Based Distributed Software-Defined Industrial Internet of Things,"Recently, rapid advances in information and communications technologies (ICTs) have improved the performance of software-defined industrial Internet of things (SDIIoT). Due to a variety of data, flows and smart devices in SDIIoT, a distributed SDN control plane is necessary. However, how to achieve consensus among controllers efficiently and safely is an intractable problem. In this paper, we use a permissioned blockchain approach to reach consensus in distributed SDIIoT. Since lots of data needs to be synchronized, and the throughput of traditional Byzantine fault tolerance protocol used in permissioned blockchain is limited by many aspects, i.e., the trust features of nodes in blockchain, the trust features of controllers in distributed SDIIoT, and the computing capacity of blockchain, we jointly consider these aspects to improve the throughput of permissioned blockchain. Accordingly, we formulate view change, access selection, and computing resources allocation as a joint optimization problem. This joint problem is highly dimensional, and is hard to be solved by traditional methods. Therefore, we propose a dueling deep Q-learning approach to address the problem. Simulation results show the effectiveness of our proposed scheme.",Chao Qiu; F. Yu; Fangmin Xu; Haipeng Yao; Cheng-lin Zhao,12,,2018 IEEE Globecom Workshops (GC Wkshps),2018,JournalArticle
fa790be3e78a4f8608bb16e7541d6f419570536e,Joint computation offloading and content caching for wireless blockchain networks,,Mengting Liu; F. Yu; Yinglei Teng; Victor C. M. Leung; Mei Song,54,,Conference on Computer Communications Workshops,2018,JournalArticle; Conference
fd8417feb41dcd706ceba457b5c58cc3f6516346,"Software‐Defined Networking, Caching and Computing",,F. Yu; Tao Huang; Garima Ameta,0,,"Integrated Networking, Caching, and Computing",2018,
012f673e13e4deac8aa9abe0db455109b2f0113d,Collusive Eavesdropping in Interference Alignment Based Wireless Networks,,Nan Zhao; F. Yu; Yunfei Chen; Victor C. M. Leung,8,,IEEE Transactions on Wireless Communications,2017,JournalArticle
07db888c074d14633b155ea79888da7733a3e5c5,Random Access and Virtual Resource Allocation in Software-Defined Cellular Networks With Machine-to-Machine Communications,,Meng Li; F. Yu; Pengbo Si; Enchang Sun; Yanhua Zhang; Haipeng Yao,48,,IEEE Transactions on Vehicular Technology,2017,JournalArticle
1507ab561a6296c41c2c7c88c725668ab3a3f025,Resource Allocation in Software-Defined and Information-Centric Vehicular Networks with Mobile Edge Computing,,Ying He; C. Liang; Zheng Zhang; F. Yu; Nan Zhao; Hongxi Yin; Yanhua Zhang,31,,IEEE Vehicular Technology Conference,2017,JournalArticle; Conference
1ae0cc66019fd6c63c741c806c1a2717d02ac2ed,Effective software-defined networking controller scheduling method to mitigate DDoS attacks,,Qiao Yan; Q. Gong; F. Yu,53,,,2017,
1d1c31aa31398e3f75f7a9f31ad5b9fd2bbfb97a,Joint Resource Allocation in Cache-Enabled Small Cell Networks with Massive MIMO and Full Duplex,,Zhiyuan Tan; Xi Li; F. Yu; Hong Ji; Victor C. M. Leung,5,,Global Communications Conference,2017,JournalArticle; Conference
2313c18b33cea6ad50ffb698aaf2b68d8cb2b448,Beneficial jamming design for interference alignment networks,,Jing Guo; Yang Cao; Zhutian Yang; Nan Zhao; F. Yu; Yunfei Chen; Victor C. M. Leung,2,,International Conference on Wireless Communications and Signal Processing,2017,JournalArticle; Conference
29d6e7cad852ef001382ea8a760933c6c03320de,A cooperative video-streaming transmission strategy in information-centric networks,,Xiaonan Liu; Nan Zhao; F. Yu; Yunfei Chen; Victor C. M. Leung,3,,International Workshop on Signal Processing Advances in Wireless Communications,2017,JournalArticle
2ca131ad24fde6ecd879d8104fdb5e9ae9f76fb8,Double Auction Based Multi-Flow Transmission in Software-Defined and Virtualized Wireless Networks,,Di Zhang; Zheng Chang; T. Hämäläinen; F. Yu,26,,IEEE Transactions on Wireless Communications,2017,JournalArticle
2e849324ef44c111b51b59f8a636e7ed8e4e608f,Cross-Layer Power Allocation in Nonorthogonal Multiple Access Systems for Statistical QoS Provisioning,,Gang Liu; Zheng Ma; Xianhao Chen; Z. Ding; F. Yu; P. Fan,28,,IEEE Transactions on Vehicular Technology,2017,JournalArticle
43c6a04fb198b47161706c301831ca17e363e6a1,To Align or Not to Align: Topology Management in Asymmetric Interference Networks,,Nan Zhao; Xinyu Zhang; F. Yu; Victor C. M. Leung,19,,IEEE Transactions on Vehicular Technology,2017,JournalArticle
63102ee0123f28728fb1d084582eb63adb92f226,Exploiting Adversarial Jamming Signals for Energy Harvesting in Interference Networks,,Jing Guo; Nan Zhao; F. Yu; Xin Liu; Victor C. M. Leung,95,,IEEE Transactions on Wireless Communications,2017,JournalArticle
642acaa62536ab8fb60a96962320d597b46bd4c4,Resource Allocation for Information-Centric Virtualized Heterogeneous Networks With In-Network Caching and Mobile Edge Computing,,Yuchen Zhou; F. Yu; Jian Chen; Yonghong Kuo,143,,IEEE Transactions on Vehicular Technology,2017,JournalArticle
6a6bde35c49b5ed5d32ee95c569c648897924c32,Video Rate Adaptation and Traffic Engineering in Mobile Edge Computing and Caching-Enabled Wireless Networks,,C. Liang; Ying He; F. Yu; Nan Zhao,8,,IEEE Vehicular Technology Conference,2017,JournalArticle; Conference
73d544f72a30541efc11288eb4ac7932d95538b7,Artificial Noise Assisted Secure Interference Networks With Wireless Power Transfer,,Nan Zhao; Yang Cao; F. Yu; Yunfei Chen; Minglu Jin; Victor C. M. Leung,92,,IEEE Transactions on Vehicular Technology,2017,JournalArticle
8b6fed9ba9d561b57c8895e60c83ea7607e31ab1,Disrupting Anti-Jamming Interference Alignment Sensor Networks with Optimal Signal Design,,Jing Guo; Nan Zhao; F. Yu; Shun Zhang; Zhutian Yang; Victor C. M. Leung,5,,IEEE Sensors Letters,2017,
90ec9ea5b9be1b5d399cdd6eb7dc52139e04f7b5,Internal Collusive Eavesdropping of Interference Alignment Networks,,Nan Zhao; F. Yu; Yunfei Chen; Bingcai Chen; Victor C. M. Leung,4,,IEEE Vehicular Technology Conference,2017,JournalArticle; Conference
9da4df00780136ea1b9d0885b85f1fd8dfe874fc,Deep-Reinforcement-Learning-Based Optimization for Cache-Enabled Opportunistic Interference Alignment Wireless Networks,"Both caching and interference alignment (IA) are promising techniques for next-generation wireless networks. Nevertheless, most of the existing works on cache-enabled IA wireless networks assume that the channel is invariant, which is unrealistic considering the time-varying nature of practical wireless environments. In this paper, we consider realistic time-varying channels. Specifically, the channel is formulated as a finite-state Markov channel (FSMC). The complexity of the system is very high when we consider realistic FSMC models. Therefore, in this paper, we propose a novel deep reinforcement learning approach, which is an advanced reinforcement learning algorithm that uses a deep <inline-formula><tex-math notation=""LaTeX"">$Q$</tex-math></inline-formula> network to approximate the <inline-formula><tex-math notation=""LaTeX"">$Q$</tex-math></inline-formula> value-action function. We use Google TensorFlow to implement deep reinforcement learning in this paper to obtain the optimal IA user selection policy in cache-enabled opportunistic IA wireless networks. Simulation results are presented to show that the performance of cache-enabled opportunistic IA networks in terms of the network's sum rate and energy efficiency can be significantly improved by using the proposed approach.",Ying He; Zheng Zhang; F. Yu; Nan Zhao; Hongxi Yin; Victor C. M. Leung; Yanhua Zhang,257,,IEEE Transactions on Vehicular Technology,2017,JournalArticle
9f280938b2904884ab972b13b0cb115eab26788f,Antijamming Schemes for Interference-Alignment-Based Wireless Networks,,Nan Zhao; Jing Guo; F. Yu; Ming Li; Victor C. M. Leung,37,,IEEE Transactions on Vehicular Technology,2017,JournalArticle
9ff92e4449de510c6c087b12f1c5f42a37a3d9ce,Power Allocation for Full-Duplex Cooperative Non-Orthogonal Multiple Access Systems,,Xianhao Chen; Gang Liu; Z. Ding; F. Yu; P. Fan,18,,Global Communications Conference,2017,JournalArticle; Conference
b05102b254f44ce86da8dfae234cc44ebde93f15,FlowTrace: measuring round-trip time and tracing path in software-defined networking with low communication overhead,,Shuo Wang; Jiao Zhang; Tao Huang; Tao Huang; Jiang Liu; Yunjie Liu; Yunjie Liu; F. Yu,9,,Frontiers of Information Technology & Electronic Engineering,2017,JournalArticle
ba10baf698660782d07306b4bb2f2d6f579de8d9,Energy-efficient M2M communications with mobile edge computing in virtualized cellular networks,,Meng Li; F. Yu; Pengbo Si; Haipeng Yao; Enchang Sun; Yanhua Zhang,17,,2017 IEEE International Conference on Communications (ICC),2017,JournalArticle; Conference
bc8d06e147542cadca226fd64c117b933724843d,Virtual Resource Allocation for Heterogeneous Services in Full Duplex-Enabled SCNs With Mobile Edge Computing and Caching,,Zhiyuan Tan; F. Yu; Xi Li; Hong Ji; Victor C. M. Leung,87,,IEEE Transactions on Vehicular Technology,2017,JournalArticle
c572d23c82fca3b4fa9909b2f3812db80c20e2e1,Game Theoretic Framework for Energy Cooperation in Wireless Sensor Networks with Energy Harvesting and Wireless Power Transfer,,Qiao Li; Yifei Wei; Mei Song; F. Yu,4,,Ad Hoc Sens. Wirel. Networks,2017,JournalArticle
cac26d1adf874d2df4653bc7bb8164dc6a66482e,Virtual resource allocation for information-centric heterogeneous networks with mobile edge computing,,Yuchen Zhou; F. Yu; Jian Chen; Yonghong Kuo,5,,Conference on Computer Communications Workshops,2017,JournalArticle; Conference
cb8cbfcae534414bef06ee2b67087ea17b11b4bc,Virtual resource allocation for heterogeneous services in full duplex-enabled small cell networks with cache and MEC,"In the area of full duplex (FD)-enabled small cell networks, limited works have been done on consideration of cache and mobile edge communication (MEC). In this paper, a virtual FD-enabled small cell network with cache and MEC is investigated for two heterogeneous services, high-data-rate service and computation-sensitive service. In our proposed scheme, content caching and FD communication are closely combined to offer high-data-rate services without the cost of backhaul resource. Computing offloading is conducted to guarantee the delay requirement of users. Then we formulate a virtual resource allocation problem, in which user association, power control, caching and computing offloading policies and resource allocation are jointly considered. Since the original problem is a mixed combinatorial problem, necessary variables relaxation and reformulation are conducted to transfer the original problem to a convex problem. Furthermore, alternating direction method of multipliers (ADMM) algorithm is adopted to obtain the optimal solution. Finally, extensive simulations are conducted with different system configurations to verify the effectiveness of the proposed scheme.",Zhiyuan Tan; F. Yu; Xi Li; Hong Ji; Victor C. M. Leung,10,,Conference on Computer Communications Workshops,2017,JournalArticle; Conference
cf4872d53320d01024cbf5cd67574297135b08f0,A novel context-aware recommendation algorithm with two-level SVD in social networks,,Laizhong Cui; Wenyuan Huang; Qiao Yan; F. Yu; Zhenkun Wen; N. Lu,43,,Future generations computer systems,2017,JournalArticle
cfeb8bd36c891845f62624729f1f3257f0b4bd52,Handoff Performance Improvements in an Integrated Train-Ground Communication System Based on Wireless Network Virtualization,,Li Zhu; F. Yu; T. Tang; B. Ning,17,,IEEE transactions on intelligent transportation systems (Print),2017,JournalArticle
d7b17babe99cd8575f5f791b069f80d11d3ddb13,Dynamic Quality Adaptation and Bandwidth Allocation for Adaptive Streaming Over Time-Varying Wireless Networks,,Yashuang Guo; Qinghai Yang; F. Yu; Victor C. M. Leung,25,,IEEE Transactions on Wireless Communications,2017,JournalArticle
dd912f6900aa476c1f7477e0a61bd743d6279362,Information-Centric Wireless Networks with Mobile Edge Computing,"In order to better accommodate the dramatically increasing demand for data caching and computing services, storage and computation capabilities should be endowed to some of the intermediate nodes within the network. In this paper, we design a novel virtualized heterogeneous networks framework aiming at enabling content caching and computing. With the virtualization of the whole system, the communication, computing and caching resources can be shared among all users associated with different virtual service providers. We formulate the virtual resource allocation strategy as a joint optimization problem, where the gains of not only virtualization but also caching and computing are taken into consideration in the proposed architecture. In addition, a distributed algorithm based on alternating direction method of multipliers is adopted to solve the formulated problem, in order to reduce the computational complexity and signaling overhead. Finally, extensive simulations are presented to show the effectiveness of the proposed scheme under different system parameters.",Yuchen Zhou; F. Yu; Jian Chen; Yonghong Kuo,5,65a4fe9b1b7916070af8f8f1150c217bfdc82ca8; 57d488f0912c12fbfbcd329ee135f2f27ab3a65b; 3149e65ebd8f3c0bbab410c8c0733a00a842cde4; 2984fe10529ef05e0cd48bee32b71879e81e1260; c4cf306d0c86c04462d1d4ce08dd088c53ab00a4; 0d88252e3a8777618d680fbb7fe64f8c1bdd1483; 3e9d98b6a03dd55e5a250b8e4a63c517de53a322; ea13ed9b14c2d49d1b32db9e1d4807bd6316c7ee; b6f4d3729eddae4bfbff52d5c2be4d0eb4b199b4; 5131dd831374bee83a7f606b00ca9c9690aa0338; 9b5bc029f386e51d5eee91cf6a1f921f1404549f; f04753fd75e1ae3eab0f7be2045c86e7d2ca6c73; 6021e2ae28b043fefbadacf9668de2a40afc1eed; a2794f31477825ace079b62ea1ce199931c2dc38; ae56a02c4565650c2090aa6a8591417afbf0d769; 954e90bd949f211bc0184e29abbb10a6053a4b39; 2de8e6edd018feaddd5a3b5cb89430388e40a4f5; 5faa1df692e6d3abf37b1f97269d5445890a09c8; 3c14a856da85620eb2d37d39572a9cb903ee6883; 403210e2a76e42a7346939965ffd995c1ab8ff10; 6d8fe5fa64a635ddc79d3a6201d7c72bb6322c2f,arXiv.org,2017,JournalArticle
dfc43d48e8b4ac214a6909d2aa4a1388f019684d,Grouping and Cooperating Among Access Points in User-Centric Ultra-Dense Networks With Non-Orthogonal Multiple Access,,Yiming Liu; Xi Li; F. Yu; Hong Ji; Heli Zhang; Victor C. M. Leung,70,,IEEE Journal on Selected Areas in Communications,2017,JournalArticle
e18f6f1773a1aa5c5b50be1827d63fb6ac6d0326,Power Allocation for Cooperative Non-Orthogonal Multiple Access Systems,,Xianhao Chen; Gang Liu; Zheng Ma; F. Yu; Z. Ding,18,,Global Communications Conference,2017,JournalArticle; Conference
e3274a55f616add056ed997c37cef9b37c2ff3c6,Securing Outsourced Data in the Multi-Authority Cloud with Fine-Grained Access Control and Efficient Attribute Revocation,,Junwei Zhou; Hui Duan; K. Liang; Qiao Yan; Fei Chen; F. Yu; Jie-Jun Wu; Jianyong Chen,21,,Computer/law journal,2017,JournalArticle
e383669784efddf29dfd643a5462feb0ff9171b8,Heterogeneous Services Provisioning in Small Cell Networks with Cache and Mobile Edge Computing,"In the area of full duplex (FD)-enabled small cell networks, limited works have been done on consideration of cache and mobile edge communication (MEC). In this paper, a virtual FD-enabled small cell network with cache and MEC is investigated for two heterogeneous services, high-data-rate service and computation-sensitive service. In our proposed scheme, content caching and FD communication are closely combined to offer high-data-rate services without the cost of backhaul resource. Computing offloading is conducted to guarantee the delay requirement of users. Then we formulate a virtual resource allocation problem, in which user association, power control, caching and computing offloading policies and resource allocation are jointly considered. Since the original problem is a mixed combinatorial problem, necessary variables relaxation and reformulation are conducted to transfer the original problem to a convex problem. Furthermore, alternating direction method of multipliers (ADMM) algorithm is adopted to obtain the optimal solution. Finally, extensive simulations are conducted with different system configurations to verify the effectiveness of the proposed scheme.",Zhiyuan Tan; F. Yu; Xi Li; Hong Ji; Victor C. M. Leung,5,4d4dba2297924bdd019284b75499d8f6b0ddcc2a; 6978d8227b4af0613243813857f87a536faba0b4; a1d2c414515df6e2d2b42a5657eaffa0f871af5d; 8e744cc2ba61ff36d96a26228511362d144ab09d; 3149e65ebd8f3c0bbab410c8c0733a00a842cde4; 33e8ae4953e9589216b250597d6dfc740805f103; 0d88252e3a8777618d680fbb7fe64f8c1bdd1483; a211ff2362a316f2ef83e8fead020622ecf8c716; 71faacf3d22bafe7047388e9e0aecea73dba9c81; eb5cebf4360d836d7db4835e6fcaae2f9aa92cfc; ea13ed9b14c2d49d1b32db9e1d4807bd6316c7ee; ecfa0452164fc39e6b1d63b7e298e1b74582ef8e; 9b5bc029f386e51d5eee91cf6a1f921f1404549f; 4f4b71920b4f7fe06a8dc159aff6259212e6cbc7; 6021e2ae28b043fefbadacf9668de2a40afc1eed; a2794f31477825ace079b62ea1ce199931c2dc38; ae56a02c4565650c2090aa6a8591417afbf0d769; 954e90bd949f211bc0184e29abbb10a6053a4b39; 2de8e6edd018feaddd5a3b5cb89430388e40a4f5; 5faa1df692e6d3abf37b1f97269d5445890a09c8; 7acbd783b7eb13f9c71c624160e265d2d2d6fa0c; 403210e2a76e42a7346939965ffd995c1ab8ff10; 6d8fe5fa64a635ddc79d3a6201d7c72bb6322c2f,arXiv.org,2017,JournalArticle
eb375c9044ee9404a20a399587fc0e816a4db987,Joint Access Selection and Resource Allocation in Cache-Enabled HCNs with D2D Communications,,Zhiyuan Tan; Xi Li; F. Yu; Lei Chen; Hong Ji; Victor C. M. Leung,19,,IEEE Wireless Communications and Networking Conference,2017,JournalArticle; Conference
f3bd90e3abca150b8ecb5805375ca4d8fd2bb6fa,"Exploiting Interference for Energy Harvesting: A Survey, Research Issues, and Challenges","Interference is one of the fundamental aspects that makes wireless communication challenging, which has attracted great research attention for decades. To solve this interference problem, many interference management (IM) techniques have been developed. Nevertheless, interference can also provide some benefits to wireless networks if it is properly utilized according to the latest research advances. Wireless signal can carry information as well as energy, and thus the redundant resource of interference can be exploited using energy harvesting (EH) to provide the power to support the operation of wireless nodes. In this paper, we provide a comprehensive survey on the research works of exploiting interference for wireless EH. Some fundamental aspects are first reviewed, including the receiver architecture, antenna dimension, network topology, and IM techniques, for wireless EH systems that exploit interference. Then, two IM techniques for wireless EH, beamforming optimization and interference alignment, are discussed in detail. In addition, several research issues are also presented, including the adversarial jamming signal and artificial noise for EH. Finally, some research challenges of exploiting interference for wireless EH are discussed.",Nan Zhao; Shun Zhang; F. Yu; Yunfei Chen; A. Nallanathan; Victor C. M. Leung,126,73d544f72a30541efc11288eb4ac7932d95538b7; 9f280938b2904884ab972b13b0cb115eab26788f; 63102ee0123f28728fb1d084582eb63adb92f226; 9df7a07d6941477cfbab6c0171ba7543358cf76b; 2d345a28f4a3bac726266406b5bfe0d092de9029; 1b05b32df5b799fe2045866199862167563ecc94; 5065f032e0b386284114c0466e4e60a1eafa06e2; 648de6f4e8548d95bb7f10e4d7ec393666262e9b; fba43ded064b4927734c6e8844e8772c347293f2; b8de9d13565f7b31e36afc0cfb564396af4dbeb5; 74251361c4251668e734a19d0c66702c7cc0c01d; 0e376f1156a97bb729621501d3617ae9ee177a72; 5d1ea9e36e75adc7b15c498328133430d49576fa; cb35a9d2d1dfcf97df89d4aa451ae71592334910; d03b3084306b1d51df62d59b6f8a35bd0bdaa473; 663de2a26ee1ebf1dbc5e0afa74db9dac65f712c; 8a13d8a53d4b3ffb591dff1668e4784e815f27e4; a7a876d79d023c4fff64b397a77e8c1988b397ab; cc42ded7594caf3d6b4ad110bd69fd4c86489cd9; c0f49b4000112cc616bdbcd3798ef4be676bd31b; f1ed722cb56ab6e1e47a58161742b32a3e5384c8; 3f8572eaada3bf2a94a29649fc1af5a8f0883bfe; 3de40e6fa4c70776afd9de9e6e7de3fb96fbaa7c; 203fa7f6fcc0d581cd508c4f9cc289428be2b4b2; 3ab669d23ccbe45542fab0c4379fdcd3886f857a; bbcdac4a8e22de03b2102df2defeb121702cfd3c; dcb96c21be816a6324f850088f9adba18b19bdf4; e3330d0da42acd1856149d3d6778367b36cbd5c5; 68f8fc8c5d1fe05b5326f0957ec4c0117e88678b; 3cb80b8887fd4d4d7e09e198c2628b12b9d8c831; d144e7bd84b4f46ae1c419197365c3a01370e394; 57ba9012e4b9908a01280f9d6044bcb44f343948; 0a57b7b5bd94f0148c40eda4a286205a9cd14dce; 25d3308a41e64dcaa8bf151b3e76da05608fe5b8; 49701e2f5f0a4de8a5258796bad8d4b3f3602a77; cc414d7185e5f9223aecc766bf9eca063eea760d; c89ab2fe3eddbd26e41c0f31bbc0dfd27a373b3b; aaf14bb678e28879ddb6f533a087fd7f2b7d4b54; 8b7856bdb57253eb909c8c0ed23ea55aaa577a05; 89726009371df933bd1113e0a463449d625ba7cc; 9a076c8255227057e99763a76013d7e054fa0522; ab03b3a619bafc9d09d5b85829525a6ddcd62055; 21511050302ee496f3e606710c417e89922d097c; 3f7798cc3eacaf1aaaef9147d29e724a1fc85afa; 92f170073d5e87f819d7603b4a3888a4af789eae; df8b234cfe47ac4f5beee8c6bd673e91fec3edaf; c80bcec3797eddbe7e7c4d64b883afaee58f8719; 363c9f29f7d9e698be4278b533d9441acf0175f4; 86edc9fa9c1bdda6439096566cca1959574ef9ce; 2464047a6a4bcf72cc2406fc9b15e62a909e9770; b680d8faf481d5cba0ccb7310e02dcb856014444; 25346848f2319c660fbf10e4cb1c1398ca2a033b; 8c3725b8a118ccc97fd218566927d0bcab23fbda; 24099929cf5322061afbbb9698e6c72ab14471cc; 282d087363670350768c3f4d7c28995df1d6560f; 867e3d98977d9fe67ab21606e019707e2dc90aae; 544544714a82e91688e8738c2575cc2def2e81fb; 29d3be399b98a01f2cac8d72aab5ca1c2c45ed50; b7ecc657d902a1700da1cd9894433a0cf1031fdd; 171a90143fb90b81f09bb1dfe43b507256310122; 06cd074e0c65d46a5c67a47e3cc13524b19223b8; 65ef995f70f6cdd94885b123a30668b5d716b208; 5b74792a240eb2499d2d0ab5e9c996c3952675ae; 544981f84510238ccc101cc1febac347c83d4ece; b17a8b777dd936e0f9c453e784bffb4b1604d797; 93f43c274e2c0a472db5164292be7b74f547218f; 1a81bd537bcb80151f2eba1f08af352090380aae; 3efc09b0f21f86970643795ff3df54f5cdb2b15e; 7fe7c187b9cab2929b2f814b049577533140035f; 6856edede28aaeb4e22f44cb7577a49f7fb77dfb; 25527027b8737315e724a2ae01763a528de1ea4b; 77d6d599ec95c795f100886f1b9408107e85f7a9; 782e3e2786f92cba591822dd3f72cb34eca7cd56; 1c0b7a1f01011a9e5041d5fe16c6b3356ccfe5f5; cbdb76f576d0178d8feb593bf05ebdf19bbbe8e0; 4c804797dea2a6768323392b1f668de7a3253caa; 36391df77a47448c4ea1fab22c76c3c7dada1670; e18ac4e9e6593081774961f29db30ca4961728df; c7e19583f8ab4e9dfca87ef7529fb5ef5e0e9762; c78e11adc5ce7ed992cd562211d7c981486d56d0; 612e43e31375986892d98d13306130453fe79bf7; 358fec7eddb2d069bbce23335a2d886a87b6e7e7; 5ceddcac7d31bf13afca401b59f9fd650c31524f; f3652de24ad43f84483a310cf6772e165c85cefe; 374e0492d3109346557ae1f5b0166c5e6688aae4; efb037cdcb7e7b8b695e776a17cad031739f68e1; a2794f31477825ace079b62ea1ce199931c2dc38; 20fcc2ae6e1585b5fc53692da623e621c0640711; 7de2e2efda9b4379f406bb71f22d52419cc69f0e; ec001df4ae41cbe6998dc6d7122fae3e7cf9b571; 5b32334e574882a62c9c209987d2cbf524917ee8; 20782ccffca145acb851c5f24c2f08fb95542170; ce65a6863b5f8ce0c5a67ca7c89df2039b135483; 44568c00d686faed35a5030dfa30ae3bc9901a5e; 65ca18cb9a02acefca12c30f06fff2f6de53065d; e8ff8a0aa1b615ffdf4ad74946e6b9676aeff3db; bce3c160ec743c68f622a1c5e764c39fed4bc53c; 62405c029dd046e509ca577cc3d47fe6484381b3; d17e33010d51babfd97c89879ce82a32cf51fd6e; 602905a5f42f77ef16cd160fac9a3fe33abbb845; 3ca59771a20196fcfa209124b88c99180190f77a; 7b2d109aff1242f0f57355a4bdc06f8089dbd495; 973dbd1c4c354f022512fa81f564e1095e4ca8c8; aa2969c34f0bd17c5d512840e669fb60c6e654d3; fda8c1e5080a45613d9c74718ccc2b5ab86d5c00; 0539cd9ce0819c4f3478fafdc34e8910d902409d; e4106972e33a47e94363e6fefd9ee0eca2fe9a6c; 721c51172206513d27340190b3bd5ac2217cbb60; bc053174f3dc8614224ba40ed974892ccd3bc207; 64d1f0d4735bc78293423a77055fdd25821864ce; 81a7c608200529a0940420e0f6922352fe261f06; 5038d259157c9fe205259f3705ac856fd1e7e021; b7362fbfe57d6339401bf1f098a049f13e465b50,IEEE Access,2017,JournalArticle; Review
f8f756d29245b15c191368bfc04eea4ff35c1cc0,Software-Defined Networks with Mobile Edge Computing and Caching for Smart Cities: A Big Data Deep Reinforcement Learning Approach,,Ying He; F. Yu; Nan Zhao; Victor C. M. Leung; Hongxi Yin,297,,IEEE Communications Magazine,2017,JournalArticle
fa7bbec34d0f93776bb743532ff42243c04f88c9,The inhibition model of DDoS attacks in SDN networks,,Qiao Yan; Q. Gong; F. Yu,0,,,2017,
0869758b64135d882c6037ed22734b62c331a331,A double auction mechanism for virtual resource allocation in SDN-based cellular network,,Di Zhang; Zheng Chang; F. Yu; Xianfu Chen; T. Hämäläinen,20,,"IEEE International Symposium on Personal, Indoor and Mobile Radio Communications",2016,JournalArticle
0d8426ba72cb872062b1a87140f8cb2c2324ba65,Big Data Analytics in Mobile Cellular Networks,"Mobile cellular networks have become both the generators and carriers of massive data. Big data analytics can improve the performance of mobile cellular networks and maximize the revenue of operators. In this paper, we introduce a unified data model based on the random matrix theory and machine learning. Then, we present an architectural framework for applying the big data analytics in the mobile cellular networks. Moreover, we describe several illustrative examples, including big signaling data, big traffic data, big location data, big radio waveforms data, and big heterogeneous data, in mobile cellular networks. Finally, we discuss a number of open research challenges of the big data analytics in the mobile cellular networks.",Ying He; F. Yu; Nan Zhao; Hongxi Yin; Haipeng Yao; R. Qiu,167,ff5f5259ac150540f5140744f016767347a0fc85; 30f41d8e41f2784a93328c87319ff93704d7a3e8; c48e0bd0f36c25ab83befbc7b7da369b75fd25f5; f77331fc287e4bc76c4b3c464121ec6453fd448b; 21431fefe9ab4613c9e606c50d5f9fa8ff8923bd; 06eeb2563817db7f90842da1f98f8cec89b8ead3; ecd3f15aab9cb3c2c789650ae9909cbc5aba87d1; c3aa26e6b39625ccc95b67df7cbe94cf32a0d1de; b6afae82a0ae116905549a538584e9c45c161e1b; d6a2022ef7917ea04cdb8324a56322a115914975; eb5cebf4360d836d7db4835e6fcaae2f9aa92cfc; 3784b73a1f392160523400ec0309191c0a96d86f; 721fa15ca3b282f6079d462adc798ebaa96c39aa; 1e92bb651fe9e7d7e9efca78b89077018d6fb1c4; 6313a9eaa8c8676da8af06879f4c1d9cffe8685f; 13f5588e5a745e15e4176fd6c47c8f5befc19605; aec372fd2af3de28e896165e04ec86a26d0ae61d; 9b5bc029f386e51d5eee91cf6a1f921f1404549f; 83bb3878e6d67199ff991b9e6f52dd383895e4fc; 7b177f600692fba544ca91b08efa32be98f05413; 0428ce8488263c571c7790f390e1753765f8873c; a099362965a663cb75bd7ab184a99b2659d66a13; 8451e8c09b7b012109089d7f858044b6e6697e72; bb4c0c2e1d27b544c5a68774a5facb4730dbe8f8; 33345aed4d19923d792eeaf7c804b51961358fe5; d6ac5e90308272a8ab78435f8b2d618c35ba8ede; 51213ca032099d83a21978a5b515a71cac603c42; 2820973cf69daba62547f76de082bed5e1c646e6; 5689a6dd1bfe02e7a822ad8ad0ea4db1bf570d8a; abd8dd992b4bc6ec00b9e2e91673f7e377ab1a98; 4489f35493a841c17dace628a626cc29ba0b8211; 17d15464f5d8507aacd17d48d0fa4d0ede32826d; e574b971a143dc013ccfe8308a2040941aec39ce; 3c1f1e9736153643cf6a5a7f95a4178fbacacd25; 631cbc79866e324209c373aeba21c4447ea81d58; 4406c54f40e0f73db2180704d454951649df32f2; 9d4e83db13ea001165d8968a3e869e8716c78377; 77363e5a538ca1f057c564a93016cad7b1cdb2a1; 8e6dd3e33a0132525bf9aa9e10a77678b7f42b80; d1fb239b65eab0ee1d1be949a0c2afe992af3da6; 2e47b6f755559b80c2dbb0493751f9b5c7f2b8e8; 39a399cf7d76455e3c4e0fd5d44ca7636f3e0b82; a7b2cba1165e7b9032727b29865a5c50ff995b0d; 79bc11c70e48ad690897a25cbb0d0545bf7fc64d; 0440b8ca90d8e5e0a2b38e825a1d9850214f9749; 5820af67f2850a821b78e5b7fd0cf75e4065a4a7; 70df86da66fd008df3d799fccb606d40ec401c08; 4c2fedecddcae64514ad99b7301ad6e04654f10d; 404f4095b86b12e2dd33a79fbb737171783ba955,IEEE Access,2016,JournalArticle
13a8f2bda221bf97ed2402c9f7accfdc81946b22,Virtual Resource Allocation in Information-Centric Wireless Networks With Virtualization,,C. Liang; F. Yu; Haipeng Yao; Zhu Han,103,,IEEE Transactions on Vehicular Technology,2016,JournalArticle
17a4e9f2dd01cd45c8e6114a65533589053abf60,"Communications, caching, and computing oriented small cell networks with interference alignment",,Nan Zhao; Xiaonan Liu; F. Yu; Ming Li; Victor C. M. Leung,97,,IEEE Communications Magazine,2016,JournalArticle
197772a4fb95a98603ebe3178bf05ec8f8452775,Information-Centric Wireless Networks with Virtualization and D2D Communications,"Wireless network virtualization and ICN are two promising technologies for next generation wireless networks. Although some excellent works have focused on these two technologies, D2D communications have not beeen investigated in information-centric virtualized cellular networks. Meanwhile, content caching in mobile devices has attracted much attention due to the saved backhaul consumption or reduced transmission latency in D2D-assisted cellular networks. However, when it comes to the multi-operator scenario, direct content sharing between different operators via D2D communications is typically infeasible. In this article, we propose a novel information-centric virtualized cellular network framework with D2D communications, enabling not only content caching in the air, but also inter-operator content sharing between mobile devices. We describe the key components in the proposed framework, and present the interactions among them. We incorporate and formulate the content caching strategies in resource allocation optimization, to maximize the total utility of mobile virtual network operators (MVNOs) by caching popular content in mobile devices. Simulation results demonstrate the effectiveness of the proposed framework and scheme with different system parameters.",Kan Wang; F. Yu; Hongyan Li; Zhengquan Li,23,ff5f5259ac150540f5140744f016767347a0fc85; a37c433eee545b0e9c81b686dbb12b7965b89cd3; 22b84819f2e7f02c97e3121b69d95cde872907fd; eb5cebf4360d836d7db4835e6fcaae2f9aa92cfc; 9b5bc029f386e51d5eee91cf6a1f921f1404549f; 1fa1cd2a3416aac0093ab1c5c486b2a350e7f666; 5604ab4a2750395327f78af6f6f0c5a035cf7933; 4cfcd6f7029f7d958176dab50ea901a043cdbbbf; 51f2804e45e9135006923a18da75b6a937335c31; ee6bbd2dfbf402a6315b286f4874b691da36728a; 1463087ef4fdd90ab849e2d0bc0118ae1bc8e1a7; a2794f31477825ace079b62ea1ce199931c2dc38; 50204a2f6c84d94f00adae586dd15e7d24b4d8e2; 5faa1df692e6d3abf37b1f97269d5445890a09c8; 6d8fe5fa64a635ddc79d3a6201d7c72bb6322c2f,IEEE wireless communications,2016,JournalArticle
1b05b32df5b799fe2045866199862167563ecc94,Anti-Eavesdropping Schemes for Interference Alignment (IA)-Based Wireless Networks,,Nan Zhao; F. Yu; Ming Li; Victor C. M. Leung,73,,IEEE Transactions on Wireless Communications,2016,JournalArticle
1f740531d7c443fbc3811e86eae5dd3248562afb,Virtual Resource Allocation in Software-Defined Information-Centric Cellular Networks With Device-to-Device Communications and Imperfect CSI,,Kan Wang; Hongyan Li; F. Yu; Wenchao Wei,63,,IEEE Transactions on Vehicular Technology,2016,JournalArticle
2360377987e2b0bf865975fc7a71cd40001a21a1,Software-defined and Virtualized Cellular Networks with M2M Communications,"Machine-to-machine (M2M) communications have attracted great attention from both academia and industry. In this paper, with recent advances in wireless network virtualization and software-defined networking (SDN), we propose a novel framework for M2M communications in software-defined cellular networks with wireless network virtualization. In the proposed framework, according to different functions and quality of service (QoS) requirements of machine-type communication devices (MTCDs), a hypervisor enables the virtualization of the physical M2M network, which is abstracted and sliced into multiple virtual M2M networks. Moreover, we formulate a decision-theoretic approach to optimize the random access process of M2M communications. In addition, we develop a feedback and control loop to dynamically adjust the number of resource blocks (RBs) that are used in the random access phase in a virtual M2M network by the SDN controller. Extensive simulation results with different system parameters are presented to show the performance of the proposed scheme.",Meng Li; F. Yu; Pengbo Si; Enchang Sun; Yanhua Zhang,0,,arXiv.org,2016,JournalArticle
281cde523911e6f175ab5b0581da8c3f6aa9598c,An Integrated Train–Ground Communication System Using Wireless Network Virtualization: Security and Quality of Service Provisioning,,Li Zhu; F. Yu; T. Tang; B. Ning,23,,IEEE Transactions on Vehicular Technology,2016,JournalArticle
2b8a1921ad453e30926f45bc98ad8ab85082b80b,Dynamic Resource Allocation in Next Generation Cellular Networks with Full-Duplex Self-backhauls,"With the dense deployment of small cell networks, low-cost backhaul schemes for small cell base stations (SBSs) have attracted great attentions. Self-backhaul using cellular communication technology is considered as a promising solution. Although some excellent works have been done on self-backhaul in small cell networks, most of them do not consider the recent advances of full-duplex (FD) and massive multiple-input and multiple-output (MIMO) technologies. In this paper, we propose a self-backhaul scheme for small cell networks by combining FD and massive MIMO technologies. In our proposed scheme, the macro base station (MBS) is equipped with massive MIMO antennas, and the SBSs have the FD communication ability. By treating the SBSs as \textit{special} macro users, we can achieve the simultaneous transmissions of the access link of users and the backhaul link of SBSs in the same frequency. Furthermore, considering the existence of inter-tier and intra-tier interference, we formulate the power allocation problem of the MBS and SBSs as an optimization problem. Because the formulated power allocation problem is a non-convex problem, we transform the original problem into a difference of convex program (DCP) by successive convex approximation method (SCAM) and variable transformation, and then solve it using a constrained concave convex procedure (CCCP) based iterative algorithm. Finally, extensive simulations are conducted with different system configurations to verify the effectiveness of the proposed scheme.",Lei Chen; F. Yu; Hong Ji; B. Rong; Victor C. M. Leung,2,a6e84c0713ae22455191a70e6ab7f89266ac1cb6; 7a02af43264822d7a7b856ad0760989ed07a1289; 97f32c880a5504543b64507d370646357b6bf335; ecfa0452164fc39e6b1d63b7e298e1b74582ef8e; 9b5bc029f386e51d5eee91cf6a1f921f1404549f; ae5db7899e491f6f68c61e6aa7faa95631be1c82; 03a535c5ad71aa26fd7620fefc3fbeb23260c098; 09d19c0f2229b16d3cbc22d6b9b8425017c6058c; 5e7838bf1b9b8e1ea53491df919ebd0ef5bdb378; 501f7759783b48f1e1ec097d072c4039794b15ae; d4d0f01e2a23f2bcb558519dbd49127f2ce0c5e0; 5464d46e92bc39e83b0ca218b23212bf28b179eb; e0dbad7fa1bd8886f6eeede47076db3a358bb4c8; 7a07a029cc73f1a3882fa00d64e5f6b447505a01; cebd01880c2054ee3f1c7e3bb03da985b6445795; 4b022204120011bd3281785635824abe145a21cf; 4f4b71920b4f7fe06a8dc159aff6259212e6cbc7; fcbb9b13a2a343270795aafbe7c5fabf6905447f; 75c49cb99c1ac8ed1212c1f9d1a6ba9e4063f266; 9285001847e85ea873869cc2286a4f481641e26b; 7a6048d0cc5c6ab46a6482fccd24ea675d1621fc; 76b0505020ea959df387ce9896900799828e41d7; ca56cce1db3261115f5e15d5c31095f6b083e8d7; a2794f31477825ace079b62ea1ce199931c2dc38; 3d9301b7c4a408c14a9860b9ffd9a108a6279eb7; ae56a02c4565650c2090aa6a8591417afbf0d769; c17c531498e58ceee9e698250b4193c7513cb04e; aa6a4c5bec96865ef5c3a1d2b6a504bcdcc6d295; 1682daf380ecd745adc378422a3ff58eb4141b0d; 67735edc4352a664d95cae62b24cc22701c6e17a; 275126d0069ee261756761cf039c963a99467093; 51a96f67c6dbe62c77b43ad86dbb6dd22a2742e9; 0b14178e7d79ac426d0a39700e1ac8b2c6f2e752; 8aabf5ba342d37edc1ebd89ba898c70b0a4ca121; ef55eee97a67e4be14f0044d77069fb4c38130df; 535a478744419b05fb629489ccded17b35e8165d; a2a32bfd16d5982e8b86d569ae78df34dc368b08; bbbb2d17bef478206573f745cbb80456ccfb6823; 39a399cf7d76455e3c4e0fd5d44ca7636f3e0b82; 676d1516183b7e20b364473ed7b7384594070623; 6baaf690d42083741fca98947241fed83f6b18c8; 5faa1df692e6d3abf37b1f97269d5445890a09c8; 0dad8a5040861e2ee8e106be33d639bfa58d1584; b3250dc1970006b07b690762cf7e4e261462848a; e280e5a2f2b271788e34300c94e517f7ee99ab56; a94c50c467fbc2614136de508495e15c7577371d; 403210e2a76e42a7346939965ffd995c1ab8ff10; 16c65bc854666bb0fe19631061d13a07734d2465; 6d8fe5fa64a635ddc79d3a6201d7c72bb6322c2f,arXiv.org,2016,JournalArticle
2d345a28f4a3bac726266406b5bfe0d092de9029,Wireless energy harvesting in interference alignment networks with adversarial jammers,"Anti-jamming interference alignment (IA) algorithm is an effective method to battle with adversarial jammers. Nevertheless, the abundant power from the jammers and interferences can be harvested by the legitimate users as a natural power supply. In this paper, we propose a novel anti-jamming IA scheme with wireless energy harvesting (EH). In the scheme, the power partition coefficient and transmit power are jointly optimized to minimize the total transmit power of the network, with the requirements of sum rate and harvested energy guaranteed. To further reduce the complexity of the joint optimization, a suboptimal algorithm is also developed with lower complexity. Extensive simulation results are presented to show the effectiveness of the proposed anti-jamming IA scheme with wireless EH.",Jing Guo; Nan Zhao; F. Yu; Xin Liu; Victor C. M. Leung,5,,International Conference on Wireless Communications and Signal Processing,2016,JournalArticle; Conference
30843cbba54f8e7806e23083c836fcc914658d56,Machine to Machine (M2M) Communications in Virtualized Vehicular Ad Hoc Networks,"With the growing interest in the use of internet of things (IoT), machine-to-machine (M2M) communications have become an important networking paradigm. In this paper, with recent advances in wireless network virtualization (WNV), we propose a novel framework for M2M communications in vehicular ad-hoc networks (VANETs) with WNV. In the proposed framework, according to different applications and quality of service (QoS) requirements of vehicles, a hypervisor enables the virtualization of the physical vehicular network, which is abstracted and sliced into multiple virtual networks. Moreover, the process of resource blocks (RBs) selection and random access in each virtual vehicular network is formulated as a partially observable Markov decision process (POMDP), which can achieve the maximum reward about transmission capacity. The optimal policy for RBs selection is derived by virtue of a dynamic programming approach. Extensive simulation results with different system parameters are presented to show the performance improvement of the proposed scheme.",Meng Li; F. Yu; Pengbo Si; Enchang Sun; Yanhua Zhang,0,ff5f5259ac150540f5140744f016767347a0fc85; 443e6dcb803f101bda7157fdf583b5dc7a952ee3; cdb50eda53cdab0621033248dd9786f405a4f253; f77331fc287e4bc76c4b3c464121ec6453fd448b; 21431fefe9ab4613c9e606c50d5f9fa8ff8923bd; edaa14cc2d806cbb3dab88bd7a8ef77d0f5f3624; aecd82fd3f1adf0a947faa11af7e309932840615; aa29b6c1ccbeb8d0422b5970f29916fa69a4b3c0; 368b57fd2281ee6326800f9a5cd4db300cb7a09a; ef049bd131e549b9a9344582a1bfe9231e2ff7f2; 345804ad8f32c2927aae903e9e2dc52f4549f6fe; eb5cebf4360d836d7db4835e6fcaae2f9aa92cfc; aa0d04a20f12c23843de2f2bd18ed15c329ab557; d534689ab4410ca085c968396953a6b8e88dc995; ea13ed9b14c2d49d1b32db9e1d4807bd6316c7ee; 9b5bc029f386e51d5eee91cf6a1f921f1404549f; 83b4248681b4f6d4906b6c7e7f4abb6e8ad75af1; 2bbd6ef13c0d90d640946052cf350f913349aed8; 3cac5bc719214966e8fb351f8b459e6e4e61d3e9; 8624f7ea1271f3922c342bc9ba8d528c5c552267; de98a317af24811b9f5021648607f261f78702e1; 7a07a029cc73f1a3882fa00d64e5f6b447505a01; e346e9de84fd216dba3ca0a80036e8d078852bee; f706f8a57c355e9681f8406024c662818374af02; b36f00cd5178e6ab598a0cc6bb86f8f3d3cc2792; 9c23e384c89b3020f2fbb153ad271ea257e91e3b; 6021e2ae28b043fefbadacf9668de2a40afc1eed; 894e04a5400c86a3dd2429a62c69845e3736d792; a2794f31477825ace079b62ea1ce199931c2dc38; a1d6a88bdceb70107c0be1a9599aa8190530af53; 0a979046c12ff6b5644f151768949694f6a29fae; 54e88e21f2c4c33b8645f3de79c0ea1da284a0ca; d2d0c93ba6aa5e9d98bd0891a7452bfde755d44e; ae56a02c4565650c2090aa6a8591417afbf0d769; 728eb6e948ef30ff98e05aa00805808547755623; 98ed0070b6c78e62c93f8e897650453ec3f03ae9; 67735edc4352a664d95cae62b24cc22701c6e17a; e574b971a143dc013ccfe8308a2040941aec39ce; d234656e21d49b9b6ab876f39ac04725651cbb06; 954e90bd949f211bc0184e29abbb10a6053a4b39; 9bc674084d99c729920c9a4538f170c652b7bb28; 8e9098a9a83384a86011bdc83d7e1d94b03c4353; fae2640222e9eb06e738fedcde8c52cb8bcac9c8; c6694943e237166ad9bd762b016ba68f4a0b8e4b; f4b3819a1e20ffefb5830477586013d2e2e0ee5d; 51a96f67c6dbe62c77b43ad86dbb6dd22a2742e9; 9e6b78f197cbd1418233eee25d8f364573ede0ca; 5a281c34182a92f003d9c8c125122d3f0378e8f2; d1e0f3cf04e8c07f4e8381e955cad081a50ab507; bca72bb621eab856eded30166f7c9dd8d1409f11; bffb85c70c48e321b4a5917bb7063595336aeb75; da4fbeb5f4cfe677cfe658b4665915f469dcf860; 39a399cf7d76455e3c4e0fd5d44ca7636f3e0b82; 5faa1df692e6d3abf37b1f97269d5445890a09c8; 450b0047c7314cb47b1b1bf1d081d9472acaa0e4; 94fffb5412069fd362c67478bfffc84112d9ae3a; 0440b8ca90d8e5e0a2b38e825a1d9850214f9749; 626c7a63f2e36e25ca9329bff58a3f6551eac28d; 5db0590ecb3708b46dbf95da65b5ff29613457ce; 403210e2a76e42a7346939965ffd995c1ab8ff10; 6d8fe5fa64a635ddc79d3a6201d7c72bb6322c2f,arXiv.org,2016,JournalArticle
4d4dba2297924bdd019284b75499d8f6b0ddcc2a,Green Full-Duplex Self-Backhaul and Energy Harvesting Small Cell Networks With Massive MIMO,,Lei Chen; F. Yu; Hong Ji; B. Rong; Xi Li; Victor C. M. Leung,149,,IEEE Journal on Selected Areas in Communications,2016,JournalArticle
508200a87411b99948b00f781796ddae10576f1e,A full-duplex self-backhaul scheme for small cell networks with massive MIMO,,Lei Chen; F. Yu; Hong Ji; Victor C. M. Leung; Xi Li; B. Rong,15,,2016 IEEE International Conference on Communications (ICC),2016,JournalArticle; Conference
5d1ea9e36e75adc7b15c498328133430d49576fa,Secure Transmission in Interference Alignment (IA)-Based Networks with Artificial Noise,,Nan Zhao; F. Yu; Ming Li; Victor C. M. Leung,8,,IEEE Vehicular Technology Conference,2016,JournalArticle; Conference
61635393d71017eeaee432af41ae717e7b113c22,Why Did You Opt to Switch off Me? Big Data for Green Software Defined Networking,,Chao Qiu; Cheng-lin Zhao; Haipeng Yao; Fangmin Xu; F. Yu,1,,2016 IEEE Globecom Workshops (GC Wkshps),2016,JournalArticle
632ce93bdfd240c39442cde50c8787acd77a0b67,Resource Allocation in Topology Management of Asymmetric Wireless Interference Networks,,Xinyu Zhang; Nan Zhao; F. Yu; Victor C. M. Leung,4,,IEEE Vehicular Technology Conference,2016,JournalArticle; Conference
648de6f4e8548d95bb7f10e4d7ec393666262e9b,Physical layer security issues in interference- alignment-based wireless networks,,Nan Zhao; F. Yu; Ming Li; Qiao Yan; Victor C. M. Leung,139,,IEEE Communications Magazine,2016,JournalArticle
65a4fe9b1b7916070af8f8f1150c217bfdc82ca8,Distributed Resource Allocation in Virtualized Full-Duplex Relaying Networks,,Gang Liu; F. Yu; Hong Ji; Victor C. M. Leung,19,,IEEE Transactions on Vehicular Technology,2016,JournalArticle
66f15e2c296b0f546013762b32d7c947918964bd,Trust-based Secure Routing in Software-defined Vehicular Ad Hoc Networks,"With the rising interest of expedient, safe, and high-efficient transportation, vehicular ad hoc networks (VANETs) have turned into a critical technology in smart transportation systems. Because of the high mobility of nodes, VANETs are vulnerable to security attacks. In this paper, we propose a novel framework of software-defined VANETs with trust management. Specifically, we separate the forwarding plane in VANETs from the control plane, which is responsible for the control functionality, such as routing protocols and trust management in VANETs. Using the on-demand distance vector routing (TAODV) protocol as an example, we present a routing protocol named software-defined trust based ad hoc on-demand distance vector routing (SD-TAODV). Simulation results are presented to show the effectiveness of the proposed software-defined VANETs with trust management.",Dajun Zhang; F. Yu; Zhexiong Wei; A. Boukerche,14,ff5f5259ac150540f5140744f016767347a0fc85; f77331fc287e4bc76c4b3c464121ec6453fd448b; 21431fefe9ab4613c9e606c50d5f9fa8ff8923bd; 97ff955f8f4bc9855ad89b005f3b152ba94ff8e5; edaa14cc2d806cbb3dab88bd7a8ef77d0f5f3624; 57ed7d1a6269aa03e8889d5b1cb6de7d1d78e5df; eb5cebf4360d836d7db4835e6fcaae2f9aa92cfc; ea13ed9b14c2d49d1b32db9e1d4807bd6316c7ee; 9b5bc029f386e51d5eee91cf6a1f921f1404549f; 36b4058d86056cfc1fead6c162b3855999143fe3; de98a317af24811b9f5021648607f261f78702e1; 91a7d173968a41d76432109e1db7bec46bbefe6f; 837dbf7a9842eaf4e57a6607fcd2c68f65ec1061; 5fc2a0d5ea8756e03bcf11b6485e548ebf7ebe10; 52695d7f6d62c411d937390a68e09cc5547297b7; 166301ad5f841d7a77765f7106a07c9e8a35b6d9; bbb9d6287c21682b4970c7b9992c988767fac57c; b36f00cd5178e6ab598a0cc6bb86f8f3d3cc2792; 62d487202e8f7e22fbf66645de83d25f466b21a6; 0f272c3a93badf9835877ab88062e582077fdfd7; a2794f31477825ace079b62ea1ce199931c2dc38; 0a979046c12ff6b5644f151768949694f6a29fae; ae56a02c4565650c2090aa6a8591417afbf0d769; 728eb6e948ef30ff98e05aa00805808547755623; 67735edc4352a664d95cae62b24cc22701c6e17a; 954e90bd949f211bc0184e29abbb10a6053a4b39; cf35aa8f7fb190c06dc95380dd24af164ea419f9; 6eee3da9b1c9d34f0276660bcb44939777a33c86; cda50e1b4822e5f134e9cc9e63d142bd10619e16; c6694943e237166ad9bd762b016ba68f4a0b8e4b; 8283137e90ffe5049917b473c9dc9cd7c149b472; f4b3819a1e20ffefb5830477586013d2e2e0ee5d; 51a96f67c6dbe62c77b43ad86dbb6dd22a2742e9; 9e6b78f197cbd1418233eee25d8f364573ede0ca; 5a281c34182a92f003d9c8c125122d3f0378e8f2; d1e0f3cf04e8c07f4e8381e955cad081a50ab507; bca72bb621eab856eded30166f7c9dd8d1409f11; ab1e248b0145dc86c0a1f6ca2e9cab6937f8bcea; 85910c364fa2b61eb1ccf4e857ed4929664c74b0; 39a399cf7d76455e3c4e0fd5d44ca7636f3e0b82; f5f60587241697e6d1ac8606af777288880a3add; 5faa1df692e6d3abf37b1f97269d5445890a09c8; 0440b8ca90d8e5e0a2b38e825a1d9850214f9749; 8c789cc9b81a6b09c062725dd02a5cac2fd527da; 403210e2a76e42a7346939965ffd995c1ab8ff10; 6d8fe5fa64a635ddc79d3a6201d7c72bb6322c2f,arXiv.org,2016,JournalArticle
6978d8227b4af0613243813857f87a536faba0b4,"Software Defined Networking, Caching, and Computing for Green Wireless Networks",,R. Huo; F. Yu; Tao Huang; Renchao Xie; Jiang Liu; Victor C. M. Leung; Yun-jie Liu,73,,IEEE Communications Magazine,2016,JournalArticle
7ec531aee154c85744dac3e7f5d9741189052e68,Random Access Optimization for M2M Communications in VANET with Wireless Network Virtualization,,Meng Li; F. Yu; Pengbo Si; Enchang Sun; Yanhua Zhang,4,,DIVANet@MSWiM,2016,Book; JournalArticle
85f471810307e4fdcbd1e8def14adffab4605339,Machine-to-Machine (M2M) Communications in Software-defined and Virtualized Cellular Networks,"Machine-to-machine (M2M) communications have attracted great attention from both academia and industry. In this paper, with recent advances in wireless network virtualization and software-defined networking (SDN), we propose a novel framework for M2M communications in software-defined cellular networks with wireless network virtualization. In the proposed framework, according to different functions and quality of service (QoS) requirements of machine-type communication devices (MTCDs), a hypervisor enables the virtualization of the physical M2M network, which is abstracted and sliced into multiple virtual M2M networks. In addition, we develop a decision-theoretic approach to optimize the random access process of M2M communications. Furthermore, we develop a feedback and control loop to dynamically adjust the number of resource blocks (RBs) that are used in the random access phase in a virtual M2M network by the SDN controller. Extensive simulation results with different system parameters are presented to show the performance of the proposed scheme.",Meng Li; F. Yu; Pengbo Si; Enchang Sun; Yanhua Zhang; Haipeng Yao,1,ff5f5259ac150540f5140744f016767347a0fc85; 43ca01ef8c9e090b1d3a2a2ec12f8d27ab1e6e31; 13a8f2bda221bf97ed2402c9f7accfdc81946b22; f77331fc287e4bc76c4b3c464121ec6453fd448b; 21431fefe9ab4613c9e606c50d5f9fa8ff8923bd; 93696949c080cced7615d5a3603ac725730106e6; e88e4b3b485a6bf256da26b8b1a30645bfd61ec3; 33e8ae4953e9589216b250597d6dfc740805f103; 5373936cd97346cb28e17d3467f0b1e4bc21a872; db2577ec2d33824ec983e5c57ddcde9dd21ae6b9; 6a38ea4ada5128355470da9a47492ab791896427; eb5cebf4360d836d7db4835e6fcaae2f9aa92cfc; aa0d04a20f12c23843de2f2bd18ed15c329ab557; d6a2e680f3c7703bf93260cba0934e988062321e; d534689ab4410ca085c968396953a6b8e88dc995; ea13ed9b14c2d49d1b32db9e1d4807bd6316c7ee; 23aa22d2ee369c6c4906cad9707702b780939cf0; 9b5bc029f386e51d5eee91cf6a1f921f1404549f; 94983b338718460e509512cd52bb0f5a00fdc447; f3fb2a4511ad531d7e74adf17b24b71384bbd44e; d4b87c6f4e69064410d5646965f1ec7dd32c4b99; 250af6f13e9fdfc0f248eeea28f50ffe1baa1a88; ca277729f80f08d2d2949ce0e0d63fbd00f9c98a; 65efa3bc24a5f4e254c32098ee7214fb44345f3b; e346e9de84fd216dba3ca0a80036e8d078852bee; 8cd6a8e9dfb173117770301f2d010ae14367c834; 3b09e6f6533005925c6ca7427d3d75ca95da6e09; b7f6a1c41e29c6afa7ecbc2cd64b4b686eacbde7; a2794f31477825ace079b62ea1ce199931c2dc38; 9934539ea2fd6c6ca0b23dab4cbb24f869bc1042; ae56a02c4565650c2090aa6a8591417afbf0d769; d2d0c93ba6aa5e9d98bd0891a7452bfde755d44e; 969e79096737cc16af811694bba78aa7849f4575; 67735edc4352a664d95cae62b24cc22701c6e17a; 6162b5afe83099d86b1d98c5818e99902e884054; ca0136b46439b890f13bc746d53f3de6cac601ca; f4b3819a1e20ffefb5830477586013d2e2e0ee5d; 51a96f67c6dbe62c77b43ad86dbb6dd22a2742e9; 9e6b78f197cbd1418233eee25d8f364573ede0ca; 5fa763f556cb282719d64fc9d78a80efe0804f0a; bffb85c70c48e321b4a5917bb7063595336aeb75; c2507fb3196f0484353b2a7cbfc16b713e54c131; 73d1e19e7b4294592ad9f1d952226e9f1488cad2; 5faa1df692e6d3abf37b1f97269d5445890a09c8; b631510618b13c32a87ac134f11dcb22cec8c9a1; 450b0047c7314cb47b1b1bf1d081d9472acaa0e4; a2aaced35e951f9373ba6f127a623248fbc36f8e; 0440b8ca90d8e5e0a2b38e825a1d9850214f9749; 1e4ca11fce68d1c9634439604e16f84dd19a0704; 403210e2a76e42a7346939965ffd995c1ab8ff10,arXiv.org,2016,JournalArticle
8ee36feef919d8768af81d318c9cd945f6dc3b9d,QoS Aware Energy Allocation Policy for Renewable Energy Powered Cellular Networks,,Qiao Li; Yifei Wei; Mei Song; F. Yu,0,,KSII Transactions on Internet and Information Systems,2016,JournalArticle
9110576538890c8afb1e0d970f9bf5e87070a4c7,Random Access and Resource Allocation in Software-Defined Cellular Networks with M2M Communications,,Meng Li; F. Yu; Pengbo Si; Enchang Sun; Yanhua Zhang,1,,Global Communications Conference,2016,JournalArticle; Conference
99031a7d1891b3a088c622315b444fcfdbef947a,"Guest Editorial Connected Vehicles for Safer, Greener, and More Efficient Transportation",,F. Yu,3,,IEEE Transactions on Vehicular Technology,2016,JournalArticle
9a71d379babbdd8c554445013f296ae6085af182,Power allocation in small cell networks with full-duplex self-backhauls and massive MIMO,,Lei Chen; F. Yu; Hong Ji; B. Rong; Victor C. M. Leung,10,,Wireless networks,2016,JournalArticle
9bcea5e588f4b6eb29d573a6782b81264e7267dc,Bandwidth Provisioning in Cache-Enabled Software-Defined Mobile Networks: A Robust Optimization Approach,,C. Liang; F. Yu,5,,IEEE Vehicular Technology Conference,2016,JournalArticle; Conference
9df7a07d6941477cfbab6c0171ba7543358cf76b,An anti-eavesdropping interference alignment scheme with wireless power transfer,,Yang Cao; Nan Zhao; F. Yu; Yunfei Chen; Xin Liu; Victor C. M. Leung,5,,International Conference on Conceptual Structures,2016,JournalArticle; Conference
a35f35f5bd7f0bd7da25136dbce629060c32b640,Traffic Aware Energy Management in Cellular Networks with Renewable Energy Powered Base Stations,,Qiao Li; Yifei Wei; Mei Song; F. Yu,4,,IEEE Vehicular Technology Conference,2016,JournalArticle; Conference
a7a876d79d023c4fff64b397a77e8c1988b397ab,"Interference Alignment and Its Applications: A Survey, Research Issues, and Challenges",,Nan Zhao; F. Yu; Minglu Jin; Qiao Yan; Victor C. M. Leung,188,,IEEE Communications Surveys and Tutorials,2016,JournalArticle; Review
a83ff5144a2c85a248522fc6f82837c3de4b93fc,Economics and Optimizations in Wireless Communication Networks,,Lingjie Duan; F. Yu; Lin Gao,0,,Mobile Information Systems,2016,JournalArticle
b3c7da57ff4afb0483c0ba88e4828d4866cd76b1,Energy-Efficient Communication-Based Train Control Systems With Packet Delay and Loss,,Wenzhe Sun; F. Yu; T. Tang; Bing Bu,33,,IEEE transactions on intelligent transportation systems (Print),2016,JournalArticle
bcb7ef3268586e042a98af01124a9e7d893925ca,Energy-efficient smart grid communications,,Shengrong Bu; F. Yu,1,,,2016,Review
bef38a0e397e364ea05035a218a6beee8c39366d,"Integrated Resource Management in Software Defined Networking, Caching and Computing","Recently, there are significant advances in the areas of networking, caching and computing. Nevertheless, these three important areas have traditionally been addressed separately in the existing research. In this paper, we present a novel framework that integrates networking, caching and computing in a systematic way and enables dynamic orchestration of these three resources to improve the end-to-end system performance and meet the requirements of different applications. Then, we consider the bandwidth, caching and computing resource allocation issue and formulate it as a joint caching/computing strategy and servers selection problem to minimize the combination cost of network usage and energy consumption in the framework. To minimize the combination cost of network usage and energy consumption in the framework, we formulate it as a joint caching/computing strategy and servers selection problem. In addition, we solve the joint caching/computing strategy and servers selection problem using an exhaustive-search algorithm. Simulation results show that our proposed framework significantly outperforms the traditional network without in-network caching/computing in terms of network usage and energy consumption.",Qingxia Chen; F. Yu; Tao Huang; Renchao Xie; Jiang Liu; Yun-jie Liu,1,,arXiv.org,2016,JournalArticle
c0a7e520bd7c6b8abde615246e8c972b7548a220,Modeling of Radio Channels With Leaky Coaxial Cable for LTE-M Based CBTC Systems,,Hongwei Wang; F. Yu; Hailin Jiang,48,,IEEE Communications Letters,2016,JournalArticle
d28b4ed135a9a8997953e43e000c8eee311e3346,Energy Allocation Policy for Cellular Networks Powered by Renewable Energy,"The explosive wireless data service requirement accompanied with carbon dioxide emission and consumption of traditional energy has put pressure on both industry and academia. Wireless networks powered with the uneven and intermittent generated renewable energy have been widely researched and lead to a new research paradigm called green communication. In this paper, we comprehensively consider the total generated renewable energy, QoS requirement and channel quality, then propose a utility based renewable energy allocation policy. The utility here means the satisfaction degree of users with a certain amount allocated renewable energy. The energy allocation problem is formulated as a constraint optimization problem and a heuristic algorithm with low complexity is derived to solve the raised problem. Numerical results show that the renewable energy allocation policy is applicable for any situation. When the renewable energy is very scarce, only users with good channel quality can achieve allocated energy.",Qiao Li; Yifei Wei; Mei Song; F. Yu,1,,arXiv.org,2016,JournalArticle
d2923bcd4c09ed4334b36d81ab3d51bf3e195767,Queuing Analysis of Two-Hop Relay Technology in LTE/LTE-A Networks With Unsaturated and Asymmetric Traffic,,Jun Li; Yiqiang Q. Zhao; F. Yu; Xinping Huang,14,,IEEE Internet of Things Journal,2016,JournalArticle
d54565aa99c9302de739d30d78e7341c317dc4a1,Caching resource sharing in radio access networks: a game theoretic approach,,Jun-feng Xie; Renchao Xie; Renchao Xie; Tao Huang; Tao Huang; Jiang Liu; Jiang Liu; F. Yu; Yun-jie Liu; Yun-jie Liu,13,,Frontiers of Information Technology & Electronic Engineering,2016,JournalArticle
d86478a591a388f702f55245eeb33383636502de,Energy harvesting small cell networks with full-duplex self-backhaul and massive MIMO,,Lei Chen; F. Yu; Hong Ji; B. Rong; Xi Li; Victor C. M. Leung,9,,2016 IEEE International Conference on Communications (ICC),2016,JournalArticle; Conference
dd7867d8c48acb4c74a9ffe13693f9bbebf1ea92,Content-Centric and Software-Defined Networking with Big Data,"Many communities have researched the application of novel network architectures such as Content-Centric Networking (CCN) and Software-Defined Networking (SDN) to build the future Internet. Another emerging technology which is big data analysis has also won lots of attentions from academia to industry. Many splendid researches have been done on CCN, SDN, and big data, which all have addressed separately in the traditional literature. In this paper, we propose a novel network paradigm to jointly consider CCN, SDN, and big data, and provide the architecture internal data flow, big data processing and use cases which indicate the benefits and applicability. Simulation results are exhibited to show the potential benefits relating to the proposed network paradigm. We refer to this novel paradigm as Data-Driven Networking (DDN).",Haipeng Yao; Chao Qiu; Chao Fang; Xu Chen; F. Yu,1,009fee7b9a646501549b7d446bc06251ae9d468c; 6978d8227b4af0613243813857f87a536faba0b4; ceba92741d6cfd41648ee33b928c9cd7631bc76b; fc48db5361063b8369efd0705be8f6c7127778d3; 774170fb9eef527c2f32c865fe0516d5c000c440; d6d793cf8cfbee473125c322b046e6df26361efd; 0d8426ba72cb872062b1a87140f8cb2c2324ba65; 1f740531d7c443fbc3811e86eae5dd3248562afb; f77331fc287e4bc76c4b3c464121ec6453fd448b; 53f6601aaf7f61429b644de2d2d17aa25f662cb0; 21431fefe9ab4613c9e606c50d5f9fa8ff8923bd; c4cf306d0c86c04462d1d4ce08dd088c53ab00a4; d8b34ce2a4e3e93b26505c5384676596652f670d; dd42694806732d9d150b68f8c4b03a1b1ef74d64; eb5cebf4360d836d7db4835e6fcaae2f9aa92cfc; 721fa15ca3b282f6079d462adc798ebaa96c39aa; be62ba55fdb8db73fc52ec6865efe967f725adc1; 5131dd831374bee83a7f606b00ca9c9690aa0338; 9b5bc029f386e51d5eee91cf6a1f921f1404549f; 52695d7f6d62c411d937390a68e09cc5547297b7; 5f8e2aa70b229827be19259a2c07c75b57faaf81; a2794f31477825ace079b62ea1ce199931c2dc38; 42f89701c310d37a29fdc5f4e1ca5d21325ec9bb; ae56a02c4565650c2090aa6a8591417afbf0d769; 728eb6e948ef30ff98e05aa00805808547755623; e4b905419f94e4822ad349554603fd2f96a75a6a; cc282523f7123f8e7e7a4eae3aeb95d1aa3eca9b; df99f147a965b9135674ea5e906a957e19e83b4c; 77363e5a538ca1f057c564a93016cad7b1cdb2a1; c2507fb3196f0484353b2a7cbfc16b713e54c131; 39a399cf7d76455e3c4e0fd5d44ca7636f3e0b82; 5faa1df692e6d3abf37b1f97269d5445890a09c8; 0440b8ca90d8e5e0a2b38e825a1d9850214f9749; ad09a518ae8341e298076c5250a94b1f317cd8d7; 403210e2a76e42a7346939965ffd995c1ab8ff10; 6d8fe5fa64a635ddc79d3a6201d7c72bb6322c2f,arXiv.org,2016,JournalArticle
f66a86ca0659fc1e6288463ab302498b73f872b1,Security Schemes in Vehicular Ad hoc Networks with Cognitive Radios,"Vehicular Ad hoc NETworks (VANETs) as the basic infrastructure can facilitate applications and services of connected vehicles (CVs). Cognitive radio (CR) technology is an effective supplement and enhancement for VANETs. It can reduce the impact of deficiency of spectrum resource in VANETs. Although CR-VANETs can utilize the unused licensed spectrum effectively, the distributed nature of CR-VANETs may open a door for different attacks, such as spectrum sensing data falsification attack. In this paper, we propose a joint RSU and vehicle-based light-weighted cloud for CR-VANETs. Based on this cloud computing model, we propose a new service named Spectrum Sensing as a Service (SSaaS), which can perform a cooperative spectrum sensing in CR-VANETs with cloud computing assistance to secure the spectrum sensing procedure. As a result, a reliable service can be obtained in CR-VANETs. Simulation results show that the cloud computing in CR-VANETs can effectively reduce latency and improve the security of CR-VANETs.",Zhexiong Wei; F. Yu; Helen Tang; C. Liang; Qiao Yan,4,,arXiv.org,2016,JournalArticle
f837e6ce4fc7c851b7442eab58e07fc398c580e9,Virtual Resource Management in Green Cellular Networks With Shared Full-Duplex Relaying and Wireless Virtualization: A Game-Based Approach,,Gang Liu; F. Yu; Hong Ji; Victor C. M. Leung,27,,IEEE Transactions on Vehicular Technology,2016,JournalArticle
f9243c4bfd202e219f31921096f9254c3af0fcf4,Topology Evolution Model for Cognitive Ad Hoc Networks Based on Complex Network Theory,,Y. Hou; Yifei Wei; Mei Song; F. Yu,1,,IEEE Vehicular Technology Conference,2016,JournalArticle; Conference
fe649117de57da81ff5eca5b71317b4a56be47d7,Green Wireless Sensor Networks with Wireless Power Transfer,"An energy cooperation policy for energy harvesting wireless sensor networks (WSNs) with wireless power transfer is proposed in this paper to balance the energy at each sensor node and increase the total energy utilization ratio of the whole WSNs. Considering the unbalanced spatio-temporal properties of the energy supply across the deployment terrain of energy harvesting WSNs and the dynamic traffic load at each sensor node, the energy cooperation problem among sensor nodes is decomposed into two steps: the local energy storage at each sensor node based on its traffic load to meet its own needs; within the energy storage procedure sensor nodes with excess energy transmit a part of their energy to nodes with energy shortage through the energy trading. Inventory theory and game theory are respectively applied to solving the local energy storage problem at each sensor node and the energy trading problem among multiple sensor nodes. Numerical results show that compared with the static energy cooperation method without energy trading, the Stackelberg Model based Game we design in this paper can significantly improve the trading volume of energy thereby increasing the utilization ratio of the harvested energy which is unevenly distributed in the WSNs.",Qiao Li; Yifei Wei; Mei Song; F. Yu,0,,arXiv.org,2016,JournalArticle
ff5f5259ac150540f5140744f016767347a0fc85,Software-Defined Device-to-Device (D2D) Communications in Virtual Wireless Networks With Imperfect Network State Information (NSI),,Yegui Cai; F. Yu; C. Liang; Bo Sun; Qiao Yan,89,,IEEE Transactions on Vehicular Technology,2016,JournalArticle
0442163ace7e813ddc1d03720a57c62d6cd31561,Removal of Malicious Attacks using Hybrid Symmetric Cryptograhic Technique,,E. Shakshuki; Nan Kang; T. Sheltami; Haiying Shen; Lianyu Zhao; Shengrong Bu; F. Yu; Xiaoping P. Liu; Helen Tang; Ming-Yang Su; T. L. Porta; G. Maselli; C. Petrioli; Kiran Mehta; Donggang Liu,0,,,2015,
0f734af131cf62ee48d5509b5b835b9503eced25,- Modeling and Analysis of Single-Hop Mobile Cloudlet,,F. Yu; Victor C. M. Leung,0,,,2015,
106c2fbfb876625d2fa9df4207852b2b3f2b8add,Cloud radio access networks in mobile cloud computing systems,,Yegui Cai; F. Yu; Shengrong Bu,3,,,2015,
15ebbda44b105993e04d902a9919e7248844a3f0,Novel communications-based train control system with coordinated multipoint transmission and reception,,Li Zhu; F. Yu; T. Tang,0,,,2015,
1d4d62f25bd749f1f18537e5f70e1ad4bf9b3600,Communication availability in communications-based train control systems,,Li Zhu; F. Yu,0,,,2015,
2541dc02668dac6896a54b90a60a4a721e94938f,Energy-Efficient Resource Allocation in Cellular Networks With Shared Full-Duplex Relaying,,Gang Liu; F. Yu; Hong Ji; Victor C. M. Leung,46,,IEEE Transactions on Vehicular Technology,2015,JournalArticle
304c1ef77c17c07dc8cb09c8dbe6de90831b00f1,Networked control for a group of trains in communications-based train control systems with random packet drops,,Bing Bu; F. Yu; T. Tang,0,,,2015,
33e8ae4953e9589216b250597d6dfc740805f103,Distributed Virtual Resource Allocation in Small-Cell Networks With Full-Duplex Self-Backhauls and Virtualization,"Wireless network virtualization has attracted great attention from both academia and industry. Another emerging technology for next-generation wireless networks is in-band full-duplex (FD) communications. Due to its promising performance, FD communication has been considered to be an effective way of achieving self-backhauls for small cells. In this paper, we introduce wireless virtualization into small-cell networks and propose a virtualized small-cell network architecture with FD self-backhauls. We formulate the virtual-resource-allocation problem in virtualized small-cell networks with FD self-backhauls as an optimization problem. Since the formulated problem is a mixed combinatorial and nonconvex optimization problem, its computational complexity is high. Moreover, the centralized scheme may suffer from signaling overhead, outdated dynamics information, and scalability issues. To solve it efficiently, we divide the original problem into two subproblems. For the first subproblem, we transfer it to a convex optimization problem and then solve it by an efficient alternating direction method of multipliers (ADMM)-based distributed algorithm. The second subproblem is a convex problem, which can be solved by each infrastructure provider. Extensive simulations are conducted with different system configurations to show the effectiveness of the proposed scheme.",Lei Chen; F. Yu; Hong Ji; Gang Liu; Victor C. M. Leung,80,faf8d19a0b8c1678f88d4330e15082382f4d4fb3; eb5cebf4360d836d7db4835e6fcaae2f9aa92cfc; ea13ed9b14c2d49d1b32db9e1d4807bd6316c7ee; d7eb3b9e36847d7095639e3e9602c737d465b4a6; 5131dd831374bee83a7f606b00ca9c9690aa0338; ecfa0452164fc39e6b1d63b7e298e1b74582ef8e; 9b5bc029f386e51d5eee91cf6a1f921f1404549f; d0dcf8a740054e6a018bf93da96d7cfe8040a0f0; 052c1e55bae3d9174a0b04984c2796deff2eca98; 7a07a029cc73f1a3882fa00d64e5f6b447505a01; c870bb86e190e1c633b5faa9af9856d7e2818536; 4f4b71920b4f7fe06a8dc159aff6259212e6cbc7; 05c42cf0d578f15bfa11eceec9d80ccd5ffad840; 6282c3783c4dd4d9c2987b7d9122b3216e6cb6d1; 7a6048d0cc5c6ab46a6482fccd24ea675d1621fc; 77c8ffc0760b5a27a7a04da180a96af671893fa5; e356ce00867fcacced5846801ed2dcf13c6aa9cf; 4f05567fb5939cce4cb94aee542a1c0221ab216e; a2794f31477825ace079b62ea1ce199931c2dc38; a1d6a88bdceb70107c0be1a9599aa8190530af53; 388ce415e88af08b930dd96797d97c7bc1b8bcdb; 06f7d88280e9a4acee12e29c53499074e22c906e; 7df5f7ceecc3322255aab8a9e5366ba983131d16; dd330298ee217e96dbc36131e6d6e86f60f4983d; 51e1d10ad6e6c08b05b48b54e51edfec515c2dc7; 8e9098a9a83384a86011bdc83d7e1d94b03c4353; 6a605ca172c4b261c9d30f1e517dc2621bb980e7; bd610f802e2ff7916866044d1cb1ba0032b159d6; 3a74666b51cd4db8277de52024601a81383cac7f; 4f607f03272e4d62708f5b2441355f9e005cb452; b0dbb2a418ab461fde7d554d134e45bb8199ac34; c36179e14b124aff1e26cc60cda2360c5f447c88; 3c14a856da85620eb2d37d39572a9cb903ee6883; e6feb111a8473b55a85061eecfaaff0a9f24198d; f3d9e88a453a6534975c2ec488a619f8f8ab8c90,IEEE Transactions on Vehicular Technology,2015,JournalArticle
360b09c237c2e19b25bb6dbf4eff96f530505f47,Service availability analysis in communication-based train control systems using wireless local area networks,,Li Zhu; F. Yu; B. Ning,5,,Wireless Communications and Mobile Computing,2015,JournalArticle
3f7798cc3eacaf1aaaef9147d29e724a1fc85afa,Opportunistic communications in interference alignment networks with wireless power transfer,,Nan Zhao; F. Yu; Victor C. M. Leung,179,,IEEE wireless communications,2015,JournalArticle; Review
45995e6b7c03d4a15129890817bd4618e90e0c23,Cognitive Control Method for Cost-Efficient Communication-Based Train Control Systems in Smart Grids,,Wenzhe Sun; F. Yu; T. Tang,0,,IEEE International Conference on Intelligent Transportation Systems,2015,JournalArticle; Conference
5131dd831374bee83a7f606b00ca9c9690aa0338,A Survey of Green Information-Centric Networking: Research Issues and Challenges,,Chao Fang; Haipeng Yao; Zhuwei Wang; Wenjun Wu; Xiaoning Jin; F. Yu,182,,IEEE Communications Surveys and Tutorials,2015,JournalArticle; Review
52bd2e840df8d995e27f1f60c61a0a7efe63ae5b,An Energy-Efficient User Location-Aware Switch-Off Method for LTE-A Cellular Networks,,X. Su; Enchang Sun; Meng Li; F. Yu; Yanhua Zhang,1,,Wireless personal communications,2015,JournalArticle
57ab2b284bbc0d3517197302b3f11833aa03e689,Modeling of the wireless channels in underground tunnels for communications-based train control systems,,Hongwei Wang; F. Yu; Li Zhu; T. Tang,0,,,2015,
68f8fc8c5d1fe05b5326f0957ec4c0117e88678b,A novel anti-jamming scheme for interference alignment (IA)-based wireless networks,,Jing Guo; Nan Zhao; F. Yu; Ming Li; Victor C. M. Leung,7,,International Conference on Innovative Computing and Cloud Computing,2015,JournalArticle; Conference
6a3b304cef169eca87dc9a23c24918f6d6290b51,Cognitive Control for Communications-Based Train Control Systems,,Hongwei Wang; F. Yu,0,,,2015,
8b7856bdb57253eb909c8c0ed23ea55aaa577a05,Wireless power transfer based on angle switching in interference alignment wireless networks,,Nan Zhao; F. Yu; Victor C. M. Leung,5,,2015 IEEE International Conference on Communications (ICC),2015,JournalArticle; Conference
90e849ec818007f7c99c9c28c8f102f9262c58cf,An energy-efficient distributed in-network caching scheme for green content-centric networks,,Chao Fang; F. Yu; Tao Huang; Jiang Liu; Yun-jie Liu,33,,Comput. Networks,2015,JournalArticle
9901f8ec239dd524b4fc8670964f8d43f289f9f4,Virtual Mobile Networks in Clouds,,F. Yu; Victor C. M. Leung,1,,,2015,
9e92ae43d2c74a448dc7dcc41a5964e7f8ea1455,Modeling of miss-probability in content-centric networking,,Tao Huang; Guoqing Wang; Chao Fang; Chao Fang; F. Yu; Yun-jie Liu,8,,Science China Information Sciences,2015,JournalArticle
a946e647fbb8efd6111cdf537550a51352b6b5c8,Modeling of the wireless channels with leaky waveguide for communications-based train control systems,,Hongwei Wang; F. Yu; Li Zhu; T. Tang,0,,,2015,
aa0d04a20f12c23843de2f2bd18ed15c329ab557,"Joint Relay Scheduling, Channel Access, and Power Allocation for Green Cognitive Radio Communications",,Changqing Luo; G. Min; F. Yu; Yan Zhang; L. Yang; Victor C. M. Leung,41,,IEEE Journal on Selected Areas in Communications,2015,JournalArticle
aa29b6c1ccbeb8d0422b5970f29916fa69a4b3c0,In-band full-duplex relaying for 5G cellular networks with wireless virtualization,"Recent advances in self-interference cancellation techniques enable in-band FDR systems, which transmit and receive simultaneously in the same frequency band with high spectrum efficiency. Meanwhile, wireless virtualization enables abstraction and sharing of infrastructure and radio spectrum resources in wireless networks. Both in-band FDR and wireless virtualization are promising technologies for 5G cellular networks. In this article, we first give a brief survey of them to present their basic ideas, enabling technologies, characteristics, and so on. Then we propose a virtual resource management architecture for in-band FDR networks, where multiple service providers and multiple mobile network operators coexist. Simulation results are presented to show the effectiveness of the proposed scheme.",Gang Liu; F. Yu; Hong Ji; Victor C. M. Leung; Xi Li,29,,IEEE Network,2015,JournalArticle; Review
b0abb739168d04bb5950550e1f7c3ae075b03f46,Advances in Communications-Based Train Control Systems,,F. Yu,7,,,2015,
b3ac517a083c7129bb36387cf4719859571b23ba,Introduction to communications-based train control,,Li Zhu; F. Yu; Fei Wang,2,,,2015,
b6df9f89b171c45d3df63e477a682d67ad4e5f01,A trust based framework for both spectrum sensing and data transmission in CR-MANETs,,Zhexiong Wei; Helen Tang; F. Yu,1,,2015 IEEE International Conference on Communication Workshop (ICCW),2015,JournalArticle; Conference
c065a9c0a41bd8dc0cb2217eb119b22ef54718b0,A Novel Interference Alignment Scheme With a Full-Duplex MIMO Relay,,Xuanheng Li; Yi Sun; Nan Zhao; F. Yu; Zhehui Xu,10,,IEEE Communications Letters,2015,JournalArticle
c282a0e61f36370403f06658a7042e89069b3082,Energy-efficient dynamic power allocation in multi-antenna transmissions with imperfect channel estimation and feedback,,Ruizhe Yang; Zhengxian Chen; Zhuwei Wang; Yanhua Zhang; F. Yu,1,,,2015,
c89ab2fe3eddbd26e41c0f31bbc0dfd27a373b3b,Wireless energy harvesting in interference alignment networks,,Nan Zhao; F. Yu; Victor C. M. Leung,115,,IEEE Communications Magazine,2015,JournalArticle; Review
d56dbde7373fc01015e2871567672e0728a3a3a0,Advances in Mobile Cloud Computing Systems,,F. Yu; Victor C. M. Leung,7,,,2015,
dae3c914af43173f77662c5f4725ff8e1ea12d8a,Mobile cloud computing with telecom operator cloud,,Zhiyuan Yin; F. Yu; Shengrong Bu,1,,,2015,
e1972c456cbd34fc9d1f488bfd1a2618ee127af1,- Cloud-RAN-Based Small Cell Networks with Wireless Virtualization,,F. Yu; Victor C. M. Leung,0,,,2015,
eb5cebf4360d836d7db4835e6fcaae2f9aa92cfc,Information-centric network function virtualization over 5g mobile wireless networks,,C. Liang; F. Yu; Xi Zhang,237,,IEEE Network,2015,JournalArticle
ecfa0452164fc39e6b1d63b7e298e1b74582ef8e,"In-Band Full-Duplex Relaying: A Survey, Research Issues and Challenges",,Gang Liu; F. Yu; Hong Ji; Victor C. M. Leung; Xi Li,479,,IEEE Communications Surveys and Tutorials,2015,JournalArticle; Review
f333af1e624240b7add3f9605e720164506316ed,Dynamic spectrum management for heterogeneous UAV networks with navigation data assistance,,Pengbo Si; F. Yu; Ruizhe Yang; Yanhua Zhang,15,,IEEE Wireless Communications and Networking Conference,2015,JournalArticle; Conference
057b0f537486af0272f9c9d667a10e64a1e484e7,Energy-Efficient Topology Management With Interference Cancellation in Cooperative Wireless Ad Hoc Networks,,B. Guo; F. Yu; Shengming Jiang; Xin Ao; Victor C. M. Leung,9,,IEEE Transactions on Network and Service Management,2014,JournalArticle
1d8b11b09d8f4f0d6e39fe5ff3e1910e9cb8a5db,Distributed Cooperative Topology Control for WANETs With Opportunistic Interference Cancelation,,Xin Ao; F. Yu; Shengming Jiang; Q. Guan; Victor C. M. Leung,19,,IEEE Transactions on Vehicular Technology,2014,JournalArticle
29d3be399b98a01f2cac8d72aab5ca1c2c45ed50,Simultaneous wireless information and power transfer in interference alignment networks,,Nan Zhao; F. Yu; Victor C. M. Leung,22,,2014 International Wireless Communications and Mobile Computing Conference (IWCMC),2014,JournalArticle; Conference
330c218fc424e8557768b292e843dc2337f910fc,Energy-efficient resource allocation in shared full-duplex relaying cellular networks,,Gang Liu; F. Yu; Hong Ji; Victor C. M. Leung,8,,2014 IEEE Global Communications Conference,2014,JournalArticle; Conference
38be4c4b3f6d1dc189e212406d5bc1d7f32097bb,Energy-efficient communication-based train control (CBTC) systems with random delay and packet drop,,Wenzhe Sun; F. Yu; T. Tang; Bing Bu,9,,2014 IEEE Global Communications Conference,2014,JournalArticle; Conference
3cae6b0664da6c2cb41ce2b062074367a9e9e45f,A novel communication-based train control (CBTC) system with coordinated multi-point transmission and reception,,Li Zhu; F. Yu; Hongwei Wang; T. Tang; B. Ning,1,,2014 IEEE Global Communications Conference,2014,JournalArticle; Conference
46761bdebd2dbdde4a1c2fc8c674fc5c51fc295b,Distributed Resource Allocation for Virtualized Small Cell Networks with Full Duplex Self-Backhauls,,Lei Chen; F. Yu; Hong Ji; Gang Liu; Victor C. M. Leung,0,,Global Communications Conference,2014,JournalArticle; Conference
52961c6a99a493fb3581263f56c1842d33bfe1f3,Stochastic network collection point (NCP) selection in mobile sensor networks with cooperative communications,,Maoyu Wang; F. Yu; L. Lamont; Nan Zhao,0,,2014 International Wireless Communications and Mobile Computing Conference (IWCMC),2014,JournalArticle; Conference
5a973048e62bf57489f12779e234d2c5bb6c57ef,Design and Performance Enhancements in Communication-Based Train Control Systems With Coordinated Multipoint Transmission and Reception,,Li Zhu; F. Yu; B. Ning; T. Tang,46,,IEEE transactions on intelligent transportation systems (Print),2014,JournalArticle
5ae4049a21b9b593818d382fd82140a50244baec,Energy-efficient topology control with selective diversity in cooperative wireless ad hoc networks,,B. Guo; Q. Guan; F. Yu; Shengming Jiang; Victor C. M. Leung,5,,2014 IEEE International Conference on Communications (ICC),2014,JournalArticle; Conference
6563fd9a7df0d9f5e550a3edad75c458b40ac98f,Trust establishment in cooperative wireless relaying networks,,Reyhaneh Changiz; Hassan Halabian; F. Yu; I. Lambadaris; Helen Tang,7,,Wireless Communications and Mobile Computing,2014,JournalArticle
784334ab563b31c8b3faac91878aa6e4d4ad07b1,Guest Editorial: Smart Grid Communications Systems,,Seong-Lyun Kim; P. Kitsos; M. Nekovee; F. Yu; Yan Zhang,8,,IEEE Systems Journal,2014,JournalArticle
7b0df54d2500e3463f1a76e29bf3cb01a564a041,MMSE-based transceiver design in multi-user MIMO relay systems with channel correlation and estimation errors,,Gang Liu; Hong Ji; F. Yu; Yi Li; Rui Wang,2,,IEEE Wireless Communications and Networking Conference,2014,JournalArticle; Conference
85190444c919f7f5d0760b66c59c9a2236d33aee,Distributed resource allocation in full-duplex relaying networks with wireless virtualization,"Wireless network virtualization has attracted a lot of interests recently. Furthermore, recent advances of self-interference cancellation techniques enable full-duplex relaying (FDR) systems, which transmit and receive simultaneously in the same frequency band with high spectrum efficiency. In this paper, we propose a resource allocation scheme for virtualized FDR networks. The resource allocation problem is formulated as a mixed combinatorial and non-convex optimization problem, which involves high computational complexity. Therefore, we transfer the original problem to a convex optimization problem, which can be solved efficiently. In addition, with recent advances in alternating direction method of multipliers (ADMM), we develop an efficient ADMM-based distributed resource allocation algorithm. Extensive simulations are presented to verify the effectiveness of the proposed scheme.",Gang Liu; F. Yu; Hong Ji; Victor C. M. Leung,20,,2014 IEEE Global Communications Conference,2014,JournalArticle; Conference
859d6f5bd666c08571ca0277432e2a34fc07de6d,Cloud computing meets mobile wireless communications in next generation cellular networks,,Yegui Cai; F. Yu; Shengrong Bu,73,,IEEE Network,2014,JournalArticle
86edc9fa9c1bdda6439096566cca1959574ef9ce,Opportunistic interference alignment networks for simultaneous wireless information and power transfer through user selection,,Nan Zhao; F. Yu; Victor C. M. Leung,5,,International Conference on Wireless Communications and Signal Processing,2014,JournalArticle; Conference
8e9b3866848076e6a56dc2146e05aaff0b2c0dc2,Interference alignment with delayed channel state information and dynamic AR-model channel prediction in wireless networks,,Nan Zhao; F. Yu; Hongjian Sun; Hongxi Yin; A. Nallanathan; Guan Wang,32,,Wireless networks,2014,JournalArticle
9444ed8b85ee0175e4cddbde82c765e5b67a3f13,Enhancing cell edge users performance in open access small cells networks: A Cross layer approach,,Ali Y. Al-Zahrani; F. Yu,1,,2014 IEEE Global Communications Conference,2014,JournalArticle; Conference
9cb2b8dc91aacaf1668adfe0e9dc395e3de39704,Energy-efficient distributed in-network caching for Content-Centric Networks,,Chao Fang; F. Yu; Tao Huang; Jiang Liu; Yun-jie Liu,21,,Conference on Computer Communications Workshops,2014,JournalArticle; Conference
a2e60ab4fefad3674f640cc578f4f06b8aafeab2,Energy-Efficient Topology Control With Selective Diversity in Cooperative Wireless Ad Hoc Networks: A Game-Theoretic Approach,,B. Guo; Q. Guan; F. Yu; Shengming Jiang; Victor C. M. Leung,29,,IEEE Transactions on Wireless Communications,2014,JournalArticle
bb95a1ea4a9bb1fa06a6de59f07d7c5d79b8e94b,Spectrum-efficient topology management of asymmetric interference alignment networks,,Xinyu Zhang; F. Yu; Ying He; Nan Zhao,6,,International Conference on Innovative Computing and Cloud Computing,2014,JournalArticle; Conference
cb541b884d54cb2cf2bd5140063e62da0de3f084,A Novel Massive MIMO Precoding Scheme for Next Generation Heterogeneous Networks,,Fengye Zhang; Songlin Sun; B. Rong; F. Yu; K. Lu,13,,Global Communications Conference,2014,JournalArticle; Conference
d8080a5157b7d5f85b2f5b32de2993148e430f8d,Method to improve the performance of communication-based train control (CBTC) systems with transmission delays and packet drops,,Bing Bu; F. Yu; T. Tang,5,,International Conference on Intelligent Transportation Systems,2014,JournalArticle; Conference
de98a317af24811b9f5021648607f261f78702e1,Trust based security enhancements for vehicular ad hocnetworks,,Zhexiong Wei; F. Yu; A. Boukerche,40,,Design and Analysis of Intelligent Vehicular Networks and Applications,2014,JournalArticle
e82a577438e22e387995b2db4116d8d9870eb6d9,When Cloud Computing Meets Wireless: Cloud Radio Access Networks (C-RAN) in Mobile Cloud Computing Systems,,Yegui Cai; F. Yu; Shengrong Bu,0,,,2014,
ead5214e48f5562aaae1bab410be271021eb428c,A distributed energy consumption optimization algorithm for content-centric networks via dual decomposition,,Chao Fang; F. Yu; Tao Huang; Jiang Liu; Yun-jie Liu,4,,2014 IEEE Global Communications Conference,2014,JournalArticle; Conference
ed283424946c8fc57f73919ddeb42fae7ae3c02b,A survey of energy-efficient caching in information-centric networking,,Chao Fang; F. Yu; Tao Huang; Jiang Liu; Yun-jie Liu,70,,IEEE Communications Magazine,2014,JournalArticle; Review
f12b44d0e3e5b22dd3e45858a1347902bd9fcaf2,Performance improvement in Communication-Based Train Control (CBTC) Systems using cognitive control,,Wenzhe Sun; F. Yu; T. Tang,2,,International Conference on Intelligent Transportation Systems,2014,JournalArticle; Conference
fd96a87ca4e427d24b559b102956aa7fedd3208b,Energy-efficient resource allocation in full-duplex relaying networks,,Gang Liu; Hong Ji; F. Yu; Yi Li; Renchao Xie,41,,2014 IEEE International Conference on Communications (ICC),2014,JournalArticle; Conference
0c14a765f472ab635596a1c0ea2b676091b309ff,Coordinated Multi-Point (CoMP) adaptive estimation and prediction schemes using superimposed and decomposed channel tracking,,G. Cili; H. Yanikomeroglu; F. Yu,3,,International Conference on Intelligent Cloud Computing,2013,JournalArticle; Conference
2704b5e1c98743406d45a686858560ad35720458,Finite-State Markov Modeling of Leaky Waveguide Channels in Communication-Based Train Control (CBTC) Systems,"Leaky waveguide has been adopted in communication based train control (CBTC) systems, as it can significantly enhance railway network efficiency, safety and capacity. Since CBTC systems have high requirements for the train ground communications, modeling the leaky waveguide channels is very important to design the wireless networks and evaluate the performance of CBTC systems. In the letter, we develop a finite-state Markov channel (FSMC) model for leaky waveguide channels in CBTC systems based on real field channel measurements obtained from a business operating subway line. The proposed FSMC channel model takes train locations into account to have a more accurate channel model. The overall leaky waveguide is divided into intervals, and an FSMC model is applied in each interval. The accuracy of the proposed FSMC model is illustrated by the simulation results generated from the model and the real field measurement results.",Hongwei Wang; F. Yu; Li Zhu; T. Tang; B. Ning,16,45180f9eb260cd4e38b7117f2d7cee95ca6fc5fa; d2d0c93ba6aa5e9d98bd0891a7452bfde755d44e; 728eb6e948ef30ff98e05aa00805808547755623; c5b1e704bd7f0aee331c8b5dbb080f4727262738; 1ab9fa1537fa6213dd1882d80d812f6c8b0dd1dd; 846f8f33e1590f1baceef29a1865613d846c5728; 6ac1b98d9672248382576970dd3bbbb4df705744; fb90600cd79c93f6a4368f9637268b0e9f13a5c5; 66aedff484a0061afbc8907db520de636811d080; 2199353118f3ac4fcbcd0808a6233b0ccfad3032; 2b082d4e43802368f19f36a5fcfe1408820e771f; c21d4e1c337e7821101cf823536a5a2563ddc343; 59bb17b27d7220e930ee6bebe1f94cf43ad42c2d; 3ad98bf596b61c15bd91c8bef87587e022ff3931; 8c7a76c7a455d42682acc2924e3807ac1aafd917; be8d32137088ae1ccb598b11bfbe89cea2a8f228; 59b72e4f562d5cd3a4e0b99c27889a78be16cb9a; 9241ea3d8cb85633d314ecb74b31567b8e73f6af; ca2faca49e85fe2f65a4ce52e970d0c0801f59cd,IEEE Communications Letters,2013,JournalArticle
2a55109f0786318a7091479905f5459ef7247fa1,Capacity-optimized topology control for cooperative wireless networks with interference cancellation,"With recent advances in parallel cooperative transmissions between multiple source-destination pairs, interference cancellation (IC) can be achieved to improve sum data rate for one group of cooperating users. However, from the perspective of network capacity, user cooperation may not be always appealing, since the increased sum data rate of cooperating users comes at the price of blocking more neighboring users. In this paper, we study the potential benefits/drawbacks of cooperative communications on network capacity. We show that, in terms of network capacity, cooperative communications do not always outperform traditional non-cooperative communications, and cooperative communications should be dynamically applied in topology control to optimize the overall network capacity. Specifically, we propose a distributed Cooperative topology control scheme with Opportunistic IC (COIC) to improve network capacity. Simulation results are presented to show the effectiveness of the proposed scheme.",Xin Ao; F. Yu; Q. Guan; Shengming Jiang; Victor C. M. Leung,0,,2013 IEEE Globecom Workshops (GC Wkshps),2013,
38a121b81c3e7db4f7b247ddf29d05fda42b250c,QoS- and security-aware dynamic spectrum management for cyber-physical surveillance system,,Pengbo Si; F. Yu; Yanhua Zhang,3,,Global Communications Conference,2013,JournalArticle; Conference
3c2a537c90f4723be466131ee3d8df8ec780cc6f,Reinforcement-Learning-Based Double Auction Design for Dynamic Spectrum Access in Cognitive Radio Networks,,Yinglei Teng; F. Yu; Ke Han; Yifei Wei; Yong Zhang,22,,Wireless personal communications,2013,JournalArticle
401e3785f1dd37334f86cc7d611ccfff60ee8634,A novel interference alignment scheme based on antenna selection in cognitive radio networks,,Xuanheng Li; Yi Sun; F. Yu; Nan Zhao,12,,Global Communications Conference,2013,JournalArticle; Conference
4239bf982f9f61c860cd5663f780a6c078954827,Performance improvements of interference alignment with multiuser diversity in cognitive radio networks,,Ying He; Hongxi Yin; F. Yu; Nan Zhao,4,,International Conference on Wireless Communications and Signal Processing,2013,JournalArticle; Conference
4568e800eaedf0a547b4bc9c6058e74bb1369c7f,Optimal clustering and rate allocation for uplink coordinated multi-point (CoMP) systems with delayed channel state information (CSI),,Yegui Cai; F. Yu; G. Senarath,6,,2013 IEEE International Conference on Communications (ICC),2013,JournalArticle; Conference
530be683e9933af5bc818f280cc0260361d050eb,An Improved Multiple Concurrent Failures Protection Strategy in Multiple Granularity Optical Networks,,J. Shen; F. Yu; Jing Chen; Zhengkun Mi,0,,,2013,
70d38789eb89368b1bd6196faa807a56a3c83e1e,Performance improvements of communication-based train control (CBTC) systems with unreliable wireless networks,,Bing Bu; F. Yu; T. Tang; Chunhai Gao,15,,Wireless networks,2013,JournalArticle
74fa5d8550aa0caee6bb2bb7dcaeea8b22d9e2c4,A delay tolerant control scheme for communication-based train control (CBTC) systems with unreliable wireless networks,,Bing Bu; F. Yu; T. Tang; Chunhai Gao,3,,2013 IEEE International Conference on Communications (ICC),2013,JournalArticle; Conference
7569fac9fc42c555ca4b083e2f00614b57919aca,Caching Design in Green Content Centric Networking Based on Chemical Reaction Optimization,,Renchao Xie; Tao Huang; F. Yu; Yun-jie Liu,3,,"2013 IEEE International Conference on Green Computing and Communications and IEEE Internet of Things and IEEE Cyber, Physical and Social Computing",2013,JournalArticle; Conference
88c5815a225122ad5729d3acf4793ebfbc554a20,A green quasi-dynamic frequency resource division method for LTE-A relay systems,,X. Su; Enchang Sun; M. Li; F. Yu; Yanhua Zhang,0,,2013 IEEE/CIC International Conference on Communications in China - Workshops (CIC/ICCC),2013,Conference
98beda07d7f0372b7e609aba869d43e48080054d,Mean field game theoretic approach for security in mobile ad-hoc networks,,Yanwei Wang; Helen Tang; F. Yu; Minyi Huang,0,,"Defense, Security, and Sensing",2013,
9c23e384c89b3020f2fbb153ad271ea257e91e3b,A Game-Theoretical Scheme in the Smart Grid With Demand-Side Management: Towards a Smart Cyber-Physical Power Infrastructure,,Shengrong Bu; F. Yu,118,,IEEE Transactions on Emerging Topics in Computing,2013,JournalArticle
a1125a0f23e0ec81014f8f51b42b91ef540f66e8,A Survey on Energy Efficiency in Cellular Networks,"With the continuous increase of user requirement, the 
Information and Communication Technology (ICT) has developed rapidly. As a result, 
both capacity and coverage performances have been improved, and at the same time, 
the communication networks have been more energy-intensive. In order to improve 
the energy efficiency of cellular networks, the green communication must be realized 
in the future networks. In this article, we present a short survey on energy-efficient 
technology of cellular networks. Moreover, we classify them into three categories 
based on theirapplication scenarios: energy-efficient architectures, energy-efficient resource management 
and energy-efficient radio technologies. For the first scenario, the applications 
of relay, Coordinated Multiple Points (CoMP) and heterogeneous network 
are discussed in detail. For the second scenario, the switching off scheme will 
be introduced as an emphasis of this part. And for the third scenario, the Multiple-Input 
Multiple-Output (MIMO) and Orthogonal Frequency Division Multiplexing (OFDM) will 
be introduced as the representatives of the Energy-Efficient 
Radio Technologies. Finally, based on the technologies introduced above, a prospect 
forecast of the energy-efficient wireless cellular network is presented.",X. Su; Enchang Sun; Meng Li; F. Yu; Yanhua Zhang,13,0a068863d1a7102925a815c9cfba5f4db35a3196; 7b3105f8c30c4924e05b76f2518c8477f4a6fa07; 74d058b36ec5656f8747907fd74e7959103e2afb; 61f9514f86fbc371b0d9bc1d5f9a4f2a90cd1541; c99cc78fffc9cbf82f2d6e361b18967fd12fb4b1; 3f02ec61565205ff0e513c48a71b50d5fb8ca95a; 0d210a3b63906f8a2d0bbcb939b558ccf926911b; 78d9017c063ccb94d8cd4a05828cee7804303983; ce2a221c73ed377a4c1643f273efd4dc8f88d2d0; 6a5cb5eafb1352c11789ec72c788cdae51003529; c9dfdf17a55ff671d9778bfb9be2fa24c5e41342; fc484cd51f371533401e3d578b8fe616cbdc7f48; 14937854581eb13dff6f27c9c8b9bdeb9f2a4ded; 2d956451e0cd7f4225476afdf7572816d9b2a924; 3fd913d9e7c849d1cdce8fedf6c9a49a64b925ed; 4730d1ce2591a694f8556e15e5201eccb41f6f7a; 35913f71a191b41b77e375ab386b2564d6d0aa74; a286c2b2108c1e328181653e8da0288d8cac1dd4; 139f0d6d20ff1a585c050a2aea08b11f2bf1f4f0; e6f68fc6043f7d2c7e4afedd68a67c10ce2bf043; 64c7ad46343f1d252570955bcd25c1fa60394290; 6c0fe036535c9bd623390a7109959a5d92ee5090; 5dcb757d7842284353d55feac294c74011b6efeb; de4140582cd8abcee43d52956292464a11ec9fb8; e4962a8ccf879037b080fd5f54877e0de9975174; 021bd59a1ad6cfc12dbc2ae1e96b32d9f4e0504d; 1f45c3abe41141271746e2469e513a6113730a53; fdffd90a8b6dd417b8a53ccf98b10628fd11e3e1; 54e88e21f2c4c33b8645f3de79c0ea1da284a0ca; 3e87afa604dd2898f7c56c0619d14d278f6f413c; 8a2e5b73c738beb1b3bd7ddc0b56225e8b2b6086; f3306f38b055f9ad59f313ddeeca807b53a9bfe6; a8487873e7381962140bdb064956029b5889fa71; 334bfe8ed79581452b1bc3a7aed828047c95f449; 9bae130f7a6dc31eae3451597aed39f16b1d2166; 15cc94516c93d4b5d32e34a69304af0fdb35b5a4; 1f12fe3c5f6e5751b07740a44feb1969c06af4dc; cfa9521bf5a536331515e28888906ff50dfb9a33; 28f72df1b9424d8971b78d80bcc3f1d77491305d; 4558e2c477d78acdcd14fa53d3d6a8f10da9a983; 449c7fdb52b0c06b3f6dc6cadcfbb162d19c5bc3; 5d2657c9fee5049cffb192faece8b14e93988878; 0b2a85802232b7ea58b2634a08456ba03e318df5; 87c23b1b77f00b29bd94445da3712ccf192f797f; 59c371987a4301691f2b24f7bdfd7ffbfdeae261; f6d0a7a575d3fde69288b4f5c370f8058b00ad7a; e439169f57181a47ea98a77764f1c4bad457f63a; 492bd1ef5dae9b0277c2f66bf827688878ae0697; 8267b703d192e7650ad294e69e0e82d3a9b418e3; 4fda3112a78c3b3ceb21b4c54b8dd6e1b5f08be8; a39b939e253203efd7a6f65785e536ada354085b; 93e1ee60b59f395d653a13aa058ed0faffb66ce7; af6362b9af879631e5fd17b70c02513829650573; fd17dd9ff560e3a67ce3a8f414cc890541acff23; f72f40ab8c87ed7143860090c012757f00098f37; 9866165b6a83071c196a32f5791495beb2842235; cb1bc154c39426b69616852791027af1d5b6209b; c6287e5647fc7593fb47e1d92e025db8925525ac; 1a00247df1f03457998340a6a4e0346e05cd4560; 876f3504a5cd7a41994c99440b0e780f4abc454d; 79ad53ee19ab6db55edbd59f7bd560903ac0cd04,,2013,Review
aaa5ce905cb5f31a2a40a9a2fdfa4252f5564c60,"Erratum: Cooperation-Aware Topology Control for Wireless Ad Hoc Networks with Opportunistic Interference Cancellation [IEICE Transactions on Communications E95.B (2012) , No. 9 pp. 3047-3051]",,Xin Ao; F. Yu; Shengming Jiang; Q. Guan; G. Wei,0,,,2013,
c2f2ae563d912a51be48133ffd1eae7454d078a6,A distributed interference control scheme in large cellular networks using mean-field game theory,,Ali Y. Al-Zahrani; F. Yu; Minyi Huang,2,,"IEEE International Symposium on Personal, Indoor and Mobile Radio Communications",2013,JournalArticle
cad7840d39b79ffd32ca4a97196ff041b0d015a2,A mean-field game approach for distributed interference and resource management in heterogeneous cellular networks,,Ali Y. Al-Zahrani; F. Yu; Minyi Huang,6,,2013 IEEE Globecom Workshops (GC Wkshps),2013,
d1c01884015530691aa4ac5b9831bbe630889d3c,Energy-Efficient Distributed Relay and Power Control in Cognitive Radio Cooperative Communications,,Changqing Luo; G. Min; F. Yu; Min Chen; L. Yang; Victor C. M. Leung,68,,IEEE Journal on Selected Areas in Communications,2013,JournalArticle
dac6b0d7b3102043243491507cab844f73ea243e,A key management scheme for tiered wireless sensor network with self-healing capability,,Maoyu Wang; Helen Tang; F. Yu,1,,"Defense, Security, and Sensing",2013,
e689c72cc6b2f9829ee8d5834fcf350b09fdd3f9,Distributed energy-efficient inter-cell interference control with BS sleep mode and user fairness in cellular networks,,Shouchao Jiang; F. Yu; Yi Sun,4,,Global Communications Conference,2013,JournalArticle; Conference
f1d85fc3ddd792a5da59a3fa0876e6e492749897,Dynamic Sensor Scheduling for Thermal Management in Biological Wireless Sensor Networks,,Y. Osais; F. Yu; M. St-Hilaire,1,,Int. J. Distributed Sens. Networks,2013,JournalArticle
f706f8a57c355e9681f8406024c662818374af02,Improving throughput in highway transportation systems by entry control and virtual queue,,Yuang Chen; F. Yu; Bin Zhou,9,,Design and Analysis of Intelligent Vehicular Networks and Applications,2013,JournalArticle
fd6b97503f73f734e66733241225254558633249,Energy-efficient cognitive heterogeneous networks powered by the smart grid,,Shengrong Bu; F. Yu; Yi Qian,24,,2013 Proceedings IEEE INFOCOM,2013,JournalArticle
ff190b31f70ff12da1f88d94d0d68c9798ba4c9b,Joint security and QoS provisioning in cooperative vehicular ad hoc networks,,Li Zhu; F. Yu; B. Ning; T. Tang,3,,2013 IEEE International Conference on Communications (ICC),2013,JournalArticle; Conference
0a979046c12ff6b5644f151768949694f6a29fae,A Survey of Security Challenges in Cognitive Radio Networks: Solutions and Future Research Directions,,A. Attar; Helen Tang; A. Vasilakos; F. Yu; Victor C. M. Leung,289,,Proceedings of the IEEE,2012,JournalArticle; Review
0da5ff0fb2d60308eec27cba37a1210372f5fd5a,Performance Evolution in Satellite Communication Networks Along with Markovian Channel Prediction,,K. Harb; F. Yu; S. Abdul-Jauwad,4,,,2012,
107e6a467bc2197a1f03f4520d9abf4a16935d44,Service availability analysis in communication-based train control (CBTC) systems using WLANs,,Li Zhu; F. Yu; B. Ning; T. Tang,6,,2012 IEEE International Conference on Communications (ICC),2012,JournalArticle; Conference
10d98b42b8b6ae3e24a873440d17dee5683c4f42,Cooperation-Aware Topology Control for Wireless Ad Hoc Networks with Opportunistic Interference Cancellation,,Xin Ao; F. Yu; Shengming Jiang; Q. Guan; G. Wei,4,,IEICE transactions on communications,2012,JournalArticle
174b85e62dc9a518a74045c260724af8543b13f1,Optimal joint base station and user equipment (BS-UE) admission control for energy-efficient green wireless cellular networks,,Qingmin Wang; F. Yu; Yi Sun,8,,Global Communications Conference,2012,JournalArticle; Conference
1b123b5fb21be3e9ec14b0725211540f571163bd,Interference alignment for overlay cognitive radio based on game theory,,Tianyi Qu; Nan Zhao; Hongxi Yin; F. Yu,10,,2012 IEEE 14th International Conference on Communication Technology,2012,Conference
20adc866a830981221bfa54caa3c260ff8c54615,Topology control in mobile Ad Hoc networks with cooperative communications,"Cooperative communication has received tremendous interest for wireless networks. Most existing works on cooperative communications are focused on link-level physical layer issues. Consequently, the impacts of cooperative communications on network-level upper layer issues, such as topology control, routing and network capacity, are largely ignored. In this article, we propose a Capacity-Optimized Cooperative (COCO) topology control scheme to improve the network capacity in MANETs by jointly considering both upper layer network capacity and physical layer cooperative communications. Through simulations, we show that physical layer cooperative communications have significant impacts on the network capacity, and the proposed topology control scheme can substantially improve the network capacity in MANETs with cooperative communications.",Q. Guan; F. Yu; Shengming Jiang; Victor C. M. Leung; H. Mehrvar,81,,IEEE wireless communications,2012,JournalArticle
215f8ff46b398b677b1285d9de073584c256c044,Energy-efficient cooperative spectrum sensing schemes for cognitive radio networks,"Rapidly rising energy costs and increasingly rigid environmental standards have led to an emerging trend of addressing “energy efficiency” aspect of wireless communication technologies. Cognitive radio can play an important role in improving energy efficiency in wireless networks, because from the green perspective, spectrum is a natural resource which should not be wasted but be shared. In this article, we propose two energy-efficient and time-saving one-bit cooperative spectrum sensing schemes, which have two stages in the spectrum sensing process. If the signal-to-noise ratio is high or no primary user exists, only one stage of coarse spectrum sensing is needed, by which the sensing time and energy are saved. Otherwise, the second stage of fine spectrum sensing will be performed to increase the spectrum sensing accuracy. Furthermore, only one-bit decision is sent by each secondary user to minimize the overhead. The second proposed algorithm fully utilizes the local decisions of the coarse detection, and its energy consumption is further reduced with its sensing performance close to the first one. Plenty of simulation is performed, and the results show that the sensing time and energy consumption are both reduced significantly in the proposed schemes.",Nan Zhao; F. Yu; Hongjian Sun; A. Nallanathan,97,632a9c3f4f0b51c1eedc2ecb04cb349933778bf5; a2794f31477825ace079b62ea1ce199931c2dc38; 87c23b1b77f00b29bd94445da3712ccf192f797f; ca67e54c8f1de3485322528ec2775ce343503f10; 7c10c6b14f51857bb0d30aa0265ce30740b5d852; 8b7aae267385f4e16784f3dd4c7b55f9f5efae87; 6b42fd98f52c3f07d48323ccf2dddc9bc7dd3e1a; ab793c2b11758801db75377437c4d21fee86aed0; 3e335e3ff19beeda8b2770adffc700ffe3d76406; 8cce9709f6776468a761db1a53a4c42fec42482d; c6694943e237166ad9bd762b016ba68f4a0b8e4b; e9c9ff0a8f3674f2d2ab6d8a1f276578c112927b; 6a848ff6686bc0ca47cea353e4d01a211516427f; 698b7261b4bb888c907aff82293e27adf41507d2; 357ebfbd2bde5c21d0ad5c90264ef2d2a4de16a7; 3a900ddbbbbcb0f8e78f85b2beb5e1376e7964e2; b77b8fcd7723127af5f0add5ffe4f95d2c63dbba; 799cce93183532ca237719bb7a0aa3686eb8e4df; 252c6d5db74fd087c7501097ebc6df5b2f4758b4; 0c3aca5caaa1e67b246d296bea92db9158f7480c; 2c1a558dfb2bd63f19b3696b252e318dcf35714f; 2b55d50de52e0323b1dc500cd92634b61f2f8cf4; 7057a0717f366d715fc5b7e6978d321a011006a0; 847cdb7df549df33940911a48e007c1722175b8d; 88168b6a8094dd208f916e123b50be62a563f372; 3f4f8e279b48a3acc3365fc7a49e678277694251; 363326ecbb0ca0ff80a4bf5e076a0084a98650d5; 70d078021682bdeb2efa4515f819b4b8661edd61; 1a3484f4509453ac13d6bf2454b27f007360b811; fb5d1bb23724d9a5a5eae036a2e3cf291cac2c1b; 983bf5eb13af7e34ebb7b38dfcb8e5efd33e2b94; da37a4349e5d09fa3bf7003e34ba53e64836b1bb; ce573e1fb1da2bb635b113619edc142c260c98cd; 84886cae7d658d691cc19725c216b534ce93ba0a; 8c789cc9b81a6b09c062725dd02a5cac2fd527da; 34df0c86c742ee9281df45978c56145420cd87c2,EURASIP Journal on Wireless Communications and Networking,2012,JournalArticle
30cd66b4c624192236889ce95f2652f9bcfefe91,Distributed consensus-based security mechanisms in cognitive radio mobile ad hoc networks,,Helen Tang; F. Yu; Minyi Huang; Zhiqiang Li,57,,IET Communications,2012,JournalArticle
394349d0ac035eff71978d5337a35962b634b5d1,Energy-efficient spectrum sharing and power allocation in cognitive radio femtocell networks,,Renchao Xie; F. Yu; Hong Ji,86,,2012 Proceedings IEEE INFOCOM,2012,JournalArticle
3b3b93176faf5725db6d20180000cc66957074df,Improving performance of smart grid communications using multi-homing and multi-streaming offered by SCTP,,Majed Alowaidi; F. Yu; Abdulmotaleb El Saddik; Abdullah Aljanah,4,,IEEE International Conference on Smart Grid Communications,2012,JournalArticle; Conference
42b19e0af8cfa138452032dda6f70f70883d840b,Joint Topology Control and Authentication Design in Mobile Ad Hoc Networks With Cooperative Communications,,Q. Guan; F. Yu; Shengming Jiang; Victor C. M. Leung,83,,IEEE Transactions on Vehicular Technology,2012,JournalArticle
4893e023eeb52fa94bd826029c391dbee6c56778,Swarm mobility and its impact on performance of routing protocols in MANETs,,Jun Li; Yifeng Zhou; L. Lamont; F. Yu; C. Rabbath,17,,Computer Communications,2012,JournalArticle
53ebd5c3b0cae44aa1e0cc45303510c6729ca460,Outage capacity optimisation for cognitive radio networks with cooperative communications,,Renchao Xie; F. Yu; Hong Ji,6,,IET Communications,2012,JournalArticle
54e88e21f2c4c33b8645f3de79c0ea1da284a0ca,Cell switch off technique combined with coordinated multi-point (CoMP) transmission for energy efficiency in beyond-LTE cellular networks,,G. Cili; H. Yanikomeroglu; F. Yu; G. Cili; H. Yanikomeroglu; F. Richard Yu,92,,2012 IEEE International Conference on Communications (ICC),2012,JournalArticle; Conference
5f9f041fa316127d7558fe1ee577b57be53381f8,Dynamic operation of BSs in green wireless cellular networks powered by the smart grid,,Shengrong Bu; F. Yu; Yegui Cai; P. X. Liu,10,,Global Communications Conference,2012,JournalArticle; Conference
7c937880d6ed4ce359a39d52cd5e9dbb7d8eabd0,Energy efficiency in reliable cooperative communications with retransmissions,,Q. Guan; Shengming Jiang; Wanjuan Xie; F. Yu,6,,2012 IEEE Online Conference on Green Communications (GreenCom),2012,JournalArticle; Conference
9bae130f7a6dc31eae3451597aed39f16b1d2166,Predictive Control for Energy Efficiency in Wireless Cellular Networks,,Shuhuan Wen; F. Yu; richard yu,6,,IEEE Vehicular Technology Conference,2012,JournalArticle; Conference
9f9617ef0048ba5d3aadce6bfd51645ef488ad7a,MAC performance improvement in UAV ad-hoc networks with full-duplex radios and multi-packet reception capability,,Yegui Cai; F. Yu; Jun Li; Yifeng Zhou; L. Lamont,18,,2012 IEEE International Conference on Communications (ICC),2012,JournalArticle; Conference
a26cf1a45d3071f941f2c5d62448e57616d15c76,TCP performance improvement in wireless networks with cooperative communications and network coding,,Yifei Wei; Mei Song; F. Yu,6,,2012 IEEE International Conference on Communications (ICC),2012,JournalArticle; Conference
a2794f31477825ace079b62ea1ce199931c2dc38,Energy-Efficient Resource Allocation for Heterogeneous Cognitive Radio Networks with Femtocells,,Renchao Xie; F. Yu; Hong Ji; Yi Li,306,,IEEE Transactions on Wireless Communications,2012,JournalArticle
a2fe8b549a0a6703fb51ca3cb0e1207e692c4798,Interference alignment through antenna switching to improve quality of service in wireless networks,,Nan Zhao; Hongxi Yin; F. Yu; Hongjian Sun,2,,International Conference on Innovative Computing and Cloud Computing,2012,JournalArticle; Conference
a332ba04183d095a396d6da551414b9343a97c77,Energy efficient cellular networks with CoMP communications and smart grid,,Shengrong Bu; F. Yu; Yegui Cai; P. X. Liu,4,,2012 IEEE International Conference on Communications (ICC),2012,JournalArticle; Conference
b82e645c226af25debabc34731be1bf9befc6bbb,Optimal transmission behavior policy of secondary users in proactive-optimization cognitive radio networks,,Pengbo Si; F. Yu; Enchang Sun; Yanhua Zhang,0,,"IEEE International Symposium on Personal, Indoor and Mobile Radio Communications",2012,JournalArticle
bb34539da1196b4876a7f8011a1c045ca2bca93b,A game theoretic approach for security and Quality of Service (QoS) co-design in MANETs with cooperative communications,,D. Zheng; Helen Tang; F. Yu; Helen Tang,7,,IEEE Military Communications Conference,2012,JournalArticle; Conference
cf523a0939e677d0662323405e7c0e46be846be6,Support of Node Mobility between Networks,,F. Yu; Li Ma; Victor C. M. Leung,1,,,2012,
d0ae1c08bb9e84a4cc46af6e83059720acf7584b,Green Radio Communication Networks: Energy-efficient relaying for cooperative cellular wireless networks,,Yifei Wei; Mei Song; F. Yu,0,,,2012,
d2cee068f79a7cd5c6adff0a4d169f8b14f0f5ab,Green wireless cellular networks in the smart grid environment,,Shengrong Bu; F. Yu; Peng Liu,0,,,2012,
d772d5d5486cc2a1b4939b760a7e2bd7b3c473a6,Reinforcement-Learning-Based Double Auction Design for Dynamic Spectrum Access in Cognitive Radio Networks,,Yinglei Teng; F. Yu; Ke Han; Yifei Wei; Yong Zhang,0,,Wireless personal communications,2012,
efd0ea11f48f540bf8a801c6480ce8b3e78b2cd2,On QoE monitoring and E2E service assurance in 4G wireless networks,,Perumalraja Rengaraju; Chung-Horng Lung; F. Yu; A. Srinivasan,41,,IEEE wireless communications,2012,JournalArticle
f6d14456288c13c3ddbae9d55ecf6df07f26ca4b,Cross-Layer Handoff Design in Communication-Based Train Control (CBTC) Systems Using WLANs,,Li Zhu; F. Yu; B. Ning; T. Tang; Hongwei Wang,3,,IEEE Vehicular Technology Conference,2012,JournalArticle; Conference
0b6f4931653822636698079510d38cd6e8980ff1,Topology Control and Routing in Mobile Ad Hoc Networks with Cognitive Radios,"Cognitive radio (CR) technology will have significant impacts on upper layer performance in mobile ad hoc networks (MANETs). In this paper, we study topology control and routing in CR-MANETs. We propose a distributed Prediction-based Cognitive Topology Control (PCTC) scheme to provision cognition capability to routing in CR-MANETs. PCTC is a midware-like cross-layer module residing between CR module and routing. The proposed PCTC scheme uses cognitive link availability prediction, which is aware of the interference to primary users, to predict the available duration of links in CR-MANETs. Based on the link prediction, PCTC constructs an efficient and reliable topology, which is aimed at mitigating re-routing frequency and improving end-to-end network performance such as throughput and delay. Simulation results are presented to show the effectiveness of the proposed scheme.",Q. Guan; F. Yu; Shengming Jiang,3,c6694943e237166ad9bd762b016ba68f4a0b8e4b; 7867cb1d5911624474d0b335bf2b422da2dd95ca; 55e874c97a952137d7ee749aee7a03e417285d18; d1e0f3cf04e8c07f4e8381e955cad081a50ab507; 8bbe74953876efd31cbfcb6d5a07a7fcf4ee82ba; f9bdf263817fe1e717f5832c8466b9d727ca4faa; 3fe33f62b8d7958468e977eaa96b2332221705c3; 517030cbf55d8f0636b86b4ea489240da56ce1cc; 0dea21895f6274997425d64717b87018df6ce079; ceef4ac742b354655fa12ab387aed87662cffd89; 38d56acbfaccb5bcf5ff14b438245ecf2a6dc253; 1358740b704d1c170df3682e001077587ed94b3b; 21634751a7d5aaf3cf27bb08b9223a0572329659; 8583fe13126256bef0b13ecaf98bc86a52a92fa8; c596c008dc920467364d872bc433377a927917a7; 0115daa94a36713feaf1b05bd31652bc196ed521; d5a5a678c32702bdb6dcac72580ec6041f783d86; 70d078021682bdeb2efa4515f819b4b8661edd61; da4fbeb5f4cfe677cfe658b4665915f469dcf860; 79e914e204383601b1bcd95123d2939f5dffd02c; b683ec1734e16f5e5b21689eeab22a7f6956661f; 1fc4dc22aabdae79a22384c6b5e81311cdf39609; f5f60587241697e6d1ac8606af777288880a3add; 902d14f0360f81956cf1e72bd842348f9357a920; 20cd511c0653897e4416c96264d28e16dc12136f; 5faa1df692e6d3abf37b1f97269d5445890a09c8; 7a1b76c5c7503cf4870f7e5a1740e2084022b317; fb5d1bb23724d9a5a5eae036a2e3cf291cac2c1b; d611f303ebab48a9cb9e265ba42c538be9f198ba; 8c789cc9b81a6b09c062725dd02a5cac2fd527da; 11f7a8aea9bb2cd031210db9abc76fa6685a54e4; 403210e2a76e42a7346939965ffd995c1ab8ff10; 35514e0e11ccdcc6ee53248c6d02c0678d9380a1; 189d10308c9320172ebd1003d580af5b65a2ca90; 6d8fe5fa64a635ddc79d3a6201d7c72bb6322c2f,arXiv.org,2011,JournalArticle
17d15464f5d8507aacd17d48d0fa4d0ede32826d,A game-theoretical decision-making scheme for electricity retailers in the smart grid with demand-side management,,Shengrong Bu; F. Yu; P. X. Liu,67,,IEEE International Conference on Smart Grid Communications,2011,JournalArticle; Conference
2f53c871f138186fce42b12a5eb53ce166a6f956,Distributed Consensus-Based Cooperative Spectrum Sensing in Cognitive Radio Mobile Ad Hoc Networks,,F. Yu; Helen Tang; Minyi Huang; P. Mason; Zhiqiang Li,6,,,2011,
3e87b9a28817d77896e3be7a7574051e48f53973,Capacity-Optimized Topology Control for MANETs with Cooperative Communications,,Q. Guan; F. Yu; Shengming Jiang,3,,IEEE Transactions on Wireless Communications,2011,JournalArticle
4f96c252148ba42557249239f4a055005947fea8,Centralized Scheme for Joint Relay Selection and Channel Access in Partially-Sensed Cognitive Radio Cooperative Networks,,Changqing Luo; F. Yu; Min Chen; L. Yang,4,,Global Communications Conference,2011,JournalArticle; Conference
5dd0eba49e06068d3824dafa35fc714f5f6743ab,Next generation mobility management: an introduction,"Mobility management, which includes location management and handoff management, is essential in cellular wireless networks to provide service to mobile users. Location management enables call delivery to mobile users, while handoff management maintains the connectivity of ongoing calls while users move between cells. In next generation networks, mobile users will avail themselves with terminals capable of accessing wireless networks employing multiple technologies, thus making the task of mobility management more challenging. This paper reviews recent developments in location management, and surveys methods for handoff management between heterogeneous systems. Methods for inter-system handoffs in packet-switched inter-networks are discussed according to the protocol layer in which the handoffs take place, i.e., network layer, transport layer, and application layer. Open problems for mobility management in future wireless networks are also presented. Copyright © 2010 John Wiley & Sons, Ltd.",F. Yu; V. Wong; Joo-Han Song; Victor C. M. Leung; Henry C. B. Chan,15,,Wireless Communications and Mobile Computing,2011,JournalArticle; Review
67735edc4352a664d95cae62b24cc22701c6e17a,Dynamic Resource Allocation for Heterogeneous Services in Cognitive Radio Networks with Imperfect Channel Sensing,,Renchao Xie; F. Yu; Hong Ji,150,,Global Communications Conference,2011,JournalArticle; Conference
6ec935fc1941331a34e4f7dcdc8cb60a23bed913,Topology Control and Routing in Cognitive Radio Mobile Ad Hoc Networks,,Q. Guan; F. Yu; Shengming Jiang,4,,,2011,
752eec18821cbdba84edcf0353179c39d8632007,Cross Layer Design in MIMO-Enabled Communication-Based Train Control Systems,,Li Zhu; F. Yu; B. Ning; T. Tang,0,,Global Communications Conference,2011,JournalArticle; Conference
8d5f2971409d5337cf61357846f59ef545a9717e,Transmission control protocol throughput optimisation in cooperative relaying networks through relay selection,,Y. Wei; F. Yu; M. Song; Y. Zhang,3,,IET Communications,2011,JournalArticle
8d89fc0360318fdf84e3c78da84cbdf61be15d0f,Outage Capacity Optimization for Cognitive Radio Networks with Cooperative Transmissions via Discrete Stochastic Optimization,,Renchao Xie; F. Yu; Hong Ji,0,,Global Communications Conference,2011,JournalArticle; Conference
954e90bd949f211bc0184e29abbb10a6053a4b39,Communication systems for grid integration of renewable energy resources,"There is growing interest in renewable energy around the world. Since most renewable sources are intermittent in nature, it is a challenging task to integrate renewable energy resources into the power grid infrastructure. In this grid integration, communication systems are crucial technologies, which enable the accommodation of distributed renewable energy generation and play an extremely important role in monitoring, operating, and protecting both renewable energy generators and power systems. In this article, we review some communication technologies available for grid integration of renewable energy resources. Then we present the communication systems used in a real renewable energy project, Bear Mountain Wind Farm in British Columbia, Canada. In addition, we present the communication systems used in photovoltaic power systems. Finally, we outline some research challenges and possible solutions about the communication systems for grid integration of renewable energy resources.",F. Yu; Peng Zhang; W. Xiao; P. Choudhury,193,481e36467c2d6b4a47cca2e23d5f5a3fb41142c2; 83d4bf8d8e4392947c51cfade2dda6d33db59343; 114fbc2ea23ac9ef37021d0575144cdddf50405f; 4c3bc2ffa595448f675bb85bea7649528d30fc8c; e46d00eb9d368b3f082862c59adf7dc2d1121daa; 12eeda6f0ec15b01df1c024455515b6562a294b4,IEEE Network,2011,JournalArticle; Review
9bc674084d99c729920c9a4538f170c652b7bb28,Capacity-Optimized Topology Control for MANETs with Cooperative Communications,,Q. Guan; F. Yu; Shengming Jiang; Victor C. M. Leung,73,,2011 IEEE International Conference on Communications (ICC),2011,JournalArticle; Conference
b0501f081d847b0754936aa8759b5057702b4814,A Joint Design for Topology and Security in MANETs with Cooperative Communications,,Q. Guan; F. Yu; Shengming Jiang; Victor C. M. Leung,7,,2011 IEEE International Conference on Communications (ICC),2011,JournalArticle; Conference
b50c3db737efa1b6c92362edb1be79f697409304,QoS Provisioning for Multimedia Transmission in Cognitive Radio Networks,"Abstract - In cognitive radio (CR) networks, the perceived reduction of application layer quality of ser-vice (QoS), such as multimediadistortion, by secondary users may impede the success of CR technologies.Most previous work in CR networks ignores application layer QoS. In this paper we take an integrated de-sign approach to jointly optimize multimedia intra refreshing rate, an application layer parameter, togetherwith access strategy, and spectrum sensing for multimedia transmission in a CR system with time varyingwireless channels. Primary network usage and channel gain are modeled as a ﬁnite state Markov process.With channel sensing and channel state information errors, the system state cannot be directly observed.We formulate the QoS optimization problem as a partially observable Markov decision process (POMDP).A low complexity dynamic programming framework is presented to obtain the optimal policy. Simulationresults show the effectiveness of the proposed scheme.Keywords - Cognitive radio networks, multimedia, wireless networks.",F. Yu; Bo Sun; V. Krishnamurthy; Saqib Ali,1,,arXiv.org,2011,JournalArticle
c3aaa9f4a97478b292975df60cc7b4861cba2cb6,Stochastic unit commitment in smart grid communications,,Shengrong Bu; F. Yu; P. X. Liu,69,,Conference on Computer Communications Workshops,2011,Conference
c8afac4e9e474f313126d409b360df34663677d9,Distributed Cooperative Spectrum Sensing in Mobile Ad Hoc Networks with Cognitive Radios,"In cognitive radio mobile ad hoc networks (CR-MANETs), secondary users can cooperatively sense the spectrum to detect the presence of primary users. In this chapter, we propose a fully distributed and scalable cooperative spectrum sensing scheme based on recent advances in consensus algorithms. In the proposed scheme, the secondary users can maintain coordination based on only local information exchange without a centralized common receiver. We use the consensus of secondary users to make the final decision. The proposed scheme is essentially based on recent advances in consensus algorithms that have taken inspiration from complex natural phenomena including flocking of birds, schooling of fish, swarming of ants and honeybees. Unlike the existing cooperative spectrum sensing schemes, there is no need for a centralized receiver in the proposed schemes, which make them suitable in distributed CR-MANETs. Simulation results show that the proposed consensus schemes can have significant lower missing detection probabilities and false alarm probabilities in CR-MANETs. It is also demonstrated that the proposed scheme not only has proven sensitivity in detecting the primary user's presence, but also has robustness in choosing a desirable decision threshold.",F. Yu; Helen Tang; Minyi Huang; P. Mason; Zhiqiang Li,7,c6694943e237166ad9bd762b016ba68f4a0b8e4b; 366421fab44cf818f7eef89b07bd7d11ef205b47; 3533a122e4db6b9c8f97dfe6516c7ccc9661e164; ba36dccf2d43bb8c91990c0bf479814c883a06e7; 29258e7c8a2d43c77933900f4b66e8bdc002943e; 8bbe74953876efd31cbfcb6d5a07a7fcf4ee82ba; 5c0fabc6805b07159839f28beac75c645ab2ad1a; 47a166a3e69be1f8c1c6e01e17771387a3bcd4f6; 1bf949c1f2baef561c8503ac755e1318c829d18c; e4b9d11ef515d8e467aaa7beac9fcc38c6ea31bb; 2ad0febce6622c769c8ed46abea2fa99c9c7f0a0; f9bdf263817fe1e717f5832c8466b9d727ca4faa; 3fe33f62b8d7958468e977eaa96b2332221705c3; 517030cbf55d8f0636b86b4ea489240da56ce1cc; 7738ad6935d1f7f4b566f18ab98896ee540b1141; b9092903d7eeaf7c012fcc1f8e633ed97ed7cebf; 922552af1ac246c75e22f7ea3499f6dd30bf20d1; a23ef60c2784aeea9e7bfc84be53d2db4c0b8cab; 1ea640fa17578fc458aeb452bc037dcd99fa4d85; ceef4ac742b354655fa12ab387aed87662cffd89; aa6be519b394b44ab24c6ad964f8a2c6a9b23571; 50793c236270ad426fe6fe837262f0fc60a0d35e; dd515d2f59e8412f435a7b376e968b7527676c0f; 847cdb7df549df33940911a48e007c1722175b8d; 4e93cb23e5af9b1807760df6d2d53d9c8cfa6b9b; f5f2336371087d232528af74eeff83054e5abd6e; cccaa3cb8d9d84fb60cb2c62c0e3dff84bf127e0; 95ba0f3a9759cce4edfdb125cc173e883411b0a9; 1358740b704d1c170df3682e001077587ed94b3b; 2e462ac397a993549e4a31bdb77160bdf22e5036; e1d01455671d2db0d104140fd181e1ee1d29fc22; 3cf42dfe991dd2171aae176e9ca1b13550146fa6; 0115daa94a36713feaf1b05bd31652bc196ed521; 3c518ea405b2c37db00136add22687bba5d09647; ee6ff99457245822545a32c436f359cac84ccb68; 59697e0aea25057adf743265888b3a4f5a607f82; 28ca8c5844af275d5ec2cf7f8fcc132e83b3b1b2; 70d078021682bdeb2efa4515f819b4b8661edd61; 1a3484f4509453ac13d6bf2454b27f007360b811; b683ec1734e16f5e5b21689eeab22a7f6956661f; 26c68d7d20cab6733f20c8a0c36790957d2c98bc; 5971077d3b9eae34eecc077f49e855cb3694e87a; 902d14f0360f81956cf1e72bd842348f9357a920; c1b98e924aeb49e794b2ad0a37485a7ffe48826b; 20cd511c0653897e4416c96264d28e16dc12136f; b07c157e7d40e06a4f2d486b16d5180d8b24acb9; fb5d1bb23724d9a5a5eae036a2e3cf291cac2c1b; ab810c31a135990b10ea77d76e6db8e7ac99fb5f; 07865c763b232015287f15ea8980eba792305ccc; c62b611a7cddb585d8311c65ea70b1cc66e37bd4; 5281536f3d07af0074666f48884b9d8b860dd046; 24c5941e64909877b8c6ea05f41aebb6698f290f; 8c789cc9b81a6b09c062725dd02a5cac2fd527da; 11f7a8aea9bb2cd031210db9abc76fa6685a54e4; b2a15c8bf0777f4753388cd6b9101ba8ed06f821; 26c7aa36ad06081e9911481c1b55910bff5dd2ea; 403210e2a76e42a7346939965ffd995c1ab8ff10; 68d1431cebfa3ce1221b04cb0ab9cf8cc705f80d; 4831a6274bbd8e847bae703d505e92d7171a407b; 8f2c60f65213ae85d9a06ae68471cd4a4c5462cd; 82dc0e2ea785f4870816764c25f3d9ae856d9809; 6d8fe5fa64a635ddc79d3a6201d7c72bb6322c2f; 1754da637e820f49afbbc7f4c817edbe8809f10d,arXiv.org,2011,JournalArticle
ddec6a5724d297868bca4c0ae7946c8e3d729a22,Network selection and spectrum sharing for heterogeneous cognitive radio systems,,Pengbo Si; F. Yu; Hong Ji; Yanhua Zhang,0,,,2011,
eabde1cebd7ea2dccbfc7b71ed61e5008088b209,A Computationally Efficient Method for Joint Authentication and Intrusion Detection in Mobile Ad-Hoc Networks,,Shengrong Bu; F. Yu; P. X. Liu; Helen Tang,7,,2011 IEEE International Conference on Communications (ICC),2011,JournalArticle; Conference
fe41607717f74e032db8d5948114b396d5594711,Stochastic charging management for plug-in electric vehicles in smart microgrids fueled by renewable energy sources,,Li Zhu; F. Yu; B. Ning; T. Tang,20,,IEEE Online Conference on Green Communications,2011,JournalArticle; Conference
0711bbbb20bb4fc0c29257a481a70c5e837c0eba,Optimal Multi-Server Allocation to Parallel Queues with Random Connectivity and Retransmissions,,H. Al-Zubaidy; I. Lambadaris; Y. Viniotis; F. Yu; A. Srinivasan,1,,IEEE International Conference on Communications,2010,JournalArticle; Conference
094d425f94b9bfc264a5027481f725dc1d21090d,Distributed Relay Selection and Power Control in Cognitive Radio Networks with Cooperative Transmission,"In this paper, we present a distributed relay selection and power allocation scheme concurrently considering the channel states of all related links and residual energy state of the relay nodes for cooperative transmission in cognitive radio (CR) networks. Specifically, we formulate the CR network with cooperative transmission as a restless bandit system, which has been widely applied in operations research and stochastic control. The channel state and residual energy state are presented by finite state Markov chains. With this stochastic optimization formulation, the optimal policy for relay selection and power allocation is indexable, meaning that the relay with the highest index should be selected. The proposed scheme can achieve the tradeoff between achievable rate and network lifetime. Simulation results are presented to illustrate the performance of the proposed scheme.",Changqing Luo; F. Yu; Hong Ji; Victor C. M. Leung,38,,IEEE International Conference on Communications,2010,JournalArticle; Conference
263bc39ad9b0dd0e4cc867f45d370bd182a80150,Location-Assisted Intercell Interference Management Scheme in Next Generation Wireless Networks Using Opportunistic Beamforming,,Ali Y. Al-Zahrani; F. Yu; I. Lambadaris,0,,IEEE Vehicular Technology Conference,2010,JournalArticle; Conference
289b970003cfee1a811494b576316c980ce48714,Optimal Cooperative Multi-Source Multimedia Transmission Scheduling in Peer-to-Peer Networks,,Pengbo Si; Yanhua Sun; Yanhua Zhang; F. Yu,0,,2010 Second International Conference on Multimedia and Information Technology,2010,Conference
2b1bde298d32678abacb0974c93dad89c67f018d,Spectrum Pooling-Based Optimal Internetwork Spectrum Sharing for Cognitive Radio Systems,,Pengbo Si; F. Yu; Ruizhe Yang; Yanhua Zhang,3,,2010 IEEE Global Telecommunications Conference GLOBECOM 2010,2010,JournalArticle; Conference
2c206410390e33652d17fe535b6a2e7e6428e907,Joint Connection Admission Control and Routing in IEEE 802.16-Based Mesh Networks,,Shiying Zhang; F. Yu; Victor C. M. Leung,11,,IEEE International Conference on Communications,2010,JournalArticle; Conference
38d9c852cd681472a74a1618bb24fb88ced44f57,A central-networked cross-layer design framework for wireless sensor networks,,S. Alikhani; T. Kunz; M. St-Hilaire; F. Yu,8,,International Conference on Wireless Communications and Mobile Computing,2010,JournalArticle
51a96f67c6dbe62c77b43ad86dbb6dd22a2742e9,Cross-Layer Design for TCP Performance Improvement in Cognitive Radio Networks,,Changqing Luo; F. Yu; Hong Ji; Victor C. M. Leung,151,,IEEE Transactions on Vehicular Technology,2010,JournalArticle
51b5ea2be8bc8b7913e58e75379b1176faad355e,Distributed Multisource Transmission in Wireless Mobile Peer-to-Peer Networks: A Restless-Bandit Approach,,Pengbo Si; F. Yu; Hong Ji; Victor C. M. Leung,12,,IEEE Transactions on Vehicular Technology,2010,JournalArticle
5fa763f556cb282719d64fc9d78a80efe0804f0a,Optimal Cooperative Internetwork Spectrum Sharing for Cognitive Radio Systems With Spectrum Pooling,,Pengbo Si; Hong Ji; F. Yu; Victor C. M. Leung,73,,IEEE Transactions on Vehicular Technology,2010,JournalArticle
644b367d413bed34949f8243f1e81f06d4478c0d,Adaptive Control of Packet Overhead in XOR Network Coding,,T. Nage; F. Yu; M. St-Hilaire; richard yu,13,,IEEE International Conference on Communications,2010,JournalArticle; Conference
6ae40afde514fcc3ccf2103c7a481541b034b95b,An Optimal Handoff Decision Algorithm for Communication-Based Train Control (CBTC) Systems,,Li Zhu; F. Yu; B. Ning,3,,IEEE Vehicular Technology Conference,2010,JournalArticle; Conference
6ba36c6ea7e100ecc4c5c8ed704414d92d399d1b,Distributed combined authentication and intrusion detection with data fusion in high security mobile ad-hoc networks,,Shengrong Bu; F. Yu; P. X. Liu; Helen Tang; P. Mason,2,,2010 - MILCOM 2010 MILITARY COMMUNICATIONS CONFERENCE,2010,Conference
7535141c7ff4d2a098355e53ef7e4258d324c9fb,Cross-Layer Design for TCP Throughput Optimization in Cooperative Relaying Networks,,Yifei Wei; F. Yu; Mei Song; Yong Zhang,6,,IEEE International Conference on Communications,2010,JournalArticle; Conference
77e4da29b0a09f4d752fb72ec5d23f7c753e7ee8,Distributed Combined Authentication and Intrusion Detection With Data Fusion in High-Security Mobile Ad Hoc Networks,,Shengrong Bu; F. Yu; P. X. Liu; P. Mason; Helen Tang,102,,IEEE Transactions on Vehicular Technology,2010,JournalArticle
8211bb00760c5acf23ebe36236b3dd5694120498,A Decision Support Scheme to Maintain QoS in Weather Impacted Satellite Networks,,K. Harb; F. Yu; P. Dhakal; A. Srinivasan,5,,,2010,
8c789cc9b81a6b09c062725dd02a5cac2fd527da,A Distributed Consensus-Based Cooperative Spectrum-Sensing Scheme in Cognitive Radios,,Zhiqiang Li; F. Yu; Minyi Huang,274,,IEEE Transactions on Vehicular Technology,2010,JournalArticle
9e6b78f197cbd1418233eee25d8f364573ede0ca,Distributed Optimal Relay Selection in Wireless Cooperative Networks With Finite-State Markov Channels,,Yifei Wei; F. Yu; Mei Song,168,,IEEE Transactions on Vehicular Technology,2010,JournalArticle
c6694943e237166ad9bd762b016ba68f4a0b8e4b,Biologically inspired consensus-based spectrum sensing in mobile Ad Hoc networks with cognitive radios,,F. Yu; Minyi Huang; Helen Tang,134,,IEEE Network,2010,JournalArticle
dc729727553ede9bc127bfa76585c669fc51dd41,An Intelligent QoS Control System for Satellite Networks Based on Markovian Weather Prediction,,K. Harb; F. Yu; P. Dhakal; A. Srinivasan,6,,IEEE Vehicular Technology Conference,2010,JournalArticle; Conference
e05e08fa5d50bc179399ed4fe4193d8f6ae10cb6,A POMDP Based K-Coverage Dynamic Scheduling Protocol for Wireless Sensor Networks,,Xin Fei; A. Boukerche; F. Yu,16,,2010 IEEE Global Telecommunications Conference GLOBECOM 2010,2010,JournalArticle; Conference
e0c56a054304fbc71039d3f638ccae8c9d329962,Performance Improvement in Satellite Networks Based on Markovian Weather Prediction,,K. Harb; F. Yu; P. Dhakal; A. Srinivasan,6,,2010 IEEE Global Telecommunications Conference GLOBECOM 2010,2010,JournalArticle; Conference
e86b86c32a33db4aa68a20bed397f85b0e81eadf,Optimal Capacity in Underlay Paradigm Based Cognitive Radio Network with Cooperative Transmission,,Changqing Luo; F. Yu; Hong Ji,1,,IEEE Vehicular Technology Conference,2010,JournalArticle; Conference
f4b3819a1e20ffefb5830477586013d2e2e0ee5d,Prediction-Based Topology Control and Routing in Cognitive Radio Mobile Ad Hoc Networks,,Q. Guan; F. Yu; Shengming Jiang; G. Wei,171,,2010 INFOCOM IEEE Conference on Computer Communications Workshops,2010,JournalArticle; Conference
fd440e5c317b93243ac8a6b604aa2f096b8e98b7,Thermal Management of Biosensor Networks,,Y. Osais; F. Yu; M. St-Hilaire,3,,2010 7th IEEE Consumer Communications and Networking Conference,2010,JournalArticle; Conference
fd5f3d6b8cd9ab7faf135389f19bee40e6742578,TCP-Aware Network Coding with Opportunistic Scheduling in Wireless Mobile Ad Hoc Networks,,T. Nage; F. Yu; M. St-Hilaire,12,,2010 7th IEEE Consumer Communications and Networking Conference,2010,JournalArticle; Conference
07479b415dcfc6f38687fe10a115ebab3ae9c338,Distributed Multi-Source Transmission in Wireless Mobile Peer-to-Peer Networks: A Restless Bandit Approach,,Pengbo Si; F. Yu; Hong Ji; Victor C. M. Leung,4,,IEEE International Conference on Communications,2009,JournalArticle; Conference
0d4aacd0a1663c48c32a0766f691a22289d86434,Optimal Channel Access for TCP Performance Improvement in Cognitive Radio Networks: A Cross-Layer Design Approach,,Changqing Luo; F. Yu; Hong Ji; Victor C. M. Leung,29,,Global Communications Conference,2009,JournalArticle; Conference
1e895c9d8e0b441d80c61a21b9c89dcd0841610c,A Distributed Network Selection Scheme in Next Generation Heterogeneous Wireless Networks,"The network selection problem in next generation heterogeneous wireless networks is one of the key issues to integrate a wide range of radio access technologies. In most previous work, the network selection problem is modeled as a centralized system, without considering the distributed nature of heterogeneous wireless networks. In this paper, we propose a distributed network selection scheme in heterogeneous wireless networks. The the heterogeneous wireless networks are formulated as a restless bandit system, which has an ""indexability"" property that dramatically reduces the complexity. Extensive simulation results are presented to illustrate the performance improvement of the proposed scheme.",Pengbo Si; F. Yu; Hong Ji; Victor C. M. Leung,4,,IEEE Wireless Communications and Networking Conference,2009,JournalArticle; Conference
30e031ee6e7d827cf151200596e5cdb21925be95,Optimal network selection in heterogeneous wireless multimedia networks,,Pengbo Si; F. Yu; Hong Ji; Victor C. M. Leung,60,,IEEE International Conference on Communications,2009,JournalArticle; Conference
6729a8f2d0766903f0eff2847213d56e2b222239,Distributed sender scheduling for multimedia transmission in wireless mobile peer-to-peer networks,"Multi-source multimedia transmission is a popular architecture in wireless mobile peer-to-peer (P2P) networks. Most of previous work on wireless mobile P2P networks concentrates on the protocols and network structures, and consequently ignores the multiple senders scheduling problem. In this paper, we present a distributed algorithm for scheduling the multiple senders for multi-source transmission in wireless mobile P2P networks, which can maximize the data rate and minimize the power consumption. Specifically, we formulate the wireless mobile P2P network as a multi-armed bandit system. The optimal distributed sender scheduling policy can be found according to the Gittins indices of the senders. Extensive simulation examples illustrate the effectiveness of the proposed scheme. It is shown that the data rate and power consumption in the proposed scheme can be improved significantly compared to existing schemes.",Pengbo Si; F. Yu; Hong Ji; Victor C. M. Leung,39,,IEEE Transactions on Wireless Communications,2009,JournalArticle
75a013e60fd4eb877e885530b1b409b3c7174c5a,Energy Efficient Distributed Relay Selection in Wireless Cooperative Networks with Finite State Markov Channels,,Yifei Wei; F. Yu; Mei Song; Victor C. M. Leung,16,,Global Communications Conference,2009,JournalArticle; Conference
77363e5a538ca1f057c564a93016cad7b1cdb2a1,A Hierarchical Identity Based Key Management Scheme in Tactical Mobile Ad Hoc Networks,,F. Yu; Helen Tang; P. Mason; Fei Wang,78,,IEEE Transactions on Network and Service Management,2009,JournalArticle
8af9f1776ffe2677b0bf788faa1695394887143b,A Cooperative Spectrum Sensing Consensus Scheme in Cognitive Radios,,Zhiqiang Li; F. Yu; Minyi Huang,80,,IEEE INFOCOM 2009,2009,JournalArticle
a27bec46d9d38aec3f1ebf2e5aad7ac48cb46cd1,TCP-aware cross-layer design in cognitive radio networks,,Changqing Luo; F. Yu; Hong Ji; Victor C. M. Leung,1,,2009 International Conference on Ultra Modern Telecommunications & Workshops,2009,JournalArticle; Conference
b12f425a613d3168cc329af1c9111fe0c7645887,Distributed Hierarchical Key Management Scheme in Mobile Ad Hoc Networks,,Fei Wang; F. Yu; A. Srinivasan,0,,Global Communications Conference,2009,JournalArticle; Conference
ddd748b5fe079a3a6c7aba2d8380067250c3e788,A FCM-Based Peer Grouping Scheme for Node Failure Recovery in Wireless P2P File Sharing,,Xi Li; Hong Ji; F. Yu; Ruiming Zheng,9,,IEEE International Conference on Communications,2009,JournalArticle; Conference
ffcafe270195a864260fe0c81b2500f7aa6a0e2f,Distributed node selection for threshold key management with intrusion detection in mobile ad hoc networks,,F. Yu; Helen Tang; Fei Wang; Victor C. M. Leung,26,,2009 International Conference on Computational Science and Engineering,2009,JournalArticle; Conference
1bbc9bbdcc0bc1bd849e02cd579da8039749d00b,Bi-Dimensional P2P and MRBD Protocols to Enhance Lookup Performance,,Pengbo Si; F. Yu; Hong Ji; Guangxin Yue,0,,IEEE GLOBECOM 2008 - 2008 IEEE Global Telecommunications Conference,2008,JournalArticle; Conference
26b198440a0f09b70a30fa92cc650f5be79810f0,A New QoS Provisioning Method for Adaptive Multimedia in Wireless Networks,,F. Yu; V. Wong; Victor C. M. Leung,43,,IEEE Transactions on Vehicular Technology,2008,JournalArticle
3be58e798fbacd010c977532ba3f2cb3ca4755a7,Radio Resource Management and Admission Control in Heterogeneous Wireless Access Networks,,F. Yu; Helen Tang; Hong Ji,2,,,2008,
890e9e9c0e27b732f0fea9633d97f2ca64ba4c56,A Framework of Combining Intrusion Detection and Continuous Authentication in Mobile Ad Hoc Networks,,Jie Liu; F. Yu; Chung-Horng Lung; Helen Tang,7,,IEEE International Conference on Communications,2008,JournalArticle; Conference
8f638fdf5cd77194ac01808a5e8d722a1e01b5c9,Distributed Sender Scheduling for Multimedia Transmission in Wireless Peer-to-Peer Networks,,Pengbo Si; F. Yu; Hong Ji; Victor C. M. Leung,2,,IEEE GLOBECOM 2008 - 2008 IEEE Global Telecommunications Conference,2008,JournalArticle; Conference
b807d0d7599bfd608704ad752d9d56e08a11e2c6,IEEE 802.11 DCF PSM Model and a Novel Downlink Access Scheme,,Pengbo Si; Hong Ji; F. Yu; Guangxin Yue,14,,IEEE Wireless Communications and Networking Conference,2008,JournalArticle; Conference
bca72bb621eab856eded30166f7c9dd8d1409f11,Joint connection admission control and routing in IEEE 802.16-based mesh networks,,Shiying Zhang; F. Yu; Victor C. M. Leung,47,,IEEE Transactions on Wireless Communications,2008,JournalArticle
cffee047729ec9a9c652fff22bf8e328f47c0303,Biometric-based user authentication in mobile ad hoc networks,,F. Yu; Helen Tang; Victor C. M. Leung; Jie Liu; Chung-Horng Lung,16,,Secur. Commun. Networks,2008,JournalArticle
f4221dc6e949561066f2bf4c3ab66ca33c2aa2dd,SIP and Vertical Handoffs in Heterogeneous Wireless Networks,,Xiaolei Wang; J. Zhang; Henry C. B. Chan; F. Yu; Victor C. M. Leung,1,,,2008,
1d07e1b05abd1ec5f91368e25eb5d5cb1787660f,Enhancing Interoperability in Heterogeneous Mobile Wireless Networks for Disaster Response,"Efficient communications are crucial for disaster response and recovery. However, most current public safety land mobile radio (LMR) networks only provide narrowband voice service with limited support of low-speed data services. In this paper, we study to enhance the interoperability of LMR with commercial wireless cellular networks, by which a wide variety of benefits can be offered to disaster responders, including new multimedia services, increased data rates and low cost devices. Our approach is based on Session Initial Protocol (SIP) and a joint radio resource management framework. In addition, an optimal radio resource management scheme is proposed to maximize the overall radio resource utilization and at the same time guarantee service availability and continuity quality of service (QoS) for disaster responders. The effectiveness of the proposed approach is illustrated by numerical examples.",Victor C. M. Leung; Jie Zhang; F. Yu; Henry C. B. Chan; Helen Tang,12,,IEEE Military Communications Conference,2007,JournalArticle; Conference
26f4dd3e6facfbdf11bf65a49ae63bbb954a28d1,A novel multiple access scheme over multi-packet reception channels for wireless multimedia networks,,Hui Chen; F. Yu; Henry C. B. Chan; Victor C. M. Leung,25,,IEEE Transactions on Wireless Communications,2007,JournalArticle
2de8e6edd018feaddd5a3b5cb89430388e40a4f5,Performance Improvements of Mobile SCTP in Integrated Heterogeneous Wireless Networks,"The complementary characteristics of cellular networks and wireless local area networks (WLANs) make it attractive to integrate these two technologies. In this integrated heterogeneous environment, mobile stream control transmission protocol (MSCTP) is ideal to support vertical handover (VHO) between them by enabling a mobile client to freely switch between IP addresses acquired in different networks. In this paper, we show that the MSCTP-based VHO scheme suffers from poor throughput performance during WLAN to cellular forced VHOs. We propose a novel error recovery scheme called Sending-buffer Multicast-Aided Retransmission with Fast Retransmission (SMART-FRX) to improve performance during VHO by multicasting the buffered and new data over both WLAN and cellular links when handover losses occur. In addition, we propose a new analytical model for SCTP that takes into account the congestion window, the round trip time, the slow-start and congestion avoidance processes. By comparing numerical results from the proposed analytical model with simulation results, we demonstrate that our analytical model is able to predict the SCTP throughput accurately, with or without the SMART-FRX scheme. The analytical model provides a useful tool that can be extended to study the performance of SCTP in other applications. Analytical and simulation results show that the proposed SMART-FRX scheme can improve the SCTP throughput performance significantly in WLAN to cellular forced VHO situations.",Li Ma; F. Yu; Victor C. M. Leung,50,,IEEE Transactions on Wireless Communications,2007,JournalArticle
34399b27b7867183cb2c7eba562fecfec633075a,Cross-Layer QoS Support for Packet Multimedia in Wireless Networks,,F. Yu; V. Krishnamurthy,1,,IEEE GLOBECOM 2007 - IEEE Global Telecommunications Conference,2007,JournalArticle; Conference
565dc31422e4b3083e755af0f9f095f84d73169e,QoS Provisioning in Public Safety Radio and Commercial Cellular Integrated Networks for First Responders and Critical Infrastructures,"The complementary characteristics of public safety radio networks and commercial cellular networks make it attractive to integrate these two wireless access technologies to provide first responders with a wide variety of advanced services (e.g., multimedia). In this integrated system, service availability is a critical quality of service (QoS) requirement. This paper formulates the QoS provisioning problem and proposes an algorithm for solving the problem. The QoS constraint can be guaranteed in the proposed scheme by reserving some bandwidth in cellular networks for first responders. Numerical examples illustrate that the proposed scheme can significantly improve the service availability QoS for first responders.",F. Yu; Helen Tang; Victor C. M. Leung,5,,"IEEE International Performance, Computing, and Communications Conference",2007,JournalArticle; Conference
ffed1943b1d543b82ff8eb8f305e0029932f999c,The First International Workshop on Wireless Networking for Intelligent Transportation Systems,,E. Hossain; F. Yu,0,,,2007,
5515ab50183c2d7a6b41884a441b722f739149e3,Enhancing security using mobility-based anomaly detection in cellular mobile networks,"Location information is an important feature in users' profiles in cellular mobile networks. In this paper, by exploiting the location history traversed by a mobile user, two domain-independent online anomaly detection schemes are designed, namely the Lempel-Ziv (LZ)-based and Markov-based detection schemes. The authors focus on the identification of a group of especially harmful internal attackers-masqueraders. For both schemes, cell IDs traversed by each mobile user are extracted as the feature value. Specifically, the mobility pattern of each user is characterized by a high-order Markov model. The LZ-based detection scheme from the well-developed data compression techniques is derived. Moreover, the technique of exponentially weighted moving average is used to modify a user's normal profile dynamically. The user profile can characterize the normal behavior of each user accurately and is sensitive to abnormal changes. For the Markov-based detection scheme, a fixed-order Markov model is used to characterize the normal behavior. Based on the constructed probability transition matrix, the probability of the user's current activity is calculated. A threshold policy is then used in both schemes to determine whether a mobile device is potentially compromised or not. Simulation results are presented to show the effectiveness of the proposed schemes. Moreover, our results show that the LZ-based detection scheme performs better than the Markov-based detection scheme, especially for low-speed mobile users",Bo Sun; F. Yu; Kui Wu; Victor C. M. Leung,82,,IEEE Transactions on Vehicular Technology,2006,JournalArticle
0c53a7de1d8142aaad31611321869aebdb7a5856,SMART-FRX: a novel error-recovery scheme to improve performance of mobile SCTP during WLAN to cellular forced vertical handover,,Li Ma; F. Yu; Victor C. M. Leung,4,,IEEE Wireless Communications and Networking Conference,2005,JournalArticle; Conference
22386340fd5498fbd7cfbe12abe392a0a42a0f66,Performance enhancement of combining QoS provisioning and location management in wireless cellular networks,,F. Yu; V. Wong; Victor C. M. Leung,17,,IEEE Transactions on Wireless Communications,2005,JournalArticle
47f81e0b192daf310330c604f372db51cf109036,A novel multiple access scheme in wireless multimedia networks with multi-packet reception,,Hui Chen; F. Yu; Henry C. B. Chan; Victor C. M. Leung,9,,Wireless Multimedia Networking and Performance Modeling,2005,JournalArticle
4f5491200dcda3ee6c3c6376fc815b7230241b64,Cross-layer QoS provisioning in packet wireless CDMA networks,,F. Yu; V. Krishnamurthy,2,,"IEEE International Conference on Communications, 2005. ICC 2005. 2005",2005,JournalArticle; Conference
538094dbce5839cfd03a7a2d8fea7d9ad5c2ad5f,A novel dynamic cell configuration scheme in next-generation situation-aware CDMA networks,,C. Liao; F. Yu; Victor C. M. Leung; Chung-Ju Chang,14,,IEEE Vehicular Technology Conference,2005,JournalArticle
aa4208c65bfe1ffcd0abbb2c08074ec22bdfe775,Modeling SCTP throughput in integrated WLAN/cellular networks,,Li Ma; F. Yu; Victor C. M. Leung,10,,"IEEE International Conference on Communications, 2005. ICC 2005. 2005",2005,JournalArticle; Conference
af64f813085ab7b7e1250a13bb670e104cf5aadb,Reinforcement-learning-based self-organisation for cell configuration in multimedia mobile networks,,C. Liao; F. Yu; Victor C. M. Leung; Chung-Ju Chang,3,,Transactions on Emerging Telecommunications Technologies,2005,JournalArticle
c85f67d938632807c75b1db4fadfce84c67737f8,Cross-layer effective bandwidth-based radio resource management in CDMA networks with LMMSE receivers,,F. Yu; V. Krishnamurthy,1,,"IEEE International Conference on Communications, 2005. ICC 2005. 2005",2005,JournalArticle; Conference
309f77802b1f7d3b5443becd69f8edf235f01d9e,A new QoS provisioning method for adaptive multimedia in cellular wireless networks,,F. Yu; V. Wong; Victor C. M. Leung,52,,IEEE INFOCOM 2004,2004,JournalArticle
3b519d9b173f131073823aee5c2e287bd81aee65,Effects of mobility on packet level performance of connection-oriented multimedia traffic over packet-switched cellular networks,,F. Yu; Li Ma; Victor C. M. Leung,7,,IEEE Wireless Communications and Networking Conference,2004,JournalArticle; Conference
c2507fb3196f0484353b2a7cbfc16b713e54c131,A new method to support UMTS/WLAN vertical handover using SCTP,,Li Ma; F. Yu; Victor C. M. Leung; T. Randhawa,103,,2003 IEEE 58th Vehicular Technology Conference. VTC 2003-Fall (IEEE Cat. No.03CH37484),2004,JournalArticle; Conference
da4fbeb5f4cfe677cfe658b4665915f469dcf860,Cross-Layer optimal connection admission control for variable bit rate multimedia traffic in packet wireless CDMA networks,,F. Yu; V. Krishnamurthy; Victor C. M. Leung,82,,IEEE Transactions on Signal Processing,2004,JournalArticle; Conference
39a399cf7d76455e3c4e0fd5d44ca7636f3e0b82,Efficient QoS Provisioning for Adaptive Multimedia in Mobile Communication Networks by Reinforcement Learning,,F. Yu; V. Wong; Victor C. M. Leung,92,,First International Conference on Broadband Networks,2003,JournalArticle; Conference
874d991c9c7ca605e51ba56f7e0a422297de2457,Reinforcement-learning-based call admission control and bandwidth adaptation in mobile multimedia networks,,F. Yu; V. Wong; V. Leung,7,,"Fourth International Conference on Information, Communications and Signal Processing, 2003 and the Fourth Pacific Rim Conference on Multimedia. Proceedings of the 2003 Joint",2003,Conference
b76085bf9d5a0656751ffbf092e35db5fa7fe720,Quality of service provisioning in cellular mobile networks,,F. Yu,1,,,2003,
5f700f232cf3797d0af9a597675a6c5f00a6f598,Performance enhancements of combining QoS provisioning and location management in wireless cellular networks,,F. Yu; V. Wong; Victor C. M. Leung,7,,"Global Telecommunications Conference, 2002. GLOBECOM '02. IEEE",2002,JournalArticle; Conference
13d80d91823b61ebb7027e3dc828539b9ece3abe,A framework of combining mobility management and connection admission control in wireless cellular networks,,F. Yu; Victor C. M. Leung,10,,ICC 2001. IEEE International Conference on Communications. Conference Record (Cat. No.01CH37240),2001,JournalArticle; Conference
5faa1df692e6d3abf37b1f97269d5445890a09c8,Mobility-based predictive call admission control and bandwidth reservation in wireless cellular networks,,F. Yu; Victor C. M. Leung,236,,Proceedings IEEE INFOCOM 2001. Conference on Computer Communications. Twentieth Annual Joint Conference of the IEEE Computer and Communications Society (Cat. No.01CH37213),2001,JournalArticle; Conference
b9b033c9413bf273255b852137477c7f50ad8098,Connection Admission Control for PCS-to-Internet Protocol Internetworking,,F. Yu; Victor C. M. Leung,13,,"12th IEEE International Symposium on Personal, Indoor and Mobile Radio Communications. PIMRC 2001. Proceedings (Cat. No.01TH8598)",2001,JournalArticle
