Title,Abstract,Label,Venue,Group,Year,Citation,ReferenceCount,Type,OpenAlexId,DOI
"5G: A Tutorial Overview of Standards, Trials, Challenges, Deployment, and Practice","There is considerable pressure to define the key requirements of 5G, develop 5G standards, and perform technology trials as quickly as possible. Normally, these activities are best done in series but there is a desire to complete these tasks in parallel so that commercial deployments of 5G can begin by 2020. 5G will not be an incremental improvement over its predecessors; it aims to be a revolutionary leap forward in terms of data rates, latency, massive connectivity, network reliability, and energy efficiency. These capabilities are targeted at realizing high-speed connectivity, the Internet of Things, augmented virtual reality, the tactile internet, and so on. The requirements of 5G are expected to be met by new spectrum in the microwave bands (3.3-4.2 GHz), and utilizing large bandwidths available in mm-wave bands, increasing spatial degrees of freedom via large antenna arrays and 3-D MIMO, network densification, and new waveforms that provide scalability and flexibility to meet the varying demands of 5G services. Unlike the one size fits all 4G core networks, the 5G core network must be flexible and adaptable and is expected to simultaneously provide optimized support for the diverse 5G use case categories. In this paper, we provide an overview of 5G research, standardization trials, and deployment challenges. Due to the enormous scope of 5G systems, it is necessary to provide some direction in a tutorial article, and in this overview, the focus is largely user centric, rather than device centric. In addition to surveying the state of play in the area, we identify leading technologies, evaluating their strengths and weaknesses, and outline the key challenges ahead, with research test beds delivering promising performance but pre-commercial trials lagging behind the desired 5G targets.",,IEEE Journal on Selected Areas in Communications,comm,2017,2356,194,article,W2605344455,https://doi.org/10.1109/jsac.2017.2692307
A Tutorial on the Optimization of Amplify-and-Forward MIMO Relay Systems,The remarkable promise of multiple-input multiple-output (MIMO) wireless channels has motivated an intense research activity to characterize the theoretical and practical issues associated with the design of transmit (source) and receive (destination) processing matrices under different operating conditions. This activity was primarily focused on point-to-point (single-hop) communications but more recently there has been an extensive work on two-hop or multi-hop settings in which single or multiple relays are used to deliver the information from the source to the destination. The aim of this tutorial is to provide an up-to-date overview of the fundamental results and practical implementation issues in designing amplify-and-forward MIMO relay systems.,,IEEE Journal on Selected Areas in Communications,comm,2012,201,86,article,W2076853942,https://doi.org/10.1109/jsac.2012.120904
Communication-Efficient Distributed Learning: An Overview,"Distributed learning is envisioned as the bedrock of next-generation intelligent networks, where intelligent agents, such as mobile devices, robots, and sensors, exchange information with each other or a parameter server to train machine learning models collaboratively without uploading raw data to a central entity for centralized processing. By utilizing the computation/communication capability of individual agents, the distributed learning paradigm can mitigate the burden at central processors and help preserve data privacy of users. Despite its promising applications, a downside of distributed learning is its need for iterative information exchange over wireless channels, which may lead to high communication overhead unaffordable in many practical systems with limited radio resources such as energy and bandwidth. To overcome this communication bottleneck, there is an urgent need for the development of communication-efficient distributed learning algorithms capable of reducing the communication cost and achieving satisfactory learning/optimization performance simultaneously. In this paper, we present a comprehensive survey of prevailing methodologies for communication-efficient distributed learning, including reduction of the number of communications, compression and quantization of the exchanged information, radio resource management for efficient learning, and game-theoretic mechanisms incentivizing user participation. We also point out potential directions for future research to further enhance the communication efficiency of distributed learning in various scenarios.",,IEEE Journal on Selected Areas in Communications,comm,2023,131,243,article,W4320005491,https://doi.org/10.1109/jsac.2023.3242710
Survey on Terahertz Nanocommunication and Networking: A Top-Down Perspective,"Recent developments in nanotechnology herald nanometer-sized devices expected to bring light to a number of groundbreaking applications. Communication with and among nanodevices will be needed for unlocking the full potential of such applications. As the traditional communication approaches cannot be directly applied in nanocommunication, several alternative paradigms have emerged. Among them, electromagnetic nanocommunication in the terahertz (THz) frequency band is particularly promising, mainly due to the breakthrough of novel materials such as graphene. For this reason, numerous research efforts are nowadays targeting THz band nanocommunication and consequently nanonetworking. As it is expected that these trends will continue in the future, we see it beneficial to summarize the current status in these research domains. In this survey, we therefore aim to provide an overview of the current THz nanocommunication and nanonetworking research. Specifically, we discuss the applications envisioned to be supported by nanonetworks operating in the THz band, together with the requirements such applications pose on the underlying nanonetworks. Subsequently, we provide an overview of the current contributions on the different layers of the protocol stack, as well as the available channel models and experimentation tools. Finally, we identify a number of open research challenges and outline several future research directions.",,IEEE Journal on Selected Areas in Communications,comm,2021,33,284,article,W2972434517,https://doi.org/10.1109/jsac.2021.3071837
An Adaptive System Based on Roadmap Profiling to Enhance Warning Message Dissemination in VANETs,"In recent years, new applications, architectures, and technologies have been proposed for vehicular ad hoc networks (VANETs). Regarding traffic safety applications for VANETs, warning messages have to be quickly and smartly disseminated in order to reduce the required dissemination time and to increase the number of vehicles receiving the traffic warning information. In the past, several approaches have been proposed to improve the alert dissemination process in multihop wireless networks, but none of them were tested in real urban scenarios, adapting its behavior to the propagation features of the scenario. In this paper, we present the Profile-driven Adaptive Warning Dissemination Scheme (PAWDS) designed to improve the warning message dissemination process. With respect to previous proposals, our proposed scheme uses a mapping technique based on adapting the dissemination strategy according to both the characteristics of the street area where the vehicles are moving and the density of vehicles in the target scenario. Our algorithm reported a noticeable improvement in the performance of alert dissemination processes in scenarios based on real city maps.",,IEEE/ACM Transactions on Networking,comm,2012,41,28,article,W2094265032,https://doi.org/10.1109/tnet.2012.2212206
Scheduling of Real-Time Wireless Flows: A Comparative Study of Centralized and Decentralized Reinforcement Learning Approaches,"This paper addresses the problem of scheduling real-time wireless flows with general traffic patterns in dynamic network conditions. The main goal is to maximize the fraction of packets to be delivered within their deadlines, which is referred to as timely-throughput. While scheduling algorithms for frame-based traffic models and greedy maximal scheduling methods like LDF have been thoroughly studied, algorithms providing deadline guarantees on packet delivery for general traffic under dynamic network conditions are insufficient. To address this issue, we present a comparative study of two deep reinforcement learning-based scheduling algorithms: RL-Centralized and RL-Decentralized, which are designed to optimize timely-throughput for real-time wireless flows with general traffic patterns in dynamic wireless networks. The RL-Centralized scheduling algorithm formulates the centralized scheduling problem as a Markov Decision Process (MDP) and leverages a Multi-Environments Dueling Double Deep Q-Network (ME-D3QN) structure to adapt to dynamic network conditions. The RL-Decentralized scheduling problem is formulated as a Multi-Agent Markov Decision Process (MMDP) and employs the Node State Consensus Protocol (NSCP) and Lifelong Reinforcement Learning Decentralized Training and Decentralized Execution (LRL-DTDE) structure to accelerate training. Our experimental results indicate that both proposed algorithms can converge quickly and efficiently adapt to dynamic network conditions with better performance than their baseline policies. Finally, test-bed experiments validate simulation results and confirm that the proposed algorithms are practical on resource-limited platforms.=-1",,IEEE/ACM Transactions on Networking,comm,2024,7,39,article,W4399282441,https://doi.org/10.1109/tnet.2024.3405950
"Joint Radar and Communication Design: Applications, State-of-the-Art, and the Road Ahead","Sharing of the frequency bands between radar and communication systems has attracted substantial attention, as it can avoid under-utilization of otherwise permanently allocated spectral resources, thus improving efficiency. Further, there is increasing demand for radar and communication systems that share the hardware platform as well as the frequency band, as this not only decongests the spectrum, but also benefits both sensing and signaling operations via the full cooperation between both functionalities. Nevertheless, the success of spectrum and hardware sharing between radar and communication systems critically depends on high-quality joint radar and communication designs. In the first part of this paper, we overview the research progress in the areas of radar-communication coexistence and dual-functional radar-communication (DFRC) systems, with particular emphasis on application scenarios and technical approaches. In the second part, we propose a novel transceiver architecture and frame structure for a DFRC base station (BS) operating in the millimeter wave (mmWave) band, using the hybrid analog-digital (HAD) beamforming technique. We assume that the BS is serving a multi-antenna user equipment (UE) over a mmWave channel, and at the same time it actively detects targets. The targets also play the role of scatterers for the communication signal. In that framework, we propose a novel scheme for joint target search and communication channel estimation, which relies on omni-directional pilot signals generated by the HAD structure. Given a fully-digital communication precoder and a desired radar transmit beampattern, we propose to design the analog and digital precoders under non-convex constant-modulus (CM) and power constraints, such that the BS can formulate narrow beams towards all the targets, while pre-equalizing the impact of the communication channel. Furthermore, we design a HAD receiver that can simultaneously process signals from the UE and echo waves from the targets. By tracking the angular variation of the targets, we show that it is possible to recover the target echoes and mitigate the resulting interference to the UE signals, even when the radar and communication signals share the same signal-to-noise ratio (SNR). The feasibility and efficiency of the proposed approaches in realizing DFRC are verified via numerical simulations. Finally, the paper concludes with an overview of the open problems in the research field of communication and radar spectrum sharing (CRSS).",,IEEE Transactions on Communications,comm,2020,2001,136,article,W3006143078,https://doi.org/10.1109/tcomm.2020.2973976
The Survey Hole Inpainting Problem: A Machine Learning Approach,"This work considers the inpainting of missing data in an indoor field, such as geomagnetism and WiFi fingerprints. As opposed to typical image/video inpainting problems, this problem poses several new challenges. First, unlike images with rectangular shapes and fixed RGB channels, indoor geographic data are multi-channeled and highly influenced by building structures. Second, unlike natural objects with fixed shapes, each geographic field is distinct and geographic data are environmentsensitive, following complex physical laws. Consequently, learning from data in other fields is difficult. Third, such data may be obtained from manual surveys and crowdsourcing, which often results in weakly-labeled and noisy datasets. We model our field data as (i) manually surveyed labeled data with holes and (ii) crowdsourced weakly-labeled data without holes. We propose a two-level adversarial regularization inpainting model to conquer these challenges and validate our results with real field data.",,IEEE Transactions on Mobile Computing,comm,2025,0,51,article,W4414166095,https://doi.org/10.1109/tmc.2025.3607935
"Survey, Design and Evaluation of TGT-HC: A Time-Aware Shaper MAC for Wireless TSN","Ultra-Reliable Low-Latency Communication (URLLC) and Time-Sensitive Networking (TSN) are essential for enhancing 5G and Wi-Fi 6/7 to support real-time industrial automation. However, our survey shows that existing Medium Access Control (MAC) schemes still face unresolved latency issues. This paper introduces the Transmission Gating Time Hyperchannel (TGT-HC), a novel contention-free Carrier-Sense Multiple Access (CSMA) scheme driven by a per-flow Time-Aware Shaper (TAS) scheduler. Our analytical results, simulations, and prototyping with the Universal Software Radio Peripheral (USRP) demonstrate that TGT-HC achieves latency performance comparable to a First-Come-First-Served (FCFS) single server for real-time cyclic traffic, even under high frame error rates (FERs). Given its promising performance, we advocate for reconsidering contention-free CSMA as a viable MAC scheme in next-generation URLLC/TSN.",,IEEE Transactions on Mobile Computing,comm,2025,4,49,article,W4406890335,https://doi.org/10.1109/tmc.2025.3535413
Efficiency Optimization Techniques in Privacy-Preserving Federated Learning With Homomorphic Encryption: A Brief Survey,"Federated learning (FL) offers distributed machine learning on edge devices. However, the FL model raises privacy concerns. Various techniques, such as homomorphic encryption (HE), differential privacy, and multiparty cooperation, are used to address the privacy issues of the FL model. Among them, HE ensures greater security and privacy since end-to-end encryption maintains data privacy throughout the computation process. Compared with other privacy-preserving techniques, HE does not require the establishment of a trusted environment or protocol among multiple parties and does not involve any artificial noise that can impair system performance. Unfortunately, it suffers from efficiency overhead when applied to privacy-preserving FL (PPFL). Some existing surveys on PPFL discuss the generic construction and organization of PPFL from the perspective of practical HE deployment in PPFL. However, none of them covers the efficiency optimization of HE when applied to PPFL. This article conducts a comprehensive review of the efficiency optimization of HE when applied to PPFL. First, we review general optimization strategies and discuss their limitations when applied directly to HE-based PPFL. Second, an overview of algorithmic, hardware, and hybrid optimizations is provided, along with a discussion of their adaptation. Additionally, we provide a detailed taxonomy of optimizations. Finally, we suggest future HE-based PPFL research directions.",,IEEE Internet of Things Journal,comm,2024,184,141,article,W4400409839,https://doi.org/10.1109/jiot.2024.3382875
A DDQN-Based Cooperative Path Planning for Range-Based AUV Cooperative Navigation System Towards Coverage Survey and Positioning Error Suppression,"The cooperative system of multiple Autonomous Underwater Vehicles (AUVs) is becoming increasingly popular in environment survey, target search and many other marine coverage tasks. Coverage path planning is essential prior to task implementation to avoid path redundancy or area omission. A significant issue is that most existing underwater coverage path planning studies assume that AUVs can always obtain accurate position estimates, without considering the problem of positioning error divergence in underwater navigation systems. This article proposes a coverage path planning method based on Deep Reinforcement Learning (DRL) for the leader-follower AUVs cooperative navigation mode. The method ensures that the AUV formation successfully completes the coverage task while utilizing distance measurements between the leader and follower AUVs to achieve cooperative position estimation with bounded errors. Grid division strategy is used to ensure a close distance between the leader and following AUVs. The Double Deep QNetwork (DDQN) learning algorithm is applied for global cooperative coverage path planning, with a prior positioning uncertainty dictionary built based on the relationship between positioning errors and cooperative paths. An online path replanning method is also designed to avoid unknown static and dynamic obstacles. The proposed method is validated through simulations and lake experiments using unmanned surface vehicles. Compared to existing full-coverage path planning strategies, it demonstrates significant improvements in positioning accuracy, enabling AUVs to maintain high-precision navigation and accurately track the planned path during task execution.",,IEEE Internet of Things Journal,comm,2025,3,42,article,W4413277477,https://doi.org/10.1109/jiot.2025.3599150
"A Survey on Digital Twins: Architecture, Enabling Technologies, Security and Privacy, and Future Prospects","By interacting, synchronizing, and cooperating with its physical counterpart in real time, digital twin (DT) is promised to promote an intelligent, predictive, and optimized modern city. Via interconnecting massive physical entities and their virtual twins with inter-twin and intra-twin communications, the Internet of DTs (IoDT) enables free data exchange, dynamic mission cooperation, and efficient information aggregation for composite insights across vast physical/virtual entities. However, as IoDT incorporates various cutting-edge technologies to spawn the new ecology, severe known/unknown security flaws, and privacy invasions of IoDT hinder its wide deployment. Besides, the intrinsic characteristics of IoDT, such as decentralized structure, information-centric routing, and semantic communications, entail critical challenges for security service provisioning in IoDT. To this end, this article presents an in-depth review of the IoDT with respect to system architecture, enabling technologies, and security/privacy issues. Specifically, we first explore a novel distributed IoDT architecture with cyber–physical interactions and discuss its key characteristics and communication modes. Afterward, we investigate the taxonomy of security and privacy threats in IoDT, discuss the key research challenges, and review the state-of-the-art defense approaches. Finally, we point out the new trends and open research directions related to IoDT.",,IEEE Internet of Things Journal,comm,2023,315,141,article,W4362514681,https://doi.org/10.1109/jiot.2023.3263909
"Safeguarding Individuals and Organizations From Privacy Breaches: A Comprehensive Review of Problem Domains, Solution Strategies, and Prospective Research Directions","Privacy breaches have become increasingly prevalent, exposing individuals to significant risks. These breaches can have far-reaching consequences, including identity theft and life-threatening situations. Several studies have analyzed data and privacy breaches and presented detection or prevention techniques to combat these breaches. However, because the number and type of breaches have significantly increased, these studies have become less relevant or outdated. Previous research on data and privacy breaches compared the techniques and results of various studies. However, none comprehensively analyzed the type of information and the level and severity of compromise that occurred after such breaches. In this survey, we examine the fundamental concepts of privacy and security and define the security incidents and data/privacy breaches. We propose a set of criteria to evaluate the published studies on privacy breaches. We thoroughly investigate the problem domains and security-related concerns considering six recent breach cases in Australia, elucidating the critical challenges and issues associated with privacy breaches. We comprehensively review and outline the trends and severity of security incidents and data/privacy breaches from 2020 to 2024. Additionally, we review the current state-of-the-art countermeasures to safeguard against these breaches. Finally, we identify an open research direction to develop an artificial intelligence (AI)-powered security framework. This framework aims to analyze cyber threats, characterize attackers’ behaviors, distinguish between legitimate and illegitimate privacy policies, and restrict access to individuals’ information. Overall, this survey will help organizations to reassess and update their security and privacy measures.",,IEEE Internet of Things Journal,comm,2024,6,59,article,W4403600609,https://doi.org/10.1109/jiot.2024.3481316
Public Blockchains for Resource-Constrained IoT Devices—A State-of-the-Art Survey,"Although blockchain offers a lot of benefits for the Internet-of-Things (IoT) network in terms of security, there are a number of barriers to its widespread adoption. Since many IoT networks consist of battery-powered devices with limited computing capabilities, one of those adoption barriers is the IoT end node itself. Several articles provided a general survey of the blockchain integration with IoT applications. However, a detailed analysis of this integration is missing, possible challenges are omitted, and no solutions that would enable the integration are presented. Furthermore, none of the surveys focused on reviewing public blockchains for IoT devices with low computational capabilities and limited energy resources. Therefore, the aim of this article is to provide the results of an in-depth study that covers challenges faced by existing public blockchains with IoT device integration. This article looks into resource-constrained IoT device classification and the wireless communication protocols used by them. It examines challenges that are required to be overcome for the successful integration of resource-constrained IoT end nodes with existing public blockchains. It then looks at the proposed solutions and their feasibility. A detailed review of possible security attacks on an IoT blockchain network is provided. As a result, a list of important characteristics that a public blockchain should possess in order to be integrated with a resource-constrained IoT network is proposed. Finally, the requirements for the IoT end nodes themselves are specified.",,IEEE Internet of Things Journal,comm,2021,76,100,article,W3143460466,https://doi.org/10.1109/jiot.2021.3069120
An Overview of Internet of Things (IoT) and Data Analytics in Agriculture: Benefits and Challenges,"The surge in global population is compelling a shift toward smart agriculture practices. This coupled with the diminishing natural resources, limited availability of arable land, increase in unpredictable weather conditions makes food security a major concern for most countries. As a result, the use of Internet of Things (IoT) and data analytics (DA) are employed to enhance the operational efficiency and productivity in the agriculture sector. There is a paradigm shift from use of wireless sensor network (WSN) as a major driver of smart agriculture to the use of IoT and DA. The IoT integrates several existing technologies, such as WSN, radio frequency identification, cloud computing, middleware systems, and end-user applications. In this paper, several benefits and challenges of IoT have been identified. We present the IoT ecosystem and how the combination of IoT and DA is enabling smart agriculture. Furthermore, we provide future trends and opportunities which are categorized into technological innovations, application scenarios, business, and marketability.",,IEEE Internet of Things Journal,comm,2018,1471,125,article,W2806576037,https://doi.org/10.1109/jiot.2018.2844296
Interference Management for Integrated Sensing and Communication Systems: A Survey,"Emerging applications, such as autonomous driving and Internet of Things (IoT) services put forward the demand for simultaneous sensing and communication functions in the same system. Integrated sensing and communication (ISAC) has the potential to meet the demands of ubiquitous communication and high-precision sensing due to the advantages of spectrum and hardware resource sharing, as well as the mutual enhancement of sensing and communication. However, the ISAC system faces severe interference requiring effective interference suppression, avoidance, and exploitation techniques. This article provides a comprehensive survey on the interference management techniques in ISAC systems, involving network architecture, system design, signal processing, and resource allocation. We first review the channel modeling and performance metrics of the ISAC system. Then, the methods for managing self-interference (SI), mutual interference (MI), and clutter in a single base station (BS) system are summarized, including interference suppression, interference avoidance, and interference exploitation methods. Furthermore, cooperative interference management methods are studied to address the cross-link interference (CLI) in a coordinated multipoint ISAC (CoMP-ISAC) system. Finally, future trends are revealed. This article may provide a reference for the study of interference management in ISAC systems.",,IEEE Internet of Things Journal,comm,2024,99,190,article,W4404795612,https://doi.org/10.1109/jiot.2024.3506162
Internet of Things for Agricultural Applications: The State of the Art,"The advent of the Internet of Things (IoT) inspired various new and enhanced sets of applications in multiple domains including agriculture. The recent drive in the adoption of IoT technologies offers a major enhancement for the agricultural sectors in terms of efficiency and scalability. In this article, we investigate the specific issues and challenges associated with IoT, and review various IoT architectures, communication, middleware, and information processing technologies. We, then, discuss few IoT applications for agriculture-presenting various case studies to thoroughly analyze the solutions along with their design and implementation related parameters. Consequently, we provide a comprehensive review of the available simulation tools, data sets, and testbeds which provisions experimentation with IoT in agriculture. We enumerate open issues and challenges present in enabling IoT for agriculture. Finally, this article concludes while giving directions for future research.",,IEEE Internet of Things Journal,comm,2021,105,186,article,W3123679444,https://doi.org/10.1109/jiot.2021.3051418
Sensor-Based Continuous Authentication of Smartphones’ Users Using Behavioral Biometrics: A Contemporary Survey,"Mobile devices and technologies have become increasingly popular, offering comparable storage and computational capabilities to desktop computers allowing users to store and interact with sensitive and private information. The security and protection of such personal information are becoming more and more important since mobile devices are vulnerable to unauthorized access or theft. User authentication is a task of paramount importance that grants access to legitimate users at the point of entry and continuously through the usage session. This task is made possible with today's smartphones' embedded sensors that enable continuous and implicit user authentication by capturing behavioral biometrics and traits. In this article, we survey more than 140 recent behavioral biometric-based approaches for continuous user authentication, including motion-based methods (28 studies), gait-based methods (19 studies), keystroke dynamics-based methods (20 studies), touch gesture-based methods (29 studies), voice-based methods (16 studies), and multimodal-based methods (34 studies). The survey provides an overview of the current state-of-the-art approaches for continuous user authentication using behavioral biometrics captured by smartphones' embedded sensors, including insights and open challenges for adoption, usability, and performance.",,IEEE Internet of Things Journal,comm,2020,6,202,article,W3022534249,https://doi.org/10.1109/jiot.2020.3020076
"Secure IoT Search Engine: Survey, Challenges Issues, Case Study, and Future Research Direction","The Internet of Things (IoT) encompasses a near-incalculable collection of dispersed and embedded computing devices acting as sensors and actuators, generating data at an incredible scale. However, a lack of coherency and cross-compatibility in IoT deployments has lead to increasing redundancy and waste of resources. To combat this, various concepts have been proposed for an open IoT search engine (IoT-SE) that serves human and machine users. Invariably, the IoT-SE envisions distributed query retrieval to handle massive volumes of devices and data. Incorporating the massively heterogeneous protocols and properties of devices deployed, the search of such a system for timely and pertinent data is massively challenging, to provide useful knowledge and service for IoT systems. Moreover, enabling and maintaining security and privacy in an IoT-SE is likewise a prodigious task, as end users, IoT devices, and the search system itself, have different protocols and requirements. To this end, a study of security issues in IoT search is conducted to outline the challenges ahead, and a case study to resolve practical security vulnerabilities in an IoT-SE system is carried out. The pertinent issues of security in an IoT-SE system are reviewed. Particularly: 1) a taxonomy is detailed for IoT-SE security issues; 2) the vulnerabilities of machine learning (ML) models in the IoT-SE are considered; and 3) defensive mechanisms are presented for securing IoT Search. A case study is carried out to implement basic security features in the IoT search, addressing the risk of false queries through the design of ML-based solutions. Finally, a roadmap for future research is provided, including the security and privacy for IoT systems connected to the IoT-SE, distributed edge computing in IoT-SE, privacy-preserving data markets in IoT-SE, and distributed ML in IoT-SE.",,IEEE Internet of Things Journal,comm,2022,24,89,article,W4213419327,https://doi.org/10.1109/jiot.2022.3153171
Is 5G Handover Secure and Private? A Survey,"The next-generation mobile cellular communication and networking system (5G) is highly flexible and heterogeneous. It integrates different types of networks, such as 4G legacy networks, Internet of Things (IoT), vehicular ad hoc network (VANET), and wireless local access network (WLAN) to form a heterogeneous network. This easily results in continual vertical handovers between different networks. On the other hand, substantial deployment of small/micro base stations (BSs) brings frequent horizontal handovers within a network. The continual handovers among BSs and various networks expose mobile equipment (ME) to the risk of security and privacy threats. So far, many security and privacy mechanisms have been proposed to ensure secure handover either vertically or horizontally in 5G networks. Nevertheless, there still lacks a thorough survey to summarize recent advances and explore open issues although handover security and privacy are crucial to 5G. In this article, we summarize security and privacy requirements in handovers to resist potential attacks. Following these requirements as the evaluation criteria, we review secure and privacy-preserving handover schemes by categorizing them into two scenarios, i.e., vertical handover and horizontal handover. As for the vertical handover, we review related work from three classes, i.e., handovers within Third-Generation Partnership Project (3GPP) networks, between 3GPP and non-3GPP networks, and between non-3GPP networks. Concerning horizontal handovers, we review related work from two classes, i.e., intramobile service controller (MSC) and inter-MSC handover. Meanwhile, we analyze and compare the technical means and performance of these works in order to uncover open issues and inspire future research directions.",,IEEE Internet of Things Journal,comm,2021,40,130,article,W3136663617,https://doi.org/10.1109/jiot.2021.3068463
AI for UAV-Assisted IoT Applications: A Comprehensive Review,"With the rapid development of the Internet of Things (IoT), there are a dramatically increasing number of devices, leading to the fact that only using terrestrial infrastructure can hardly provide high-quality services to all devices. Due to their flexibility, maneuverability, and economy, unmanned aerial vehicles (UAVs) are widely used to improve the performance of IoT networks. UAVs can not only provide wireless access to IoT devices in the absence of a terrestrial network but can also perform rich IoT services and applications such as video surveillance, cargo transportation, pesticide spraying, and so forth. However, due to the high complexity, dynamics, and heterogeneity of the UAV-assisted IoT networks, growing attention has focused on using artificial intelligence (AI)-based methods to optimize, schedule, and orchestrate UAV-assisted IoT networks. In this article, we comprehensively analyze the impact of applying advanced AI architectures, models, and methods to different aspects of UAV-assisted IoT networks, including key IoT technologies, tasks, and applications. In addition, this article also explores challenges and discusses potential research directions of AI-enabled UAV-assisted IoT networks.",,IEEE Internet of Things Journal,comm,2023,293,183,article,W4367665843,https://doi.org/10.1109/jiot.2023.3268316
"Security and Privacy in Location-Based Services for Vehicular and Mobile Communications: An Overview, Challenges, and Countermeasures","Location-based services (LBSs) have gained popularity as a result of the advances in mobile and communication technologies. LBS provide users with relevant information based on their location. In spite of the desirable features provided by LBS, the geographic locations of users are not adequately protected. Location privacy is one of the major challenges in vehicular and mobile networks. In this paper, we analyze the security and privacy requirements for LBS in vehicular and mobile networks. Specifically, this paper covers privacy enhancing technologies and cryptographic approaches that provide location privacy in vehicular and mobile networks. The different approaches proposed in literature are compared and open research areas are identified.",,IEEE Internet of Things Journal,comm,2018,150,158,article,W2786072337,https://doi.org/10.1109/jiot.2018.2820039
"Information Retrieval for IoT and WoT: State-of-the-Art, Taxonomy Framework, and Evolutionary Directions","The explosive growth of Internet of Things (IoT) and Web of Things (WoT) technologies, characterized by a vast diversity of devices and data formats, producing vast volumes of information at a high pace in real time necessitates a paradigm shift in information retrieval (IR) systems. Traditional IR struggles to navigate the dynamic landscapes of these interconnected environments. This work proposes a multidimensional taxonomy framework to bridge this critical gap. Our framework not only unifies existing classification approaches but also delves into the analysis of traditional IR subtasks, thereby establishing a cohesive foundation for future advancements in IR tailored to the evolving IoT/WoT landscape. We further contribute by identifying key challenges and posing open research questions, thus propelling the development of next-generation IR techniques specifically tailored to the intricate search demands of the evolving IoT and WoT cyber-world.",,IEEE Internet of Things Journal,comm,2024,2,101,article,W4405778706,https://doi.org/10.1109/jiot.2024.3522219
A Taxonomy of Machine-Learning-Based Intrusion Detection Systems for the Internet of Things: A Survey,"The Internet of Things (IoT) is an emerging technology that has earned a lot of research attention and technical revolution in recent years. Significantly, IoT connects and integrates billions of devices and communication networks around the world for several real-time IoT applications. On the other hand, cybersecurity attacks on the IoT are growing at an alarming rate since these devices are vulnerable because of their limited battery life, global connectivity, resource-constrained nature, and mobility. When attacks on IoT networks go undetected within a speculated period, such security attacks may prompt severe threats and disruptive behavior inside the network and make the network unavailable to the end user. Hence, it is quintessential to design an intelligent and robust security approach that promptly detects potential attack surfaces in a dynamic IoT network. This article investigates a comprehensive survey of machine learning, deep learning, and reinforcement learning-based intelligent intrusion detection techniques for securing IoT. Also, this article thoroughly illustrates the implementation of various categories of security threats in IoT with a neat diagram. Significantly, we classify the threats into two broad categories: 1) wireless sensor networks (WSNs) inherited security attacks and 2) routing protocol for low power and lossy networks (RPL) specific security attacks in IoT. Finally, we present potential research opportunities and challenges in intelligent intrusion detection approaches in future IoT security.",,IEEE Internet of Things Journal,comm,2021,121,182,article,W3213644780,https://doi.org/10.1109/jiot.2021.3126811
"Beyond Implicit Representations: Exploring Gaussian Splatting for Next-Generation SLAM, Introduction and Review","Simultaneous localization and mapping (SLAM) has attracted tremendous interest from members of the research community in recent years because of its ability to make the robot truly independent in navigation. The integration of neural rendering and the SLAM system showed promising results in joint localization and photorealistic view reconstruction. However, currently available methods that fully rely on implicit representations are resource hungry. Recent work has shown that 3D Gaussians enable high-quality reconstruction and real-time rendering of scenes using multiple posed cameras. Owing to the increasing popularity of Gaussian splatting (GS) and its expanding research area, we present a comprehensive survey of GS based SLAM papers. This survey addresses the challenges of neural based systems by exploring the application of GS within SLAM frameworks. We present a comprehensive analysis of Gaussian Splatting for scene representation in SLAM, focusing on the past three years of research. Our survey delves into the advantages of GS based SLAM, including efficiency, unified representation for various tasks, suitability for resource-constrained devices, and high accuracy and robustness for dense scene reconstruction. Additionally, the survey includes a broader range of research, including semantic GS techniques, to provide a holistic understanding of this approach. By offering an in-depth exploration of Gaussian Splatting in SLAM, a benchmark comparison of performance, and a focus on 3D Gaussian Splatting (3DGS) based SLAM advantages, this survey aims to be a valuable resource for researchers and developers seeking to leverage Gaussian Splatting for efficient and robust SLAM.",,IEEE Internet of Things Journal,comm,2025,0,134,article,W4413822036,https://doi.org/10.1109/jiot.2025.3603861
Survey on Prediction Algorithms in Smart Homes,"The world has entered into a “smart” era. One area becoming smart is the place where we live-homes. Smart homes are expected to be equipped with numerous sensors to continually monitor, sense, and actuate the space. The data from these sensors can be used to provide various types of services by automating common tasks while causing minimal disruption to daily life. In order to provide these services, a system must have sufficient intelligence to predict future events based on its observations. This paper first examines the requirements for smart home predictions. It then comprehensively reviews prediction algorithms and variations that have been proposed and investigated in smart environments, such as smart homes. It is these prediction algorithms that provide the intelligence required by a smart home. Comparisons are also made upon these prediction algorithms on their features and models.",,IEEE Internet of Things Journal,comm,2017,125,64,article,W2588627057,https://doi.org/10.1109/jiot.2017.2668061
"A Survey on Supply Chain Security: Application Areas, Security Threats, and Solution Architectures","The rapid improvement in the global connectivity standards has escalated the level of trade taking place among different parties. Advanced communication standards are allowing the trade of all types of commodities and services. Furthermore, the goods and services developed in a particular region are transcending boundaries to enter into foreign markets. Supply chains play an essential role in the trade of these goods. To be able to realize a connected world with no boundary restrictions in terms of goods and services, it is imperative to keep the associated supply chains transparent, secure, and trustworthy. Therefore, some fundamental changes in the current supply chain architecture are essential to achieve a secure trade environment. This article discusses the supply chain's security-critical application areas and presents a detailed survey of the security issues in the existing supply chain architecture. Various emerging technologies, such as blockchain, machine learning (ML), and physically unclonable functions (PUFs) as solutions to the vulnerabilities in the existing infrastructure of the supply chain have also been discussed. Recent studies reviewed in this work reveal a growing sentiment in the industry toward new and emerging technologies, such as Internet of Things (IoT), blockchain, and ML. While many organizations have already adopted IoT applications and artificial intelligence systems in their businesses, widespread adoption of blockchain remains distant. It has also been found that over the past decade, PUF-based authentication systems have gained much ground. However, a proper reference model for their implementation in complex supply chains is still missing.",,IEEE Internet of Things Journal,comm,2020,215,161,article,W3088273379,https://doi.org/10.1109/jiot.2020.3025775
A Tutorial on Holographic MIMO Communications—Part II: Performance Analysis and Holographic Beamforming,"As Part II of a three-part tutorial on holographic multiple-input multiple-output (HMIMO), this Letter focuses on the state-of-the-art in performance analysis and on holographic beamforming for HMIMO communications. We commence by discussing the spatial degrees of freedom (DoF) and ergodic capacity of a point-to-point HMIMO system, based on the channel model presented in Part I. Additionally, we also consider the sum-rate analysis of multi-user HMIMO systems. Moreover, we review the recent progress in holographic beamforming techniques developed for various HMIMO scenarios. Finally, we evaluate both the spatial DoF and the channel capacity through numerical simulations.",,IEEE Communications Letters,comm,2023,52,25,article,W4377235318,https://doi.org/10.1109/lcomm.2023.3278682
A Tutorial on Holographic MIMO Communications—Part III: Open Opportunities and Challenges,"Holographic multiple-input multiple-output (HMIMO) technology, which uses spatially continuous surfaces for signal transmission and reception, is envisioned to be a promising solution for improving the data rate and coverage of wireless networks. In Parts I and II of this three-part tutorial on HMIMO communications, we provided an overview of channel modeling and highlighted the state-of-the-art in holographic beamforming. In this part, we will discuss the unique properties of HMIMO systems, highlighting the open challenges and opportunities that arise as the transceiver array apertures become denser and electromagnetically larger. Additionally, we explore the interplay between HMIMO and other emerging technologies in next-generation networks.",,IEEE Communications Letters,comm,2023,34,28,article,W4377235409,https://doi.org/10.1109/lcomm.2023.3278676
A Review of the Gumbel-max Trick and its Extensions for Discrete Stochasticity in Machine Learning,"The Gumbel-max trick is a method to draw a sample from a categorical distribution, given by its unnormalized (log-)probabilities. Over the past years, the machine learning community has proposed several extensions of this trick to facilitate, e.g., drawing multiple samples, sampling from structured domains, or gradient estimation for error backpropagation in neural network optimization. The goal of this survey article is to present background about the Gumbel-max trick, and to provide a structured overview of its extensions to ease algorithm selection. Moreover, it presents a comprehensive outline of (machine learning) literature in which Gumbel-based algorithms have been leveraged, reviews commonly-made design choices, and sketches a future perspective.",,IEEE Transactions on Pattern Analysis and Machine Intelligence,cs,2022,83,243,article,W3203538342,https://doi.org/10.1109/tpami.2022.3157042
GAN Inversion: A Survey,"GAN inversion aims to invert a given image back into the latent space of a pretrained GAN model so that the image can be faithfully reconstructed from the inverted code by the generator. As an emerging technique to bridge the real and fake image domains, GAN inversion plays an essential role in enabling pretrained GAN models, such as StyleGAN and BigGAN, for applications of real image editing. Moreover, GAN inversion interprets GAN's latent space and examines how realistic images can be generated. In this paper, we provide a survey of GAN inversion with a focus on its representative algorithms and its applications in image restoration and image manipulation. We further discuss the trends and challenges for future research. A curated list of GAN inversion methods, datasets, and other related information can be found at https://github.com/weihaox/awesome-gan-inversion.",,IEEE Transactions on Pattern Analysis and Machine Intelligence,cs,2022,17,288,article,W3120984979,https://doi.org/10.1109/tpami.2022.3181070
Affective Image Content Analysis: Two Decades Review and New Perspectives,"Images can convey rich semantics and induce various emotions in viewers. Recently, with the rapid advancement of emotional intelligence and the explosive growth of visual data, extensive research efforts have been dedicated to affective image content analysis (AICA). In this survey, we will comprehensively review the development of AICA in the recent two decades, especially focusing on the state-of-the-art methods with respect to three main challenges - the affective gap, perception subjectivity, and label noise and absence. We begin with an introduction to the key emotion representation models that have been widely employed in AICA and description of available datasets for performing evaluation with quantitative comparison of label noise and dataset bias. We then summarize and compare the representative approaches on (1) emotion feature extraction, including both handcrafted and deep features, (2) learning methods on dominant emotion recognition, personalized emotion prediction, emotion distribution learning, and learning from noisy data or few labels, and (3) AICA based applications. Finally, we discuss some challenges and promising research directions in the future, such as image content and context understanding, group emotion clustering, and viewer-image interaction.",,IEEE Transactions on Pattern Analysis and Machine Intelligence,cs,2021,196,190,article,W3174134652,https://doi.org/10.1109/tpami.2021.3094362
Deep Gait Recognition: A Survey,"Gait recognition is an appealing biometric modality which aims to identify individuals based on the way they walk. Deep learning has reshaped the research landscape in this area since 2015 through the ability to automatically learn discriminative representations. Gait recognition methods based on deep learning now dominate the state-of-the-art in the field and have fostered real-world applications. In this paper, we present a comprehensive overview of breakthroughs and recent developments in gait recognition with deep learning, and cover broad topics including datasets, test protocols, state-of-the-art solutions, challenges, and future research directions. We first review the commonly used gait datasets along with the principles designed for evaluating them. We then propose a novel taxonomy made up of four separate dimensions namely body representation, temporal representation, feature representation, and neural architecture, to help characterize and organize the research landscape and literature in this area. Following our proposed taxonomy, a comprehensive survey of gait recognition methods using deep learning is presented with discussions on their performances, characteristics, advantages, and limitations. We conclude this survey with a discussion on current challenges and mention a number of promising directions for future research in gait recognition.",,IEEE Transactions on Pattern Analysis and Machine Intelligence,cs,2022,1,296,article,W3129915554,https://doi.org/10.1109/tpami.2022.3151865
Visual Semantic Information Pursuit: A Survey,"Visual semantic information comprises two important parts: the meaning of each visual semantic unit and the coherent visual semantic relation conveyed by these visual semantic units. Essentially, the former one is a visual perception task while the latter corresponds to visual context reasoning. Remarkable advances in visual perception have been achieved due to the success of deep learning. In contrast, visual semantic information pursuit, a visual scene semantic interpretation task combining visual perception and visual context reasoning, is still in its early stage. It is the core task of many different computer vision applications, such as object detection, visual semantic segmentation, visual relationship detection, or scene graph generation. Since it helps to enhance the accuracy and the consistency of the resulting interpretation, visual context reasoning is often incorporated with visual perception in current deep end-to-end visual semantic information pursuit methods. Surprisingly, a comprehensive review for this exciting area is still lacking. In this survey, we present a unified theoretical paradigm for all these methods, followed by an overview of the major developments and the future trends in each potential direction. The common benchmark datasets, the evaluation metrics and the comparisons of the corresponding methods are also introduced.",,IEEE Transactions on Pattern Analysis and Machine Intelligence,cs,2019,37,175,article,W2986758741,https://doi.org/10.1109/tpami.2019.2950025
Efficient Diffusion Models: A Comprehensive Survey From Principles to Practices,"As one of the most popular and sought-after generative models in recent years, diffusion models have sparked the interests of many researchers and steadily shown excellent advantage in various generative tasks such as image synthesis, video generation, bioinformatics engineering, 3D scene rendering and multimodal generation, relying on their dense theoretical principles and reliable application practices. The remarkable success of these recent efforts on diffusion models comes largely from progressive design principles and efficient architecture, training, inference, and deployment methodologies. However, there has not been a comprehensive and in-depth review to summarize these principles and practices to help the rapid understanding and application of diffusion models. In this survey, we provide a new efficiency-oriented perspective on these existing efforts, which mainly focuses on the profound principles and efficient practices in architecture designs, model training, fast inference and reliable deployment, to guide further theoretical research, algorithm migration and model application for new scenarios in a reader-friendly way.",,IEEE Transactions on Pattern Analysis and Machine Intelligence,cs,2025,36,237,article,W4410341278,https://doi.org/10.1109/tpami.2025.3569700
Transformer-Based Visual Segmentation: A Survey,"Visual segmentation seeks to partition images, video frames, or point clouds into multiple segments or groups. This technique has numerous real-world applications, such as autonomous driving, image editing, robot sensing, and medical analysis. Over the past decade, deep learning-based methods have made remarkable strides in this area. Recently, transformers, a type of neural network based on self-attention originally designed for natural language processing, have considerably surpassed previous convolutional or recurrent approaches in various vision processing tasks. Specifically, vision transformers offer robust, unified, and even simpler solutions for various segmentation tasks. This survey provides a thorough overview of transformer-based visual segmentation, summarizing recent advancements. We first review the background, encompassing problem definitions, datasets, and prior convolutional methods. Next, we summarize a meta-architecture that unifies all recent transformer-based approaches. Based on this meta-architecture, we examine various method designs, including modifications to the meta-architecture and associated applications. We also present several specific subfields, including 3D point cloud segmentation, foundation model tuning, domain-aware segmentation, efficient segmentation, and medical segmentation. Additionally, we compile and re-evaluate the reviewed methods on several well-established datasets. Finally, we identify open challenges in this field and propose directions for future research.",,IEEE Transactions on Pattern Analysis and Machine Intelligence,cs,2024,229,398,article,W4401070841,https://doi.org/10.1109/tpami.2024.3434373
Deep Learning for Instance Retrieval: A Survey,"In recent years a vast amount of visual content has been generated and shared from many fields, such as social media platforms, medical imaging, and robotics. This abundance of content creation and sharing has introduced new challenges, particularly that of searching databases for similar content - Content Based Image Retrieval (CBIR) - a long-established research area in which improved efficiency and accuracy are needed for real-time retrieval. Artificial intelligence has made progress in CBIR and has significantly facilitated the process of instance search. In this survey we review recent instance retrieval works that are developed based on deep learning algorithms and techniques, with the survey organized by deep feature extraction, feature embedding and aggregation methods, and network fine-tuning strategies. Our survey considers a wide variety of recent methods, whereby we identify milestone work, reveal connections among various methods and present the commonly used benchmarks, evaluation results, common challenges, and propose promising future directions.",,IEEE Transactions on Pattern Analysis and Machine Intelligence,cs,2022,190,193,article,W4287367114,https://doi.org/10.1109/tpami.2022.3218591
The Impact of Adversarial Attacks on Federated Learning: A Survey,"Federated learning (FL) has emerged as a powerful machine learning technique that enables the development of models from decentralized data sources. However, the decentralized nature of FL makes it vulnerable to adversarial attacks. In this survey, we provide a comprehensive overview of the impact of malicious attacks on FL by covering various aspects such as attack budget, visibility, and generalizability, among others. Previous surveys have primarily focused on the multiple types of attacks and defenses but failed to consider the impact of these attacks in terms of their budget, visibility, and generalizability. This survey aims to fill this gap by providing a comprehensive understanding of the attacks' effect by identifying FL attacks with low budgets, low visibility, and high impact. Additionally, we address the recent advancements in the field of adversarial defenses in FL and highlight the challenges in securing FL. The contribution of this survey is threefold: first, it provides a comprehensive and up-to-date overview of the current state of FL attacks and defenses. Second, it highlights the critical importance of considering the impact, budget, and visibility of FL attacks. Finally, we provide ten case studies and potential future directions towards improving the security and privacy of FL systems.",,IEEE Transactions on Pattern Analysis and Machine Intelligence,cs,2023,175,186,article,W4387449166,https://doi.org/10.1109/tpami.2023.3322785
"A Comprehensive Survey of Continual Learning: Theory, Method and Application","To cope with real-world dynamics, an intelligent system needs to incrementally acquire, update, accumulate, and exploit knowledge throughout its lifetime. This ability, known as continual learning, provides a foundation for AI systems to develop themselves adaptively. In a general sense, continual learning is explicitly limited by catastrophic forgetting, where learning a new task usually results in a dramatic performance drop of the old tasks. Beyond this, increasingly numerous advances have emerged in recent years that largely extend the understanding and application of continual learning. The growing and widespread interest in this direction demonstrates its realistic significance as well as complexity. In this work, we present a comprehensive survey of continual learning, seeking to bridge the basic settings, theoretical foundations, representative methods, and practical applications. Based on existing theoretical and empirical results, we summarize the general objectives of continual learning as ensuring a proper stability-plasticity trade-off and an adequate intra/inter-task generalizability in the context of resource efficiency. Then we provide a state-of-the-art and elaborated taxonomy, extensively analyzing how representative strategies address continual learning, and how they are adapted to particular challenges in various applications. Through an in-depth discussion of promising directions, we believe that such a holistic perspective can greatly facilitate subsequent exploration in this field and beyond.",,IEEE Transactions on Pattern Analysis and Machine Intelligence,cs,2024,982,328,article,W4392173735,https://doi.org/10.1109/tpami.2024.3367329
Toward Few-Shot Learning in the Open World: A Review and Beyond,"Human intelligence is characterized by our ability to absorb and apply knowledge from the world around us, especially in rapidly acquiring new concepts from minimal examples, underpinned by prior knowledge. Few-shot learning (FSL) aims to mimic this capacity by enabling significant generalizations and transferability. However, traditional FSL frameworks often rely on assumptions of clean, complete, and static data, conditions that are seldom met in real-world environments. Such assumptions falter in the inherently uncertain, incomplete, and dynamic contexts of the open world. This paper presents a comprehensive review of recent advancements designed to adapt FSL to open-world environments. We categorize existing methods into three distinct types of FSL in the open world: those involving varying instances, varying classes, and varying distributions. Each category is discussed in terms of its specific challenges and methods, as well as its strengths and weaknesses. We standardize experimental settings and metric benchmarks across scenarios and provide a comparative analysis of the performance of various methods. In conclusion, we outline potential future research directions for this evolving field. It is our hope that this review will catalyze further development of effective solutions to these complex challenges, thereby advancing the field of artificial intelligence.",,IEEE Transactions on Pattern Analysis and Machine Intelligence,cs,2025,9,136,article,W4412837207,https://doi.org/10.1109/tpami.2025.3594686
Graph Anomaly Detection in Time Series: A Survey,"With the recent advances in technology, a wide range of systems continue to collect a large amount of data over time and thus generate time series. Time-Series Anomaly Detection (TSAD) is an important task in various time-series applications such as e-commerce, cybersecurity, vehicle maintenance, and healthcare monitoring. However, this task is very challenging as it requires considering both the intra-variable dependency (relationships within a variable over time) and the inter-variable dependency (relationships between multiple variables) existing in time-series data. Recent graph-based approaches have made impressive progress in tackling the challenges of this field. In this survey, we conduct a comprehensive and up-to-date review of TSAD using graphs, referred to as G-TSAD. First, we explore the significant potential of graph representation for time-series data and and its contributions to facilitating anomaly detection. Then, we review state-of-the-art graph anomaly detection techniques, mostly leveraging deep learning architectures, in the context of time series. For each method, we discuss its strengths, limitations, and the specific applications where it excels. Finally, we address both the technical and application challenges currently facing the field, and suggest potential future directions for advancing research and improving practical outcomes.",,IEEE Transactions on Pattern Analysis and Machine Intelligence,cs,2025,35,131,article,W4410028579,https://doi.org/10.1109/tpami.2025.3566620
Self-Supervised Multimodal Learning: A Survey,"Multimodal learning, which aims to understand and analyze information from multiple modalities, has achieved substantial progress in the supervised regime in recent years. However, the heavy dependence on data paired with expensive human annotations impedes scaling up models. Meanwhile, given the availability of large-scale unannotated data in the wild, self-supervised learning has become an attractive strategy to alleviate the annotation bottleneck. Building on these two directions, self-supervised multimodal learning (SSML) provides ways to learn from raw multimodal data. In this survey, we provide a comprehensive review of the state-of-the-art in SSML, in which we elucidate three major challenges intrinsic to self-supervised learning with multimodal data: 1) learning representations from multimodal data without labels, 2) fusion of different modalities, and 3) learning with unaligned data. We then detail existing solutions to these challenges. Specifically, we consider 1) objectives for learning from multimodal unlabeled data via self-supervision, 2) model architectures from the perspective of different multimodal fusion strategies, and 3) pair-free learning strategies for coarse-grained and fine-grained alignment. We also review real-world applications of SSML algorithms in diverse fields, such as healthcare, remote sensing, and machine translation. Finally, we discuss challenges and future directions for SSML.",,IEEE Transactions on Pattern Analysis and Machine Intelligence,cs,2024,95,191,article,W4401387482,https://doi.org/10.1109/tpami.2024.3429301
SIFT Meets CNN: A Decade Survey of Instance Retrieval,"In the early days, content-based image retrieval (CBIR) was studied with global features. Since 2003, image retrieval based on local descriptors (de facto SIFT) has been extensively studied for over a decade due to the advantage of SIFT in dealing with image transformations. Recently, image representations based on the convolutional neural network (CNN) have attracted increasing interest in the community and demonstrated impressive performance. Given this time of rapid evolution, this article provides a comprehensive survey of instance retrieval over the last decade. Two broad categories, SIFT-based and CNN-based methods, are presented. For the former, according to the codebook size, we organize the literature into using large/medium-sized/small codebooks. For the latter, we discuss three lines of methods, i.e., using pre-trained or fine-tuned CNN models, and hybrid methods. The first two perform a single-pass of an image to the network, while the last category employs a patch-based feature extraction scheme. This survey presents milestones in modern instance retrieval, reviews a broad selection of previous works in different categories, and provides insights on the connection between SIFT and CNN-based methods. After analyzing and comparing retrieval performance of different categories on several datasets, we discuss promising directions towards generic and specialized instance retrieval.",,IEEE Transactions on Pattern Analysis and Machine Intelligence,cs,2017,759,217,article,W2499468060,https://doi.org/10.1109/tpami.2017.2709749
A Survey on Vision Transformer,"Transformer, first applied to the field of natural language processing, is a type of deep neural network mainly based on the self-attention mechanism. Thanks to its strong representation capabilities, researchers are looking at ways to apply transformer to computer vision tasks. In a variety of visual benchmarks, transformer-based models perform similar to or better than other types of networks such as convolutional and recurrent neural networks. Given its high performance and less need for vision-specific inductive bias, transformer is receiving more and more attention from the computer vision community. In this paper, we review these vision transformer models by categorizing them in different tasks and analyzing their advantages and disadvantages. The main categories we explore include the backbone network, high/mid-level vision, low-level vision, and video processing. We also include efficient transformer methods for pushing transformer into real device-based applications. Furthermore, we also take a brief look at the self-attention mechanism in computer vision, as it is the base component in transformer. Toward the end of this paper, we discuss the challenges and provide several further research directions for vision transformers.",,IEEE Transactions on Pattern Analysis and Machine Intelligence,cs,2022,70,428,article,W3187418919,https://doi.org/10.1109/tpami.2022.3152247
Self-Supervised Visual Feature Learning With Deep Neural Networks: A Survey,"Large-scale labeled data are generally required to train deep neural networks in order to obtain better performance in visual feature learning from images or videos for computer vision applications. To avoid extensive cost of collecting and annotating large-scale datasets, as a subset of unsupervised learning methods, self-supervised learning methods are proposed to learn general image and video features from large-scale unlabeled data without using any human-annotated labels. This paper provides an extensive review of deep learning-based self-supervised general visual feature learning methods from images or videos. First, the motivation, general pipeline, and terminologies of this field are described. Then the common deep neural network architectures that used for self-supervised learning are summarized. Next, the schema and evaluation metrics of self-supervised learning methods are reviewed followed by the commonly used datasets for images, videos, audios, and 3D data, as well as the existing self-supervised visual feature learning methods. Finally, quantitative performance comparisons of the reviewed methods on benchmark datasets are summarized and discussed for both image and video feature learning. At last, this paper is concluded and lists a set of promising future directions for self-supervised visual feature learning.",,IEEE Transactions on Pattern Analysis and Machine Intelligence,cs,2020,2014,265,article,W3023371261,https://doi.org/10.1109/tpami.2020.2992393
Script Recognition—A Review,"A variety of different scripts are used in writing languages throughout the world. In a multiscript, multilingual environment, it is essential to know the script used in writing a document before an appropriate character recognition and document analysis algorithm can be chosen. In view of this, several methods for automatic script identification have been developed so far. They mainly belong to two broad categories-structure-based and visual-appearance-based techniques. This survey report gives an overview of the different script identification methodologies under each of these categories. Methods for script identification in online data and video-texts are also presented. It is noted that the research in this field is relatively thin and still more research is to be done, particularly in the case of handwritten documents.",,IEEE Transactions on Pattern Analysis and Machine Intelligence,cs,2010,233,76,article,W2143842970,https://doi.org/10.1109/tpami.2010.30
Towards Unified Deep Image Deraining: A Survey and a New Benchmark,"Recent years have witnessed significant advances in image deraining due to the progress of effective image priors and deep learning models. As each deraining approach has individual settings (e.g., training and test datasets, evaluation criteria), how to fairly evaluate existing approaches comprehensively is not a trivial task. Although existing surveys aim to thoroughly review image deraining approaches, few of them focus on unifying evaluation settings to examine the deraining capability and practicality evaluation. In this paper, we provide a comprehensive review of existing image deraining methods and provide a unified evaluation setting to evaluate their performance. Furthermore, we construct a new high-quality benchmark named HQ-RAIN to conduct extensive evaluations, consisting of 5,000 paired high-resolution synthetic images with high harmony and realism. We also discuss existing challenges and highlight several future research opportunities worth exploring. To facilitate the reproduction and tracking of the latest deraining technologies for general users, we build an online platform to provide the off-the-shelf toolkit, involving the large-scale performance evaluation.",,IEEE Transactions on Pattern Analysis and Machine Intelligence,cs,2025,38,142,article,W4408935015,https://doi.org/10.1109/tpami.2025.3556133
Deep Learning for Free-Hand Sketch: A Survey,"Free-hand sketches are highly illustrative, and have been widely used by humans to depict objects or stories from ancient times to the present. The recent prevalence of touchscreen devices has made sketch creation a much easier task than ever and consequently made sketch-oriented applications increasingly popular. The progress of deep learning has immensely benefited free-hand sketch research and applications. This paper presents a comprehensive survey of the deep learning techniques oriented at free-hand sketch data, and the applications that they enable. The main contents of this survey include: (i) A discussion of the intrinsic traits and unique challenges of free-hand sketch, to highlight the essential differences between sketch data and other data modalities, e.g., natural photos. (ii) A review of the developments of free-hand sketch research in the deep learning era, by surveying existing datasets, research topics, and the state-of-the-art methods through a detailed taxonomy and experimental evaluation. (iii) Promotion of future work via a discussion of bottlenecks, open problems, and potential research directions for the community.",,IEEE Transactions on Pattern Analysis and Machine Intelligence,cs,2022,102,333,article,W4210867585,https://doi.org/10.1109/tpami.2022.3148853
Analysis of the Hands in Egocentric Vision: A Survey,"Egocentric vision (a.k.a. first-person vision-FPV) applications have thrived over the past few years, thanks to the availability of affordable wearable cameras and large annotated datasets. The position of the wearable camera (usually mounted on the head) allows recording exactly what the camera wearers have in front of them, in particular hands and manipulated objects. This intrinsic advantage enables the study of the hands from multiple perspectives: localizing hands and their parts within the images; understanding what actions and activities the hands are involved in; and developing human-computer interfaces that rely on hand gestures. In this survey, we review the literature that focuses on the hands using egocentric vision, categorizing the existing approaches into: localization (where are the hands or parts of them?); interpretation (what are the hands doing?); and application (e.g., systems that used egocentric hand cues for solving a specific problem). Moreover, a list of the most prominent datasets with hand-based annotations is provided.",,IEEE Transactions on Pattern Analysis and Machine Intelligence,cs,2020,114,178,article,W2994662721,https://doi.org/10.1109/tpami.2020.2986648
Towards Open Vocabulary Learning: A Survey,"In the field of visual scene understanding, deep neural networks have made impressive advancements in various core tasks like segmentation, tracking, and detection. However, most approaches operate on the close-set assumption, meaning that the model can only identify pre-defined categories that are present in the training set. Recently, open vocabulary settings were proposed due to the rapid progress of vision language pre-training. These new approaches seek to locate and recognize categories beyond the annotated label space. The open vocabulary approach is more general, practical, and effective than weakly supervised and zero-shot settings. This paper thoroughly reviews open vocabulary learning, summarizing and analyzing recent developments in the field. In particular, we begin by juxtaposing open vocabulary learning with analogous concepts such as zero-shot learning, open-set recognition, and out-of-distribution detection. Subsequently, we examine several pertinent tasks within the realms of segmentation and detection, encompassing long-tail problems, few-shot, and zero-shot settings. As a foundation for our method survey, we first elucidate the fundamental principles of detection and segmentation in close-set scenarios. Next, we examine various contexts where open vocabulary learning is employed, pinpointing recurring design elements and central themes. This is followed by a comparative analysis of recent detection and segmentation methodologies in commonly used datasets and benchmarks. Our review culminates with a synthesis of insights, challenges, and discourse on prospective research trajectories. To our knowledge, this constitutes the inaugural exhaustive literature review on open vocabulary learning.",,IEEE Transactions on Pattern Analysis and Machine Intelligence,cs,2024,159,360,article,W4391547487,https://doi.org/10.1109/tpami.2024.3361862
A Survey of Non-Exchangeable Priors for Bayesian Nonparametric Models,"Dependent nonparametric processes extend distributions over measures, such as the Dirichlet process and the beta process, to give distributions over collections of measures, typically indexed by values in some covariate space. Such models are appropriate priors when exchangeability assumptions do not hold, and instead we want our model to vary fluidly with some set of covariates. Since the concept of dependent nonparametric processes was formalized by MacEachern, there have been a number of models proposed and used in the statistics and machine learning literatures. Many of these models exhibit underlying similarities, an understanding of which, we hope, will help in selecting an appropriate prior, developing new models, and leveraging inference techniques.",,IEEE Transactions on Pattern Analysis and Machine Intelligence,cs,2013,40,86,article,W2000479469,https://doi.org/10.1109/tpami.2013.224
Text Detection and Recognition in Imagery: A Survey,"This paper analyzes, compares, and contrasts technical challenges, methods, and the performance of text detection and recognition research in color imagery. It summarizes the fundamental problems and enumerates factors that should be considered when addressing these problems. Existing techniques are categorized as either stepwise or integrated and sub-problems are highlighted including text localization, verification, segmentation and recognition. Special issues associated with the enhancement of degraded text and the processing of video text, multi-oriented, perspectively distorted and multilingual text are also addressed. The categories and sub-categories of text are illustrated, benchmark datasets are enumerated, and the performance of the most representative approaches is compared. This review provides a fundamental comparison and analysis of the remaining problems in the field.",,IEEE Transactions on Pattern Analysis and Machine Intelligence,cs,2014,805,249,article,W2135231474,https://doi.org/10.1109/tpami.2014.2366765
Differential 3D Facial Recognition: Adding 3D to Your State-of-the-Art 2D Method,"Active illumination is a prominent complement to enhance 2D face recognition and make it more robust, e.g., to spoofing attacks and low-light conditions. In the present work we show that it is possible to adopt active illumination to enhance state-of-the-art 2D face recognition approaches with 3D features, while bypassing the complicated task of 3D reconstruction. The key idea is to project over the test face a high spatial frequency pattern, which allows us to simultaneously recover real 3D information plus a standard 2D facial image. Therefore, state-of-the-art 2D face recognition solution can be transparently applied, while from the high frequency component of the input image, complementary 3D facial features are extracted. Experimental results on ND-2006 dataset show that the proposed ideas can significantly boost face recognition performance and dramatically improve the robustness to spoofing attacks.",,IEEE Transactions on Pattern Analysis and Machine Intelligence,cs,2020,0,80,article,W3015508536,https://doi.org/10.1109/tpami.2020.2986951
"Delving Into the Devils of Bird’s-Eye-View Perception: A Review, Evaluation and Recipe","Learning powerful representations in bird's-eye-view (BEV) for perception tasks is trending and drawing extensive attention both from industry and academia. Conventional approaches for most autonomous driving algorithms perform detection, segmentation, tracking, etc., in a front or perspective view. As sensor configurations get more complex, integrating multi-source information from different sensors and representing features in a unified view come of vital importance. BEV perception inherits several advantages, as representing surrounding scenes in BEV is intuitive and fusion-friendly; and representing objects in BEV is most desirable for subsequent modules as in planning and/or control. The core problems for BEV perception lie in (a) how to reconstruct the lost 3D information via view transformation from perspective view to BEV; (b) how to acquire ground truth annotations in BEV grid;",,IEEE Transactions on Pattern Analysis and Machine Intelligence,cs,2023,157,212,article,W4388757371,https://doi.org/10.1109/tpami.2023.3333838
A Survey of Behavior Foundation Model: Next-Generation Whole-Body Control System of Humanoid Robots,"Humanoid robots are drawing significant attention as versatile platforms for complex motor control, human-robot interaction, and general-purpose physical intelligence. However, achieving efficient whole-body control (WBC) in humanoids remains a fundamental challenge due to sophisticated dynamics, underactuation, and diverse task requirements. While learning-based controllers have shown promise for complex tasks, their reliance on labor-intensive and costly retraining for new scenarios limits real-world applicability. To address these limitations, behavior(al) foundation models (BFMs) have emerged as a new paradigm that leverages large-scale pre-training to learn reusable primitive skills and broad behavioral priors, enabling zero-shot or rapid adaptation to a wide range of downstream tasks. In this paper, we present a comprehensive overview of BFMs for humanoid WBC, tracing their development across diverse pre-training pipelines. Furthermore, we discuss real-world applications, current limitations, urgent challenges, and future opportunities, positioning BFMs as a key approach toward scalable and general-purpose humanoid intelligence. Finally, we provide a curated and regularly updated collection of BFM papers and projects to facilitate further research, which is available at https://github.com/yuanmingqi/awesome-bfm-papers.",,IEEE Transactions on Pattern Analysis and Machine Intelligence,cs,2025,4,0,article,W7117530735,https://doi.org/10.1109/tpami.2025.3649177
Deep Learning-Based Point Cloud Compression: An In-Depth Survey and Benchmark,"With the maturity of 3D capture technology, the explosive growth of point cloud data has burdened the storage and transmission process. Traditional hybrid point cloud compression (PCC) tools relying on handcrafted priors have limited compression performance and are increasingly weak in addressing the burden induced by data growth. Recently, deep learning-based PCC methods have been introduced to continue to push the PCC performance boundary. With the thriving of deep PCC, the community urgently demands a systematic overview to conclude the past progress and present future research directions. In this paper, we have a detailed review that covers popular point cloud datasets, algorithm evolution, benchmarking analysis, and future trends. Concretely, we first introduce several widely-used PCC datasets according to their major properties. Then the algorithm evolution of existing studies on deep PCC, including lossy ones and lossless ones proposed for various point cloud types, is reviewed. Apart from academic studies, we also investigate the development of relevant international standards (i.e., MPEG standards and JPEG standards). To help have an in-depth understanding of the advance of deep PCC, we select a representative set of methods and conduct extensive experiments on multiple datasets. Comprehensive benchmarking comparisons and analysis reveal the pros and cons of previous methods. Finally, based on the profound analysis, we highlight the challenges and future trends of deep learning-based PCC, paving the way for further study.",,IEEE Transactions on Pattern Analysis and Machine Intelligence,cs,2025,14,137,article,W4412795916,https://doi.org/10.1109/tpami.2025.3594355
Deep Long-Tailed Learning: A Survey,"Deep long-tailed learning, one of the most challenging problems in visual recognition, aims to train well-performing deep models from a large number of images that follow a long-tailed class distribution. In the last decade, deep learning has emerged as a powerful recognition model for learning high-quality image representations and has led to remarkable breakthroughs in generic visual recognition. However, long-tailed class imbalance, a common problem in practical visual recognition tasks, often limits the practicality of deep network based recognition models in real-world applications, since they can be easily biased towards dominant classes and perform poorly on tail classes. To address this problem, a large number of studies have been conducted in recent years, making promising progress in the field of deep long-tailed learning. Considering the rapid evolution of this field, this article aims to provide a comprehensive survey on recent advances in deep long-tailed learning. To be specific, we group existing deep long-tailed learning studies into three main categories (i.e., class re-balancing, information augmentation and module improvement), and review these methods following this taxonomy in detail. Afterward, we empirically analyze several state-of-the-art methods by evaluating to what extent they address the issue of class imbalance via a newly proposed evaluation metric, i.e., relative accuracy. We conclude the survey by highlighting important applications of deep long-tailed learning and identifying several promising directions for future research.",,IEEE Transactions on Pattern Analysis and Machine Intelligence,cs,2023,671,222,article,W4366352743,https://doi.org/10.1109/tpami.2023.3268118
Knowledge Distillation and Student-Teacher Learning for Visual Intelligence: A Review and New Outlooks,"Deep neural models, in recent years, have been successful in almost every field, even solving the most complex problem statements. However, these models are huge in size with millions (and even billions) of parameters, demanding heavy computation power and failing to be deployed on edge devices. Besides, the performance boost is highly dependent on redundant labeled data. To achieve faster speeds and to handle the problems caused by the lack of labeled data, knowledge distillation (KD) has been proposed to transfer information learned from one model to another. KD is often characterized by the so-called 'Student-Teacher' (S-T) learning framework and has been broadly applied in model compression and knowledge transfer. This paper is about KD and S-T learning, which are being actively studied in recent years. First, we aim to provide explanations of what KD is and how/why it works. Then, we provide a comprehensive survey on the recent progress of KD methods together with S-T frameworks typically used for vision tasks. In general, we investigate some fundamental questions that have been driving this research area and thoroughly generalize the research progress and technical details. Additionally, we systematically analyze the research status of KD in vision applications. Finally, we discuss the potentials and open challenges of existing methods and prospect the future directions of KD and S-T learning.",,IEEE Transactions on Pattern Analysis and Machine Intelligence,cs,2021,745,212,article,W3015735225,https://doi.org/10.1109/tpami.2021.3055564
A Survey of Vectorization Methods in Topological Data Analysis,"Attempts to incorporate topological information in supervised learning tasks have resulted in the creation of several techniques for vectorizing persistent homology barcodes. In this paper, we study thirteen such methods. Besides describing an organizational framework for these methods, we comprehensively benchmark them against three well-known classification tasks. Surprisingly, we discover that the best-performing method is a simple vectorization, which consists only of a few elementary summary statistics. Finally, we provide a convenient web application which has been designed to facilitate exploration and experimentation with various vectorization methods.",,IEEE Transactions on Pattern Analysis and Machine Intelligence,cs,2023,74,72,article,W4386275867,https://doi.org/10.1109/tpami.2023.3308391
Appearance-Based Gaze Estimation With Deep Learning: A Review and Benchmark,"Human gaze provides valuable information on human focus and intentions, making it a crucial area of research. Recently, deep learning has revolutionized appearance-based gaze estimation. However, due to the unique features of gaze estimation research, such as the unfair comparison between 2D gaze positions and 3D gaze vectors and the different pre-processing and post-processing methods, there is a lack of a definitive guideline for developing deep learning-based gaze estimation algorithms. In this paper, we present a systematic review of the appearance-based gaze estimation methods using deep learning. First, we survey the existing gaze estimation algorithms along the typical gaze estimation pipeline: deep feature extraction, deep learning model design, personal calibration and platforms. Second, to fairly compare the performance of different approaches, we summarize the data pre-processing and post-processing methods, including face/eye detection, data rectification, 2D/3D gaze conversion and gaze origin conversion. Finally, we set up a comprehensive benchmark for deep learning-based gaze estimation. We characterize all the public datasets and provide the source code of typical gaze estimation algorithms. This paper serves not only as a reference to develop deep learning-based gaze estimation methods, but also a guideline for future gaze estimation research.",,IEEE Transactions on Pattern Analysis and Machine Intelligence,cs,2024,157,194,article,W4395470955,https://doi.org/10.1109/tpami.2024.3393571
Toward Visual Grounding: A Survey,"Visual Grounding, also known as Referring Expression Comprehension and Phrase Grounding, aims to ground the specific region(s) within the image(s) based on the given expression text. This task simulates the common referential relationships between visual and linguistic modalities, enabling machines to develop human-like multimodal comprehension capabilities. Consequently, it has extensive applications in various domains. However, since 2021, visual grounding has witnessed significant advancements, with emerging new concepts such as grounded pre-training, grounding multimodal LLMs, generalized visual grounding, and giga-pixel grounding, which have brought numerous new challenges. In this survey, we first examine the developmental history of visual grounding and provide an overview of essential background knowledge, including fundamental concepts and evaluation metrics. We systematically track and summarize the advancements, and then meticulously define and organize the various settings to standardize future research and ensure a fair comparison. In the dataset section, we compile a comprehensive list of current relevant datasets, conduct a fair comparative analysis, and provide ultimate performance prediction to inspire the development of new standard benchmarks. Additionally, we delve into numerous applications and highlight several advanced topics. Finally, we outline the challenges confronting visual grounding and propose valuable directions for future research, which may serve as inspiration for subsequent researchers. By extracting common technical details, this survey encompasses the representative work in each subtopic over the past decade. To the best of our knowledge, this paper represents the most comprehensive overview currently available in the field of visual grounding. This survey is designed to be suitable for both beginners and experienced researchers, serving as an invaluable resource for understanding key concepts and tracking the latest research developments.",,IEEE Transactions on Pattern Analysis and Machine Intelligence,cs,2025,18,217,article,W4416011362,https://doi.org/10.1109/tpami.2025.3630635
Recent Advances in Discrete Speech Tokens: A Review,"The rapid advancement of speech generation technologies in the era of large language models (LLMs) has established discrete speech tokens as a foundational paradigm for speech representation. These tokens, characterized by their discrete, compact, and concise nature, are not only advantageous for efficient transmission and storage, but also inherently compatible with the language modeling framework, enabling seamless integration of speech into text-dominated LLM architectures. Current research categorizes discrete speech tokens into two principal classes: acoustic tokens and semantic tokens, each of which has evolved into a rich research domain characterized by unique design philosophies and methodological approaches. This survey systematically synthesizes the existing taxonomy and recent innovations in discrete speech tokenization, conducts a critical examination of the strengths and limitations of each paradigm, and presents systematic experimental comparisons across token types. Furthermore, we identify persistent challenges in the field and propose potential research directions, aiming to offer actionable insights to inspire future advancements in the development and application of discrete speech tokens.",,IEEE Transactions on Pattern Analysis and Machine Intelligence,cs,2025,14,132,article,W4417305271,https://doi.org/10.1109/tpami.2025.3643619
Human Motion Video Generation: A Survey,"Human motion video generation has garnered significant research interest due to its broad applications, enabling innovations such as photorealistic singing heads or dynamic avatars that seamlessly dance to music. However, existing surveys in this field focus on individual methods, lacking a comprehensive overview of the entire generative process. This paper addresses this gap by providing an in-depth survey of human motion video generation, encompassing over ten sub-tasks, and detailing the five key phases of the generation process: input, motion planning, motion video generation, refinement, and output. Notably, this is the first survey that discusses the potential of large language models in enhancing human motion video generation. Our survey reviews the latest developments and technological trends in human motion video generation across three primary modalities: vision, text, and audio. By covering over two hundred papers, we offer a thorough overview of the field and highlight milestone works that have driven significant technological breakthroughs. Our goal for this survey is to unveil the prospects of human motion video generation and serve as a valuable resource for advancing the comprehensive applications of digital humans.",,IEEE Transactions on Pattern Analysis and Machine Intelligence,cs,2025,11,148,article,W4412795914,https://doi.org/10.1109/tpami.2025.3594034
Fine-Grained Image Analysis With Deep Learning: A Survey,"Fine-grained image analysis (FGIA) is a longstanding and fundamental problem in computer vision and pattern recognition, and underpins a diverse set of real-world applications. The task of FGIA targets analyzing visual objects from subordinate categories, e.g., species of birds or models of cars. The small inter-class and large intra-class variation inherent to fine-grained image analysis makes it a challenging problem. Capitalizing on advances in deep learning, in recent years we have witnessed remarkable progress in deep learning powered FGIA. In this paper we present a systematic survey of these advances, where we attempt to re-define and broaden the field of FGIA by consolidating two fundamental fine-grained research areas - fine-grained image recognition and fine-grained image retrieval. In addition, we also review other key issues of FGIA, such as publicly available benchmark datasets and related domain-specific applications. We conclude by highlighting several research directions and open problems which need further exploration from the community.",,IEEE Transactions on Pattern Analysis and Machine Intelligence,cs,2021,417,195,article,W3213192039,https://doi.org/10.1109/tpami.2021.3126648
Salient Object Detection in the Deep Learning Era: An In-Depth Survey,"As an essential problem in computer vision, salient object detection (SOD) has attracted an increasing amount of research attention over the years. Recent advances in SOD are predominantly led by deep learning-based solutions (named deep SOD). To enable in-depth understanding of deep SOD, in this paper, we provide a comprehensive survey covering various aspects, ranging from algorithm taxonomy to unsolved issues. In particular, we first review deep SOD algorithms from different perspectives, including network architecture, level of supervision, learning paradigm, and object-/instance-level detection. Following that, we summarize and analyze existing SOD datasets and evaluation metrics. Then, we benchmark a large group of representative SOD models, and provide detailed analyses of the comparison results. Moreover, we study the performance of SOD algorithms under different attribute settings, which has not been thoroughly explored previously, by constructing a novel SOD dataset with rich attribute annotations covering various salient object types, challenging factors, and scene categories. We further analyze, for the first time in the field, the robustness of SOD models to random input perturbations and adversarial attacks. We also look into the generalization and difficulty of existing SOD datasets. Finally, we discuss several open issues of SOD and outline future research directions. All the saliency prediction maps, our constructed dataset with annotations, and codes for evaluation are publicly available at https://github.com/wenguanwang/SODsurvey.",,IEEE Transactions on Pattern Analysis and Machine Intelligence,cs,2021,826,223,article,W2938260698,https://doi.org/10.1109/tpami.2021.3051099
A Survey on CPG-Inspired Control Models and System Implementation,"This paper surveys the developments of the last 20 years in the field of central pattern generator (CPG) inspired locomotion control, with particular emphasis on the fast emerging robotics-related applications. Functioning as a biological neural network, CPGs can be considered as a group of coupled neurons that generate rhythmic signals without sensory feedback; however, sensory feedback is needed to shape the CPG signals. The basic idea in engineering endeavors is to replicate this intrinsic, computationally efficient, distributed control mechanism for multiple articulated joints, or multi-DOF control cases. In terms of various abstraction levels, existing CPG control models and their extensions are reviewed with a focus on the relative advantages and disadvantages of the models, including ease of design and implementation. The main issues arising from design, optimization, and implementation of the CPG-based control as well as possible alternatives are further discussed, with an attempt to shed more light on locomotion control-oriented theories and applications. The design challenges and trends associated with the further advancement of this area are also summarized.",,IEEE Transactions on Neural Networks and Learning Systems,cs,2013,302,165,article,W2046127725,https://doi.org/10.1109/tnnls.2013.2280596
Neurosymbolic AI for Reasoning Over Knowledge Graphs: A Survey,"Neurosymbolic artificial intelligence (AI) is an increasingly active area of research that combines symbolic reasoning methods with deep learning to leverage their complementary benefits. As knowledge graphs (KGs) are becoming a popular way to represent heterogeneous and multirelational data, methods for reasoning on graph structures have attempted to follow this neurosymbolic paradigm. Traditionally, such approaches have utilized either rule-based inference or generated representative numerical embeddings from which patterns could be extracted. However, several recent studies have attempted to bridge this dichotomy to generate models that facilitate interpretability, maintain competitive performance, and integrate expert knowledge. Therefore, we survey methods that perform neurosymbolic reasoning tasks on KGs and propose a novel taxonomy by which we can classify them. Specifically, we propose three major categories: 1) logically informed embedding approaches; 2) embedding approaches with logical constraints; and 3) rule-learning approaches. Alongside the taxonomy, we provide a tabular overview of the approaches and links to their source code, if available, for more direct comparison. Finally, we discuss the unique characteristics and limitations of these methods and then propose several prospective directions toward which this field of research could evolve.",,IEEE Transactions on Neural Networks and Learning Systems,cs,2024,50,168,article,W4400771000,https://doi.org/10.1109/tnnls.2024.3420218
"A Review of Convex Clustering From Multiple Perspectives: Models, Optimizations, Statistical Properties, Applications, and Connections","Traditional partition-based clustering is very sensitive to the initialized centroids, which are easily stuck in the local minimum due to their nonconvex objectives. To this end, convex clustering is proposed by relaxing$K$-means clustering or hierarchical clustering. As an emerging and excellent clustering technology, convex clustering can solve the instability problems of partition-based clustering methods. Generally, convex clustering objective consists of the fidelity and the shrinkage terms. The fidelity term encourages the cluster centroids to estimate the observations and the shrinkage term shrinks the cluster centroids matrix so that their observations share the same cluster centroid in the same category. Regularized by the$\ell_{p_n}$-norm ($p_n\in\{1,2,+\infty\}$), the convex objective guarantees the global optimal solution of the cluster centroids. This survey conducts a comprehensive review of convex clustering. It starts with the convex clustering as well as its nonconvex variants and then concentrates on the optimization algorithms and the hyperparameters setting. In particular, the statistical properties, the applications, and the connections of convex clustering with other methods are reviewed and discussed thoroughly for a better understanding the convex clustering. Finally, we briefly summarize the development of convex clustering and present some potential directions for future research.",,IEEE Transactions on Neural Networks and Learning Systems,cs,2023,10,178,article,W4381598653,https://doi.org/10.1109/tnnls.2023.3276393
Partial Differential Equations Meet Deep Neural Networks: A Survey,"Many problems in science and engineering can be mathematically modeled using partial differential equations (PDEs), which are essential for fields like computational fluid dynamics (CFD), molecular dynamics, and dynamical systems. Although traditional numerical methods like the finite difference/element method are widely used, their computational inefficiency, due to the large number of iterations required, has long been a challenge. Recently, deep learning (DL) has emerged as a promising alternative for solving PDEs, offering new paradigms beyond conventional methods. Despite the growing interest in techniques like physics-informed neural networks (PINNs), a systematic review of the diverse neural network (NN) approaches for PDEs is still missing. This survey fills that gap by categorizing and reviewing the current progress of deep NNs (DNNs) for PDEs. Unlike previous reviews focused on specific methods like PINNs, we offer a broader taxonomy and analyze applications across scientific, engineering, and medical fields. We also provide a historical overview, key challenges, and future trends, aiming to serve both researchers and practitioners with insights into how DNNs can be effectively applied to solve PDEs.",,IEEE Transactions on Neural Networks and Learning Systems,cs,2025,44,244,article,W4408441353,https://doi.org/10.1109/tnnls.2025.3545967
"Diffusion Models, Image Super-Resolution, and Everything: A Survey","Diffusion models (DMs) have disrupted the image super-resolution (SR) field and further closed the gap between image quality and human perceptual preferences. They are easy to train and can produce very high-quality samples that exceed the realism of those produced by previous generative methods. Despite their promising results, they also come with new challenges that need further research: high computational demands, comparability, lack of explainability, color shifts, and more. Unfortunately, entry into this field is overwhelming because of the abundance of publications. To address this, we provide a unified recount of the theoretical foundations underlying DMs applied to image SR and offer a detailed analysis that underscores the unique characteristics and methodologies within this domain, distinct from broader existing reviews in the field. This article articulates a cohesive understanding of DM principles and explores current research avenues, including alternative input domains, conditioning techniques, guidance mechanisms, corruption spaces, and zero-shot learning approaches. By offering a detailed examination of the evolution and current trends in image SR through the lens of DMs, this article sheds light on the existing challenges and charts potential future directions, aiming to inspire further innovation in this rapidly advancing area.",,IEEE Transactions on Neural Networks and Learning Systems,cs,2024,107,265,article,W4403863649,https://doi.org/10.1109/tnnls.2024.3476671
Algorithmic Survey of Parametric Value Function Approximation,"Reinforcement learning (RL) is a machine learning answer to the optimal control problem. It consists of learning an optimal control policy through interactions with the system to be controlled, the quality of this policy being quantified by the so-called value function. A recurrent subtopic of RL concerns computing an approximation of this value function when the system is too large for an exact representation. This survey reviews state-of-the-art methods for (parametric) value function approximation by grouping them into three main categories: bootstrapping, residual, and projected fixed-point approaches. Related algorithms are derived by considering one of the associated cost functions and a specific minimization method, generally a stochastic gradient descent or a recursive least-squares approach.",,IEEE Transactions on Neural Networks and Learning Systems,cs,2013,79,139,article,W1999912147,https://doi.org/10.1109/tnnls.2013.2247418
"A Survey on Knowledge Graphs: Representation, Acquisition, and Applications","Human knowledge provides a formal understanding of the world. Knowledge graphs that represent structural relations between entities have become an increasingly popular research direction toward cognition and human-level intelligence. In this survey, we provide a comprehensive review of the knowledge graph covering overall research topics about: 1) knowledge graph representation learning; 2) knowledge acquisition and completion; 3) temporal knowledge graph; and 4) knowledge-aware applications and summarize recent breakthroughs and perspective directions to facilitate future research. We propose a full-view categorization and new taxonomies on these topics. Knowledge graph embedding is organized from four aspects of representation space, scoring function, encoding models, and auxiliary information. For knowledge acquisition, especially knowledge graph completion, embedding methods, path inference, and logical rule reasoning are reviewed. We further explore several emerging topics, including metarelational learning, commonsense reasoning, and temporal knowledge graphs. To facilitate future research on knowledge graphs, we also provide a curated collection of data sets and open-source libraries on different tasks. In the end, we have a thorough outlook on several promising research directions.",,IEEE Transactions on Neural Networks and Learning Systems,cs,2021,2918,349,article,W3003265726,https://doi.org/10.1109/tnnls.2021.3070843
Classification in the Presence of Label Noise: A Survey,"Label noise is an important issue in classification, with many potential negative consequences. For example, the accuracy of predictions may decrease, whereas the complexity of inferred models and the number of necessary training samples may increase. Many works in the literature have been devoted to the study of label noise and the development of techniques to deal with label noise. However, the field lacks a comprehensive survey on the different types of label noise, their consequences and the algorithms that consider label noise. This paper proposes to fill this gap. First, the definitions and sources of label noise are considered and a taxonomy of the types of label noise is proposed. Second, the potential consequences of label noise are discussed. Third, label noise-robust, label noise cleansing, and label noise-tolerant algorithms are reviewed. For each category of approaches, a short discussion is proposed to help the practitioner to choose the most suitable technique in its own particular field of application. Eventually, the design of experiments is also discussed, what may interest the researchers who would like to test their own algorithms. In this paper, label noise consists of mislabeled instances: no additional information is assumed to be available like e.g., confidences on labels.",,IEEE Transactions on Neural Networks and Learning Systems,cs,2014,1800,395,article,W2167460663,https://doi.org/10.1109/tnnls.2013.2292894
Privacy-Preserving Video Anomaly Detection: A Survey,"The video anomaly detection (VAD) aims to automatically analyze spatiotemporal patterns in surveillance videos collected from open spaces to detect anomalous events that may cause harm, such as fighting, stealing, and car accidents. However, vision-based surveillance systems such as closed-circuit television (CCTV) often capture personally identifiable information. The lack of transparency and interpretability in video transmission and usage raises public concerns about privacy and ethics, limiting the real-world application of VAD. Recently, researchers have focused on privacy concerns in VAD by conducting systematic studies from various perspectives, including data, features, and systems, making privacy-preserving VAD (P2VAD) a hotspot in the AI community. However, the current research in P2VAD is fragmented, and prior reviews have mostly focused on methods using RGB sequences, overlooking privacy leakage and appearance bias considerations. To address this gap, this article is the first to systematically review the progress of P2VAD, defining its scope and providing an intuitive taxonomy. We outline the basic assumptions, learning frameworks, and optimization objectives of various approaches, analyzing their strengths, weaknesses, and potential correlations. In addition, we provide open access to research resources such as benchmark datasets and available code. Finally, we discuss key challenges and future opportunities from the perspectives of AI development and P2VAD deployment, aiming to the guide future work in the field.",,IEEE Transactions on Neural Networks and Learning Systems,cs,2025,16,146,article,W4413967215,https://doi.org/10.1109/tnnls.2025.3600252
Topological Data Analysis in Graph Neural Networks: Surveys and Perspectives,"For many years, topological data analysis (TDA) and deep learning (DL) have been considered separate data analysis and representation learning approaches, which have nothing in common. The root cause of this challenge comes from the difficulties in building, extracting, and integrating TDA constructs, such as barcodes or persistent diagrams, within deep neural network architectures. Therefore, the powers of these two approaches are still on their islands and have not yet combined to form more powerful tools for dealing with multiple complex data analysis tasks. Fortunately, we have witnessed several remarkable attempts to integrate DL-based architectures with topological learning paradigms in recent years. These topology-driven DL techniques have notably improved data-driven analysis and mining problems, especially within graph datasets. Recently, graph neural networks (GNNs) have emerged as a popular deep neural architecture, demonstrating significant performance in various graph-based analysis and learning problems. Explicitly, within the manifold paradigm, the graph is naturally considered as a topological object (e.g., the topological properties of the given graph can be represented by the edge weights). Therefore, integrating TDA and GNN is considered an excellent combination. Many well-known studies have recently presented the effectiveness of TDA-assisted GNN-based architectures in dealing with complex graph-based data representation analysis and learning problems. Motivated by the successes of recent research, we present systematic literature about this nascent and promising research direction in this article, which includes general taxonomy, preliminaries, and recently proposed state-of-the-art topology-driven GNN models and perspectives.",,IEEE Transactions on Neural Networks and Learning Systems,cs,2025,49,95,article,W4406094355,https://doi.org/10.1109/tnnls.2024.3520147
"A Survey on Text-Guided 3-D Visual Grounding: Elements, Recent Advances, and Future Directions","Text-guided 3-D visual grounding (T-3DVG), which aims to locate a specific object that semantically corresponds to a language query from a complicated 3-D scene, has drawn increasing attention in the 3-D research community over the past few years. Compared to 2-D visual grounding, this task presents great potential and challenges due to its closer proximity to the real world, the complexity of data collection, and 3-D point cloud source processing. In this survey, we attempt to provide a comprehensive overview of the T-3DVG progress, including its fundamental elements, recent research advances, and future research directions. To the best of our knowledge, this is the first systematic survey on the T-3DVG task. Specifically, we first provide a general structure of the T-3DVG pipeline with detailed components in a tutorial style, presenting a complete background overview. Then, we summarize the existing T-3DVG approaches into different categories and analyze their strengths and weaknesses. We also present the benchmark datasets and evaluation metrics to assess their performances. Finally, we discuss the potential limitations of existing T-3DVG and share some insights on several promising research directions.",,IEEE Transactions on Neural Networks and Learning Systems,cs,2025,15,105,article,W4412623461,https://doi.org/10.1109/tnnls.2025.3584895
Physical Adversarial Attacks for Surveillance: A Survey,"Modern automated surveillance techniques are heavily reliant on deep learning methods. Despite the superior performance, these learning systems are inherently vulnerable to adversarial attacks-maliciously crafted inputs that are designed to mislead, or trick, models into making incorrect predictions. An adversary can physically change their appearance by wearing adversarial t-shirts, glasses, or hats or by specific behavior, to potentially avoid various forms of detection, tracking, and recognition of surveillance systems; and obtain unauthorized access to secure properties and assets. This poses a severe threat to the security and safety of modern surveillance systems. This article reviews recent attempts and findings in learning and designing physical adversarial attacks for surveillance applications. In particular, we propose a framework to analyze physical adversarial attacks and provide a comprehensive survey of physical adversarial attacks on four key surveillance tasks: detection, identification, tracking, and action recognition under this framework. Furthermore, we review and analyze strategies to defend against physical adversarial attacks and the methods for evaluating the strengths of the defense. The insights in this article present an important step in building resilience within surveillance systems to physical adversarial attacks.",,IEEE Transactions on Neural Networks and Learning Systems,cs,2023,21,104,article,W4387587592,https://doi.org/10.1109/tnnls.2023.3321432
Learning From Noisy Labels With Deep Neural Networks: A Survey,"Deep learning has achieved remarkable success in numerous domains with help from large amounts of big data. However, the quality of data labels is a concern because of the lack of high-quality labels in many real-world scenarios. As noisy labels severely degrade the generalization performance of deep neural networks, learning from noisy labels (robust training) is becoming an important task in modern deep learning applications. In this survey, we first describe the problem of learning with label noise from a supervised learning perspective. Next, we provide a comprehensive review of 62 state-of-the-art robust training methods, all of which are categorized into five groups according to their methodological difference, followed by a systematic comparison of six properties used to evaluate their superiority. Subsequently, we perform an in-depth analysis of noise rate estimation and summarize the typically used evaluation methodology, including public noisy datasets and evaluation metrics. Finally, we present several promising research directions that can serve as a guideline for future studies.",,IEEE Transactions on Neural Networks and Learning Systems,cs,2022,1249,315,article,W3042609801,https://doi.org/10.1109/tnnls.2022.3152527
Measuring Disentanglement: A Review of Metrics,"Learning to disentangle and represent factors of variation in data is an important problem in artificial intelligence. While many advances have been made to learn these representations, it is still unclear how to quantify disentanglement. While several metrics exist, little is known on their implicit assumptions, what they truly measure, and their limits. In consequence, it is difficult to interpret results when comparing different representations. In this work, we survey supervised disentanglement metrics and thoroughly analyze them. We propose a new taxonomy in which all metrics fall into one of the three families: intervention-based, predictor-based, and information-based. We conduct extensive experiments in which we isolate properties of disentangled representations, allowing stratified comparison along several axes. From our experiment results and analysis, we provide insights on relations between disentangled representation properties. Finally, we share guidelines on how to measure disentanglement.",,IEEE Transactions on Neural Networks and Learning Systems,cs,2022,47,77,article,W3112497262,https://doi.org/10.1109/tnnls.2022.3218982
"A Survey of Automated Data Augmentation for Image Classification: Learning to Compose, Mix, and Generate","Data augmentation is an effective way to improve the generalization of deep learning models. However, the underlying augmentation methods mainly rely on handcrafted operations, such as flipping and cropping for image data. These augmentation methods are often designed based on human expertise or repeated trials. Meanwhile, automated data augmentation (AutoDA) is a promising research direction that frames the data augmentation process as a learning task and finds the most effective way to augment the data. In this survey, we categorize recent AutoDA methods into the composition-, mixing-, and generation-based approaches and analyze each category in detail. Based on the analysis, we discuss the challenges and future prospects as well as provide guidelines for applying AutoDA methods by considering the dataset, computation effort, and availability of domain-specific transformations. It is hoped that this article can provide a useful list of AutoDA methods and guidelines for data partitioners when deploying AutoDA in practice. The survey can also serve as a reference for further study by researchers in this emerging research area.",,IEEE Transactions on Neural Networks and Learning Systems,cs,2023,50,155,article,W4381598199,https://doi.org/10.1109/tnnls.2023.3282258
A Survey on Learning-Based Approaches for Modeling and Classification of Human–Machine Dialog Systems,"With the rapid development from traditional machine learning (ML) to deep learning (DL) and reinforcement learning (RL), dialog system equipped with learning mechanism has become the most effective solution to address human-machine interaction problems. The purpose of this article is to provide a comprehensive survey on learning-based human-machine dialog systems with a focus on the various dialog models. More specifically, we first introduce the fundamental process of establishing a dialog model. Second, we examine the features and classifications of the system dialog model, expound some representative models, and also compare the advantages and disadvantages of different dialog models. Third, we comb the commonly used database and evaluation metrics of the dialog model. Furthermore, the evaluation metrics of these dialog models are analyzed in detail. Finally, we briefly analyze the existing issues and point out the potential future direction on the human-machine dialog systems.",,IEEE Transactions on Neural Networks and Learning Systems,cs,2020,72,129,article,W3018074695,https://doi.org/10.1109/tnnls.2020.2985588
New Generation Deep Learning for Video Object Detection: A Survey,"Video object detection, a basic task in the computer vision field, is rapidly evolving and widely used. In recent years, deep learning methods have rapidly become widespread in the field of video object detection, achieving excellent results compared with those of traditional methods. However, the presence of duplicate information and abundant spatiotemporal information in video data poses a serious challenge to video object detection. Therefore, in recent years, many scholars have investigated deep learning detection algorithms in the context of video data and have achieved remarkable results. Considering the wide range of applications, a comprehensive review of the research related to video object detection is both a necessary and challenging task. This survey attempts to link and systematize the latest cutting-edge research on video object detection with the goal of classifying and analyzing video detection algorithms based on specific representative models. The differences and connections between video object detection and similar tasks are systematically demonstrated, and the evaluation metrics and video detection performance of nearly 40 models on two data sets are presented. Finally, the various applications and challenges facing video object detection are discussed.",,IEEE Transactions on Neural Networks and Learning Systems,cs,2021,265,153,article,W3127131334,https://doi.org/10.1109/tnnls.2021.3053249
"Brain-Inspired Learning, Perception, and Cognition: A Comprehensive Review","The progress of brain cognition and learning mechanisms has provided new inspiration for the next generation of artificial intelligence (AI) and provided the biological basis for the establishment of new models and methods. Brain science can effectively improve the intelligence of existing models and systems. Compared with other reviews, this article provides a comprehensive review of brain-inspired deep learning algorithms for learning, perception, and cognition from microscopic, mesoscopic, macroscopic, and super-macroscopic perspectives. First, this article introduces the brain cognition mechanism. Then, it summarizes the existing studies on brain-inspired learning and modeling from the perspectives of neural structure, cognitive module, learning mechanism, and behavioral characteristics. Next, this article introduces the potential learning directions of brain-inspired learning from four aspects: perception, cognition, understanding, and decision-making. Finally, the top-ten open problems that brain-inspired learning, perception, and cognition currently face are summarized, and the next generation of AI technology has been prospected. This work intends to provide a quick overview of the research on brain-inspired AI algorithms and to motivate future research by illuminating the latest developments in brain science.",,IEEE Transactions on Neural Networks and Learning Systems,cs,2024,47,239,article,W4399126338,https://doi.org/10.1109/tnnls.2024.3401711
Vehicle Detection From UAV Imagery With Deep Learning: A Review,"Vehicle detection from unmanned aerial vehicle (UAV) imagery is one of the most important tasks in a large number of computer vision-based applications. This crucial task needed to be done with high accuracy and speed. However, it is a very challenging task due to many characteristics related to the aerial images and the used hardware, such as different vehicle sizes, orientations, types, density, limited datasets, and inference speed. In recent years, many classical and deep-learning-based methods have been proposed in the literature to address these problems. Handed engineering- and shallow learning-based techniques suffer from poor accuracy and generalization to other complex cases. Deep-learning-based vehicle detection algorithms achieved better results due to their powerful learning ability. In this article, we provide a review on vehicle detection from UAV imagery using deep learning techniques. We start by presenting the different types of deep learning architectures, such as convolutional neural networks, recurrent neural networks, autoencoders, generative adversarial networks, and their contribution to improve the vehicle detection task. Then, we focus on investigating the different vehicle detection methods, datasets, and the encountered challenges all along with the suggested solutions. Finally, we summarize and compare the techniques used to improve vehicle detection from UAV-based images, which could be a useful aid to researchers and developers to select the most adequate method for their needs.",,IEEE Transactions on Neural Networks and Learning Systems,cs,2021,186,172,article,W3164012963,https://doi.org/10.1109/tnnls.2021.3080276
A Survey on Explainable Artificial Intelligence (XAI): Toward Medical XAI,"Recently, artificial intelligence and machine learning in general have demonstrated remarkable performances in many tasks, from image processing to natural language processing, especially with the advent of deep learning (DL). Along with research progress, they have encroached upon many different fields and disciplines. Some of them require high level of accountability and thus transparency, for example, the medical sector. Explanations for machine decisions and predictions are thus needed to justify their reliability. This requires greater interpretability, which often means we need to understand the mechanism underlying the algorithms. Unfortunately, the blackbox nature of the DL is still unresolved, and many machine decisions are still poorly understood. We provide a review on interpretabilities suggested by different research works and categorize them. The different categories show different dimensions in interpretability research, from approaches that provide ""obviously"" interpretable information to the studies of complex patterns. By applying the same categorization to interpretability in medical research, it is hoped that: 1) clinicians and practitioners can subsequently approach these methods with caution; 2) insight into interpretability will be born with more considerations for medical practices; and 3) initiatives to push forward data-based, mathematically grounded, and technically grounded medical education are encouraged.",,IEEE Transactions on Neural Networks and Learning Systems,cs,2020,2419,247,article,W2958089299,https://doi.org/10.1109/tnnls.2020.3027314
A Survey of Deep Learning on CPUs: Opportunities and Co-Optimizations,"CPU is a powerful, pervasive, and indispensable platform for running deep learning (DL) workloads in systems ranging from mobile to extreme-end servers. In this article, we present a survey of techniques for optimizing DL applications on CPUs. We include the methods proposed for both inference and training and those offered in the context of mobile, desktop/server, and distributed systems. We identify the areas of strength and weaknesses of CPUs in the field of DL. This article will interest practitioners and researchers in the area of artificial intelligence, computer architecture, mobile systems, and parallel computing.",,IEEE Transactions on Neural Networks and Learning Systems,cs,2021,65,104,article,W3154028478,https://doi.org/10.1109/tnnls.2021.3071762
A Survey for Federated Learning Evaluations: Goals and Measures,"Evaluation is a systematic approach to assessing how well a system achieves its intended purpose. Federated learning (FL) is a novel paradigm for privacy-preserving machine learning that allows multiple parties to collaboratively train models without sharing sensitive data. However, evaluating FL is challenging due to its interdisciplinary nature and diverse goals, such as utility, efficiency, and security. In this survey, we first review the major evaluation goals adopted in the existing studies and then explore the evaluation metrics used for each goal. We also introduceFedEval, an open-source platform that provides a standardized and comprehensive evaluation framework for FL algorithms in terms of their utility, efficiency, and security. Finally, we discuss several challenges and future research directions for FL evaluation.",,IEEE Transactions on Knowledge and Data Engineering,cs,2024,62,132,article,W4393241167,https://doi.org/10.1109/tkde.2024.3382002
Survey on Aspect-Level Sentiment Analysis,"The field of sentiment analysis, in which sentiment is gathered, analyzed, and aggregated from text, has seen a lot of attention in the last few years. The corresponding growth of the field has resulted in the emergence of various subareas, each addressing a different level of analysis or research question. This survey focuses on aspect-level sentiment analysis, where the goal is to find and aggregate sentiment on entities mentioned within documents or aspects of them. An in-depth overview of the current state-of-the-art is given, showing the tremendous progress that has already been made in finding both the target, which can be an entity as such, or some aspect of it, and the corresponding sentiment. Aspect-level sentiment analysis yields very fine-grained sentiment information which can be useful for applications in various domains. Current solutions are categorized based on whether they provide a method for aspect detection, sentiment analysis, or both. Furthermore, a breakdown based on the type of algorithm used is provided. For each discussed study, the reported performance is included. To facilitate the quantitative evaluation of the various proposed methods, a call is made for the standardization of the evaluation methodology that includes the use of shared data sets. Semanticallyrich concept-centric aspect-level sentiment analysis is discussed and identified as one of the most promising future research direction.",,IEEE Transactions on Knowledge and Data Engineering,cs,2015,841,121,article,W2253519362,https://doi.org/10.1109/tkde.2015.2485209
Time Series Management Systems: A Survey,"The collection of time series data increases as more monitoring and automation are being deployed. These deployments range in scale from an Internet of things (IoT) device located in a household to enormous distributed Cyber-Physical Systems (CPSs) producing large volumes of data at high velocity. To store and analyze these vast amounts of data, specialized Time Series Management Systems (TSMSs) have been developed to overcome the limitations of general purpose Database Management Systems (DBMSs) for times series management. In this paper, we present a thorough analysis and classification of TSMSs developed through academic or industrial research and documented through publications. Our classification is organized into categories based on the architectures observed during our analysis. In addition, we provide an overview of each system with a focus on the motivational use case that drove the development of the system, the functionality for storage and querying of time series a system implements, the components the system is composed of, and the capabilities of each system with regard to Stream Processing and Approximate Query Processing (AQP). Last, we provide a summary of research directions proposed by other researchers in the field and present our vision for a next generation TSMS.",,IEEE Transactions on Knowledge and Data Engineering,cs,2017,171,90,article,W2749874879,https://doi.org/10.1109/tkde.2017.2740932
Nonnegative Matrix Factorization: A Comprehensive Review,"Nonnegative Matrix Factorization (NMF), a relatively novel paradigm for dimensionality reduction, has been in the ascendant since its inception. It incorporates the nonnegativity constraint and thus obtains the parts-based representation as well as enhancing the interpretability of the issue correspondingly. This survey paper mainly focuses on the theoretical research into NMF over the last 5 years, where the principles, basic models, properties, and algorithms of NMF along with its various modifications, extensions, and generalizations are summarized systematically. The existing NMF algorithms are divided into four categories: Basic NMF (BNMF), Constrained NMF (CNMF), Structured NMF (SNMF), and Generalized NMF (GNMF), upon which the design principles, characteristics, problems, relationships, and evolution of these algorithms are presented and analyzed comprehensively. Some related work not on NMF that NMF should learn from or has connections with is involved too. Moreover, some open issues remained to be solved are discussed. Several relevant application areas of NMF are also briefly described. This survey aims to construct an integrated, state-of-the-art framework for NMF concept, from which the follow-up research may benefit.",,IEEE Transactions on Knowledge and Data Engineering,cs,2012,1016,165,article,W2144359569,https://doi.org/10.1109/tkde.2012.51
Learning under Concept Drift: A Review,"Concept drift describes unforeseeable changes in the underlying distribution of streaming data overtime. Concept drift research involves the development of methodologies and techniques for drift detection, understanding, and adaptation. Data analysis has revealed that machine learning in a concept drift environment will result in poor learning results if the drift is not addressed. To help researchers identify which research topics are significant and how to apply related techniques in data analysis tasks, it is necessary that a high quality, instructive review of current research developments and trends in the concept drift field is conducted. In addition, due to the rapid development of concept drift in recent years, the methodologies of learning under concept drift have become noticeably systematic, unveiling a framework which has not been mentioned in literature. This paper reviews over 130 high quality publications in concept drift related research areas, analyzes up-to-date developments in methodologies and techniques, and establishes a framework of learning under concept drift including three main components: concept drift detection, concept drift understanding, and concept drift adaptation. This paper lists and discusses 10 popular synthetic datasets and 14 publicly available benchmark datasets used for evaluating the performance of learning algorithms aiming at handling concept drift. Also, concept drift related research directions are covered and discussed. By providing state-of-the-art knowledge, this survey will directly support researchers in their understanding of research developments in the field of learning under concept drift.",,IEEE Transactions on Knowledge and Data Engineering,cs,2018,955,138,article,W2898017895,https://doi.org/10.1109/tkde.2018.2876857
A Survey of Context-Aware Recommender Systems: From an Evaluation Perspective,"In recent years, context-aware recommender systems (CARSs), which incorporate contextual information to achieve better recommendations, become a hot topic in the domain of recommender systems. Many context-aware recommendation methods have been proposed in the past decades. Some literatures provide survey of the research on CARSs. However, they mainly focus on context-aware recommendation methods and overlook the evaluation of them. The evaluation methods, evaluation properties and datasets of CARSs are different from those of traditional recommender systems where contexts are not considered. In this paper, we provide a review for evaluation of CARSs. We will introduce the basic concepts of CARSs, propose a new dataset partition method for each category of CARSs according to our classification of CARSs, summarize the evaluation method. Then we summarize the evaluation properties that CARSs pays attention to, which are different from the NCARSs. In addition, we also summarize the datasets specifically for CARSs, its applicable CARSs type and its evaluation dimensions and metrics. Based on our review, we draw some conclusions from evaluation perspective and point out future research directions.",,IEEE Transactions on Knowledge and Data Engineering,cs,2022,19,162,article,W4285212010,https://doi.org/10.1109/tkde.2022.3187434
A Survey of Community Detection Approaches: From Statistical Modeling to Deep Learning,"Community detection, a fundamental task for network analysis, aims to partition a network into multiple sub-structures to help reveal their latent functions. Community detection has been extensively studied in and broadly applied to many real-world network problems. Classical approaches to community detection typically utilize probabilistic graphical models and adopt a variety of prior knowledge to infer community structures. As the problems that network methods try to solve and the network data to be analyzed become increasingly more sophisticated, new approaches have also been proposed and developed, particularly those that utilize deep learning and convert networked data into low dimensional representation. Despite all the recent advancement, there is still a lack of insightful understanding of the theoretical and methodological underpinning of community detection, which will be critically important for future development of the area of network analysis. In this paper, we develop and present a unified architecture of network community-finding methods to characterize the state-of-the-art of the field of community detection. Specifically, we provide a comprehensive review of the existing community detection methods and introduce a new taxonomy that divides the existing methods into two categories, namely probabilistic graphical model and deep learning. We then discuss in detail the main idea behind each method in the two categories. Furthermore, to promote future development of community detection, we release several benchmark datasets from several problem domains and highlight their applications to various network analysis tasks. We conclude with discussions of the challenges of the field and suggestions of possible directions for future research.",,IEEE Transactions on Knowledge and Data Engineering,cs,2021,379,190,article,W3194841521,https://doi.org/10.1109/tkde.2021.3104155
Modeling Reviews for Few-Shot Recommendation via Enhanced Prototypical Network,"Although some existing models are proposed to exploit reviews for improving performance for recommender systems, few of them can handle the following issues led by the insufficient review data: (i) The regular training process does not exactly fit the scenario of preference prediction with few historical behaviors. (ii) Extracting informative and sufficient semantic features from limited review texts is a challenging work. To alleviate these issues, this paper proposes an enhanced prototypical network, FS-EPN, that leverages reviews for recommendation under the few-shot setting. FS-EPN consists of an attentional prototypical network being the basic architecture, a sentiment encoder and a memory collector cooperating to capture the extra sentimental and collaborative information from both user and item perspectives for semantic information supplement. We train FS-EPN under the meta-learning framework, which models the training process in the episodic manner to mimic the few-shot test environment. Extensive experiments conducted on six publicly available datasets demonstrate the superior capability of FS-EPN over several state-of-the-art models in few-shot recommendation.",,IEEE Transactions on Knowledge and Data Engineering,cs,2023,1,54,article,W4317795019,https://doi.org/10.1109/tkde.2023.3239169
Dealing with Uncertainty: A Survey of Theories and Practices,"Uncertainty accompanies our life processes and covers almost all fields of scientific studies. Two general categories of uncertainty, namely, aleatory uncertainty and epistemic uncertainty, exist in the world. While aleatory uncertainty refers to the inherent randomness in nature, derived from natural variability of the physical world (e.g., random show of a flipped coin), epistemic uncertainty origins from human's lack of knowledge of the physical world, as well as ability of measuring and modeling the physical world (e.g., computation of the distance between two cities). Different kinds of uncertainty call for different handling methods. Aggarwal, Yu, Sarma, and Zhang et al. have made good surveys on uncertain database management based on the probability theory. This paper reviews multidisciplinary uncertainty processing activities in diverse fields. Beyond the dominant probability theory and fuzzy theory, we also review information-gap theory and recently derived uncertainty theory. Practices of these uncertainty handling theories in the domains of economics, engineering, ecology, and information sciences are also described. It is our hope that this study could provide insights to the database community on how uncertainty is managed in other disciplines, and further challenge and inspire database researchers to develop more advanced data management techniques and tools to cope with a variety of uncertainty issues in the real world.",,IEEE Transactions on Knowledge and Data Engineering,cs,2012,205,154,article,W2118680859,https://doi.org/10.1109/tkde.2012.179
Learning Hierarchical Review Graph Representations for Recommendation,"The user review data have been demonstrated to be effective in solving different recommendation problems. Previous review-based recommendation methods usually employ sophisticated compositional models, such as Recurrent Neural Networks (RNN) and Convolutional Neural Networks (CNN), to learn semantic representations from the review data for recommendation. However, these methods mainly capture the local dependency between neighboring words in a word window, and they treat each review equally. Therefore, they may not be effective in capturing the global dependency between words and tend to be easily biased by noise review information. In this paper, we propose a novel review-based recommendation model, named Review Graph Neural Network (RGNN). Specifically, RGNN builds a specific review graph for each individual user/item, which provides a global view about the user/item properties to help weaken the biases caused by noise review information. A type-aware graph attention mechanism is developed to learn semantic embeddings of words. Moreover, a personalized graph pooling operator is proposed to learn hierarchical representations of the review graph to form the semantic representation for each user/item. We compared RGNN with state-of-the-art review-based recommendation approaches on two real-world datasets. The experimental results indicate that RGNN consistently outperforms baseline methods, in terms of Mean Square Error (MSE).",,IEEE Transactions on Knowledge and Data Engineering,cs,2021,51,82,article,W3163325638,https://doi.org/10.1109/tkde.2021.3075052
Interoperability in Blockchain: A Survey,"This paper presents a systematic and comprehensive survey on blockchain interoperability, where interoperability is defined as the ability of blockchains to flexibly transfer assets, share data, and invoke smart contracts across a mix of public, private, and consortium blockchains without any changes to the underlying blockchain systems. Analyzing the vast landscape of both research papers and industry projects, we classify the existing works into five categories, namely, (1) sidechains, (2) notary schemes, (3) hashed time lock contracts (HTLC), (4) relays, and (5) blockchain agnostic protocols. We analyze the existing works under a taxonomy that consists of system and safety characteristics, such as decentralization, direction of communication, locking mechanism, verification mechanism, trust, safety, liveness, and atomicity. Different from other surveys, we are the first to evaluate the performance of some representative interoperability approaches between Bitcoin and Ethereum covering sidechains, notary schemes, and HTLCs. Even though the performance of cross-chain transactions is low (typically fewer than 10 transactions per second), the main reason is the underlying blockchain (e.g., Bitcoin and Ethereum) and not the interoperability approach. Finally, we discuss existing challenges and possible research directions in blockchain interoperability. For example, we identify challenges in interoperability across permissioned and permissionless blockchains, in interacting with scripting blockchains, in security and privacy.",,IEEE Transactions on Knowledge and Data Engineering,cs,2023,107,92,article,W4376464525,https://doi.org/10.1109/tkde.2023.3275220
Survey: Functional Module Detection from Protein-Protein Interaction Networks,"A protein-protein interaction (PPI) network is a biomolecule relationship network that plays an important role in biological activities. Studies of functional modules in a PPI network contribute greatly to the understanding of biological mechanism. With the development of life science and computing science, a great amount of PPI data has been acquired by various experimental and computational approaches, which presents a significant challenge of detecting functional modules in a PPI network. To address this challenge, many functional module detecting methods have been developed. In this survey, we first analyze the existing problems in detecting functional modules and discuss the countermeasures in the data preprocess and postprocess. Second, we introduce some special metrics for distance or graph developed in clustering process of proteins. Third, we give a classification system of functional module detecting methods and describe some existing detection methods in each category. Fourth, we list databases in common use and conduct performance comparisons of several typical algorithms by popular measurements. Finally, we present the prospects and references for researchers engaged in analyzing PPI networks.",,IEEE Transactions on Knowledge and Data Engineering,cs,2012,104,104,article,W2007448777,https://doi.org/10.1109/tkde.2012.225
A General Survey on Attention Mechanisms in Deep Learning,"Attention is an important mechanism that can be employed for a variety of deep learning models across many different domains and tasks. This survey provides an overview of the most important attention mechanisms proposed in the literature. The various attention mechanisms are explained by means of a framework consisting of a general attention model, uniform notation, and a comprehensive taxonomy of attention mechanisms. Furthermore, the various measures for evaluating attention models are reviewed, and methods to characterize the structure of attention models based on the proposed framework are discussed. Last, future work in the field of attention models is considered.",,IEEE Transactions on Knowledge and Data Engineering,cs,2021,688,174,article,W3212604410,https://doi.org/10.1109/tkde.2021.3126456
Integrity Authentication for SQL Query Evaluation on Outsourced Databases: A Survey,"Spurred by the development of cloud computing, there has been considerable recent interest in the Database-as-a-Service (DaaS) paradigm. Users lacking in expertise or computational resources can outsource their data and database management needs to a third-party service provider. Outsourcing, however, raises an important issue of result integrity: how can the client verify with lightweight overhead that the query results returned by the service provider are correct (i.e., the same as the results of query execution locally)? This survey focuses on categorizing and reviewing the progress on the current approaches for result integrity of SQL query evaluation in the DaaS model. The survey also includes some potential future research directions for result integrity verification of the outsourced computations.",,IEEE Transactions on Knowledge and Data Engineering,cs,2019,20,80,article,W2980759111,https://doi.org/10.1109/tkde.2019.2947061
Complex Knowledge Base Question Answering: A Survey,"Knowledge base question answering (KBQA) aims to answer a question over a knowledge base (KB). Early studies mainly focused on answering simple questions over KBs and achieved great success. However, their performances on complex questions are still far from satisfactory. Therefore, in recent years, researchers propose a large number of novel methods, which looked into the challenges of answering complex questions. In this survey, we review recent advances in KBQA with the focus on solving complex questions, which usually contain multiple subjects, express compound relations, or involve numerical operations. In detail, we begin with introducing the complex KBQA task and relevant background. Then, we present two mainstream categories of methods for complex KBQA, namely semantic parsing-based (SP-based) methods and information retrieval-based (IR-based) methods. Specifically, we illustrate their procedures with flow designs and discuss their difference and similarity. Next, we summarize the challenges that these two categories of methods encounter when answering complex questions, and explicate advanced solutions as well as techniques used in existing work. After that, we discuss the potential impact of pre-trained language models (PLMs) on complex KBQA. To help readers catch up with SOTA methods, we also provide a comprehensive evaluation and resource about complex KBQA task. Finally, we conclude and discuss several promising directions related to complex KBQA for future research.",,IEEE Transactions on Knowledge and Data Engineering,cs,2022,118,172,article,W4312634749,https://doi.org/10.1109/tkde.2022.3223858
A Survey on Self-Supervised Graph Foundation Models: Knowledge-Based Perspective,"The field of graph foundation models (GFMs) has seen a dramatic rise in interest in recent years. Their powerful generalization ability is believed to be endowed by self-supervised pre-training and downstream tuning techniques. There is a wide variety of knowledge patterns embedded in the graph data, such as node properties and clusters, which are crucial for learning generalized representations for GFMs. We present a comprehensive survey of self-supervised GFMs from a novel knowledge-based perspective. Our main contribution is a knowledge-based taxonomy that categorizes self-supervised graph models by the specific graph knowledge utilized: microscopic (nodes, links, etc.), mesoscopic (context, clusters, etc.), and macroscopic (global structure, manifolds, etc.). It covers a total of 9 knowledge categories and 300 references for self-supervised pre-training as well as various downstream tuning strategies. Such a knowledge-based taxonomy allows us to more clearly re-examine potential GFM architectures, including large language models (LLMs), as well as provide deeper insights for constructing future GFMs.",,IEEE Transactions on Knowledge and Data Engineering,cs,2025,7,156,article,W4410204320,https://doi.org/10.1109/tkde.2025.3568147
A Survey on Data Collection for Machine Learning: A Big Data - AI Integration Perspective,"Data collection is a major bottleneck in machine learning and an active research topic in multiple communities. There are largely two reasons data collection has recently become a critical issue. First, as machine learning is becoming more widely-used, we are seeing new applications that do not necessarily have enough labeled data. Second, unlike traditional machine learning, deep learning techniques automatically generate features, which saves feature engineering costs, but in return may require larger amounts of labeled data. Interestingly, recent research in data collection comes not only from the machine learning, natural language, and computer vision communities, but also from the data management community due to the importance of handling large amounts of data. In this survey, we perform a comprehensive study of data collection from a data management point of view. Data collection largely consists of data acquisition, data labeling, and improvement of existing data or models. We provide a research landscape of these operations, provide guidelines on which technique to use when, and identify interesting research challenges. The integration of machine learning and data management for data collection is part of a larger trend of Big data and Artificial Intelligence (AI) integration and opens many opportunities for new research.",,IEEE Transactions on Knowledge and Data Engineering,cs,2019,898,237,article,W2979417040,https://doi.org/10.1109/tkde.2019.2946162
Sticky Policies: A Survey,"In the digital age, where the Internet connects things across the globe and individuals are constantly online, data security and privacy are becoming key drivers (and barriers) of change for adoption of innovative solutions. Traditional approaches, whereby communication links are secured by means of encryption, and access control is run in a static way by a centralized authority, are showing their limits when applied to massive-scale, interconnected and distributed systems. Regulations, while still fragmented, are moving to adapt to changes in technology and society, with the aim to protect confidential information by governments, businesses, and individual citizens. In this landscape, proper mechanisms should be defined to allow a strict control over the data life-cycle and to guarantee the privacy and the application of specific regulations on personal information's disclosure, usage and access. Sticky policies represent one approach to improve owners' control over their data. In such an approach, machine-readable policies are attached to data. They are called 'sticky' in that they travel together with data, as data travels across multiple administrative domains. In this article we survey the state-of-the-art in sticky policies, discussing limitations, open issues, applications and research challenges, with a specific focus on their applicability to Internet of Things, cloud computing, and Content Centric Networking.",,IEEE Transactions on Knowledge and Data Engineering,cs,2019,22,53,article,W2969376268,https://doi.org/10.1109/tkde.2019.2936353
Declarative Data Analytics: A Survey,"The area of declarative data analytics explores the application of the declarative paradigm on data science and machine learning. It proposes declarative languages for expressing data analysis tasks and develops systems which optimize programs written in those languages. The execution engine can be either centralized or distributed, as the declarative paradigm advocates independence from particular physical implementations. The survey explores a wide range of declarative data analysis frameworks by examining both the programming model and the optimization techniques used, in order to provide conclusions on the current state of the art in the area and identify open challenges.",,IEEE Transactions on Knowledge and Data Engineering,cs,2019,0,67,article,W2912510608,https://doi.org/10.1109/tkde.2019.2958084
Survey and Benchmark of Anomaly Detection in Business Processes,"Effective management of business processes is crucial for organizational success. However, despite meticulous design and implementation, anomalies are inevitable and can result in inefficiencies, delays, or even significant financial losses. Numerous methods for detecting anomalies in business processes have been proposed recently. However, there is no comprehensive benchmark to evaluate these methods. Consequently, the relative merits of each method remain unclear due to differences in their experimental setup, choice of datasets and evaluation measures. In this paper, we present a systematic literature review and taxonomy of business process anomaly detection methods. Additionally, we select at least one method from each category, resulting in 16 methods that are cross-benchmarked against 32 synthetic logs and 19 real-life logs from different industry domains. Our analysis provides insights into the strengths and weaknesses of different anomaly detection methods. Ultimately, our findings can help researchers and practitioners in the field of process mining make informed decisions when selecting and applying anomaly detection methods to real-life business scenarios. Finally, some future directions are discussed in order to promote the evolution of business process anomaly detection.",,IEEE Transactions on Knowledge and Data Engineering,cs,2024,18,121,article,W4403918348,https://doi.org/10.1109/tkde.2024.3484159
Adversarial Attack and Defense on Graph Data: A Survey,"Deep neural networks (DNNs) have been widely applied to various applications, including image classification, text generation, audio recognition, and graph data analysis. However, recent studies have shown that DNNs are vulnerable to adversarial attacks. Though there are several works about adversarial attack and defense strategies on domains such as images and natural language processing, it is still difficult to directly transfer the learned knowledge to graph data due to its representation structure. Given the importance of graph analysis, an increasing number of studies over the past few years have attempted to analyze the robustness of machine learning models on graph data. Nevertheless, existing research considering adversarial behaviors on graph data often focuses on specific types of attacks with certain assumptions. In addition, each work proposes its own mathematical formulation, which makes the comparison among different methods difficult. Therefore, this review is intended to provide an overall landscape of more than 100 papers on adversarial attack and defense strategies for graph data, and establish a unified formulation encompassing most graph adversarial learning models. Moreover, we also compare different graph attacks and defenses along with their contributions and limitations, as well as summarize the evaluation metrics, datasets and future trends. We hope this survey can help fill the gap in the literature and facilitate further development of this promising new field We also have created an online resource to keep track of relevant research on the basis of this survey athttps://github.com/safe-graph/graph-adversarial-learning-literature.",,IEEE Transactions on Knowledge and Data Engineering,cs,2022,251,276,article,W2908442265,https://doi.org/10.1109/tkde.2022.3201243
"Deep Learning Based Knowledge Tracing: A Review, a Tool and Empirical Studies","Knowledge tracing (KT) involves utilizing historical data from students’ learning interactions to model their mastery of knowledge over time, with the aim of predicting their future performance in interactions. Recently, significant advancements have been achieved through the application of various deep learning methodologies to address the KT challenge. However, a considerable proportion of deep learning-based knowledge tracing (DLKT) approaches exhibit striking similarities in their methodologies, and model designs, and even the outcomes demonstrate minimal divergence. In addition, the evaluation procedures employed in current DLKT studies are not standardized, resulting in substantial inconsistencies in the reported area under the curve (AUC) outcomes, despite analyzing the same model on identical datasets. To address the two aforementioned problems, this paper proposes a generalized DLKT framework and represents the existing DLKT models with five components, i.e., multimodal data encoder, student knowledge memory, auxiliary knowledge base, learning outcome objective, and computational efficiency and scalability. Furthermore, we develop and open source a standardized DLKT benchmark platform namedpyKT,1that consists of a standardized set of integrated data preprocessing procedures on 9 popular datasets across different domains, and 21 frequently compared DLKT model implementations. WithpyKT, we conduct empirical and reproducible research to assess the performance of prevalent DLKT algorithms in an unbiased and clear setting over multiple data sources. Finally, we discuss the applications of KT techniques in the educational sector and their future development directions.",,IEEE Transactions on Knowledge and Data Engineering,cs,2025,32,85,article,W4408609415,https://doi.org/10.1109/tkde.2025.3552759
Acceleration Algorithms in GNNs: A Survey,"Graph Neural Networks have demonstrated remarkable effectiveness in various graph-based tasks, but their inefficiency in training and inference poses significant challenges for scaling to real-world, large-scale applications. To address these challenges, a plethora of algorithms have been developed to accelerate GNN training and inference, garnering substantial interest from the research community. This paper presents a systematic review of these acceleration algorithms, categorizing them into three main topics: training acceleration, inference acceleration, and execution acceleration. For training acceleration, we discuss techniques like graph sampling and GNN simplification. In inference acceleration, we focus on knowledge distillation, GNN quantization, and GNN pruning. For execution acceleration, we explore GNN binarization and graph condensation. Additionally, we review several libraries related to GNN acceleration, including our Scalable Graph Learning library, and propose future research directions.",,IEEE Transactions on Knowledge and Data Engineering,cs,2025,16,170,article,W4407360690,https://doi.org/10.1109/tkde.2025.3540787
In-Memory Big Data Management and Processing: A Survey,"Growing main memory capacity has fueled the development of in-memory big data management and processing. By eliminating disk I/O bottleneck, it is now possible to support interactive data analytics. However, in-memory systems are much more sensitive to other sources of overhead that do not matter in traditional I/O-bounded disk-based systems. Some issues such as fault-tolerance and consistency are also more challenging to handle in in-memory environment. We are witnessing a revolution in the design of database systems that exploits main memory as its data storage layer. Many of these researches have focused along several dimensions: modern CPU and memory hierarchy utilization, time/space efficiency, parallelism, and concurrency control. In this survey, we aim to provide a thorough review of a wide range of in-memory data management and processing proposals and systems, including both data storage systems and data processing frameworks. We also give a comprehensive presentation of important technology in memory management, and some key factors that need to be considered in order to achieve efficient in-memory data management and processing.",,IEEE Transactions on Knowledge and Data Engineering,cs,2015,425,290,article,W2019183416,https://doi.org/10.1109/tkde.2015.2427795
A Survey on Dropout Methods and Experimental Verification in Recommendation,"Overfitting is a common problem in machine learning, which means the model too closely fits the training data while performing poorly in the test data. Among various methods of coping with overfitting, dropout is one of the representative ways. From randomly dropping neurons to dropping neural structures, dropout has achieved great success in improving model performances. Although various dropout methods have been designed and widely applied in past years, their effectiveness, application scenarios, and contributions have not been comprehensively summarized and empirically compared by far. It is the right time to make a comprehensive survey. In this paper, we systematically review previous dropout methods and classify them into three major categories according to the stage where dropout operation is performed. Specifically, more than seventy dropout methods published in top AI conferences or journals (e.g., TKDE, KDD, TheWebConf, SIGIR) are involved. The designed taxonomy is easy to understand and capable of including new dropout methods. Then, we further discuss their application scenarios, connections, and contributions. To verify the effectiveness of distinct dropout methods, extensive experiments are conducted on recommendation scenarios with abundant heterogeneous information. Finally, we propose some open problems and potential research directions about dropout that worth to be further explored.",,IEEE Transactions on Knowledge and Data Engineering,cs,2022,22,214,article,W4226428498,https://doi.org/10.1109/tkde.2022.3187013
A Review on Dimensionality Reduction for Multi-label Classification,"Multi-label classification has gained in importance in the last decade and it is today confronted to the current needs to process massive raw data from heterogeneous sources. Therefore, dimensionality reduction, which aims at reducing the number of features, labels, or both, knows a renewed interest to enhance the scaling properties of the classifiers and their predictive performances. In this paper we review more than fifty papers presenting dimensionality reduction approaches for multi-label classification and we propose an analysis in three steps : (i) a typology of the methods describing the main components of their strategies, the problem they tackle and the way they solve it (ii) a unified formalization of the problems to help to distinguish the similarities and differences between the approaches, and (iii) a meta-analysis of the published experimental results inspired by the consensus theory to identify the most efficient algorithms.",,IEEE Transactions on Knowledge and Data Engineering,cs,2019,56,189,article,W2972502338,https://doi.org/10.1109/tkde.2019.2940014
Self-Supervised Learning for Recommender Systems: A Survey,"In recent years, neural architecture-based recommender systems have achieved tremendous success, but they still fall short of expectation when dealing with highly sparse data. Self-supervised learning (SSL), as an emerging technique for learning from unlabeled data, has attracted considerable attention as a potential solution to this issue. This survey paper presents a systematic and timely review of research efforts on self-supervised recommendation (SSR). Specifically, we propose an exclusive definition of SSR, on top of which we develop a comprehensive taxonomy to divide existing SSR methods into four categories: contrastive, generative, predictive, and hybrid. For each category, we elucidate its concept and formulation, the involved methods, as well as its pros and cons. Furthermore, to facilitate empirical comparison, we release an open-source library SELFRec (https://github.com/Coder-Yu/SELFRec), which incorporates a wide range of SSR models and benchmark datasets. Through rigorous experiments using this library, we derive and report some significant findings regarding the selection of self-supervised signals for enhancing recommendation. Finally, we shed light on the limitations in the current research and outline the future research directions.",,IEEE Transactions on Knowledge and Data Engineering,cs,2023,401,167,article,W4379382506,https://doi.org/10.1109/tkde.2023.3282907
Learning Latent Multi-Criteria Ratings From User Reviews for Recommendations,"Multi-criteria recommender systems have been increasingly useful for helping consumers identify the most relevant items based on different dimensions of user experiences and highlighting their most valued features. Therefore, researchers have proposed various multi-criteria models to improve recommendation performance. However, most of the existing methods utilize only multi-criteria ratings explicitly provided by the users. Note that explicit multi-criteria ratings are sparse and have the problem of missing values. User reviews, on the other hand, contain richer information of user experiences and reveal multi-dimensional user preferences. Therefore, we propose to use latent multi-criteria ratings generated from user reviews, as opposed to explicit multi-criteria ratings, to provide recommendations and capture latent complex heterogeneous user preferences. Specifically, we propose two novel models for the latent multi-criteria rating generation process: the one-stage model LatentMC-1S that utilizes document hashing method to directly compute latent ratings and the two-stage model LatentMC-2S that uses GRU and Gumbel-Softmax for indirect rating generation. Extensive experiments show that the proposed latent multi-criteria rating approaches outperform explicit ratings across different datasets and performance measures. We also show that latent multi-criteria ratings could be used for imputing missing explicit multi-criteria ratings and thus further improving multi-criteria recommender systems.",,IEEE Transactions on Knowledge and Data Engineering,cs,2020,21,71,article,W3136403187,https://doi.org/10.1109/tkde.2020.3030623
"A Survey of Text-to-SQL in the Era of LLMs: Where Are We, and Where Are We Going?","Translating users' natural language queries (NL) into SQL queries (i.e., Text-to-SQL, a.k.a. NL2SQL) can significantly reduce barriers to accessing relational databases and support various commercial applications. The performance of Text-to-SQL has been greatly enhanced with the emergence of Large Language Models (LLMs). In this survey, we provide a comprehensive review of Text-to-SQL techniques powered by LLMs, covering its entire lifecycle from the following four aspects: (1)Model:Text-to-SQL translation techniques that tackle not only NL ambiguity and under-specification, but also properly map NL with database schema and instances; (2)Data:From the collection of training data, data synthesis due to training data scarcity, to Text-to-SQL benchmarks; (3)Evaluation:Evaluating Text-to-SQL methods from multiple angles using different metrics and granularities; and (4)Error Analysis:analyzing Text-to-SQL errors to find the root cause and guiding Text-to-SQL models to evolve. Moreover, we offer a rule of thumb for developing Text-to-SQL solutions. Finally, we discuss the research challenges and open problems of Text-to-SQL in the LLMs era.",,IEEE Transactions on Knowledge and Data Engineering,cs,2025,52,112,article,W4412623423,https://doi.org/10.1109/tkde.2025.3592032
Mining Online Reviews for Predicting Sales Performance: A Case Study in the Movie Domain,"Posting reviews online has become an increasingly popular way for people to express opinions and sentiments toward the products bought or services received. Analyzing the large volume of online reviews available would produce useful actionable knowledge that could be of economic values to vendors and other interested parties. In this paper, we conduct a case study in the movie domain, and tackle the problem of mining reviews for predicting product sales performance. Our analysis shows that both the sentiments expressed in the reviews and the quality of the reviews have a significant impact on the future sales performance of products in question. For the sentiment factor, we propose Sentiment PLSA (S-PLSA), in which a review is considered as a document generated by a number of hidden sentiment factors, in order to capture the complex nature of sentiments. Training an S-PLSA model enables us to obtain a succinct summary of the sentiment information embedded in the reviews. Based on S-PLSFA, we propose ARSA, an Autoregressive Sentiment-Aware model for sales prediction. We then seek to further improve the accuracy of prediction by considering the quality factor, with a focus on predicting the quality of a review in the absence of user-supplied indicators, and present ARSQA, an Autoregressive Sentiment and Quality Aware model, to utilize sentiments and quality for predicting product sales performance. Extensive experiments conducted on a large movie data set confirm the effectiveness of the proposed approach.",,IEEE Transactions on Knowledge and Data Engineering,cs,2011,245,47,article,W2067505258,https://doi.org/10.1109/tkde.2010.269
Hierarchical Taxonomy-Aware and Attentional Graph Capsule RCNNs for Large-Scale Multi-Label Text Classification,"CNNs, RNNs, GCNs, and CapsNets have shown significant insights in representation learning and are widely used in various text mining tasks such as large-scale multi-label text classification. Most existing deep models for multi-label text classification consider either the non-consecutive and long-distance semantics or the sequential semantics. However, how to coherently take them into account is still far from studied. In addition, most existing methods treat output labels as independent medoids, ignoring the hierarchical relationships among them, which leads to a substantial loss of useful semantic information. In this paper, we propose a novel hierarchical taxonomy-aware and attentional graph capsule recurrent CNNs framework for large-scale multi-label text classification. Specifically, we first propose to model each document as a word order preserved graph-of-words and normalize it as a corresponding word matrix representation preserving both the non-consecutive, long-distance and local sequential semantics. Then the word matrix is input to the proposed attentional graph capsule recurrent CNNs for effectively learning the semantic features. To leverage the hierarchical relations among the class labels, we propose a hierarchical taxonomy embedding method to learn their representations, and define a novel weighted margin loss by incorporating the label representation similarity. Extensive evaluations on three datasets show that our model significantly improves the performance of large-scale multi-label text classification by comparing with state-of-the-art approaches.",,IEEE Transactions on Knowledge and Data Engineering,cs,2019,185,92,article,W2995837271,https://doi.org/10.1109/tkde.2019.2959991
"Ontology Embedding: A Survey of Methods, Applications and Resources","Ontologies are widely used for representing domain knowledge and meta data, playing an increasingly important role in Information Systems, the Semantic Web, Bioinformatics and many other domains. However, logical reasoning that ontologies can directly support are quite limited in learning, approximation and prediction. One straightforward solution is to integrate statistical analysis and machine learning. To this end, automatically learning vector representation for knowledge of an ontology i.e.,ontology embeddinghas been widely investigated. Numerous papers have been published on ontology embedding, but a lack of systematic reviews hinders researchers from gaining a comprehensive understanding of this field. To bridge this gap, we write this survey paper, which first introduces different kinds of semantics of ontologies and formally defines ontology embedding as well as its property of faithfulness. Based on this, it systematically categorizes and analyses a relatively complete set of over 80 papers, according to the ontologies they aim at and their technical solutions including geometric modeling, sequence modeling and graph propagation. This survey also introduces the applications of ontology embedding in ontology engineering, machine learning augmentation and life sciences, presents a new library mOWL and discusses the challenges and future directions.",,IEEE Transactions on Knowledge and Data Engineering,cs,2025,26,142,article,W4409356347,https://doi.org/10.1109/tkde.2025.3559023
A Survey of Location Prediction on Twitter,"Locations, e.g., countries, states, cities, and point-of-interests, are central to news, emergency events, and people's daily lives. Automatic identification of locations associated with or mentioned in documents has been explored for decades. As one of the most popular online social network platforms, Twitter has attracted a large number of users who send millions of tweets on daily basis. Due to the world-wide coverage of its users and real-time freshness of tweets, location prediction on Twitter has gained significant attention in recent years. Research efforts are spent on dealing with new challenges and opportunities brought by the noisy, short, and context-rich nature of tweets. In this survey, we aim at offering an overall picture of location prediction on Twitter. Specifically, we concentrate on the prediction of user home locations, tweet locations, and mentioned locations. We first define the three tasks and review the evaluation metrics. By summarizing Twitter network, tweet content, and tweet context as potential inputs, we then structurally highlight how the problems depend on these inputs. Each dependency is illustrated by a comprehensive review of the corresponding strategies adopted in state-of-the-art approaches. In addition, we also briefly review two related problems, i.e., semantic location prediction and point-of-interest recommendation. Finally, we make a conclusion of the survey and list future research directions.",,IEEE Transactions on Knowledge and Data Engineering,cs,2018,250,208,article,W2612301670,https://doi.org/10.1109/tkde.2018.2807840
A Survey of XML Tree Patterns,"With XML becoming a ubiquitous language for data interoperability purposes in various domains, efficiently querying XML data is a critical issue. This has lead to the design of algebraic frameworks based on tree-shaped patterns akin to the tree-structured data model of XML. Tree patterns are graphic representations of queries over data trees. They are actually matched against an input data tree to answer a query. Since the turn of the 21st century, an astounding research effort has been focusing on tree pattern models and matching optimization (a primordial issue). This paper is a comprehensive survey of these topics, in which we outline and compare the various features of tree patterns. We also review and discuss the two main families of approaches for optimizing tree pattern matching, namely pattern tree minimization and holistic matching. We finally present actual tree pattern-based developments, to provide a global overview of this significant research topic.",,IEEE Transactions on Knowledge and Data Engineering,cs,2011,42,119,article,W2024954422,https://doi.org/10.1109/tkde.2011.209
A Survey on Accuracy-oriented Neural Recommendation: From Collaborative Filtering to Information-rich Recommendation,"Influenced by the great success of deep learning in computer vision and language understanding, research in recommendation has shifted to inventing new recommender models based on neural networks. In recent years, we have witnessed significant progress in developing neural recommender models, which generalize and surpass traditional recommender models owing to the strong representation power of neural networks. In this survey paper, we conduct a systematic review on neural recommender models, aiming to summarize this field to facilitate researchers and practitioners working on recommender systems. Specifically, based on the data usage during recommendation modeling, we divide the work into collaborative filtering and information-rich recommendation: 1) collaborative filtering, which leverages the key source of user-item interaction data; 2) content enriched recommendation, which additionally utilizes the side information associated with users and items, like user profile and item knowledge graph; and 3) temporal/sequential recommendation, which accounts for the contextual information associated with an interaction, such as time, location, and the past interactions. After reviewing representative work for each type, we finally discuss some promising directions in this field.",,IEEE Transactions on Knowledge and Data Engineering,cs,2022,413,346,article,W4210334834,https://doi.org/10.1109/tkde.2022.3145690
A Survey on Multi-Task Learning,"Multi-Task Learning (MTL) is a learning paradigm in machine learning and its aim is to leverage useful information contained in multiple related tasks to help improve the generalization performance of all the tasks. In this paper, we give a survey for MTL from the perspective of algorithmic modeling, applications and theoretical analyses. For algorithmic modeling, we give a definition of MTL and then classify different MTL algorithms into five categories, including feature learning approach, low-rank approach, task clustering approach, task relation learning approach and decomposition approach as well as discussing the characteristics of each approach. In order to improve the performance of learning tasks further, MTL can be combined with other learning paradigms including semi-supervised learning, active learning, unsupervised learning, reinforcement learning, multi-view learning and graphical models. When the number of tasks is large or the data dimensionality is high, we review online, parallel and distributed MTL models as well as dimensionality reduction and feature hashing to reveal their computational and storage advantages. Many real-world applications use MTL to boost their performance and we review representative works in this paper. Finally, we present theoretical analyses and discuss several future directions for MTL.",,IEEE Transactions on Knowledge and Data Engineering,cs,2021,2350,378,article,W3141797743,https://doi.org/10.1109/tkde.2021.3070203
A Survey on Generative Diffusion Models,"Deep generative models have unlocked another profound realm of human creativity. By capturing and generalizing patterns within data, we have entered the epoch of all-encompassing Artificial Intelligence for General Creativity (AIGC). Notably, diffusion models, recognized as one of the paramount generative models, materialize human ideation into tangible instances across diverse domains, encompassing imagery, text, speech, biology, and healthcare. To provide advanced and comprehensive insights into diffusion, this survey comprehensively elucidates its developmental trajectory and future directions from three distinct angles: the fundamental formulation of diffusion, algorithmic enhancements, and the manifold applications of diffusion. Each layer is meticulously explored to offer a profound comprehension of its evolution. Structured and summarized approaches are presented here.",,IEEE Transactions on Knowledge and Data Engineering,cs,2024,531,362,article,W4391468387,https://doi.org/10.1109/tkde.2024.3361474
A Survey of General-Purpose Crowdsourcing Techniques,"Since Jeff Howe introduced the term Crowdsourcing in 2006, this human-powered problem-solving paradigm has gained a lot of attention and has been a hot research topic in the field of computer science. Even though a lot of work has been conducted on this topic, so far we do not have a comprehensive survey on most relevant work done in the crowdsourcing field. In this paper, we aim to offer an overall picture of the current state of the art techniques in general-purpose crowdsourcing. According to their focus, we divide this work into three parts, which are: incentive design, task assignment, and quality control. For each part, we start with different problems faced in that area followed by a brief description of existing work and a discussion of pros and cons. In addition, we also present a real scenario on how the different techniques are used in implementing a location-based crowdsourcing platform, gMission. Finally, we highlight the limitations of the current general-purpose crowdsourcing techniques and present some open problems in this area.",,IEEE Transactions on Knowledge and Data Engineering,cs,2016,144,116,article,W2340432473,https://doi.org/10.1109/tkde.2016.2555805
Personalized Review Summarization by Using Graph-Based Retrieval Augmemted Generation,"Review summarization aims to provide a summary that covers the main aspect of the product review and reflects personal preference. Existing methods employ the historical reviews of customer and product to provide useful clues for the target summary generation. However, most of the existing methods indiscriminately model the historical reviews of customer and product. Since the historicalcustomerreviews provide the personal information while the historicalproductreviews provide the commonly focused aspect of the product, these two types of heterogeneous information should be separately modeled. Moreover, the review rating of the historical reviews can be seen as a high-level abstraction of the customer preference and product which have been ignored by most of the existing methods. In this paper, we propose the Heterogeneous Historical Review aware Review Summarization (HHRRS) which separately models the two types of historical reviews with the rating information by a graph reasoning module with a contrastive loss. We employ a multi-task paradigm that conducts the review sentiment classification and summarization (GRARS) to model the two types of heterogeneous information in a fine-grained manner. We conduct extensive experiments on four benchmark datasets, and demonstrate the superiority of HHRRS on both tasks.",,IEEE Transactions on Knowledge and Data Engineering,cs,2025,0,31,article,W4413967048,https://doi.org/10.1109/tkde.2025.3605824
Using Semantic Web Technologies for Exploratory OLAP: A Survey,"This paper describes the convergence of some of the most influential technologies in the last few years, namely data warehousing (DW), on-line analytical processing (OLAP), and the Semantic Web (SW). OLAP is used by enterprises to derive important business-critical knowledge from data inside the company. However, the most interesting OLAP queries can no longer be answered on internal data alone, external data must also be discovered (most often on the web), acquired, integrated, and (analytically) queried, resulting in a new type of OLAP, exploratory OLAP. When using external data, an important issue is knowing the precise semantics of the data. Here, SW technologies come to the rescue, as they allow semantics (ranging from very simple to very complex) to be specified for web-available resources. SW technologies do not only support capturing the “passive” semantics, but also support active inference and reasoning on the data. The paper first presents a characterization of DW/OLAP environments, followed by an introduction to the relevant SW foundation concepts. Then, it describes the relationship of multidimensional (MD) models and SW technologies, including the relationship between MD models and SW formalisms. Next, the paper goes on to survey the use of SW technologies for data modeling and data provisioning, including semantic data annotation and semantic-aware extract, transform, and load (ETL) processes. Finally, all the findings are discussed and a number of directions for future research are outlined, including SW support for intelligent MD querying, using SW technologies for providing context to data warehouses, and scalability issues.",,IEEE Transactions on Knowledge and Data Engineering,cs,2014,146,68,article,W2139452609,https://doi.org/10.1109/tkde.2014.2330822
A Survey on Deep Learning for Named Entity Recognition,"Named entity recognition (NER) is the task to identify mentions of rigid designators from text belonging to predefined semantic types such as person, location, organization etc. NER always serves as the foundation for many natural language applications such as question answering, text summarization, and machine translation. Early NER systems got a huge success in achieving good performance with the cost of human engineering in designing domain-specific features and rules. In recent years, deep learning, empowered by continuous real-valued vector representations and semantic composition through nonlinear processing, has been employed in NER systems, yielding stat-of-the-art performance. In this paper, we provide a comprehensive review on existing deep learning techniques for NER. We first introduce NER resources, including tagged NER corpora and off-the-shelf NER tools. Then, we systematically categorize existing works based on a taxonomy along three axes: distributed representations for input, context encoder, and tag decoder. Next, we survey the most representative methods for recent applied techniques of deep learning in new NER problem settings and applications. Finally, we present readers with the challenges faced by NER systems and outline future directions in this area.",,IEEE Transactions on Knowledge and Data Engineering,cs,2020,1543,261,article,W3011594683,https://doi.org/10.1109/tkde.2020.2981314
"A Survey on Privacy in Graph Neural Networks: Attacks, Preservation, and Applications","Graph Neural Networks (GNNs) have gained significant attention owing to their ability to handle graph-structured data and the improvement in practical applications. However, many of these models prioritize high utility performance, such as accuracy, with a lack of privacy consideration, which is a major concern in modern society where privacy attacks are rampant. To address this issue, researchers have started to develop privacy-preserving GNNs. Despite this progress, there is a lack of a comprehensive overview of the attacks and the techniques for preserving privacy in the graph domain. In this survey, we aim to address this gap by summarizing the attacks on graph data according to the targeted information, categorizing the privacy preservation techniques in GNNs, and reviewing the datasets and applications that could be used for analyzing/solving privacy issues in GNNs. We also outline potential directions for future research in order to build better privacy-preserving GNNs.",,IEEE Transactions on Knowledge and Data Engineering,cs,2024,38,212,article,W4402808383,https://doi.org/10.1109/tkde.2024.3454328
Impact-Based Ranking of Scientific Publications: A Survey and Experimental Evaluation,"As the rate at which scientific work is published continues to increase, so does the need to discern high-impact publications. In recent years, there have been several approaches that seek to rank publications based on their expected citation-based impact. Despite this level of attention, this research area has not been systematically studied. Past literature often fails to distinguish between short-term impact, the current popularity of an article, and long-term impact, the overall influence of an article. Moreover, the evaluation methodologies applied vary widely and are inconsistent. In this work, we aim to fill these gaps, studying impact-based ranking theoretically and experimentally. First, we provide explicit definitions for short-term and long-term impact, and introduce the associated ranking problems. Then, we identify and classify the most important ideas employed by state-of-the-art methods. After studying various evaluation methodologies of the literature, we propose a specific benchmark framework that can help us better differentiate effectiveness across impact aspects. Using this framework we investigate: (1) the practical difference between ranking by short- and long-term impact, and (2) the effectiveness and efficiency of ranking methods in different settings. To avoid reporting results that are discipline-dependent, we perform our experiments using four datasets from different scientific disciplines.",,IEEE Transactions on Knowledge and Data Engineering,cs,2019,35,91,article,W2972392392,https://doi.org/10.1109/tkde.2019.2941206
Personalized News Recommendation Towards the Era of LLMs: Review and Prospect,"With the prevalence of online news services, personalized news recommendation (PNR) has played an indispensable role in meeting users' needs and mitigating information overload, with the aim of providing news articles that cater to user preferences. Despite significant progress made in the field of PNR over the past few decades, their performances are still hindered by some limitations, such as insufficient news modeling, difficulties in effectively modeling diverse user interests, and ignorance of fine-grained matching signals. It is fortunate that the emergence of large language models (LLMs) provides a promising insight into empowering the capabilities of news recommendation. Known for their impressive capabilities of natural language understanding and generation, LLMs have achieved disruptive achievements in various natural language processing (NLP) tasks, which motivates us to integrate LLMs into news recommendation and benefits from them to make up existing deficiencies. In this paper, we conduct a comprehensive review of current efforts made towards utilizing LLMs for PNR, with a focus on three core modules involved in the news recommendation process, i.e., news modeling, user modeling, and accurate matching. We systematically discuss and analyze relevant works under each focus. In addition, we point out several potential research directions to provide more inspiration for future investigation in this thriving field.",,IEEE Transactions on Knowledge and Data Engineering,cs,2025,4,188,article,W4411472222,https://doi.org/10.1109/tkde.2025.3581806
A Survey on Large-Scale Machine Learning,"Machine learning can provide deep insights into data, allowing machines to make high-quality predictions and having been widely used in real-world applications, such as text mining, visual classification, and recommender systems. However, most sophisticated machine learning approaches suffer from huge time costs when operating on large-scale data. This issue calls for the need of Large-scale Machine Learning (LML), which aims to learn patterns from big data with comparable performance efficiently. In this paper, we offer a systematic survey on existing LML methods to provide a blueprint for the future developments of this area. We first divide these LML methods according to the ways of improving the scalability: 1) model simplification on computational complexities, 2) optimization approximation on computational efficiency, and 3) computation parallelism on computational capabilities. Then we categorize the methods in each perspective according to their targeted scenarios and introduce representative methods in line with intrinsic strategies. Lastly, we analyze their limitations and discuss potential directions as well as open issues that are promising to address in the future.",,IEEE Transactions on Knowledge and Data Engineering,cs,2020,135,262,article,W3048584318,https://doi.org/10.1109/tkde.2020.3015777
Brain and Cognitive Science Inspired Deep Learning: A Comprehensive Survey,"Deep learning (DL) is increasingly viewed as a foundational methodology for advancing Artificial Intelligence (AI). However, its interpretability remains limited, and it often underperforms in certain fields due to its lack of human-like characteristics. Consequently, leveraging insights from Brain and Cognitive Science (BCS) to understand and advance DL has become a focal point for researchers in the DL community. However, BCS is a diverse discipline where existing studies often concentrate on cognitive theories within their respective domains. These theories are typically grounded in certain assumptions, complicating comparisons between different approaches. Therefore, this review is intended to provide a comprehensive landscape of more than 300 papers on the intersection of DL and BCS grounded in DL community. Unlike previous reviews that based on sub-disciplines of Cognitive Science, this article aims to establish a unified framework encompassing all aspects of DL inspired by BCS, offering insights into the symbiotic relationship between DL and BCS. Additionally, we present a forward-looking perspective on future research directions, with the intention of inspiring further advancements in AI research.",,IEEE Transactions on Knowledge and Data Engineering,cs,2025,17,271,article,W4406158141,https://doi.org/10.1109/tkde.2025.3527551
Workload Management in Database Management Systems: A Taxonomy,"Workload management is the discipline of effectively monitoring, managing and controlling work flow across computing systems. In particular, workload management in database management systems (DBMSs) is the process or act of monitoring and controlling work (i.e., requests) executing on a database system in order to make efficient use of system resources in addition to achieving any performance objectives assigned to that work. In the past decade, workload management studies and practice have made considerable progress in both academia and industry. New techniques have been proposed by researchers, and new features of workload management facilities have been implemented in most commercial database products. In this paper, we provide a systematic study of workload management in today's DBMSs by developing a taxonomy of workload management techniques. We apply the taxonomy to evaluate and classify existing workload management techniques implemented in the commercial databases and available in the recent research literature. We also introduce the underlying principles of today's workload management technology for DBMSs, discuss open problems, and outline some research opportunities in this research area.",,IEEE Transactions on Knowledge and Data Engineering,cs,2017,27,82,article,W2766474394,https://doi.org/10.1109/tkde.2017.2767044
"A Survey on Service Route and Time Prediction in Instant Delivery: Taxonomy, Progress, and Prospects","Instant delivery services, such as food delivery and package delivery, have achieved explosive growth in recent years by providing customers with daily-life convenience. An emerging research area within these services is service Route&Time Prediction (RTP), which aims to estimate the future service route as well as the arrival time of a given worker. As one of the most crucial tasks in those service platforms, RTP stands central to enhancing user satisfaction and trimming operational expenditures on these platforms. Despite a plethora of algorithms developed to date, there is no systematic, comprehensive survey to guide researchers in this domain. To fill this gap, our work presents the first comprehensive survey that methodically categorizes recent advances in service route and time prediction. We start by defining the RTP challenge and then delve into the metrics that are often employed. Following that, we scrutinize the existing RTP methodologies, presenting a novel taxonomy of them. We categorize these methods based on three criteria: (i) type of task, subdivided into only-route prediction, only-time prediction, and joint route&time prediction; (ii) model architecture, which encompasses sequence-based and graph-based models; and (iii) learning paradigm, including Supervised Learning (SL) and Deep Reinforcement Learning (DRL). Conclusively, we highlight the limitations of current research and suggest prospective avenues. We believe that the taxonomy, progress, and prospects introduced in this paper can significantly promote the development of this field.",,IEEE Transactions on Knowledge and Data Engineering,cs,2024,12,125,article,W4401691947,https://doi.org/10.1109/tkde.2024.3441309
A Survey and Quantitative Study on Map Inference Algorithms from GPS Trajectories,"Map inference algorithm aims to construct a digital map from other data sources automatically. Due to the labour intensity of traditional map creation and the frequent road change nowadays, map inference is deemed to be a promising solution to automatic map construction and update. However, existing map inference from GPS trajectories suffers from low GPS data quality, which makes the quality of the constructed map unsatisfactory. In this paper, we study the existing map inference algorithms using GPS trajectories. Different from previous surveys, we (1) include the most recent solutions and propose a new categorisation of method; (2) study how different types of GPS errors affect the quality of inference results; (3) evaluate the existing map inference quality measures regarding their ability to identify map quality issues. To achieve these goals, we conduct a comprehensive experimental study on several representative algorithms using both real-world datasets and synthetic datasets, which are generated from our proposed synthetic trajectory generator and artificial map generator. Overall, our study provides insightful observations regarding (1) which inference method performs better in each working scenario, (2) the general data quality requirements for map inference, (3) the direction of future works for quantitative map quality measures.",,IEEE Transactions on Knowledge and Data Engineering,cs,2020,25,49,article,W3007207144,https://doi.org/10.1109/tkde.2020.2977034
Analyzing Families of Experiments in SE: A Systematic Mapping Study,"Context: Families of experiments (i.e., groups of experiments with the same goal) are on the rise in Software Engineering (SE). Selecting unsuitable aggregation techniques to analyze families may undermine their potential to provide in-depth insights from experiments' results. Objectives: Identifying the techniques used to aggregate experiments' results within families in SE. Raising awareness of the importance of applying suitable aggregation techniques to reach reliable conclusions within families. Method: We conduct a systematic mapping study (SMS) to identify the aggregation techniques used to analyze families of experiments in SE. We outline the advantages and disadvantages of each aggregation technique according to mature experimental disciplines such as medicine and pharmacology. We provide preliminary recommendations to analyze and report families of experiments in view of families' common limitations with regard to joint data analysis. Results: Several aggregation techniques have been used to analyze SE families of experiments, including Narrative synthesis, Aggregated Data (AD), Individual Participant Data (IPD) mega-trial or stratified, and Aggregation of p-values. The rationale used to select aggregation techniques is rarely discussed within families. Families of experiments are commonly analyzed with unsuitable aggregation techniques according to the literature of mature experimental disciplines. Conclusion: Data analysis' reporting practices should be improved to increase the reliability and transparency of joint results. AD and IPD stratified appear to be suitable to analyze SE families of experiments.",,IEEE Transactions on Software Engineering,cs,2018,7,127,article,W2804239311,https://doi.org/10.1109/tse.2018.2864633
Improving State-of-the-Art Compression Techniques for Log Management Tools,"Log data records important runtime information about the running of a software system for different purposes including performance assurance, capacity planning, and anomaly detection. Log management tools such as ELK Stack and Splunk are widely adopted to manage and leverage log data in order to assist DevOps in real-time log analytics and decision making. To enable fast queries and to save storage space, such tools split log data into small blocks (e.g., 16KB), then index and compress each block separately. Previous log compression studies focus on improving the compression of either large-sized log files or log streams, without considering improving the compression of small log blocks (the actual compression need by modern log management tools). The evaluation of four state-of-the-art compression approaches (e.g.,Logzip, a variation ofLogzipby pre-extracting log templates namedLogzip-E,LogArchiveandCowic) indicates that these approaches do not perform well on small log blocks. In fact, the compressed blocks that are preprocessed usingLogzip,Logzip-E,LogArchiveorCowicare even larger (on median 1.3 times, 1.5 times, 0.2 times or 6.6 times) than the compressed blocks without any preprocessing. Hence, we propose an approach namedLogBlockto preprocess small log blocks before compressing them with a general compressor such asgzip,deflateandlz4, which are widely adopted by log management tools.LogBlockreduces the repetitiveness of logs by preprocessing the log headers and rearranging the log content leading to an improved compression ratio for a log file. Our evaluation on 16 log files shows that, for 16KB to 128KB block sizes, the compressed blocks byLogBlockare on median 5 to 21 percent smaller than the same compressed blocks without preprocessing (outperforming the state-of-the-art compression approaches).LogBlockachieves both a higher compression ratio (a median of 1.7 to 8.4 times, 1.9 to 10.0 times, 1.3 to 1.9 times and 6.2 to 11.4 times) and a faster compression speed (a median of 30.8 to 49.7 times, 42.6 to 53.8 times, 4.5 to 6.0 times and 2.5 to 4.0 times) thanLogzip,Logzip-E,LogArchiveandCowic.LogBlockcan help improve the storage efficiency of log management tools.",,IEEE Transactions on Software Engineering,cs,2021,28,40,article,W3143573050,https://doi.org/10.1109/tse.2021.3069958
Too Many User-Reviews! What Should App Developers Look at First?,"Due to the rapid growth in the number of mobile applications (apps) in the past few years, succeeding in mobile app markets has become ruthless. Online app markets, such as Google Play Store, let users rate apps on a five-star scale and leave feedback. Given the importance of high star-ratings to the success of an app, it is crucial to help developers find the key topics of user-reviews that are significantly related to star-ratings of a given category. Having considered the key topics of user-reviews, app developers can narrow down their effort to the user-reviews that matter to be addressed for receiving higher star-ratings. We study 4,193,549 user-reviews of 623 Android apps that were collected from Google Play Store in ten different categories. The results show that few key topics commonly exist across categories, and each category has a specific set of key topics. We also evaluated the identified key topics with respect to the changes that are made to each version of the apps for 19 months. We observed, for 77 percent of the apps, considering the key topics in the next versions shares a significant relationship with increases in star-ratings.",,IEEE Transactions on Software Engineering,cs,2019,92,84,article,W2909755202,https://doi.org/10.1109/tse.2019.2893171
An Industrial Survey of Safety Evidence Change Impact Analysis Practice,"Context. In many application domains, critical systems must comply with safety standards. This involves gathering safety evidence in the form of artefacts such as safety analyses, system specifications, and testing results. These artefacts can evolve during a system's lifecycle, creating a need for change impact analysis to guarantee that system safety and compliance are not jeopardised. Objective. We aim to provide new insights into how safety evidence change impact analysis is addressed in practice. The knowledge about this activity is limited despite the extensive research that has been conducted on change impact analysis and on safety evidence management. Method. We conducted an industrial survey on the circumstances under which safety evidence change impact analysis is addressed, the tool support used, and the challenges faced. Results. We obtained 97 valid responses representing 16 application domains, 28 countries, and 47 safety standards. The respondents had most often performed safety evidence change impact analysis during system development, from system specifications, and fully manually. No commercial change impact analysis tool was reported as used for all artefact types and insufficient tool support was the most frequent challenge. Conclusion. The results suggest that the different artefact types used as safety evidence co-evolve. In addition, the evolution of safety cases should probably be better managed, the level of automation in safety evidence change impact analysis is low, and the state of the practice can benefit from over 20 improvement areas.",,IEEE Transactions on Software Engineering,cs,2016,67,59,article,W2324328435,https://doi.org/10.1109/tse.2016.2553032
A Comparative Study to Benchmark Cross-Project Defect Prediction Approaches,"Cross-Project Defect Prediction (CPDP) as a means to focus quality assurance of software projects was under heavy investigation in recent years. However, within the current state-of-the-art it is unclear which of the many proposals performs best due to a lack of replication of results and diverse experiment setups that utilize different performance metrics and are based on different underlying data. Within this article, we provide a benchmark for CPDP. We replicate 24 approaches proposed by researchers between 2008 and 2015 and evaluate their performance on software products from five different data sets. Based on our benchmark, we determined that an approach proposed by Camargo Cruz and Ochimizu (2009) based on data standardization performs best and is always ranked among the statistically significant best results for all metrics and data sets. Approaches proposed by Turhan et al. (2009), Menzies et al. (2011), and Watanabe et al. (2008) are also nearly always among the best results. Moreover, we determined that predictions only seldom achieve a high performance of 0.75 recall, precision, and accuracy. Thus, CPDP still has not reached a point where the performance of the results is sufficient for the application in practice.",,IEEE Transactions on Software Engineering,cs,2017,210,110,article,W2735995639,https://doi.org/10.1109/tse.2017.2724538
"Demystifying Random Number in Ethereum Smart Contract: Taxonomy, Vulnerability Identification, and Attack Detection","Recent years have witnessed explosive growth in blockchain smart contract applications. As smart contracts become increasingly popular and carry trillion dollars worth of digital assets, they become more of an appealing target for attackers, who have exploited vulnerabilities in smart contracts to cause catastrophic economic losses. Notwithstanding a proliferation of work that has been developed to detect an impressive list of vulnerabilities, the bad randomness vulnerability is overlooked by many existing tools. In this article, we make the first attempt to provide a systematic analysis of random numbers in Ethereum smart contracts, by investigating the principles behind pseudo-random number generation and organizing them into a taxonomy. We also lucubrate various attacks against bad random numbers and group them into four categories. Furthermore, we presentRNVulDet– a tool that incorporates taint analysis techniques to automatically identify bad randomness vulnerabilities and detect corresponding attack transactions. To extensively verify the effectiveness ofRNVulDet, we construct three new datasets: i) 34 well-known contracts that are reported to possess bad randomness vulnerabilities, ii) 214 popular contracts that have been rigorously audited before launch and are regarded as free of bad randomness vulnerabilities, and iii) a dataset consisting of 47,668 smart contracts and 49,951 suspicious transactions. We compareRNVulDetwith three state-of-the-art smart contract vulnerability detectors, and our tool significantly outperforms them. Meanwhile,RNVulDetspends 2.98 s per contract on average, in most cases orders-of-magnitude faster than other tools.RNVulDetsuccessfully reveals 44,264 attack transactions. Our implementation and datasets are released, hoping to inspire others.",,IEEE Transactions on Software Engineering,cs,2023,37,53,article,W4367359426,https://doi.org/10.1109/tse.2023.3271417
Performance Analysis for Object-Oriented Software: A Systematic Mapping,"Performance is a crucial attribute for most software, making performance analysis an important software engineering task. The difficulty is that modern applications are challenging to analyse for performance. Many profiling techniques used in real-world software development struggle to provide useful results when applied to large-scale object-oriented applications. There is a substantial body of research into software performance generally but currently there exists no survey of this research that would help identify approaches useful for object-oriented software. To provide such a review we performed a systematic mapping study of empirical performance analysis approaches that are applicable to object-oriented software. Using keyword searches against leading software engineering research databases and manual searches of relevant venues we identified over 5,000 related articles published since January 2000. From these we systematically selected 253 applicable articles and categorised them according to ten facets that capture the intent, implementation and evaluation of the approaches. Our mapping study results allow us to highlight the main contributions of the existing literature and identify areas where there are interesting opportunities. We also find that, despite the research including approaches specifically aimed at object-oriented software, there are significant challenges in providing actionable feedback on the performance of large-scale object-oriented applications.",,IEEE Transactions on Software Engineering,cs,2015,42,21,article,W2046440499,https://doi.org/10.1109/tse.2015.2396514
"Fault Analysis and Debugging of Microservice Systems: Industrial Survey, Benchmark System, and Empirical Study","The complexity and dynamism of microservice systems pose unique challenges to a variety of software engineering tasks such as fault analysis and debugging. In spite of the prevalence and importance of microservices in industry, there is limited research on the fault analysis and debugging of microservice systems. To fill this gap, we conduct an industrial survey to learn typical faults of microservice systems, current practice of debugging, and the challenges faced by developers in practice. We then develop a medium-size benchmark microservice system (being the largest and most complex open source microservice system within our knowledge) and replicate 22 industrial fault cases on it. Based on the benchmark system and the replicated fault cases, we conduct an empirical study to investigate the effectiveness of existing industrial debugging practices and whether they can be further improved by introducing the state-of-the-art tracing and visualization techniques for distributed systems. The results show that the current industrial practices of microservice debugging can be improved by employing proper tracing and visualization techniques and strategies. Our findings also suggest that there is a strong need for more intelligent trace analysis and visualization, e.g., by combining trace visualization and improved fault localization, and employing data-driven and learning-based recommendation for guided visual exploration and comparison of traces.",,IEEE Transactions on Software Engineering,cs,2018,402,44,article,W2903799441,https://doi.org/10.1109/tse.2018.2887384
STRE: An Automated Approach to Suggesting App Developers When to Stop Reading Reviews,"It is well known that user feedback (i.e., reviews) plays an essential role in mobile app maintenance. Users upload their troubles, app issues, or praises, to help developers refine their apps. However, reading tremendous amounts of reviews to retrieve useful information is a challenging job. According to our manual studies, reviews are full of repetitive opinions, thus developers could stop reading reviews when no more new helpful information appears. Developers can extract useful information from partial reviews to ameliorate their app and then develop a new version. However, it is tough to have a good trade-off between getting enough useful feedback and saving more time. In this paper, we propose a novel approach, named STRE, which utilizes historical reviews to suggest the time when most of the useful information appears in reviews of a certain version. We evaluate STRE on 62 recent versions of five apps from Apple's App Store. Study results demonstrate that our approach can help developers save their time by up to 98.33% and reserve enough useful reviews before stopping to read reviews such that developers do not spend additional time in reading redundant reviews over the suggested stopping time. At the same time, STRE can complement existing review categorization approaches that categorize reviews to further assist developers. In addition, we find that the missed top-word-related reviews appearing after the suggested stopping time contain limited useful information for developers. Finally, we find that 12 out of 13 of the emerging bugs from the studied versions appear before the suggested stopping time. Our approach demonstrates the value of automatically refining information from reviews.",,IEEE Transactions on Software Engineering,cs,2023,5,58,article,W4380520359,https://doi.org/10.1109/tse.2023.3285743
An Analysis and Survey of the Development of Mutation Testing,"Mutation Testing is a fault-based software testing technique that has been widely studied for over three decades. The literature on Mutation Testing has contributed a set of approaches, tools, developments, and empirical results. This paper provides a comprehensive analysis and survey of Mutation Testing. The paper also presents the results of several development trend analyses. These analyses provide evidence that Mutation Testing techniques and tools are reaching a state of maturity and applicability, while the topic of Mutation Testing itself is the subject of increasing interest.",,IEEE Transactions on Software Engineering,cs,2010,1746,266,article,W2135841285,https://doi.org/10.1109/tse.2010.62
From Tea Leaves to System Maps: A Survey and Framework on Context-Aware Machine Learning Monitoring,"Machine learning (ML) models in production fail when their broader systems – from data pipelines to deployment environments – deviate from training assumptions, not merely due to statistical anomalies in input data. Despite extensive work on data drift, data validation, and out-of-distribution detection, ML monitoring research remains largely model-centric while neglectingcontextual information: auxiliary signals about the system around the model (external factors, data pipelines, downstream applications). Incorporating this context turns statistical anomalies into actionable alerts and structured root-cause analysis. Drawing on a systematic review of 94 primary studies, we identify three dimensions of contextual information for ML monitoring: thesystemelement concerned (natural environment or technical infrastructure); theaspectof that element (runtime states, structural relationships, prescriptive properties); and therepresentationused (formal constructs or informal formats). This forms theContextual System-Aspect-Representation(C-SAR) framework, a descriptive model synthesizing our findings. We identify 20 recurring triplets across these dimensions and map them to the monitoring activities they support. This study provides a holistic perspective on ML monitoring: from interpreting “tea leaves” (i.e., isolated data and performance statistics) to constructing and managing “system maps” (i.e., end-to-end views that connect data, models, and operating context).",,IEEE Transactions on Software Engineering,cs,2025,4,0,article,W4413678108,https://doi.org/10.1109/tse.2025.3602520
A Survey on Adaptive Random Testing,"Random testing (RT) is a well-studied testing method that has been widely applied to the testing of many applications, including embedded software systems, SQL database systems, and Android applications. Adaptive random testing (ART) aims to enhance RT's failure-detection ability by more evenly spreading the test cases over the input domain. Since its introduction in 2001, there have been many contributions to the development of ART, including various approaches, implementations, assessment and evaluation methods, and applications. This paper provides a comprehensive survey on ART, classifying techniques, summarizing application areas, and analyzing experimental evaluations. This paper also addresses some misconceptions about ART, and identifies open research challenges to be further investigated in the future work.",,IEEE Transactions on Software Engineering,cs,2019,110,225,article,W3041931538,https://doi.org/10.1109/tse.2019.2942921
"Machine Learning Testing: Survey, Landscapes and Horizons","This paper provides a comprehensive survey of techniques for testing machine learning systems; Machine Learning Testing (ML testing) research. It covers 144 papers on testing properties (e.g., correctness, robustness, and fairness), testing components (e.g., the data, learning program, and framework), testing workflow (e.g., test generation and test evaluation), and application scenarios (e.g., autonomous driving, machine translation). The paper also analyses trends concerning datasets, research trends, and research focus, concluding with research challenges and promising research directions in ML testing.",,IEEE Transactions on Software Engineering,cs,2020,854,294,article,W3007157104,https://doi.org/10.1109/tse.2019.2962027
Cognitive Biases in Software Engineering: A Systematic Mapping Study,"One source of software project challenges and failures is the systematic errors introduced by human cognitive biases. Although extensively explored in cognitive psychology, investigations concerning cognitive biases have only recently gained popularity in software engineering research. This paper therefore systematically maps, aggregates and synthesizes the literature on cognitive biases in software engineering to generate a comprehensive body of knowledge, understand state-of-the-art research and provide guidelines for future research and practise. Focusing on bias antecedents, effects and mitigation techniques, we identified 65 articles (published between 1990 and 2016), which investigate 37 cognitive biases. Despite strong and increasing interest, the results reveal a scarcity of research on mitigation techniques and poor theoretical foundations in understanding and interpreting cognitive biases. Although bias-related research has generated many new insights in the software engineering community, specific bias mitigation techniques are still needed for software professionals to overcome the deleterious effects of cognitive biases on their work.",,IEEE Transactions on Software Engineering,cs,2018,157,151,article,W2809631772,https://doi.org/10.1109/tse.2018.2877759
"Understanding Docker Refactorings: Expanded Taxonomy, Operational Trade-Offs, and Role-Aware Recommendations","Docker-based software containerization has recently emerged as the de facto standard for delivering reusable software artifacts. With a plethora of publicly available Docker images, developers can easily build and deploy their applications, resulting in an industry-wide shift toward containerized solutions. Container-based projects, on the other hand, include several components, such as the Docker and Docker-compose files, as well as several dependencies in the source code, combining different containers and simplifying interactions with them. Like any other complex system, Container-based projects are prone to multiple quality and technical debt issues relating to several artifacts, namely, Docker and Docker-compose files. In a previous work, we conducted the first foundational study on refactorings, i.e., structural changes, while preserving the behavior applied in open-source Docker projects and the technical debt issues they alleviate. The findings suggest that developers refactor these Docker projects for a variety of reasons specific to the configuration, combination, and execution of containers. We defined different best practices and introduced 24 new Dockerspecific refactorings and 7 technical debt categories. In this paper, we extend our prior study by expanding the dataset nearly sixfold, from 68 to 443 projects, and refining our selection methodology. These changes reveal 17 additional Docker-specific refactorings, bringing our catalog to 41 distinct mechanisms, and introduce two new technical-debt categories, for a total of nine. We also derive 48 role-aware (Dev vs. Ops) recommendations and quantify the operational impact of refactorings on release-image size and build time, analyzing size–time trade-offs.These extensions not only expand the known landscape of Docker-specific quality issues but also provide deeper insights into how practitioners manage and alleviate technical debt in container environments.",,IEEE Transactions on Software Engineering,cs,2025,0,37,article,W7117462722,https://doi.org/10.1109/tse.2025.3649731
A Comparative Study of Software Model Checkers as Unit Testing Tools: An Industrial Case Study,"Conventional testing methods often fail to detect hidden flaws in complex embedded software such as device drivers or file systems. This deficiency incurs significant development and support/maintenance cost for the manufacturers. Model checking techniques have been proposed to compensate for the weaknesses of conventional testing methods through exhaustive analyses. Whereas conventional model checkers require manual effort to create an abstract target model, modern software model checkers remove this overhead by directly analyzing a target C program, and can be utilized as unit testing tools. However, since software model checkers are not fully mature yet, they have limitations according to the underlying technologies and tool implementations, potentially critical issues when applied in industrial projects. This paper reports our experience in applying Blast and CBMC to testing the components of a storage platform software for flash memory. Through this project, we analyzed the strong and weak points of two different software model checking technologies in the viewpoint of real-world industrial application-counterexample-guided abstraction refinement with predicate abstraction and SAT-based bounded analysis.",,IEEE Transactions on Software Engineering,cs,2010,36,61,article,W2101759873,https://doi.org/10.1109/tse.2010.68
Containerization for High Performance Computing Systems: Survey and Prospects,"Containers improve the efficiency in application deployment and thus have been widely utilised on Cloud and lately in High Performance Computing (HPC) environments. Containers encapsulate complex programs with their dependencies in isolated environments making applications more compatible and portable. Often HPC systems have higher security levels compared to Cloud systems, which restrict users’ ability to customise environments. Therefore, containers on HPC need to include a heavy package of libraries making their size relatively large. These libraries usually are specifically optimised for the hardware, which compromises portability of containers.Per contra, a Cloud container has smaller volume and is more portable. Furthermore, containers would benefit from orchestrators that facilitate deployment and management of containers at a large scale. Cloud systems in practice usually incorporate sophisticated container orchestration mechanisms as opposed to HPC systems. Nevertheless, some solutions to enable container orchestration on HPC systems have been proposed in state of the art. This paper gives a survey and taxonomy of efforts in both containerisation and its orchestration strategies on HPC systems. It highlights differences thereof between Cloud and HPC. Lastly, challenges are discussed and the potentials for research and engineering are envisioned.",,IEEE Transactions on Software Engineering,cs,2022,54,119,article,W4312045675,https://doi.org/10.1109/tse.2022.3229221
VT-Revolution: Interactive Programming Video Tutorial Authoring and Watching System,"Procedural knowledge describes actions and manipulations that are carried out to complete programming tasks. An effective way to document procedural knowledge is programming video tutorials. Unlike text-based software artifacts and tutorials that can be effectively searched and linked using information retrieval techniques, the streaming nature of programming videos limits the ways to explore the captured workflows and interact with files, code and program output in the videos. Existing solutions to adding interactive workflow and elements to programming videos have a dilemma between the level of desired interaction and the efforts required for authoring tutorials. In this work, we tackle this dilemma by designing and building a programming video tutorial authoring system that leverages operating system level instrumentation to log workflow history while tutorial authors are creating programming videos, and the corresponding tutorial watching system that enhances the learning experience of video tutorials by providing programming-specific workflow history and timeline-based browsing interactions. Our tutorial authoring system does not incur any additional burden on tutorial authors to make programming videos interactive. Given a programming video accompanied by synchronously-logged workflow history, our tutorial watching system allows tutorial watchers to freely explore the captured workflows and interact with files, code and program output in the tutorial. We conduct a user study of 135 developers to evaluate the design and effectiveness of our system in helping developers learn programming knowledge in video tutorials.",,IEEE Transactions on Software Engineering,cs,2018,40,52,article,W2789980854,https://doi.org/10.1109/tse.2018.2802916
Driving the Technology Value Stream by Analyzing App Reviews,"An emerging feature of mobile application software is the need to quickly produce new versions to solve problems that emerged in previous versions. This helps adapt to changing user needs and preferences. In a continuous software development process, the user reviews collected by the apps themselves can play a crucial role to detect which components need to be reworked. This paper proposes a novel framework that enables software companies to drive their technology value stream based on the feedback (or reviews) provided by the end-users of an application. The proposed end-to-end framework exploits different Natural Language Processing (NLP) tasks to best understand the needs and goals of the end users. We also provide a thorough and in-depth analysis of the framework, the performance of each of the modules, and the overall contribution in driving the technology value stream. An analysis of reviews with sixteen popular Android Play Store applications from various genres over a long period of time provides encouraging evidence of the effectiveness of the proposed approach.",,IEEE Transactions on Software Engineering,cs,2023,7,88,article,W4367146675,https://doi.org/10.1109/tse.2023.3270708
"Runtime Permission Issues in Android Apps: Taxonomy, Practices, and Ways Forward","Android introduces a new permission model that allows apps to request permissions at runtime rather than at the installation time since 6.0 (Marshmallow, API level 23). While this runtime permission model provides users with greater flexibility in controlling an app's access to sensitive data and system features, it brings new challenges to app development. First, as users may grant or revoke permissions at any time while they are using an app, developers need to ensure that the app properly checks and requests required permissions before invoking any permission-protected APIs. Second, Android's permission mechanism keeps evolving and getting customized by device manufacturers. Developers are expected to comprehensively test their apps on different Android versions and device models to make sure permissions are properly requested in all situations. Unfortunately, these requirements are often impractical for developers. In practice, many Android apps suffer from various runtime permission issues (ARP issues). While existing studies have explored ARP issues, the understanding of such issues is still preliminary. To better characterize ARP issues, we performed an empirical study using 135 Stack Overflow posts that discuss ARP issues and 199 real ARP issues archived in popular open-source Android projects on GitHub. Via analyzing the data, we observed 11 types of ARP issues that commonly occur in Android apps. For each type of issues, we systematically studied: (1) how they can be manifested, (2) how pervasive and serious they are in real-world apps, and (3) how they can be fixed. We also analyzed the evolution trend of different types of issues from 2015 to 2020 to understand their impact on the Android ecosystem. Furthermore, we conducted a field survey and in-depth interviews among the practitioners from open-source community and industry, to gain insights from practitioners’ practices and learn their requirements of tools that can help combat ARP issues. Finally, to understand the strengths and weaknesses of the existing tools that can detect ARP issues, we builtARPBench, an open benchmark consisting of 94 real ARP issues, and evaluated the performance of three available tools. The experimental results indicate that the existing tools have very limited supports for detecting our observed issue types and report a large number of false alarms. We further analyzed the tools’ limitations and summarized the challenges of designing an effective ARP issue detection technique. We hope that our findings can shed light on future research and provide useful guidance to practitioners.",,IEEE Transactions on Software Engineering,cs,2022,25,63,article,W3174321501,https://doi.org/10.1109/tse.2022.3148258
Parallel Performance Problems on Shared-Memory Multicore Systems: Taxonomy and Observation,"The shift towards multicore processing has led to a much wider population of developers being faced with the challenge of exploiting parallel cores to improve software performance. Debugging and optimizing parallel programs is a complex and demanding task. Tools which support development of parallel programs should provide salient information to allow programmers of multicore systems to diagnose and distinguish performance problems. Appropriate design of such tools requires a systematic analysis of the problems which might be identified, and the information used to diagnose them. Building on the literature, we put forward a potential taxonomy of parallel performance problems, and an observational model which links measurable performance data to these problems. We present a validation of this model carried out with parallel programming experts, identifying areas of agreement and disagreement. This is accompanied with a survey of the prevalence of these problems in software development. From this we can identify contentious areas worthy of further exploration, as well as those with high prevalence and strong agreement, which are natural candidates for initial moves towards better tool support.",,IEEE Transactions on Software Engineering,cs,2016,14,110,article,W2344725172,https://doi.org/10.1109/tse.2016.2519346
Hydra-Reviewer: A Holistic Multi-Agent System for Automatic Code Review Comment Generation,"Review comment generation is a crucial task in code review, and significant progress has been made in automating. Previous research has generated review comments by fine-tuning pre-trained models or Large Language Models (LLMs). However, these studies have overlooked the necessity of conducting code reviews from multiple perspectives, resulting in the omission of potential issues in code changes. Additionally, the complexity of review comments often hinders the accurate quantitative evaluation of automated tools’ effectiveness.In this paper, we first conduct an empirical study to propose a comprehensive taxonomy of code review dimensions. We also identify three major limitations of existing automated code review (ACR) methods: lack of comprehensiveness, incorrectness, and vagueness. Building on the insights from our empirical study, we introduce Hydra-Reviewer, a collaborative multi-agent framework powered by large language models, designed to automatically generate high-quality code reviews. We utilize the CodeReview and CodeReviewNew benchmark datasets, along with a newly constructed review comment generation dataset. We compare Hydra-Reviewerwith several baselines, including CodeReviewer, LLaMA-Reviewer, ChatGPT, Comprehensive-ChatGPT, and DeepSeek-V3.The experimental results show that Hydra-Reviewerachieves a BLEU score of 8.20, outperforming the state-of-the-art baseline, DeepSeek-V3, which scores 7.85. In qualitative evaluation, Hydra-Reviewer’s generated comments span an average of 7.8 review dimensions, addressing the limitations of existing ACR methods effectively. Additionally, Hydra-Reviewerdemonstrates strong generalization capabilities on unseen dataset. We further validate the contributions of each component of Hydra-Reviewerthrough an ablation study and confirm the helpfulness and readability of the generated comments via a User Study. Finally, a cost analysis reveals that Hydra-Reviewergenerates review comments at an average cost of 0.018 dollars and 62.63 seconds per code change.",,IEEE Transactions on Software Engineering,cs,2025,2,28,article,W4415179900,https://doi.org/10.1109/tse.2025.3621462
Impact of Software Engineering Research in Practice: A Patent and Author Survey Analysis,"Existing work on the practical impact of software engineering (SE) research examines industrial relevance rather than adoption of study results, hence the question of how results have been practically applied remains open. To answer this and investigate the outcomes of impactful research, we performed a quantitative and qualitative analysis of 4 354 SE patents citing 1 690 SE papers published in four leading SE venues between 1975–2017. Moreover, we conducted a survey on 475 authors of 593 top-cited and awarded publications, achieving 26% response rate. Overall, researchers have equipped practitioners with various tools, processes, and methods, and improved many existing products. SE practice values knowledge-seeking research and is impacted by diverse cross-disciplinary SE areas. Practitioner-oriented publication venues appear more impactful than researcher-oriented ones, while industry-related tracks in conferences could enhance their impact. Some research works did not reach a wide footprint due to limited funding resources or unfavorable cost-benefit trade-off of the proposed solutions. The need for higher SE research funding could be corroborated through a dedicated empirical study. In general, the assessment of impact is subject to its definition. Therefore, academia and industry could jointly agree on a formal description to set a common ground for subsequent research on the topic.",,IEEE Transactions on Software Engineering,cs,2022,5,107,article,W4296425756,https://doi.org/10.1109/tse.2022.3208210
"Web APIs: Features, Issues, and Expectations – A Large-Scale Empirical Study of Web APIs From Two Publicly Accessible Registries Using Stack Overflow and a User Survey","With the increasing adoption of services-oriented computing and cloud computing technologies, web APIs have become the fundamental building blocks for constructing software applications. Web APIs are developed and published on the internet. The functionality of web APIs can be used to facilitate the development of software applications. There are numerous studies on retrieving and recommending candidate web APIs based on user requirements from a large set of web APIs. However, there are very limited studies on the features of web APIs that make them more likely to be used and the issues of using web APIs in practice. Moreover, users’ expectations on the development and management of web APIs are rarely investigated. In this paper, we conduct a large-scale empirical study of 20,047 web APIs published at two popular and publicly accessible web API registries: ProgrammableWeb and APIs.guru. We first extract the questions posted in Stack Overflow (SO) that are relevant to the web APIs. We then manually analyze 1,885 randomly sampled SO questions and identify 24 web API issue types (e.g.,authorization error) that are encountered by users. Afterwards, we conduct a user survey to investigate the features of web APIs that users often consider when shortlisting a web API for testing before they adopt it, validate the identified types of web API issues, and understand users’ expectations on the development and management of web APIs. From the 191 received responses, we extract 14 important features for users to decide whether to use a web API (e.g.,well-organized documentation). We also gain a better understanding of web API issue types and summarize 11 categories of user expectations on web APIs (e.g.,documentationandSDK/library). As the result of our study, we provide guidelines for web API developers and registry managers to improve web APIs and promote the use of web APIs.",,IEEE Transactions on Software Engineering,cs,2022,9,98,article,W4293192097,https://doi.org/10.1109/tse.2022.3154769
Software Module Clustering: An In-Depth Literature Analysis,"Software module clustering is an unsupervised learning method used to cluster software entities (e.g., classes, modules, or files) with similar features. The obtained clusters may be used to study, analyze, and understand the software entities’ structure and behavior. Implementing software module clustering with optimal results is challenging. Accordingly, researchers have addressed many aspects of software module clustering in the past decade. Thus, it is essential to present the research evidence that has been published in this area. In this study, 143 research papers from well-known literature databases that examined software module clustering were reviewed to extract useful data. The obtained data were then used to answer several research questions regarding state-of-the-art clustering approaches, applications of clustering in software engineering, clustering processes, clustering algorithms, and evaluation methods. Several research gaps and challenges in software module clustering are discussed in this paper to provide a useful reference for researchers in this field.",,IEEE Transactions on Software Engineering,cs,2020,8,168,article,W3110186918,https://doi.org/10.1109/tse.2020.3042553
Capabilities and Practices in DevOps: A Multivocal Literature Review,"Context.To meet the demands of customers and market, Information Technology (IT) organizations are seeking to implement DevOps. While many succeed in DevOps adoption, others lack the knowledge on how to incorporate DevOps culture, process, measurements, and techniques in their business. Thus, successful adoption is still inconsistent, highlighting the need to provide management with relevant information to support the development of DevOps Capabilities effectively. But what are these Capabilities? Unfortunately, there is still a lack of clarity about DevOps Capabilities and their relationships to DevOps Practices and Outcomes among researchers and practitioners.Objective.This research aims to gather community consensus on the relationship between Capabilities and Practices, so a better DevOps implementation can be mapped. Seeking to define DevOps Capabilities and Practices concepts and to identify, organize and summarize Capabilities as they relate to Practices.Method.A Multivocal Literature Review (MLR) is conducted, with 93 documents gathered and thoroughly examined from throughout the community, including books, scientific articles, white papers, and conferences, among others.Results.This survey contributes a list of 37 organized Capabilities, their mentions in literature, and their definitions. The concepts of Practices and Capabilities were mapped and categorized in an ordered taxonomy. It is concluded that industry research has much outweighed scientific research on this topic, with Capabilities evolving dynamically over time, reinforcingteam collaboration and communicationas the most crucial one. The study's Outcomes will assist researchers and practitioners understand how Capabilities and Practices are related at different levels and how to better implement them.",,IEEE Transactions on Software Engineering,cs,2022,44,77,article,W4226494241,https://doi.org/10.1109/tse.2022.3166626
"Let’s Talk With Developers, Not About Developers: A Review of Automatic Program Repair Research","Automatic program repair (APR) offers significant potential for automating some coding tasks. Using APR could reduce the high costs historically associated with fixing code faults and deliver significant benefits to software engineering. Adopting APR could also have profound implications for software developers’ daily activities, transforming their work practices. To realise the benefits of APR it is vital that we consider how developers feel about APR and the impact APR may have on developers’ work. Developing APR tools without consideration of the developer is likely to undermine the success of APR deployment. In this paper, we critically review how developers are considered in APR research by analysing how human factors are treated in 260 studies from Monperrus’s Living Review of APR. Over half of the 260 studies in our review were motivated by a problem faced by developers (e.g., the difficulty associated with fixing faults). Despite these human-oriented motivations, fewer than 7% of the 260 studies included a human study. We looked in detail at these human studies and found their quality mixed (for example, one human study was based on input from only one developer). Our results suggest that software developers are often talkedaboutin APR studies, but are rarely talkedwith. A more comprehensive and reliable understanding of developer human factors in relation to APR is needed. Without this understanding, it will be difficult to develop APR tools and techniques which integrate effectively into developers’ workflows. We recommend a future research agenda to advance the study of human factors in APR.",,IEEE Transactions on Software Engineering,cs,2022,27,77,article,W4213019371,https://doi.org/10.1109/tse.2022.3152089
"Qualitative Surveys in Software Engineering Research: Definition, Critical Review, and Guidelines","Qualitative surveys are emerging as a popular research method in software engineering (SE), particularly as many aspects of the field are increasingly socio-technical and thus concerned with the subtle, social, and often ambiguous issues that are not amenable to a simple quantitative survey. While many argue that qualitative surveys play a vital role amongst the diverse range of methods employed in SE there are a number of shortcomings that inhibits its use and value. First there is a lack of clarity as to what defines a qualitative survey and what features differentiate it from other methods. There is an absence of a clear set of principles and guidelines for its execution, and what does exist is very inconsistent and sometimes contradictory. These issues undermine the perceived reliability and rigour of this method. Researchers are unsure about how to ensure reliability and rigour when designing qualitative surveys and reviewers are unsure how these should be evaluated. In this paper, we present a systematic mapping study to identify how qualitative surveys have been employed in SE research to date. This paper proposes a set of principles, based on a multidisciplinary review of qualitative surveys and capturing some of the commonalities of the diffuse approaches found. These principles can be used by researchers when choosing whether to do a qualitative survey or not. They can then be used to design their study. The principles can also be used by editors and reviewers to judge the quality and rigour of qualitative surveys. It is hoped that this will result in more widespread use of the method and also more effective and evidence-based reviews of studies that use these methods in the future.",,IEEE Transactions on Software Engineering,cs,2024,12,81,article,W4403123493,https://doi.org/10.1109/tse.2024.3474173
Tracking the Evolution of Static Code Warnings: The State-of-the-Art and a Better Approach,"Static bug detection tools help developers detect problems in the code, including bad programming practices and potential defects. Recent efforts to integrate static bug detectors in modern software development workflows, such as in code review and continuous integration, are shown to better motivate developers to fix the reported warnings on the fly. A proper mechanism to track the evolution of the reported warnings can better support such integration. Moreover, tracking the static code warnings will benefit many downstream software engineering tasks, such as learning the fix patterns for automated program repair, and learning which warnings are of more interest, so they can be prioritized automatically. In addition, the utilization of tracking tools enables developers to concentrate on the most recent and actionable static warnings rather than being overwhelmed by the thousands of warnings from the entire project. This, in turn, enhances the utilization of static analysis tools. Hence, precisely tracking the warnings by static bug detectors is critical to improving the utilization of static bug detectors further. In this paper, we study the effectiveness of the state-of-the-art (SOTA) solution in tracking static code warnings and propose a better solution based on our analysis of the insufficiency of the SOTA solution. In particular, we examined over 2,000 commits in four large-scale open-source systems (i.e., JClouds, Kafka, Spring-boot, and Guava) and crafted a dataset of 3,451 static code warnings by two static bug detectors (i.e., Spotbugs and PMD). We manually uncovered the ground-truth evolution status of the static warnings: persistent, removedfix, removednon-fixand newly-introduced. Upon manual analysis, we identified the main reasons behind the insufficiency of the SOTA solution. Furthermore, we propose StaticTracker to track static warnings over software development history. Our evaluation shows that StaticTracker significantly improves the tracking precision, i.e., from 64.4% to 90.3% for the evolution statuses combined (removedfix, removednon-fixand newly-introduced).",,IEEE Transactions on Software Engineering,cs,2024,6,43,article,W4391164257,https://doi.org/10.1109/tse.2024.3358283
Logging Practices in Software Engineering: A Systematic Mapping Study,"Background:Logging practices provide the ability to record valuable runtime information of software systems to support operations tasks such as service monitoring and troubleshooting. However, current logging practices face common challenges. On the one hand, although the importance of logging practices has been broadly recognized, most of them are still conducted in an arbitrary or ad-hoc manner, ending up with questionable or inadequate support to perform these tasks. On the other hand, considerable research effort has been carried out on logging practices, however, few of the proposed techniques or methods have been widely adopted in industry.Objective:This study aims to establish a comprehensive understanding of the research state of logging practices, with a focus on unveiling possible problems and gaps which further shed light on the potential future research directions.Method:We carried out a systematic mapping study on logging practices with 56 primary studies.Results:This study provides a holistic report of the existing research on logging practices by systematically synthesizing and analyzing the focus and inter-relationship of the existing research in terms of issues, research topics and solution approaches. Using3W1H—Why to log,Where to log,What to logandHow well is the logging—as the categorization standard, we find that: (1) the best known issues in logging practices have been repeatedly investigated; (2) the issues are often studied separately without considering their intricate relationships; (3) theWhere and Whatquestions have attracted the majority of research attention while little research effort has been made on theWhyandHow wellquestions; and (4) the relationships between issues, research topics, and approaches regarding logging practices appear many-to-many, which indicates a lack of profound understanding of the issues in practice and how they should be appropriately tackled.Conclusions:This study indicates a need to advance the state of research on logging practices. For example, more research effort should be invested onwhy to logto set the anchor of logging practices as well as onhow well is the loggingto close the loop. In addition, a holistic process perspective should be taken into account in both the research and the adoption related to logging practices.",,IEEE Transactions on Software Engineering,cs,2022,29,45,article,W4226483168,https://doi.org/10.1109/tse.2022.3166924
A Taxonomy of Contextual Factors in Continuous Integration Processes,"Numerous studies have shown thatContinuous Integration(CI) significantly improves software development productivity. Research has already shown in other fields of software engineering that findings do not always generalize and are often limited to a specific context. So far, research on CI has not differentiated between varying contexts of the studied projects, which includes, for example, varying domains, personnel, technical environments, or cultures. We need to extend the theory of CI by considering the relevant context that will impact how projects approach CI. Although existing studies implicitly touch on context, they often lack a consistent terminology or rely on experience rather than a standardized approach. In this paper, we bridge this gap by developing a taxonomy of relevant contextual factors within the domain of CI. Using grounded theory, we analyze peer-reviewed studies and develop a comprehensive taxonomy of contextual factors of CI that we validate through a practitioner survey. The resulting taxonomy contains multiple levels of details, the main dimensions being Product, Team, Process, Quality, and Scale. The taxonomy offers a structured framework to address the gap in CI research regarding contextual theory. Researchers can use it to describe the scope of findings and to reason about the generalizability of theories. Developers can select and reuse practices more effectively by comparing to other, similar projects.",,IEEE Transactions on Software Engineering,cs,2025,1,136,article,W4410616204,https://doi.org/10.1109/tse.2025.3572382
Dealing with Non-Functional Requirements in Model-Driven Development: A Survey,"Context: Managing Non-Functional Requirements (NFRs) in software projects is challenging, and projects that adopt Model-Driven Development (MDD) are no exception. Although several methods and techniques have been proposed to face this challenge, there is still little evidence on how NFRs are handled in MDD by practitioners. Knowing more about the state of the practice may help researchers to steer their research and practitioners to improve their daily work. Objective: In this paper, we present our findings from an interview-based survey conducted with practitioners working in 18 different companies from 6 European countries. From a practitioner's point of view, the paper shows what barriers and benefits the management of NFRs as part of the MDD process can bring to companies, how NFRs are supported by MDD approaches, and which strategies are followed when (some) types of NFRs are not supported by MDD approaches. Results: Our study shows that practitioners perceive MDD adoption as a complex process with little to no tool support for NFRs, reporting productivity and maintainability as the types of NFRs expected to be supported when MDD is adopted. But in general, companies adapt MDD to deal with NFRs. When NFRs are not supported, the generated code is sometimes changed manually, thus compromising the maintainability of the software developed. However, the interviewed practitioners claim that the benefits of using MDD outweight the extra effort required by these manual adaptations. Conclusion: Overall, the results indicate that it is important for practitioners to handle `NFRs in MDD, but further research is necessary in order to lower the barrier for supporting a broad spectrum of NFRs with MDD. Still, much conceptual and tool implementation work seems to be necessary to lower the barrier of integrating the broad spectrum of NFRs in practice.",,IEEE Transactions on Software Engineering,cs,2019,58,73,article,W2921444526,https://doi.org/10.1109/tse.2019.2904476
"Benchmarking AI Models in Software Engineering: A Review, Search Tool, and Unified Approach for Elevating Benchmark Quality","Benchmarks are essential for unified evaluation and reproducibility. The rapid rise of Artificial Intelligence for Software Engineering (AI4SE) has produced numerous benchmarks for tasks such as code generation and bug repair. However, this proliferation has led to major challenges: (1) fragmented knowledge across tasks, (2) difficulty in selecting contextually relevant benchmarks, (3) lack of standardization in benchmark creation, and (4) flaws that limit utility. Addressing these requires a dual approach: systematically mapping existing benchmarks for informed selection and defining unified guidelines for robust, adaptable benchmark development. We conduct a review of 247 studies, identifying 273 AI4SE benchmarks since 2014. We categorize them, analyze limitations, and expose gaps in current practices. Building on these insights, we introduce BenchScout, an extensible semantic search tool for locating suitable benchmarks. BenchScout employs automated clustering with contextual embeddings of benchmark-related studies, followed by dimensionality reduction. In a user study with 22 participants, BenchScout achieved usability, effectiveness, and intuitiveness scores of 4.5, 4.0, and 4.1 out of 5. To improve benchmarking standards, we propose BenchFrame, a unified approach to improve benchmark quality. Applying Bench-Frame to HumanEval yielded HumanEvalNext, which features corrected errors, improved language conversion, higher test coverage, and greater difficulty. Evaluating 10 state-of-the-art code models on HumanEval, HumanEvalPlus, and HumanEvalNext revealed average pass-at-1 drops of 31.22% and 19.94%, respectively, underscoring the need for continuous benchmark refinement. We further examine BenchFrame’s scalability through an agentic pipeline and confirm its generalizability on the MBPP dataset. Lastly, we publicly release the material of our review, user study, and the enhanced benchmark.1",,IEEE Transactions on Software Engineering,cs,2025,3,122,article,W4417439098,https://doi.org/10.1109/tse.2025.3644183
A Taxonomy and Qualitative Comparison of Program Analysis Techniques for Security Assessment of Android Software,"In parallel with the meteoric rise of mobile software, we are witnessing an alarming escalation in the number and sophistication of the security threats targeted at mobile platforms, particularly Android, as the dominant platform. While existing research has made significant progress towards detection and mitigation of Android security, gaps and challenges remain. This paper contributes a comprehensive taxonomy to classify and characterize the state-of-the-art research in this area. We have carefully followed the systematic literature review process, and analyzed the results of more than 300 research papers, resulting in the most comprehensive and elaborate investigation of the literature in this area of research. The systematic analysis of the research literature has revealed patterns, trends, and gaps in the existing literature, and underlined key challenges and opportunities that will shape the focus of future research efforts.",,IEEE Transactions on Software Engineering,cs,2016,146,605,article,W2529696250,https://doi.org/10.1109/tse.2016.2615307
Managing Technical Debt Using Intelligent Techniques - A Systematic Mapping Study,"Technical Debt (TD) is a metaphor reflecting technical compromises that can yield short-term benefits but might hurt the long-term health of a software system. With the increasing amount of data generated when performing software development activities, an emergent research field has gained attention: applying Intelligent Techniques to solve Software Engineering problems. Intelligent Techniques were used to explore data for knowledge discovery, reasoning, learning, planning, perception, or supporting decision-making. Although these techniques can be promising, there is no structured understanding related to their application to support Technical Debt Management (TDM) activities. Within this context, this study aims to investigate to what extent the literature has proposed and evaluated solutions based on Intelligent Techniques to support TDM activities. To this end, we performed a Systematic Mapping Study (SMS) to investigate to what extent the literature has proposed and evaluated solutions based on Intelligent Techniques to support TDM activities. In total, 150 primary studies were identified and analyzed, dated from 2012 to 2021. The results indicated a growing interest in applying Intelligent Techniques to support TDM activities, the most used: Machine Learning and Reasoning under uncertainty. Intelligent Techniques aimed to assist mainly TDM activities related to identification, measurement, and monitoring. Design TD, Code TD, and Architectural TD are the TD types in the spotlight. Most studies were categorized at automation levels 1 and 2, meaning that existing approaches still require substantial human intervention. Symbolists and Analogizers are levels of explanation presented by most Intelligent Techniques, implying that these solutions conclude a general truth after considering a sufficient number of particular cases. Moreover, we also cataloged the empirical research types, contributions, and validation strategies described in primary studies. Based on our findings, we argue that there is still room to improve the use of Intelligent Techniques to support TDM activities. The open issues that emerged from this study can represent future opportunities for practitioners and researchers.",,IEEE Transactions on Software Engineering,cs,2022,27,54,article,W4312643126,https://doi.org/10.1109/tse.2022.3214764
"Factoring Expertise, Workload, and Turnover Into Code Review Recommendation","Developer turnover is inevitable on software projects and leads to knowledge loss, a reduction in productivity, and an increase in defects. Mitigation strategies to deal with turnover tend to disrupt and increase workloads for developers. In this work, we suggest that through code review recommendation we can distribute knowledge and mitigate turnover while more evenly distributing review workload. We conduct historical analyses to understand the natural concentration of review workload and the degree of knowledge spreading that is inherent in code review. Even though review workload is highly concentrated, we show that code review natural spreads knowledge thereby reducing the files at risk to turnover. Using simulation, we evaluate existing code review recommenders and develop novel recommenders to understand their impact on the level of expertise during review, the workload of reviewers, and the files at risk to turnover. Our simulations use seeded random replacement of reviewers to allow us to compare the reviewer recommenders without the confounding variation of different reviewers being replaced for each recommender. We find that prior work that assigns reviewers based on file ownership concentrates knowledge on a small group of core developers increasing the risk of knowledge loss from turnover. Recent work, WhoDo, that considers developer workload, assigns developers that are not sufficiently committed to the project and we see an increase in files at risk to turnover. We propose learning and retention aware review recommenders that when combined are effective at reducing the risk of turnover, but they unacceptably reduce the overall expertise during reviews. Combining recommenders, we develop theSofiaWLrecommender that suggests experts with low active review workload when none of the files under review are known by only one developer. In contrast, when knowledge is concentrated on one developer, it sends the review to other reviewers to spread knowledge. For the projects we study, we are able to globally increase expertise during reviews,$+3$%, reduce workload concentration,$-12$%, and reduce the files at risk,$-28$%. We make our scripts and data available in our replication package[1]. Developers can optimize for a particular outcome measure based on the needs of their project, or use our GitHub bot to automatically balance the outcomes[2].",,IEEE Transactions on Software Engineering,cs,2024,16,70,article,W4392121835,https://doi.org/10.1109/tse.2024.3366753
"Software Testing With Large Language Models: Survey, Landscape, and Vision","Pre-trained large language models (LLMs) have recently emerged as a breakthrough technology in natural language processing and artificial intelligence, with the ability to handle large-scale datasets and exhibit remarkable performance across a wide range of tasks. Meanwhile, software testing is a crucial undertaking that serves as a cornerstone for ensuring the quality and reliability of software products. As the scope and complexity of software systems continue to grow, the need for more effective software testing techniques becomes increasingly urgent, making it an area ripe for innovative approaches such as the use of LLMs. This paper provides a comprehensive review of the utilization of LLMs in software testing. It analyzes 102 relevant studies that have used LLMs for software testing, from both the software testing and LLMs perspectives. The paper presents a detailed discussion of the software testing tasks for which LLMs are commonly used, among which test case preparation and program repair are the most representative. It also analyzes the commonly used LLMs, the types of prompt engineering that are employed, as well as the accompanied techniques with these LLMs. It also summarizes the key challenges and potential opportunities in this direction. This work can serve as a roadmap for future research in this area, highlighting potential avenues for exploration, and identifying gaps in our current understanding of the use of LLMs in software testing.",,IEEE Transactions on Software Engineering,cs,2024,494,220,article,W4391974543,https://doi.org/10.1109/tse.2024.3368208
Rebooting Research on Detecting Repackaged Android Apps: Literature Review and Benchmark,"Repackaging is a serious threat to the Android ecosystem as it deprives app developers of their benefits, contributes to spreading malware on users' devices, and increases the workload of market maintainers. In the space of six years, the research around this specific issue has produced 57 approaches which do not readily scale to millions of apps or are only evaluated on private datasets without, in general, tool support available to the community. Through a systematic literature review of the subject, we argue that the research is slowing down, where many state-of-the-art approaches have reported high-performance rates on closed datasets, which are unfortunately difficult to replicate and to compare against. In this work, we propose to reboot the research in repackaged app detection by providing a literature review that summarises the challenges and current solutions for detecting repackaged apps and by providing a large dataset that supports replications of existing solutions and implications of new research directions. We hope that these contributions will re-activate the direction of detecting repackaged apps and spark innovative approaches going beyond the current state-of-the-art.",,IEEE Transactions on Software Engineering,cs,2019,89,116,article,W2963213304,https://doi.org/10.1109/tse.2019.2901679
"Choosing Component Origins for Software Intensive Systems: In-House, COTS, OSS or Outsourcing?—A Case Survey","The choice of which software component to use influences the success of a software system. Only a few empirical studies investigate how the choice of components is conducted in industrial practice. This is important to understand to tailor research solutions to the needs of the industry. Existing studies focus on the choice for off-the-shelf (OTS) components. It is, however, also important to understand the implications of the choice of alternative component sourcing options (CSOs), such as outsourcing versus the use of OTS. Previous research has shown that the choice has major implications on the development process as well as on the ability to evolve the system. The objective of this study is to explore how decision making took place in industry to choose among CSOs. Overall, 22 industrial cases have been studied through a case survey. The results show that the solutions specifically for CSO decisions are deterministic and based on optimization approaches. The non-deterministic solutions proposed for architectural group decision making appear to suit the CSO decision making in industry better. Interestingly, the final decision was perceived negatively in nine cases and positively in seven cases, while in the remaining cases it was perceived as neither positive nor negative.",,IEEE Transactions on Software Engineering,cs,2017,54,77,article,W2593303020,https://doi.org/10.1109/tse.2017.2677909
What Industry Needs from Architectural Languages: A Survey,"Many times we are faced with the proliferation of definitions, concepts, languages, and tools in certain (research) topics. But often there is a gap between what is provided by existing technologies and what is needed by their users. The strengths, limitations, and needs of the available technologies can be dubious. The same applies to software architectures, and specifically to languages designed to represent architectural models. Tens of different architectural languages have been introduced by the research and industrial communities in the last two decades. However, it is unclear if they fulfill the user's perceived needs in architectural description. As a way to plan for next generation languages for architectural description, this study analyzes practitioners' perceived strengths, limitations, and needs associated with existing languages for software architecture modeling in industry. We run a survey by interviewing 48 practitioners from 40 different IT companies in 15 countries. Each participant is asked to fill in a questionnaire of 51 questions. By analyzing the data collected through this study, we have concluded that 1) while practitioners are generally satisfied with the design capabilities provided by the languages they use, they are dissatisfied with the architectural language analysis features and their abilities to define extra-functional properties; 2) architectural languages used in practice mostly originate from industrial development instead of from academic research; 3) more formality and better usability are required of an architectural language.",,IEEE Transactions on Software Engineering,cs,2013,297,78,article,W2015280671,https://doi.org/10.1109/tse.2012.74
How to Evaluate Solutions in Pareto-Based Search-Based Software Engineering: A Critical Review and Methodological Guidance,"With modern requirements, there is an increasing tendency of considering multiple objectives/criteria simultaneously in many Software Engineering (SE) scenarios. Such a multi-objective optimization scenario comes with an important issue — how to evaluate the outcome of optimization algorithms, which typically is a set of incomparable solutions (i.e., being Pareto nondominated to each other). This issue can be challenging for the SE community, particularly for practitioners of Search-Based SE (SBSE). On one hand, multi-objective optimization could still be relatively new to SE/SBSE researchers, who may not be able to identify the right evaluation methods for their problems. On the other hand, simply following the evaluation methods for general multi-objective optimization problems may not be appropriate for specific SBSE problems, especially when the problem nature or decision maker’s preferences are explicitly/implicitly known. This has been well echoed in the literature by various inappropriate/inadequate selection and inaccurate/misleading use of evaluation methods. In this paper, we first carry out a systematic and critical review of quality evaluation for multi-objective optimization in SBSE. We survey 717 papers published between 2009 and 2019 from 36 venues in seven repositories, and select 95 prominent studies, through which we identify five important but overlooked issues in the area. We then conduct an in-depth analysis of quality evaluation indicators/methods and general situations in SBSE, which, together with the identified issues, enables us to codify a methodological guidance for selecting and using evaluation methods in different SBSE scenarios.",,IEEE Transactions on Software Engineering,cs,2020,102,182,article,W3006974147,https://doi.org/10.1109/tse.2020.3036108
Where2Change: Change Request Localization for App Reviews,"Million of mobile apps have been released to the market. Developers need to maintain these apps so that they can continue to benefit end users. Developers usually extract useful information from user reviews to maintain and evolve mobile apps. One of the important activities that developers need to do while reading user reviews is to locate the source code related to requested changes. Unfortunately, this manual work is costly and time consuming since: (1) an app can receive thousands of reviews, and (2) a mobile app can consist of hundreds of source code files. To address this challenge, Palombaet al.recently proposedCHANGEADVISORthat utilizes user reviews to locate source code to be changed. However, we find that it cannot identify real source code to be changed for part of reviews. In this work, we aim to advance Palombaet al.'s work by proposing a novel approach that can achieve higher accuracy in change localization. Our approach first extracts the informative sentences (i.e., user feedback) from user reviews and identifies user feedback related to various problems and feature requests, and then cluster the corresponding user feedback into groups. Each group reports the similar users’ needs. Next, these groups are mapped to issue reports by using$Word2Vec$. The resultant enriched text consisting of user feedback and their corresponding issue reports is used to identify source code classes that should be changed by using our novelweight selection-based cosine similarity metric. We have evaluated the new proposed change request localization approach (Where2Change) on 31,597 user reviews and 3,272 issue reports of 10 open source mobile apps. The experiments demonstrate thatWhere2Changecan successfully locate more source code classes related to the change requests for more user feedback clusters thanCHANGEADVISORas demonstrated by higher Top-N and Recall values. The differences reach up to 17 for Top-1, 18.1 for Top-3, 17.9 for Top-5, and 50.08 percent for Recall. In addition, we also compare the performance ofWhere2Changeand two previous Information Retrieval (IR)-based fault localization technologies:BLUiRandBLIA. The results showed that our approach performs better than them. As an important part of our work, we conduct an empirical study to investigate the value of using both user reviews and historical issue reports for change request localization; the results shown that historical issue reports can help to improve the performance of change localization.",,IEEE Transactions on Software Engineering,cs,2019,33,58,article,W2994579778,https://doi.org/10.1109/tse.2019.2956941
Towards Efficient Fine-Tuning of Language Models With Organizational Data for Automated Software Review,"Large language models like BERT and GPT possess significant capabilities and potential impacts across various applications. Software engineers often use these models for code-related tasks, including generating, debugging, and summarizing code. Nevertheless, large language models still have several flaws, including model hallucination. (e.g., generating erroneous code and producing outdated and inaccurate programs) and the substantial computational resources and energy required for training and fine-tuning. To tackle these challenges, we propose CodeMentor, a framework for few-shot learning to train large language models with the data available within the organization. We employ the framework to train a language model for code review activities, such as code refinement and review generation. The framework utilizes heuristic rules and weak supervision techniques to leverage available data, such as previous review comments, issue reports, and related code updates. Then, the framework employs the constructed dataset to fine-tune LLMs for code review tasks. Additionally, the framework integrates domain expertise by employing reinforcement learning with human feedback. This allows domain experts to assess the generated code and enhance the model performance. Also, to assess the performance of the proposed model, we evaluate it with four state-of-the-art techniques in various code review tasks. The experimental results attest that CodeMentor enhances the performance in all tasks compared to the state-of-the-art approaches, with an improvement of up to 22.3%, 43.4%, and 24.3% in code quality estimation, review generation, and bug report summarization tasks, respectively.",,IEEE Transactions on Software Engineering,cs,2024,22,87,article,W4400647264,https://doi.org/10.1109/tse.2024.3428324
A Survey on Metamorphic Testing,"A test oracle determines whether a test execution reveals a fault, often by comparing the observed program output to the expected output. This is not always practical, for example when a program's input-output relation is complex and difficult to capture formally. Metamorphic testing provides an alternative, where correctness is not determined by checking an individual concrete output, but by applying a transformation to a test input and observing how the program output “morphs” into a different one as a result. Since the introduction of such metamorphic relations in 1998, many contributions on metamorphic testing have been made, and the technique has seen successful applications in a variety of domains, ranging from web services to computer graphics. This article provides a comprehensive survey on metamorphic testing: It summarises the research results and application areas, and analyses common practice in empirical studies of metamorphic testing as well as the main open challenges.",,IEEE Transactions on Software Engineering,cs,2016,568,167,article,W2324595780,https://doi.org/10.1109/tse.2016.2532875
Automatic Software Repair: A Survey,"Despite their growing complexity and increasing size, modern software applications must satisfy strict release requirements that impose short bug fixing and maintenance cycles, putting significant pressure on developers who are responsible for timely producing high-quality software. To reduce developers workload, repairing and healing techniques have been extensively investigated as solutions for efficiently repairing and maintaining software in the last few years. In particular, repairing solutions have been able to automatically produce useful fixes for several classes of bugs that might be present in software programs. A range of algorithms, techniques, and heuristics have been integrated, experimented, and studied, producing a heterogeneous and articulated research framework where automatic repair techniques are proliferating. This paper organizes the knowledge in the area by surveying a body of 108 papers about automatic software repair techniques, illustrating the algorithms and the approaches, comparing them on representative examples, and discussing the open challenges and the empirical evidence reported so far.",,IEEE Transactions on Software Engineering,cs,2017,331,175,article,W3208407575,https://doi.org/10.1109/tse.2017.2755013
A Taxonomy and Mapping of Computer-Based Critiquing Tools,"Critics have emerged in recent times as a specific tool feature to support users in computer-mediated tasks. These computer-supported critics provide proactive guidelines or suggestions for improvement to designs, code, and other digital artifacts. The concept of a critic has been adopted in various domains, including medical, programming, software engineering, design sketching, and others. Critics have been shown to be an effective mechanism for providing feedback to users. We propose a new critic taxonomy based on extensive review of the critic literature. The groups and elements of our critic taxonomy are presented and explained collectively with examples, including the mapping of 13 existing critic tools, predominantly for software engineering and programming education tasks to the taxonomy. We believe this critic taxonomy will assist others in identifying, categorizing, developing, and deploying computer-supported critics in a range of domains.",,IEEE Transactions on Software Engineering,cs,2013,16,72,article,W2051943681,https://doi.org/10.1109/tse.2013.32
The Oracle Problem in Software Testing: A Survey,"Testing involves examining the behaviour of a system in order to discover potential faults. Given an input for a system, the challenge of distinguishing the corresponding desired, correct behaviour from potentially incorrect behavior is called the “test oracle problem”. Test oracle automation is important to remove a current bottleneck that inhibits greater overall test automation. Without test oracle automation, the human has to determine whether observed behaviour is correct. The literature on test oracles has introduced techniques for oracle automation, including modelling, specifications, contract-driven development and metamorphic testing. When none of these is completely adequate, the final source of test oracle information remains the human, who may be aware of informal specifications, expectations, norms and domain specific information that provide informal oracle guidance. All forms of test oracles, even the humble human, involve challenges of reducing cost and increasing benefit. This paper provides a comprehensive survey of current approaches to the test oracle problem and an analysis of trends in this important area of software testing research and practice.",,IEEE Transactions on Software Engineering,cs,2014,1102,270,article,W2041713059,https://doi.org/10.1109/tse.2014.2372785
Process Aspects and Social Dynamics of Contemporary Code Review: Insights from Open Source Development and Industrial Practice at Microsoft,"Many open source and commercial developers practice contemporary code review, a lightweight, informal, tool-based code review process. To better understand this process and its benefits, we gathered information about code review practices via surveys of open source software developers and developers from Microsoft. The results of our analysis suggest that developers spend approximately 10-15 percent of their time in code reviews, with the amount of effort increasing with experience. Developers consider code review important, stating that in addition to finding defects, code reviews offer other benefits, including knowledge sharing, community building, and maintaining code quality. The quality of the code submitted for review helps reviewers form impressions about their teammates, which can influence future collaborations. We found a large amount of similarity between the Microsoft and OSS respondents. One interesting difference is that while OSS respondents view code review as an important method of impression formation, Microsoft respondents found knowledge dissemination to be more important. Finally, we found little difference between distributed and co-located Microsoft teams. Our findings identify the following key areas that warrant focused research: 1) exploring the non-technical benefits of code reviews, 2) helping developers in articulating review comments, and 3) assisting reviewers' program comprehension during code reviews.",,IEEE Transactions on Software Engineering,cs,2016,159,66,article,W2413171555,https://doi.org/10.1109/tse.2016.2576451
Automatic Identification and Classification of Software Development Video Tutorial Fragments,"Software development video tutorials have seen a steep increase in popularity in recent years. Their main advantage is that they thoroughly illustrate how certain technologies, programming languages, etc. are to be used. However, they come with a caveat: there is currently little support for searching and browsing their content. This makes it difficult to quickly find the useful parts in a longer video, as the only options are watching the entire video, leading to wasted time, or fast-forwarding through it, leading to missed information. We present an approach to mine video tutorials found on the web and enable developers to query their contents as opposed to just their metadata. The video tutorials are processed and split into coherent fragments, such that only relevant fragments are returned in response to a query. Moreover, fragments are automatically classified according to their purpose, such as introducing theoretical concepts, explaining code implementation steps, or dealing with errors. This allows developers to set filters in their search to target a specific type of video fragment they are interested in. In addition, the video fragments in CodeTube are complemented with information from other sources, such as Stack Overflow discussions, giving more context and useful information for understanding the concepts.",,IEEE Transactions on Software Engineering,cs,2017,52,77,article,W2774526117,https://doi.org/10.1109/tse.2017.2779479
A Taxonomy of Inter-Team Coordination Mechanisms in Large-Scale Agile,"In large-scale agile software development, many teams work together to achieve overarching project goals. The more teams, the greater the coordination requirements. Despite the growing popularity of large-scale agile, inter-team coordination is challenging to practice and research. We conducted a case study over 1.5 years in a large-scale software development firm to better understand which inter-team coordination mechanisms are used in large-scale agile and how they support inter-team coordination. Based on a thematic analysis of 31 interviews, 113 hours of observations, and supplemental material, we identified 27 inter-team coordination mechanisms. From this, we offer the following contributions. First, we propose a taxonomy of inter-team coordination with three categories: coordination meetings, such as communities of practice, inter-team stand-ups, and retrospectives; coordination roles, such as the program architects and the platform team; and coordination tools and artefacts, such as Slack and JIRA as well as inter-team task boards, product backlogs, and roadmaps. Second, the coordination mechanisms displayed combinations of four key characteristics, technical, organizational, physical, and social (TOPS), which form the basis of the TOPS framework to capture the multifaceted characteristics of coordination mechanisms.Technicalrelates to the software product and/or technical tools supporting software development.Organizationalpertains to the structural aspects of the organization.Physicalrefers to tangible or spatial characteristics.Socialcaptures interpersonal and community-based characteristics. Finally, the taxonomy and the TOPS framework provide a knowledge base and a structured approach for researchers to study as well as for software practitioners to understand and improve inter-team coordination in large-scale agile.",,IEEE Transactions on Software Engineering,cs,2022,68,87,article,W4220948412,https://doi.org/10.1109/tse.2022.3160873
Towards Security Threats of Deep Learning Systems: A Survey,"Deep learning has gained tremendous success and great popularity in the past few years. However, deep learning systems are suffering several inherent weaknesses, which can threaten the security of learning models. Deep learning’s wide use further magnifies the impact and consequences. To this end, lots of research has been conducted with the purpose of exhaustively identifying intrinsic weaknesses and subsequently proposing feasible mitigation. Yet few are clear about how these weaknesses are incurred and how effective these attack approaches are in assaulting deep learning. In order to unveil the security weaknesses and aid in the development of a robust deep learning system, we undertake an investigation on attacks towards deep learning, and analyze these attacks to conclude some findings in multiple views. In particular, we focus on four types of attacks associated with security threats of deep learning: model extraction attack, model inversion attack, poisoning attack and adversarial attack. For each type of attack, we construct its essential workflow as well as adversary capabilities and attack goals. Pivot metrics are devised for comparing the attack approaches, by which we perform quantitative and qualitative analyses. From the analysis, we have identified significant and indispensable factors in an attack vector, e.g., how to reduce queries to target models, what distance should be used for measuring perturbation. We shed light on 18 findings covering these approaches’ merits and demerits, success probability, deployment complexity and prospects. Moreover, we discuss other potential security weaknesses and possible mitigation which can inspire relevant research in this area.",,IEEE Transactions on Software Engineering,cs,2020,102,321,article,W3107089345,https://doi.org/10.1109/tse.2020.3034721
An Easy Data Augmentation Approach for Application Reviews Event Inference,"Application review event inference aims to assess the effectiveness of application problems in response to user actions, which enables application developers to promptly discover and address potential issues in various applications, thereby improving their development and maintenance efficiency. Despite the development of event inference models for app reviews, which extract them as user action and app problem events and establish a relationship model between events and inference labels, the accuracy of these models is constrained due to limitations in labeling and characterizing noise and the lack of robustness and generalization. To address this challenge, we propose a model called Easy Data Augmentation for Application Reviews Event Inference (short for EDA-AREI), which comprises a denoising component, data augmentation component, and event inference prediction component. Specifically, the denoising component identifies labels and characterizes noisy data to enhance dataset quality, the data augmentation component replaces non-stop words with synonyms to increase textual diversity, and the event inference and prediction component reconstructs the classifier using denoised and augmented data. Experimental results on six datasets of one-star app reviews in the Apple App Store demonstrate that the EDA-AREI method achieves anAccuracyof 71.19%, 79.14%, 69.05%, 69.02%, 68.24% and 68.48%, respectively, representing an improvement of 0.83%–2.09% compared to state-of-the-art models. Regarding theF1-score, EDA-AREI achieves values of 71.30%, 69.93%, and 68.76% on the threshold_0.5, k-means_2, and random datasets, respectively, outperforming state-of-the-art models by 1.89%–4.02%. Furthermore, EDA-AREI achievesAUCvalues of 75.66% and 73.37% on the threshold_0.5 and k-means_2 datasets, respectively. As a result, EDA-AREI demonstrates substantial improvements inAccuracy, as well as enhancedF1-scoreandAUCacross most datasets, thereby enhancing the model's accuracy and robustness in identifying related action-problem pairs.",,IEEE Transactions on Software Engineering,cs,2023,12,46,article,W4386902924,https://doi.org/10.1109/tse.2023.3313989
"The Art, Science, and Engineering of Fuzzing: A Survey","Among the many software testing techniques available today,fuzzinghas remained highly popular due to its conceptual simplicity, its low barrier to deployment, and its vast amount of empirical evidence in discovering real-world software vulnerabilities. At a high level, fuzzing refers to a process of repeatedly running a program with generated inputs that may be syntactically or semantically malformed. While researchers and practitioners alike have invested a large and diverse effort towards improving fuzzing in recent years, this surge of work has also made it difficult to gain a comprehensive and coherent view of fuzzing. To help preserve and bring coherence to the vast literature of fuzzing, this paper presents a unified, general-purpose model of fuzzing together with a taxonomy of the current fuzzing literature. We methodically explore the design decisions at every stage of our model fuzzer by surveying the related literature and innovations in the art, science, and engineering that make modern-day fuzzers effective.",,IEEE Transactions on Software Engineering,cs,2019,72,222,article,W2928702109,https://doi.org/10.1109/tse.2019.2946563
A Survey on the Use of Computer Vision to Improve Software Engineering Tasks,"Software engineering (SE) research has traditionally revolved around engineering the source code. However, novel approaches that analyze software through computer vision have been increasingly adopted in SE. These approaches allow analyzing the software from a different complementary perspective other than the source code, and they are used to either complement existing source code-based methods, or to overcome their limitations. The goal of this manuscript is to survey the use of computer vision techniques in SE with the aim of assessing their potential in advancing the field of SE research. We examined an extensive body of literature from top-tier SE venues, as well as venues from closely related fields (machine learning, computer vision, and human-computer interaction). Our inclusion criteria targeted papers applying computer vision techniques that address problems related to any area of SE. We collected an initial pool of 2,716 papers, from which we obtained 66 final relevant papers covering a variety of SE areas. We analyzed what computer vision techniques have been adopted or designed, for what reasons, how they are used, what benefits they provide, and how they are evaluated. Our findings highlight that visual approaches have been adopted in a wide variety of SE tasks, predominantly for effectively tackling software analysis and testing challenges in the web and mobile domains. The results also show a rapid growth trend of the use of computer vision techniques in SE research.",,IEEE Transactions on Software Engineering,cs,2020,24,121,article,W3093605317,https://doi.org/10.1109/tse.2020.3032986
Data Mining Techniques for Software Effort Estimation: A Comparative Study,"A predictive model is required to be accurate and comprehensible in order to inspire confidence in a business setting. Both aspects have been assessed in a software effort estimation setting by previous studies. However, no univocal conclusion as to which technique is the most suited has been reached. This study addresses this issue by reporting on the results of a large scale benchmarking study. Different types of techniques are under consideration, including techniques inducing tree/rule-based models like M5 and CART, linear models such as various types of linear regression, nonlinear models (MARS, multilayered perceptron neural networks, radial basis function networks, and least squares support vector machines), and estimation techniques that do not explicitly induce a model (e.g., a case-based reasoning approach). Furthermore, the aspect of feature subset selection by using a generic backward input selection wrapper is investigated. The results are subjected to rigorous statistical testing and indicate that ordinary least squares regression in combination with a logarithmic transformation performs best. Another key finding is that by selecting a subset of highly predictive attributes such as project size, development, and environment related attributes, typically a significant increase in estimation accuracy can be obtained.",,IEEE Transactions on Software Engineering,cs,2011,225,124,article,W2070567333,https://doi.org/10.1109/tse.2011.55
A Survey of Operating System Kernel Fuzzing,"The Operating System (OS) kernel is foundational in modern computing, especially with the proliferation of diverse computing devices. However, its development comes with vulnerabilities that can lead to severe security breaches. Kernel fuzzing, a technique used to uncover these vulnerabilities, poses distinct challenges when compared to user-space fuzzing. These include the complexity of configuring the testing environment and addressing the statefulness inherent to both the kernel and the fuzzing process. Despite the significant interest from the community, a comprehensive understanding of kernel fuzzing remains lacking, hindering further progress in the field. In this paper, we present the first systematic study focused specifically on OS kernel fuzzing. We begin by outlining the unique challenges of kernel fuzzing, which distinguish it from those in user space. Following this, we summarize the progress of 107 academic studies from top-tier venues between 2017 and 2025. To structure this analysis, we introduce a stage-based fuzzing model and a novel fuzzing taxonomy that highlights nine core functionalities unique to kernel fuzzing. Each of these functionalities is examined in conjunction with the methodological approaches employed to address them. Finally, we identify remaining gaps in addressing challenges and outline promising directions to guide forthcoming research in kernel security.",,ACM Transactions on Software Engineering and Methodology,cs,2025,1,86,article,W7114905205,https://doi.org/10.1145/3783992
Large Language Models for Constructing and Optimizing Machine Learning Workflows: A Survey,"Machine Learning (ML) workflows—spanning data preprocessing and feature engineering, model selection and hyperparameter optimization, and workflow evaluation—are increasingly embedded in complex software systems. Building these workflows manually demands substantial ML expertise, domain knowledge, and engineering effort. Automated ML (AutoML) frameworks address parts of this challenge but often suffer from constrained search spaces, limited adaptability, and low interpretability. Recent advances in Large Language Models (LLMs) have opened new opportunities to automate and enhance ML workflows by leveraging their capabilities in language understanding, reasoning, interaction, and code generation, posing new practical and theoretical challenges for Software Engineering (SE). This survey provides the first SE-oriented, stage-wise review of LLM-based ML workflow automation. We introduce a taxonomy covering all three workflow stages, systematically compare and analyze state-of-the-art methods, and synthesize both stage-specific and cross-stage trends. Our analysis yields SE-oriented implications, including the need for robust verification, quality management, context-aware deployment, and risk mitigation, alongside ensuring key quality attributes such as usability, modularity, traceability, and performance. The findings also call for adapting development models, rethinking lifecycle boundaries, and formalizing uncertainty handling to address the probabilistic and collaborative nature of LLM-assisted workflow generation. We further identify major open challenges and outline future research directions to guide the reliable and effective adoption of LLMs in ML workflow development. Our artifacts are publicly available at https://github.com/t-harden/LLM4AutoML .",,ACM Transactions on Software Engineering and Methodology,cs,2025,11,60,article,W4415589124,https://doi.org/10.1145/3773084
Accountability in Code Review: The Role of Intrinsic Drivers and the Impact of LLMs,"Accountability is an innate part of social systems. It maintains stability and ensures positive pressure on individuals’ decision-making. As actors in a social system, software developers are accountable to their team and organization for their decisions. However, the drivers of accountability and how it changes behavior in software development are less understood. In this study, we look at how the social aspects of code review affect software engineers’ sense of accountability for code quality. Since Software Engineering (SE) is increasingly involving Large Language Models (LLM) assistance, we also evaluate the impact on accountability when introducing LLM-assisted code reviews. We carried out a two-phased sequential qualitative study ( \(\textbf{interviews}\rightarrow\textbf{focus groups}\) ). In Phase I (16 interviews), we sought to investigate the intrinsic drivers of software engineers influencing their sense of accountability for code quality, relying on self-reported claims. In Phase II, we tested these traits in a more natural setting by simulating traditional peer-led reviews with focus groups and then LLM-assisted review sessions. We found that there are four key intrinsic drivers of accountability for code quality: personal standards , professional integrity , pride in code quality , and maintaining one’s reputation . In a traditional peer-led review, we observed a transition from individual to collective accountability when code reviews are initiated. We also found that the introduction of LLM-assisted reviews disrupts this accountability process, challenging the reciprocity of accountability taking place in peer-led evaluations, i.e., one cannot be accountable to an LLM. Our findings imply that the introduction of AI into SE must preserve social integrity and collective accountability mechanisms.",,ACM Transactions on Software Engineering and Methodology,cs,2025,10,73,article,W4408028155,https://doi.org/10.1145/3721127
Requirements-Based Test Generation: A Comprehensive Survey,"As an important way of assuring software quality, software testing generates and executes test cases to identify software failures. Many strategies have been proposed to guide test-case generation, such as source code-based approaches and methods based on bug reports. Requirements-based test generation (RBTG) constructs test cases based on specified requirements, aligning with user needs and expectations, without requiring access to the source code. Since its introduction in 1994, there have been many contributions to the development of RBTG, including various approaches, implementations, tools, assessment and evaluation methods, and applications. This article provides a comprehensive survey on RBTG, categorizing requirements types, classifying approaches, investigating types of test cases, summarizing available tools, and analyzing experimental evaluations. This article also summarizes the domains and industrial applications of RBTG and discusses some open research challenges and potential future work.",,ACM Transactions on Software Engineering and Methodology,cs,2025,4,150,article,W4415106599,https://doi.org/10.1145/3771727
Leveraging Reviewer Experience in Code Review Comment Generation,"Modern code review is a ubiquitous software quality assurance process aimed at identifying and resolving potential issues (e.g., functional, evolvability) within newly written code. Despite its effectiveness, the process demands large amounts of effort from the human reviewers involved. To help alleviate this workload, researchers have trained various deep learning-based language models to imitate human reviewers in providing natural language code reviews for submitted code. Formally, this automation task is known as code review comment generation. Prior work has demonstrated improvements in code review comment generation by leveraging machine learning techniques and neural models, such as transfer learning and the transformer architecture. However, the quality of the model-generated reviews remains sub-optimal due to the quality of the open-source code review data used in model training. This is in part due to the data obtained from open-source projects where code reviews are conducted in a public forum, and reviewers possess varying levels of software development experience, potentially affecting the quality of their feedback. To accommodate this variation, we propose a suite of experience-aware training methods that utilise the reviewers’ past authoring and reviewing experiences as signals for review quality. Specifically, we propose experience-aware loss functions (ELF), which use the reviewers’ authoring and reviewing ownership of a project as weights in the model’s loss function. Through this method, experienced reviewers’ code reviews yield larger influence over the model’s behaviour. Compared to the SOTA model, ELF was able to generate higher quality reviews in terms of accuracy (e.g., +29% applicable comments), informativeness (e.g., +56% suggestions), and issue types discussed (e.g., +129% functional issues identified). The key contribution of this work is the demonstration of how traditional software engineering concepts such as reviewer experience can be integrated into the design of AI-based automated code review models.",,ACM Transactions on Software Engineering and Methodology,cs,2025,4,100,article,W4413333491,https://doi.org/10.1145/3762183
A Survey of Source Code Search: A 3-Dimensional Perspective,"(Source) code search is widely concerned by software engineering researchers because it can improve the productivity and quality of software development. Given a functionality requirement usually described in a natural language sentence, a code search system can retrieve code snippets that satisfy the requirement from a large-scale code corpus, e.g., GitHub. To realize effective and efficient code search, many techniques have been proposed successively. These techniques improve code search performance mainly by optimizing three core components, including query understanding component, code understanding component, and query-code matching component. In this article, we provide a 3-dimensional perspective survey for code search. Specifically, we categorize existing code search studies into query-end optimization techniques, code-end optimization techniques, and match-end optimization techniques according to the specific components they optimize. These optimization techniques are proposed to enhance the performance of specific components, and thus the overall performance of code search. Considering that each end can be optimized independently and contributes to the code search performance, we treat each end as a dimension. Therefore, this survey is 3-dimensional in nature, and it provides a comprehensive summary of each dimension in detail. To understand the research trends of the three dimensions in existing code search studies, we systematically review 68 relevant literatures. Different from existing code search surveys that only focus on the query end or code end or introduce various aspects shallowly (including codebase, evaluation metrics, modeling technique, etc.), our survey provides a more nuanced analysis and review of the evolution and development of the underlying techniques used in the three ends. Based on a systematic review and summary of existing work, we outline several open challenges and opportunities at the three ends that remain to be addressed in future work.",,ACM Transactions on Software Engineering and Methodology,cs,2024,14,130,article,W4394010871,https://doi.org/10.1145/3656341
LLM-Cure: LLM-Based Competitor User Review Analysis for Feature Enhancement,"The exponential growth of the mobile app market underscores the importance of constant innovation and rapid response to user demands. As user satisfaction is paramount to the success of a mobile application (app), developers typically rely on user reviews, which represent user feedback that includes ratings and comments to identify areas for improvement. However, the sheer volume of user reviews poses challenges in manual analysis, necessitating automated approaches. Existing automated approaches either analyze only the target app’s reviews, neglecting the comparison of similar features to competitors or fail to provide suggestions for feature enhancement. To address these gaps, we propose a Large Language Model (LLM)-based Competitive User Review Analysis for Feature Enhancement) ( LLM-Cure ), an approach powered by LLMs to automatically generate suggestions for mobile app feature improvements. More specifically, LLM-Cure identifies and categorizes features within reviews by applying LLMs. When provided with a complaint in a user review, LLM-Cure curates highly rated (4 and 5 stars) reviews in competing apps related to the complaint and proposes potential improvements tailored to the target application. We evaluate LLM-Cure on 1,056,739 reviews of 70 popular Android apps. Our evaluation demonstrates that LLM-Cure significantly outperforms the state-of-the-art approaches in assigning features to reviews by up to 13% in F1-score, 16% in recall, and 11% in precision. Additionally, LLM-Cure demonstrates its capability to provide suggestions for resolving user complaints. We verify the suggestions using the release notes that reflect the changes of features in the target mobile app. LLM-Cure achieves a promising average of 73% of the implementation of the provided suggestions, demonstrating its potential for competitive feature enhancement.",,ACM Transactions on Software Engineering and Methodology,cs,2025,8,35,article,W4411236083,https://doi.org/10.1145/3744644
A Survey of Flaky Tests,"Tests that fail inconsistently, without changes to the code under test, are described as flaky . Flaky tests do not give a clear indication of the presence of software bugs and thus limit the reliability of the test suites that contain them. A recent survey of software developers found that 59% claimed to deal with flaky tests on a monthly, weekly, or daily basis. As well as being detrimental to developers, flaky tests have also been shown to limit the applicability of useful techniques in software testing research. In general, one can think of flaky tests as being a threat to the validity of any methodology that assumes the outcome of a test only depends on the source code it covers. In this article, we systematically survey the body of literature relevant to flaky test research, amounting to 76 papers. We split our analysis into four parts: addressing the causes of flaky tests, their costs and consequences, detection strategies, and approaches for their mitigation and repair. Our findings and their implications have consequences for how the software-testing community deals with test flakiness, pertinent to practitioners and of interest to those wanting to familiarize themselves with the research area.",,ACM Transactions on Software Engineering and Methodology,cs,2021,138,104,article,W3210114756,https://doi.org/10.1145/3476105
Fine-Tuning Large Language Models to Improve Accuracy and Comprehensibility of Automated Code Review,"As code review is a tedious and costly software quality practice, researchers have proposed several machine learning-based methods to automate the process. The primary focus has been on accuracy, that is, how accurately the algorithms are able to detect issues in the code under review. However, human intervention still remains inevitable since results produced by automated code review are not 100% correct. To assist human reviewers in making their final decisions on automatically generated review comments, the comprehensibility of the comments underpinned by accurate localization and relevant explanations for the detected issues with repair suggestions is paramount. However, this has largely been neglected in the existing research. Large language models (LLMs) have the potential to generate code review comments that are more readable and comprehensible by humans, thanks to their remarkable processing and reasoning capabilities. However, even mainstream LLMs perform poorly in detecting the presence of code issues because they have not been specifically trained for this binary classification task required in code review. In this article, we contribute Comprehensibility of Automated Code Review using Large Language Models ( Carllm ), a novel fine-tuned LLM that has the ability to improve not only the accuracy but, more importantly, the comprehensibility of automated code review, as compared to state-of-the-art pre-trained models and general LLMs.",,ACM Transactions on Software Engineering and Methodology,cs,2024,28,32,article,W4402533615,https://doi.org/10.1145/3695993
Exploring Empathy in Software Engineering: Insights from a Gray Literature Analysis of Practitioners’ Perspectives—RCR Report,"This is the Replicated Computational Results (RCR) Report for our TOSEM article “Exploring Empathy in Software Engineering: Insights from a Gray Literature Analysis of Practitioners’ Perspectives” where we present qualitative content analysis conducted on 55 web articles from DEV and Medium, two communities widely used by practitioners, and a follow-up survey with empathy experts. In this article, we introduced a conceptual framework of empathy in software engineering. As part of this RCR, we provide an empirical package with detailed guidelines to set up and replicate our study, as well as to interpret the results. We hope it can motivate and support future research on empathy and human aspects in software engineering by offering a reusable and transparent example of qualitative analysis involving gray literature and expert feedback. All related data and materials are openly available in the experimental package.",,ACM Transactions on Software Engineering and Methodology,cs,2025,1,2,article,W4415209571,https://doi.org/10.1145/3771771
Women’s Participation in Open Source Software: A Survey of the Literature,"Women are underrepresented in Open Source Software (OSS) projects, as a result of which, not only do women lose career and skill development opportunities, but the projects themselves suffer from a lack of diversity of perspectives. Practitioners and researchers need to understand more about the phenomenon; however, studies about women in open source are spread across multiple fields, including information systems, software engineering, and social science. This article systematically maps, aggregates, and synthesizes the state-of-the-art on women’s participation in OSS. It focuses on women contributors’ representation and demographics, how they contribute, their motivations and challenges, and strategies employed by communities to attract and retain women. We identified 51 articles (published between 2000 and 2021) that investigated women’s participation in OSS. We found evidence in these papers about who are the women who contribute, what motivates them to contribute, what types of contributions they make, challenges they face, and strategies proposed to support their participation. According to these studies, only about 5% of projects were reported to have women as core developers, and women authored less than 5% of pull-requests, but had similar or even higher rates of pull-request acceptances than men. Women make both code and non-code contributions, and their motivations to contribute include learning new skills, altruism, reciprocity, and kinship. Challenges that women face in OSS are mainly social, including lack of peer parity and non-inclusive communication from a toxic culture. We found 10 strategies reported in the literature, which we mapped to the reported challenges. Based on these results, we provide guidelines for future research and practice.",,ACM Transactions on Software Engineering and Methodology,cs,2022,100,148,article,W3162948197,https://doi.org/10.1145/3510460
Survey of Code Search Based on Deep Learning,"Code writing is repetitive and predictable, inspiring us to develop various code intelligence techniques. This survey focuses on code search, that is, to retrieve code that matches a given natural language query by effectively capturing the semantic similarity between the query and code. Deep learning, being able to extract complex semantics information, has achieved great success in this field. Recently, various deep learning methods, such as graph neural networks and pretraining models, have been applied to code search with significant progress. Deep learning is now the leading paradigm for code search. In this survey, we provide a comprehensive overview of deep learning-based code search. We review the existing deep learning-based code search framework that maps query/code to vectors and measures their similarity. Furthermore, we propose a new taxonomy to illustrate the state-of-the-art deep learning-based code search in a three-step process: query semantics modeling, code semantics modeling, and matching modeling, which involves the deep learning model training. Finally, we suggest potential avenues for future research in this promising field.",,ACM Transactions on Software Engineering and Methodology,cs,2023,22,102,article,W4387769581,https://doi.org/10.1145/3628161
LLM for Mobile: An Initial Roadmap,"When mobile meets LLMs, mobile app users deserve to have more intelligent usage experiences. For this to happen, we argue that there is a strong need to apply LLMs for the mobile ecosystem. We therefore provide a research roadmap for guiding our fellow researchers to achieve that as a whole. In this roadmap, we sum up six directions that we believe are urgently required for research to enable native intelligence in mobile devices. In each direction, we further summarize the current research progress and the gaps that still need to be filled by our fellow researchers.",,ACM Transactions on Software Engineering and Methodology,cs,2024,14,139,article,W4405640587,https://doi.org/10.1145/3708528
"Hot Fixing Software: A Comprehensive Review of Terminology, Techniques, and Applications","A hot fix is an unplanned improvement to a specific time-critical issue deployed to a software system in production. While hot fixing is an essential and common activity in software maintenance, it has never been surveyed as a research activity. Thus, such a review is long overdue. In this paper, we conduct a comprehensive literature review of work on hot fixing. We highlight the fields where this topic has been addressed, inconsistencies we identified in the terminology, gaps in the literature, and directions for future work. Our search concluded with 140 articles on the topic between the years 1986 and 2024. The articles found encompass many different research areas such as log analysis, runtime patching (also known as hot patching), and automated repair, as well as various application domains such as security, mobile, and video games. We find that many directions can take hot fix research forward such as unifying existing terminology, establishing a benchmark set of hot fixes, researching costs and frequency of hot fixes, and researching the possibility of end-to-end automation of detection, mitigation, and deployment. We discuss these avenues in detail to inspire the community to systematize hot fixing as a software engineering activity.",,ACM Transactions on Software Engineering and Methodology,cs,2025,0,19,article,W7117010068,https://doi.org/10.1145/3786330
A Survey of Learning-based Automated Program Repair,"Automated program repair (APR) aims to fix software bugs automatically and plays a crucial role in software development and maintenance. With the recent advances in deep learning (DL), an increasing number of APR techniques have been proposed to leverage neural networks to learn bug-fixing patterns from massive open-source code repositories. Such learning-based techniques usually treat APR as a neural machine translation (NMT) task, where buggy code snippets (i.e., source language) are translated into fixed code snippets (i.e., target language) automatically. Benefiting from the powerful capability of DL to learn hidden relationships from previous bug-fixing datasets, learning-based APR techniques have achieved remarkable performance. In this article, we provide a systematic survey to summarize the current state-of-the-art research in the learning-based APR community. We illustrate the general workflow of learning-based APR techniques and detail the crucial components, including fault localization, patch generation, patch ranking, patch validation, and patch correctness phases. We then discuss the widely adopted datasets and evaluation metrics and outline existing empirical studies. We discuss several critical aspects of learning-based APR techniques, such as repair domains, industrial deployment, and the open science issue. We highlight several practical guidelines on applying DL techniques for future APR studies, such as exploring explainable patch generation and utilizing code features. Overall, our article can help researchers gain a comprehensive understanding about the achievements of the existing learning-based APR techniques and promote the practical application of these techniques. Our artifacts are publicly available at the repository: https://github.com/iSEngLab/AwesomeLearningAPR .",,ACM Transactions on Software Engineering and Methodology,cs,2023,125,245,article,W4388422146,https://doi.org/10.1145/3631974
What We Know about AIBOMs: Results from a Multivocal Literature Review on Artificial Intelligence Bill of Materials,"The increasing adoption of Artificial Intelligence (AI) in software systems has raised concerns regarding transparency, accountability, and security in the AI supply chain. To address these challenges, Artificial Intelligence Bills of Materials (AIBOMs) have emerged as structured artifacts documenting AI components, datasets, tools, and methodologies used in AI-enabled systems. This paper presents the results of a Multivocal Literature Review (MLR) on AIBOMs. An MLR systematically maps existing evidence while synthesizing key findings from formal literature (FL) and gray literature (GL) to understand emerging themes in evolving fields. Our MLR synthesizes insights from FL and GL to understand benefits, regulatory implications, structural elements, applications, and challenges behind the use of AIBOMs. Our work aims to inform practitioners and researchers about the state of AIBOMs and their role in fostering responsible AI use and deployment. The results of our MLR suggest that AIBOMs improve quality, traceability, management, and compliance in AI-enabled systems by documenting models, datasets, and their relationships. However, several challenges remain to be addressed, including immature generation and consumption tools, data source availability, poor interoperability with existing infrastructures, and limited stakeholder awareness.",,ACM Transactions on Software Engineering and Methodology,cs,2025,1,34,article,W7117480204,https://doi.org/10.1145/3786773
Test Optimization in DNN Testing: A Survey,"This article presents a comprehensive survey on test optimization in deep neural network (DNN) testing. Here, test optimization refers to testing with low data labeling effort. We analyzed 90 papers, including 43 from the software engineering (SE) community, 32 from the machine learning (ML) community, and 15 from other communities. Our study: (i) unifies the problems as well as terminologies associated with low-labeling cost testing, (ii) compares the distinct focal points of SE and ML communities, and (iii) reveals the pitfalls in existing literature. Furthermore, we highlight the research opportunities in this domain.",,ACM Transactions on Software Engineering and Methodology,cs,2024,29,104,article,W4391277903,https://doi.org/10.1145/3643678
MULTICR: Predicting Merged and Abandoned Code Changes in Modern Code Review Using Multi-Objective Search,"Modern Code Review (MCR) is an essential process in software development to ensure high-quality code. However, developers often spend considerable time reviewing code changes before being merged into the main code base. Previous studies attempted to predict whether a code change was going to be merged or abandoned soon after it was submitted to improve the code review process. However, these approaches require complex cost-sensitive learning, which makes their adoption challenging since it is difficult for developers to understand the main factors behind the models’ predictions. To address this issue, we introduce in this article, MULTICR , a multi-objective search-based approach that uses Multi-Objective Genetic Programming (MOGP) to learn early code review prediction models as IF-THEN rules. MULTICR evolves predictive models while maximizing the accuracy of both merged and abandoned classes, eliminating the need for misclassification cost estimation. To evaluate MULTICR, we conducted an empirical study on 146,612 code reviews from Eclipse, LibreOffice, and Gerrithub. The obtained results show that MULTICR outperforms existing baselines in terms of Matthew Correlation Coefficient (MCC) and F1 scores while learning less complex models compared to decision trees. Our experiments also showed how MULTICR allows identifying the main factors related to abandoned code reviews as well as their associated thresholds, making it a promising approach for early code review prediction with notable performance and inter-operability. Additionally, we qualitatively evaluate MULTICR by conducting a user study through semi-structured interviews involving 10 practitioners from different organizations. The obtained results indicate that 90% of the participants find that MULTICR is useful and can help them to improve the code review process. Additionally, the learned IF-THEN rules of MULTICR are transparent.",,ACM Transactions on Software Engineering and Methodology,cs,2024,4,110,article,W4401123839,https://doi.org/10.1145/3680472
Explaining Explanations: An Empirical Study of Explanations in Code Reviews,"Code reviews are central for software quality assurance. Ideally, reviewers should explain their feedback to enable authors of code changes to understand the feedback and act accordingly. Different developers might need different explanations in different contexts. Therefore, assisting this process first requires understanding the types of explanations reviewers usually provide. The goal of this article is to study the types of explanations used in code reviews and explore the potential of Large Language Models (LLMs), specifically ChatGPT, in generating these specific types. We extracted 793 code review comments from Gerrit and manually labeled them based on whether they contained a suggestion, an explanation, or both. Our analysis shows that 42% of comments only include suggestions without explanations. We categorized the explanations into seven distinct types including rule or principle, similar examples, and future implications. When measuring their prevalence, we observed that some explanations are used differently by novice and experienced reviewers. Our manual evaluation shows that, when the explanation type is specified, ChatGPT can correctly generate the explanation in 88 out of 90 cases. This foundational work highlights the potential for future automation in code reviews, which can assist developers in sharing and obtaining different types of explanations as needed, thereby reducing back-and-forth communication.",,ACM Transactions on Software Engineering and Methodology,cs,2024,3,59,article,W4405543754,https://doi.org/10.1145/3708518
A Comparative Study of Android Performance Issues in Real-World Applications and Literature,"Performance issues in Android applications significantly undermine users’ experience, engagement, and retention, which is a long-lasting research topic in academia. Unlike functionality issues, performance issues are more difficult to diagnose and resolve due to their complex root causes, which often emerge only under specific conditions or payloads. Although many efforts have attempted to mitigate the impact of performance issues by developing methods to automatically identify and resolve them, it remains unclear if this objective has been fulfilled, and the existing approaches indeed targeted on the most critical performance issues encountered in real-world settings. To this end, we conduct a large-scale comparative study of Android performance issues in real-world applications and literature. Specifically, we started by investigating real-world performance issues, their underlying root causes (i.e., contributing factors), and common code patterns. We then took an additional step to empirically summarize existing approaches and datasets through a literature review, assessing how well academic research reflects the real-world challenges faced by developers and users. Our comparison results show a substantial divergence exists in the primary performance concerns of researchers, developers, and users. Among all the identified factors, 57.14% have not been examined in academic research, while a substantial 63.41% remain unaddressed by existing tools, and 70.73% lack corresponding datasets. This stark contrast underscores a substantial gap in our understanding and management of performance issues. Consequently, it is crucial for our community to intensify efforts to bridge these gaps and achieve comprehensive detection and resolution of performance issues.",,ACM Transactions on Software Engineering and Methodology,cs,2025,0,67,article,W4415261640,https://doi.org/10.1145/3771932
Can GitHub Issues Help in App Review Classifications?,"App reviews reflect various user requirements that can aid in planning maintenance tasks. Recently, proposed approaches for automatically classifying user reviews rely on machine learning algorithms. A previous study demonstrated that models trained on existing labeled datasets exhibit poor performance when predicting new ones. Therefore, a comprehensive labeled dataset is essential to train a more precise model. In this paper, we propose a novel approach that assists in augmenting labeled datasets by utilizing information extracted from an additional source, GitHub issues, that contains valuable information about user requirements. First, we identify issues concerning review intentions (bug reports, feature requests, and others) by examining the issue labels. Then, we analyze issue bodies and define 19 language patterns for extracting targeted information. Finally, we augment the manually labeled review dataset with a subset of processed issues through the Within-App , Within-Context , and Between-App Analysis methods. We conducted several experiments to evaluate the proposed approach. Our results demonstrate that using labeled issues for data augmentation can improve the F1-score to 6.3 in bug reports and 7.2 in feature requests. Furthermore, we identify an effective range of 0.3 to 0.7 for the auxiliary volume, which provides better performance improvements.",,ACM Transactions on Software Engineering and Methodology,cs,2024,10,33,article,W4400777898,https://doi.org/10.1145/3678170
"Efficient and Green Large Language Models for Software Engineering: Literature Review, Vision, and the Road Ahead","Large Language Models (LLMs) have recently shown remarkable capabilities in various software engineering tasks, spurring the rapid growth of the Large Language Models for Software Engineering (LLM4SE) area. However, limited attention has been paid to developing efficient LLM4SE techniques that demand minimal computational cost, time, and memory resources, as well as green LLM4SE solutions that reduce energy consumption, water usage, and carbon emissions. This article aims to redirect the focus of the research community toward the efficiency and greenness of LLM4SE, while also sharing potential research directions to achieve this goal. It commences with a brief overview of the significance of LLM4SE and highlights the need for efficient and green LLM4SE solutions. Subsequently, the article presents a vision for a future where efficient and green LLM4SE revolutionizes the LLM-based software engineering tool landscape, benefiting various stakeholders, including industry, individual practitioners, and society. The article then delineates a roadmap for future research, outlining specific research paths and potential solutions for the research community to pursue. While not intended to be a definitive guide, the article aims to inspire further progress, with the ultimate goal of establishing efficient and green LLM4SE as a central element in the future of software engineering.",,ACM Transactions on Software Engineering and Methodology,cs,2024,39,99,article,W4405640497,https://doi.org/10.1145/3708525
A Survey of Learning-based Method Name Prediction,"The choice of method names significantly influences code comprehension and maintenance, posing a considerable challenge, especially for novice developers. Automating the prediction of appropriate method names based on the method code body has emerged as a promising approach to address this challenge. In recent years, numerous machine/deep learning (ML/DL)-based method name prediction (MNP) techniques have been proposed. However, a systematic review of these techniques is currently lacking, hindering future researchers from understanding the research status, development trends, challenges, and opportunities in this field. To fill this gap, in this paper, we conduct a systematic literature review on learning-based MNP studies. Specifically, we first perform a thorough review of the literature concerning publication venue, publication year, and contribution types. This analysis enables us to discern trends in studies related to MNP. Second, we depict the general workflow of learning-based MNP techniques, which involves three consecutive subprocesses: context extraction, context preprocessing, and context-based prediction. Subsequently, we investigate contemporary techniques/solutions applied in the three subprocesses. Third, we scrutinize the widely used experimental databases, evaluation metrics, and replication packages utilized in MNP studies. Moreover, we summarize existing empirical studies on MNP to facilitate a quick understanding of their focus and findings for subsequent researchers. Finally, based on a systematic review and summary of existing work, we outline several open challenges and opportunities in MNP that remain to be addressed in future work.",,ACM Transactions on Software Engineering and Methodology,cs,2025,0,52,article,W4415435602,https://doi.org/10.1145/3771999
Testing RESTful APIs: A Survey,"In industry, RESTful APIs are widely used to build modern Cloud Applications. Testing them is challenging, because not only do they rely on network communications, but also they deal with external services like databases. Therefore, there has been a large amount of research sprout in recent years on how to automatically verify this kind of web services. In this article, we present a comprehensive review of the current state-of-the-art in testing RESTful APIs based on the analysis of 92 scientific articles. These articles were gathered by utilizing search queries formulated around the concept of RESTful API testing on seven popular databases. We eliminated irrelevant articles based on our predefined criteria and conducted a snowballing phase to minimize the possibility of missing any relevant paper. This survey categorizes and summarizes the existing scientific work on testing RESTful APIs and discusses the current challenges in the verification of RESTful APIs. This survey clearly shows an increasing interest among researchers in this field, from 2017 onward. However, there are still a lot of open research challenges to overcome.",,ACM Transactions on Software Engineering and Methodology,cs,2023,98,105,article,W4386027284,https://doi.org/10.1145/3617175
Engineering Digital Systems for Humanity: A Research Roadmap,"As testified by new regulations like the European AI Act, worries about the human and societal impact of (autonomous) software technologies are becoming of public concern. Human, societal, and environmental values, alongside traditional software quality, are increasingly recognized as essential for sustainability and long-term well-being. Traditionally, systems are engineered taking into account business goals and technology drivers. Considering the growing awareness in the community, in this article, we argue that engineering of systems should also consider human, societal, and environmental drivers. Then, we identify the macro and technological challenges by focusing on humans and their role while co-existing with digital systems. The first challenge considers humans in a proactive role when interacting with digital systems, i.e., taking initiative in making things happen instead of reacting to events. The second concerns humans having a reactive role in interacting with digital systems, i.e., humans interacting with digital systems as a reaction to events. The third challenge focuses on humans with a passive role, i.e., they experience, enjoy or even suffer the decisions and/or actions of digital systems. The fourth challenge concerns the duality of trust and trustworthiness, with humans playing any role. Building on the new human, societal, and environmental drivers and the macro and technological challenges, we identify a research roadmap of digital systems for humanity. The research roadmap is concretized in a number of research directions organized into four groups: development process, requirements engineering, software architecture and design, and verification and validation.",,ACM Transactions on Software Engineering and Methodology,cs,2025,21,105,article,W4406324613,https://doi.org/10.1145/3712006
"LLM-Based Multi-Agent Systems for Software Engineering: Literature Review, Vision, and the Road Ahead","Integrating Large Language Models (LLMs) into autonomous agents marks a significant shift in the research landscape by offering cognitive abilities that are competitive with human planning and reasoning. This article explores the transformative potential of integrating Large Language Models into Multi-Agent (LMA) systems for addressing complex challenges in software engineering (SE). By leveraging the collaborative and specialized abilities of multiple agents, LMA systems enable autonomous problem-solving, improve robustness, and provide scalable solutions for managing the complexity of real-world software projects. In this article, we conduct a systematic review of recent primary studies to map the current landscape of LMA applications across various stages of the software development lifecycle (SDLC). To illustrate current capabilities and limitations, we perform two case studies to demonstrate the effectiveness of state-of-the-art LMA frameworks. Additionally, we identify critical research gaps and propose a comprehensive research agenda focused on enhancing individual agent capabilities and optimizing agent synergy. Our work outlines a forward-looking vision for developing fully autonomous, scalable, and trustworthy LMA systems, laying the foundation for the evolution of Software Engineering 2.0.",,ACM Transactions on Software Engineering and Methodology,cs,2025,198,84,article,W4406325768,https://doi.org/10.1145/3712003
Exploring Empathy in Software Engineering: Insights from a Grey Literature Analysis of Practitioners’ Perspectives,"Context . Empathy, a key social skill, is essential for communication and collaboration in SE but remains an under-researched topic. Aims . This study investigates empathy in SE from practitioners’ perspectives, aiming to characterize its meaning, identify barriers, discuss practices to overcome them, and explore its effects. Method . A qualitative content analysis was conducted on 55 web articles from DEV and Medium, two communities widely used by practitioners. To strengthen our findings, we conducted a follow-up survey with empathy experts. Results . The study proposes a definition of empathy in SE, identifies barriers such as toxic culture and excessive technical focus, practices to foster empathy in teams, and outcomes, including improved collaboration, communication, and reduced anxiety, frustration, and stress. These findings are synthesized into a conceptual framework. Conclusion . Survey results indicate the framework is clear, valuable, and raises empathy awareness, with suggestions for improvements and integration into training. This study paves the way for improving team dynamics by addressing barriers and offering strategies to cultivate empathy. Future work will explore empathy’s broader implications in SE practice.",,ACM Transactions on Software Engineering and Methodology,cs,2025,3,44,article,W4412477610,https://doi.org/10.1145/3748721
Large Language Model for Vulnerability Detection and Repair: Literature Review and the Road Ahead,"The significant advancements in Large Language Models (LLMs) have resulted in their widespread adoption across various tasks within Software Engineering (SE), including vulnerability detection and repair. Numerous studies have investigated the application of LLMs to enhance vulnerability detection and repair tasks. Despite the increasing research interest, there is currently no existing survey that focuses on the utilization of LLMs for vulnerability detection and repair. In this paper, we aim to bridge this gap by offering a systematic literature review of approaches aimed at improving vulnerability detection and repair through the utilization of LLMs. The review encompasses research work from leading SE, AI, and Security conferences and journals, encompassing 43 papers published across 25 distinct venues, along with 15 high-quality preprint papers, bringing the total to 58 papers. By answering three key research questions, we aim to (1) summarize the LLMs employed in the relevant literature, (2) categorize various LLM adaptation techniques in vulnerability detection, and (3) classify various LLM adaptation techniques in vulnerability repair. Based on our findings, we have identified a series of limitations of existing studies. Additionally, we have outlined a roadmap highlighting potential opportunities that we believe are pertinent and crucial for future research endeavors.",,ACM Transactions on Software Engineering and Methodology,cs,2024,120,75,article,W4405543707,https://doi.org/10.1145/3708522
Pitfalls in Language Models for Code Intelligence: A Taxonomy and Survey,"Modern Language Models (LMs) have been successfully employed in source code generation and understanding, leading to a significant increase in research focused on learning-based code intelligence, such as automated bug repair and test case generation. Despite their great potential, LMs for code intelligence (LM4Code) are susceptible to potential pitfalls , which hinder realistic performance and further impact their reliability and applicability in real-world deployment . Such challenges drive the need for a comprehensive understanding—not just identifying these issues but delving into their possible implications and existing solutions to build more reliable LMs tailored to code intelligence. Based on a well-defined systematic research approach, we conducted an extensive literature review to uncover the pitfalls inherent in LM4Code. Finally, 121 primary studies from top-tier venues have been identified. After carefully examining these studies, we designed a taxonomy of pitfalls in LM4Code research and conducted a systematic study to summarize the issues, current solutions, implications, and challenges of different pitfalls for LM4Code systems. We developed a comprehensive classification scheme that dissects pitfalls across four crucial aspects: data collection and labeling, system design and learning, performance evaluation, and deployment and maintenance. Through this study, we aim to provide a roadmap for researchers and practitioners, facilitating their understanding and utilization of LM4Code in reliable and trustworthy ways.",,ACM Transactions on Software Engineering and Methodology,cs,2025,4,126,article,W4412420766,https://doi.org/10.1145/3748647
How Are We Detecting Inconsistent Method Names? An Empirical Study from Code Review Perspective,"Proper naming of methods can make program code easier to understand, and thus enhance software maintainability. Yet, developers may use inconsistent names due to poor communication or a lack of familiarity with conventions within the software development lifecycle. To address this issue, much research effort has been invested into building automatic tools that can check for method name inconsistency and recommend consistent names. However, existing datasets generally do not provide precise details about why a method name was deemed improper and required to be changed. Such information can give useful hints on how to improve the recommendation of adequate method names. Accordingly, we construct a sample method-naming benchmark, ReName4J, by matching name changes with code reviews. We then present an empirical study on how state-of-the-art techniques perform in detecting or recommending consistent and inconsistent method names based on ReName4J. The main purpose of the study is to reveal a different perspective based on reviewed names rather than proposing a complete benchmark. We find that the existing techniques underperform on our review-driven benchmark, both in inconsistent checking and the recommendation. We further identify potential biases in the evaluation of existing techniques, which future research should consider thoroughly.",,ACM Transactions on Software Engineering and Methodology,cs,2025,4,42,article,W4406308383,https://doi.org/10.1145/3711901
Automating App Review Response Generation Based on Contextual Knowledge,"User experience of mobile apps is an essential ingredient that can influence the user base and app revenue. To ensure good user experience and assist app development, several prior studies resort to analysis of app reviews, a type of repository that directly reflects user opinions about the apps. Accurately responding to the app reviews is one of the ways to relieve user concerns and thus improve user experience. However, the response quality of the existing method relies on the pre-extracted features from other tools, including manually labelled keywords and predicted review sentiment, which may hinder the generalizability and flexibility of the method. In this article, we propose a novel neural network approach, named CoRe, with the contextual knowledge naturally incorporated and without involving external tools. Specifically, CoRe integrates two types of contextual knowledge in the training corpus, including official app descriptions from app store and responses of the retrieved semantically similar reviews, for enhancing the relevance and accuracy of the generated review responses. Experiments on practical review data show that CoRe can outperform the state-of-the-art method by 12.36% in terms of BLEU-4, an accuracy metric that is widely used to evaluate text generation systems.",,ACM Transactions on Software Engineering and Methodology,cs,2021,17,48,article,W3209079307,https://doi.org/10.1145/3464969
A Survey on Large Language Models for Code Generation,"Large Language Models (LLMs) have garnered remarkable advancements across diverse code-related tasks, known as Code LLMs, particularly in code generation that generates source code with LLM from natural language descriptions. This burgeoning field has captured significant interest from both academic researchers and industry professionals due to its practical significance in software development, e.g., GitHub Copilot . Despite the active exploration of LLMs for a variety of code tasks, either from the perspective of Natural Language Processing (NLP) or Software Engineering (SE) or both, there is a noticeable absence of a comprehensive and up-to-date literature review dedicated to LLM for code generation. In this survey, we aim to bridge this gap by providing a systematic literature review that serves as a valuable reference for researchers investigating the cutting-edge progress in LLMs for code generation. We introduce a taxonomy to categorize and discuss the recent developments in LLMs for code generation, covering aspects such as data curation, latest advances, performance evaluation, ethical implications, environmental impact, and real-world applications. In addition, we present a historical overview of the evolution of LLMs for code generation and provide a quantitative and qualitative comparative analysis of experimental results of code LLMs, sourced from their original papers to ensure a fair comparison on the HumanEval, MBPP, and BigCodeBench benchmarks, across various levels of difficulty and types of programming tasks, to highlight the progressive enhancements in LLM capabilities for code generation. We identify critical challenges and promising opportunities regarding the gap between academia and practical development. Furthermore, we have established a dedicated resource GitHub page ( https://github.com/juyongjiang/CodeLLMSurvey ) to continuously document and disseminate the most recent advances in the field.",,ACM Transactions on Software Engineering and Methodology,cs,2025,141,89,article,W7125135101,https://doi.org/10.1145/3747588
Modern Code Reviews—Survey of Literature and Practice,"Background: Modern Code Review (MCR) is a lightweight alternative to traditional code inspections. While secondary studies on MCR exist, it is u a nknown whether the research community has targeted themes that practitioners consider important. Objectives: The objectives are to provide an overview of MCR research, analyze the practitioners’ opinions on the importance of MCR research, investigate the alignment between research and practice, and propose future MCR research avenues. Method: We conducted a systematic mapping study to survey state of the art until and including 2021, employed the Q-Methodology to analyze the practitioners’ perception of the relevance of MCR research, and analyzed the primary studies’ research impact. Results: We analyzed 244 primary studies, resulting in five themes. As a result of the 1,300 survey data points, we found that the respondents are positive about research investigating the impact of MCR on product quality and MCR process properties. In contrast, they are negative about human factor– and support systems–related research. Conclusion: These results indicate a misalignment between the state of the art and the themes deemed important by most survey respondents. Researchers should focus on solutions that can improve the state of MCR practice. We provide an MCR research agenda that can potentially increase the impact of MCR research.",,ACM Transactions on Software Engineering and Methodology,cs,2023,37,273,article,W4321785158,https://doi.org/10.1145/3585004
Failure Diagnosis in Microservice Systems: A Comprehensive Survey and Analysis,"Widely adopted for their scalability and flexibility, modern microservice systems present unique failure diagnosis challenges due to their independent deployment and dynamic interactions. This complexity can lead to cascading failures that negatively impact operational efficiency and user experience. Recognizing the critical role of fault diagnosis in improving the stability and reliability of microservice systems, researchers have conducted extensive studies and achieved a number of significant results. This survey provides an exhaustive review of 98 scientific papers from 2003 to the present, including a thorough examination and elucidation of the fundamental concepts, system architecture, and problem statement. It also includes a qualitative analysis of the dimensions, providing an in-depth discussion of current best practices and future directions, aiming to further its development and application. In addition, this survey compiles publicly available datasets, toolkits, and evaluation metrics to facilitate the selection and validation of techniques for practitioners.",,ACM Transactions on Software Engineering and Methodology,cs,2025,46,88,article,W4406738151,https://doi.org/10.1145/3715005
Software Security Analysis in 2030 and Beyond: A Research Roadmap,"As our lives, our businesses, and indeed our world economy become increasingly reliant on the secure operation of many interconnected software systems, the software engineering research community is faced with unprecedented research challenges, but also with exciting new opportunities. In this roadmap article, we outline our vision of software security analysis for the systems of the future. Given the recent advances in generative AI, we need new methods to assess and maximize the security of code co-written by machines. As our systems become increasingly heterogeneous, we need practical approaches that work even if some functions are automatically generated, e.g., by deep neural networks. As software systems depend evermore on the software supply chain, we need tools that scale to an entire ecosystem. What kind of vulnerabilities exist in future systems and how do we detect them? When all the shallow bugs are found, how do we discover vulnerabilities hidden deeply in the system? Assuming we cannot find all security flaws, how can we nevertheless protect our system? To answer these questions, we start our roadmap with a survey of recent advances in software security, then discuss open challenges and opportunities, and conclude with a long-term perspective for the field.",,ACM Transactions on Software Engineering and Methodology,cs,2024,10,145,article,W4405569873,https://doi.org/10.1145/3708533
YourCoLo : Leveraging One-to-Many Relationships and Inter-Code Connections for User Review-Based Code Localization,"In an era where mobile devices are ubiquitous, digital distribution platforms such as the Google Play Store have become integral to our daily lives, hosting millions of applications and serving billions of users. Users can leave reviews to provide developers with valuable feedback, including requests for new features and reports of issues. These user reviews play a crucial role in software development, testing, and maintenance by informing developers about user needs and potential problems, which motivates us to revisit a key problem: given user reviews, how can we automatically identify the relevant code snippets from software codebases to assist developers in addressing the reviews? Existing practices to address this problem typically involve calculating the similarity between user reviews and code snippets. However, we identify three key limitations. First, although existing methods show promising results on individual projects, their high performance cannot be generalized across projects. Second, the state-of-the-art approach models the problem as a one-to-one relationship between a user review and code snippets, ignoring the one-to-many relationship that often exists. Third, the state-of-the-art approach focuses solely on the direct relationship between reviews and code snippets, overlooking the interconnections among code snippets themselves, which contain valuable information that can aid in accurately identifying relevant code. To address these limitations and advance the state of the art, we propose YourCoLo , a novel approach that fully leverages contextual information, one-to-many relationships, and inter-code connections. Specifically, YourCoLo is powered by three novel designs: (1) a prompt-enhanced mechanism to incorporate rich project-level context into code localization, (2) a new loss function designed to handle the one-to-many relationships between user reviews and multiple relevant code snippets, and (3) a ranking strategy that considers interconnections among related code snippets. Our experimental evaluation shows that YourCoLo substantially outperforms state-of-the-art models, surpassing CodeBERT, CodeLlama, and GraphCodeBERT by 18.3, 9.3, and 7.7 percentage points at the method level and by 18.4, 7.7, and 7.0 percentage points at the file level (in terms of mean reciprocal rank). In addition, YourCoLo also achieves improvements of 8.8 percentage points and 6.8 percentage points in mean average precision (MAP) at the method and file levels, respectively, compared to the state-of-the-art method. These results underscore YourCoLo ’s effectiveness and its potential to guide developers more accurately toward the code snippets most pertinent to user feedback.",,ACM Transactions on Software Engineering and Methodology,cs,2025,0,56,article,W4414410403,https://doi.org/10.1145/3769010
Research on WebAssembly Runtimes: A Survey,"WebAssembly (abbreviated as Wasm) was initially introduced for the Web and quickly extended its reach into various domains beyond the Web. To create Wasm applications, developers can compile high-level programming languages into Wasm binaries or manually write the textual format of Wasm and translate it into Wasm binaries by the toolchain. Regardless of whether it is utilized within or outside the Web, the execution of Wasm binaries is supported by the Wasm runtime. Such a runtime provides a secure, memory-efficient, and sandboxed execution environment to execute Wasm binaries. This article provides a comprehensive survey of research on Wasm runtimes with 103 collected research papers related to Wasm runtimes following the traditional systematic literature review process. It characterizes existing studies from two different angles, including the internal research of Wasm runtimes (Wasm runtime design, testing, and analysis) and the external research (applying Wasm runtimes to various domains). This article also proposes future research directions about Wasm runtimes.",,ACM Transactions on Software Engineering and Methodology,cs,2025,21,68,article,W4406738193,https://doi.org/10.1145/3714465
Fairness Testing: A Comprehensive Survey and Analysis of Trends,"Unfair behaviors of Machine Learning (ML) software have garnered increasing attention and concern among software engineers. To tackle this issue, extensive research has been dedicated to conducting fairness testing of ML software, and this article offers a comprehensive survey of existing studies in this field. We collect 100 papers and organize them based on the testing workflow (i.e., how to test) and testing components (i.e., what to test). Furthermore, we analyze the research focus, trends, and promising directions in the realm of fairness testing. We also identify widely adopted datasets and open-source tools for fairness testing.",,ACM Transactions on Software Engineering and Methodology,cs,2024,69,225,article,W4392645489,https://doi.org/10.1145/3652155
A taxonomy for requirements engineering and software test alignment,"Requirements Engineering and Software Testing are mature areas and have seen a lot of research. Nevertheless, their interactions have been sparsely explored beyond the concept of traceability. To fill this gap, we propose a definition of requirements engineering and software test (REST) alignment, a taxonomy that characterizes the methods linking the respective areas, and a process to assess alignment. The taxonomy can support researchers to identify new opportunities for investigation, as well as practitioners to compare alignment methods and evaluate alignment, or lack thereof. We constructed the REST taxonomy by analyzing alignment methods published in literature, iteratively validating the emerging dimensions. The resulting concept of an information dyad characterizes the exchange of information required for any alignment to take place. We demonstrate use of the taxonomy by applying it on five in-depth cases and illustrate angles of analysis on a set of thirteen alignment methods. In addition, we developed an assessment framework (REST-bench), applied it in an industrial assessment, and showed that it, with a low effort, can identify opportunities to improve REST alignment. Although we expect that the taxonomy can be further refined, we believe that the information dyad is a valid and useful construct to understand alignment.",,ACM Transactions on Software Engineering and Methodology,cs,2014,71,116,article,W2088927456,https://doi.org/10.1145/2523088
Knowledge-Guided Prompt Learning for Request Quality Assurance in Public Code Review,"Public Code Review (PCR) is developed in the Software Question Answering (SQA) community, assisting developers in exploring high-quality and efficient review services. Current methods on PCR mainly focus on the reviewer’s perspective, including finding a capable reviewer, predicting comment quality, and recommending/generating review comments. However, it is not well studied that how to satisfy the review necessity requests posted by developers which can increase their visibility, which in turn acts as a prerequisite for better review responses. To this end, we propose Knowledge-guided Prompt learning for Public Code Review (KP-PCR) to achieve developer-based code review request quality assurance (i.e., predicting request necessity and recommending tags subtask). Specifically, we reformulate the two subtasks via (1) text prompt tuning which converts both of them into a Masked Language Model (MLM) by constructing prompt templates using hard prompt; and (2) knowledge and code prefix tuning which introduces knowledge guidance from fine-tuned large language models by soft prompt and uses program dependence graph to characterize code snippets. Finally, both of the request necessity prediction and tag recommendation subtasks output predicted results through an answer engineering module. In addition, we further analysis the time complexity of our KP-PCR that has lightweight prefix based on the operation of introducing knowledge guidance. Experimental results on the PCR dataset for the period 2011–2023 demonstrate that our KP-PCR outperforms baselines by 2.3–8.4% in the request necessity prediction and by 1.4–6.9% in the tag recommendation. The code implementation is released at https://github.com/WUT-IDEA/KP-PCR .",,ACM Transactions on Software Engineering and Methodology,cs,2025,0,40,article,W4416996087,https://doi.org/10.1145/3779056
Privacy in Chatbot Conversation-Driven Development: A Comprehensive Review and Requirements Proposal,"Ensuring data privacy is a major challenge for software developers, especially in chatbots, where balancing privacy protection with response quality is key, given the need for conversation-driven development and data protection regulations. This research identifies privacy requirements and techniques for chatbot development through a literature review, privacy policy analysis, and a practitioner survey. The methodology includes a Systematic Literature Review (SLR), an adapted Gray Literature Review (GLR), privacy requirement formulation, and validation via a survey. Based on the SLR and GLR, eight privacy requirements are proposed, covering personal information protection, user authentication, access control, secure communication, database safety, user rights empowerment, decentralized storage, and reliable infrastructure. Survey results highlight foundational measures like secure communication and scalable infrastructures as priorities, while advanced measures such as decentralized storage or privacy rights implementation scored lower due to complexity and cost. Practitioners also stressed clarity and verifiability, citing gaps in definitions, examples, and validation criteria as challenges to adoption.",,ACM Transactions on Software Engineering and Methodology,cs,2025,5,66,article,W4409584068,https://doi.org/10.1145/3730578
Metamorphic Relation Generation: State of the Art and Research Directions,"Metamorphic testing has become one mainstream technique to address the notorious oracle problem in software testing, thanks to its great successes in revealing real-life bugs in a wide variety of software systems. Metamorphic relations, the core component of metamorphic testing, have continuously attracted research interests from both academia and industry. In the last decade, a rapidly increasing number of studies have been conducted to systematically generate metamorphic relations from various sources and for different application domains. In this article, based on the systematic review on the state of the art for metamorphic relations’ generation, we summarize and highlight visions for further advancing the theory and techniques for identifying and constructing metamorphic relations and discuss promising research directions in related areas.",,ACM Transactions on Software Engineering and Methodology,cs,2024,15,88,article,W4405543795,https://doi.org/10.1145/3708521
A Survey on LLM-based Code Generation for Low-Resource and Domain-Specific Programming Languages,"Large Language Models (LLMs) have shown remarkable capabilities in code generation for popular programming languages. However, their performance in Low-Resource Programming Languages (LRPLs) and Domain-Specific Languages (DSLs) remains a critical challenge. This gap affects millions of developers - with Rust alone having 3.5 million users - who are currently unable to fully leverage LLM capabilities. LRPLs and DSLs face unique challenges, including severe data scarcity and, for DSLs, highly specialized syntax and semantics that are poorly represented in general-purpose datasets. Addressing these challenges is crucial as LRPLs and DSLs significantly enhance development efficiency in specialized domains and applications, including financial and scientific works. While several surveys on LLMs for software engineering and code exist, none comprehensively address the challenges and opportunities specific to LRPLs and DSLs. Our survey fills this gap by providing a systematic review of the current state, methodologies, and challenges in leveraging LLMs for code generation in LRPL and DSL. We filtered 111 papers from over 27,000 published studies from 2020 – 2024 to understand the capabilities and limitations of LLMs in these specialized domains. We also expanded our literature search to include 5 recent papers from 2024 – 2025. We report LLMs used, benchmarks, and metrics to evaluate code generation in LRPLs and DSLs, as well as strategies used to enhance LLM performance, and the collected datasets and curation methods in this context. We identified four main evaluation techniques used in the literature, along with several metrics to assess code generation in LRPL and DSL. We categorized the methods used for LLM improvement into six main groups and summarized the novel methods and architectures proposed by the researchers. We also classified different approaches used for data collection and preparation. While different techniques, metrics, and datasets are used, there is a lack of a standard approach and a benchmark dataset to evaluate code generation in several LRPLs and DSLs. We discuss several distinctions of the studied approaches with the ones used in high-resource programming languages (HRPLs), as well as several challenges unique to these languages, especially DSLs. The challenges stem from the scarcity of data, the unique requirements, and specialized domains, which often need expertise guidelines or domain-specific tools. Accordingly, we provide insights into different research opportunities for the studied aspects. This survey serves as a comprehensive resource for researchers and practitioners working at the intersection of LLMs, software engineering, and specialized programming languages, providing a foundation for future advancements in LRPL and DSL code generation. A GitHub repository was created to organize the papers of this survey at https://github.com/jie-jw-wu/Survey-CodeLLM4LowResource-DSL .",,ACM Transactions on Software Engineering and Methodology,cs,2025,57,89,article,W4414913062,https://doi.org/10.1145/3770084
A Taxonomy of System-Level Attacks on Deep Learning Models in Autonomous Vehicles,"The advent of deep learning and its astonishing performance has enabled its usage in complex systems, including autonomous vehicles. On the other hand, deep learning models are susceptible to mis-predictions when small, adversarial changes are introduced into their input. Such mis-predictions can be triggered in the real world and can result in a failure of the entire system. In recent years, a growing number of research works have investigated ways to mount attacks against autonomous vehicles that exploit deep learning components. Such attacks are directed toward elements of the environment where these systems operate and their effectiveness is assessed in terms of system-level failures triggered by them. There has been however no systematic attempt to analyze and categorize such attacks. In this article, we present the first taxonomy of system-level attacks against autonomous vehicles. We constructed our taxonomy by selecting 21 highly relevant papers, then we tagged them with 12 top-level taxonomy categories and several subcategories. The taxonomy allowed us to investigate the attack features, the most attacked components and systems, the underlying threat models, and the failure chains from input perturbation to system-level failure. We distilled several lessons for practitioners and identified possible directions for future work for researchers.",,ACM Transactions on Software Engineering and Methodology,cs,2025,2,36,article,W4414410420,https://doi.org/10.1145/3769009
"Model-Driven Engineering, Artificial Intelligence, and DevOps for Software and Systems Engineering: A Systematic Mapping Study of Synergies and Challenges","This article presents a systematic mapping study classifying existing scientific contributions on synergies of Model-Driven Engineering (MDE), AI/Machine Learning (ML), and DevOps, with the overall objective of supporting the continuous development of Cyber-Physical Systems (CPSs). We collected papers from bibliographic sources and selected primary studies to analyze. Then, we characterized and classified the current state of the art, focusing on (1) main aspects already tackled at the intersection of at least two of the three studied areas, and (2) findings emerging from the analysis as a framework for potential future research, notably regarding the integration of the three studied areas. The results reveal that few approaches combine MDE, AI/ML, and DevOps for software and systems engineering. In contrast, several approaches have combined two of them, specifically MDE and DevOps. Approaches combining AI/ML with MDE or DevOps are also becoming more frequent and will most likely continue to progress in the future. These synergies cover a range of engineering activities, from requirements and design to monitoring, maintenance, and evolution. Open research challenges include advancing AI/ML, MDE, and DevOps integration, supporting scalable, data-oriented solutions, proposing new continuous engineering methods, and adapting DevOps practices to diverse systems.",,ACM Transactions on Software Engineering and Methodology,cs,2025,5,172,article,W4413243756,https://doi.org/10.1145/3759454
Patch Correctness Assessment: A Survey,"Most automated program repair methods rely on test cases to determine the correctness of the generated patches. However, due to the incompleteness of available test suites, some patches that pass all the test cases may still be incorrect. This issue is known as the patch overfitting problem. Overfitting problem is a longstanding problem in automated program repair. Due to overfitting patches, the patches obtained by automated program repair tools require further validation to determine their correctness. Researchers have proposed many methods to automatically assess the correctness of patches, but no systematic review provides a detailed introduction to this problem, the existing solutions, and the challenges. To address this deficiency, we systematically review the existing approaches to patch correctness assessment. We first offer a few examples of overfitting patches to acquire a more detailed understanding of this problem. We then propose a comprehensive categorization of publicly available techniques and datasets, examine the commonly used evaluation metrics, and perform an in-depth analysis of the effectiveness of the existing models in addressing the challenge of overfitting. Based on our analysis, we provided the difficulties encountered by current methodologies, alongside the possible avenues for future research exploration.",,ACM Transactions on Software Engineering and Methodology,cs,2024,11,145,article,W4404183048,https://doi.org/10.1145/3702972
"A Systematic Mapping Study Exploring Quantification Approaches to Code, Design, and Architecture Technical Debt","To effectively manage Technical Debt (TD), we need reliable means to quantify it. We conducted a Systematic Mapping Study (SMS) where we identified 39 quantification approaches for Code, Design, and Architecture TD. We analyzed concepts and metrics discussed in these quantification approaches by classifying the quantification approaches based on a set of abstract TD Quantification (TDQ) concepts and their high-level themes, process/time, cost, benefit, probability, and priority, which we developed during our SMS. This helped identify gaps in the literature and to propose future research directions. Among the abstract TDQ concepts discussed in the different quantification approaches, TD item, TD remediation cost, TD interest, and Benefit of remediating TD were the most frequently discussed concepts. They were also supported by some form of measurement. However, some TDQ concepts were poorly examined, for example, the benefit of taking TD. It was evident that cost concepts were more frequently quantified among the approaches, while benefit concepts were not. Most of the approaches focused on remediating TD in retrospect rather than quantifying TD to strategically use it during software development. This raises the question of whether existing approaches reliably quantify TD and suggests the need to further explore TDQ.",,ACM Transactions on Software Engineering and Methodology,cs,2024,11,59,article,W4400223329,https://doi.org/10.1145/3675393
Software Engineering for AI-Based Systems: A Survey,"AI-based systems are software systems with functionalities enabled by at least one AI component (e.g., for image-, speech-recognition, and autonomous driving). AI-based systems are becoming pervasive in society due to advances in AI. However, there is limited synthesized knowledge on Software Engineering (SE) approaches for building, operating, and maintaining AI-based systems. To collect and analyze state-of-the-art knowledge about SE for AI-based systems, we conducted a systematic mapping study. We considered 248 studies published between January 2010 and March 2020. SE for AI-based systems is an emerging research area, where more than 2/3 of the studies have been published since 2018. The most studied properties of AI-based systems are dependability and safety. We identified multiple SE approaches for AI-based systems, which we classified according to the SWEBOK areas. Studies related to software testing and software quality are very prevalent, while areas like software maintenance seem neglected. Data-related issues are the most recurrent challenges. Our results are valuable for: researchers, to quickly understand the state-of-the-art and learn which topics need more research; practitioners, to learn about the approaches and challenges that SE entails for AI-based systems; and, educators, to bridge the gap among SE and AI in their curricula.",,ACM Transactions on Software Engineering and Methodology,cs,2022,59,256,article,W3159933051,https://doi.org/10.1145/3487043
LLM App Store Analysis: A Vision and Roadmap,"The rapid growth and popularity of large language model (LLM) app stores have created new opportunities and challenges for researchers, developers, users, and app store managers. As the LLM app ecosystem continues to evolve, it is crucial to understand the current landscape and identify potential areas for future research and development. This article presents a forward-looking analysis of LLM app stores, focusing on key aspects such as data mining, security risk identification, development assistance, and market dynamics. Our comprehensive examination extends to the intricate relationships between various stakeholders and the technological advancements driving the ecosystem’s growth. We explore the ethical considerations and potential societal impacts of widespread LLM app adoption, highlighting the need for responsible innovation and governance frameworks. By examining these aspects, we aim to provide a vision for future research directions and highlight the importance of collaboration among stakeholders to address the challenges and opportunities within the LLM app ecosystem. The insights and recommendations provided in this article serve as a foundation for driving innovation, ensuring responsible development, and creating a thriving, user-centric LLM app landscape.",,ACM Transactions on Software Engineering and Methodology,cs,2024,22,82,article,W4405396166,https://doi.org/10.1145/3708530
A Roadmap for Integrating Sustainability into Software Engineering Education,"The world faces escalating crises: record-breaking temperatures, widespread fires, severe flooding, increased oceanic microplastics, and unequal resource distribution. Academia introduces courses around sustainability to meet the new demand, but software engineering education lags behind. While software systems contribute to environmental issues through high energy consumption, they also hold the potential for solutions, such as more efficient and equitable resource management. Yet, sustainability remains a low priority for many businesses, including those in the digital sector. Business as usual is no longer viable. A transformational change in software engineering education is urgently needed. We must move beyond traditional curriculum models and fully integrate sustainability into every aspect of software development. By embedding sustainability as a core competency, we can equip future engineers not only to minimise harm but also to innovate solutions that drive positive, sustainable change. Only with such a shift can software engineering education meet the demands of a world in crisis and prepare students to lead the next generation of sustainable technology. This article discusses a set of challenges and proposes a customisable education roadmap for integrating sustainability into the software engineering curricula. These challenges reflect our perspective on key considerations, stemming from regular, intensive discussions in regular workshops among the authors and the community, as well as our extensive research and teaching experience in the field.",,ACM Transactions on Software Engineering and Methodology,cs,2024,22,78,article,W4405543550,https://doi.org/10.1145/3708526
A Review of Learning-based Smart Contract Vulnerability Detection: A Perspective on Code Representation,"With the rapid development of blockchain technology, smart contract applications have become increasingly widespread. However, vulnerabilities in contracts may be exploited by attackers, causing serious financial losses. In recent years, learning-based approaches have gained prominence for their accuracy and efficiency by automatically extracting explicit syntactic or semantic features from a large number of smart contracts with minimal manual intervention. In this article, we conduct a comprehensive analysis and ultimately select 61 scientific publications to provide researchers, especially beginners, with a comprehensive understanding of the learning-based detection process and guidance on selecting appropriate code representations. We first introduce common types of vulnerabilities, detail uncovered vulnerabilities, and summarize datasets used in learning-based methods. Then, we elaborate on the general process of learning-based detection and classify existing publications based on code representations, including sequence, tree, graph, and mixed features. Finally, we summarize the progress of existing work and explore future research directions in this field.",,ACM Transactions on Software Engineering and Methodology,cs,2025,6,110,article,W4412602639,https://doi.org/10.1145/3750042
"A Taxonomy of Information Attributes for Test Case Prioritisation: Applicability, Machine Learning","Most software companies have extensive test suites and re-run parts of them continuously to ensure that recent changes have no adverse effects. Since test suites are costly to execute, industry needs methods for test case prioritisation (TCP). Recently, TCP methods use machine learning (ML) to exploit the information known about the system under test and its test cases. However, the value added by ML-based TCP methods should be critically assessed with respect to the cost of collecting the information. This article analyses two decades of TCP research and presents a taxonomy of 91 information attributes that have been used. The attributes are classified with respect to their information sources and the characteristics of their extraction process. Based on this taxonomy, TCP methods validated with industrial data and those applying ML are analysed in terms of information availability, attribute combination and definition of data features suitable for ML. Relying on a high number of information attributes, assuming easy access to system under test code and simplified testing environments are identified as factors that might hamper industrial applicability of ML-based TCP. The TePIA taxonomy provides a reference framework to unify terminology and evaluate alternatives considering the cost-benefit of the information attributes.",,ACM Transactions on Software Engineering and Methodology,cs,2022,12,136,article,W4224245566,https://doi.org/10.1145/3511805
Visualization Task Taxonomy to Understand the Fuzzing Internals,"Greybox fuzzing is used extensively in research and practice. There are umpteen publications that improve greybox fuzzing. However, to what extent do these improvements affect the internal components or internals of a given fuzzer is not yet understood as the improvements are mostly evaluated using code coverage and bug finding capability. Such an evaluation is insufficient to understand the effect of improvements on the fuzzer internals. Some of the literature visualizes the outcomes of fuzzing to enhance the understanding. However, they only focus on high-level information, and no previous research on visualization has been dedicated to understanding fuzzing internals. To close this gap, we propose the first step toward development of a fuzzing-specific visualization framework: a taxonomy of visualization analysis tasks that fuzzing experts desire to help them understand the fuzzing internals. Our approach involves conducting interviews with fuzzing experts and using qualitative data analysis to systematically extract the task taxonomy from the interview data. We also evaluate the support of existing fuzzing visualization tools through the lens of our taxonomy. In our study, we have conducted 33 interviews with fuzzing practitioners and extracted a taxonomy of 120 visualization analysis tasks. Our evaluation shows that the existing fuzzing visualization tools only provide aids to support 10 of them.",,ACM Transactions on Software Engineering and Methodology,cs,2025,1,43,article,W4410772098,https://doi.org/10.1145/3718346
Automated Identification of Toxic Code Reviews Using ToxiCR,"Toxic conversations during software development interactions may have serious repercussions on a Free and Open Source Software (FOSS) development project. For example, victims of toxic conversations may become afraid to express themselves, therefore get demotivated, and may eventually leave the project. Automated filtering of toxic conversations may help a FOSS community maintain healthy interactions among its members. However, off-the-shelf toxicity detectors perform poorly on a software engineering dataset, such as one curated from code review comments. To counter this challenge, we presentToxiCR, a supervised learning based toxicity identification tool for code review interactions. ToxiCR includes a choice to select one of the 10 supervised learning algorithms, an option to select text vectorization techniques, eight preprocessing steps, and a large-scale labeled dataset of 19,651 code review comments. Two out of those eight preprocessing steps are software engineering domain specific. With our rigorous evaluation of the models with various combinations of preprocessing steps and vectorization techniques, we have identified the best combination for our dataset that boosts 95.8% accuracy and an 88.9% F1-score in identifying toxic texts. ToxiCR significantly outperforms existing toxicity detectors on our dataset. We have released our dataset, pre-trained models, evaluation results, and source code publicly, which is available at https://github.com/WSU-SEAL/ToxiCR .",,ACM Transactions on Software Engineering and Methodology,cs,2023,43,79,article,W4319737124,https://doi.org/10.1145/3583562
A Survey on Automated Driving System Testing: Landscapes and Trends,"Automated Driving Systems ( ADS ) have made great achievements in recent years thanks to the efforts from both academia and industry. A typical ADS is composed of multiple modules, including sensing, perception, planning, and control, which brings together the latest advances in different domains. Despite these achievements, safety assurance of ADS is of great significance, since unsafe behavior of ADS can bring catastrophic consequences. Testing has been recognized as an important system validation approach that aims to expose unsafe system behavior; however, in the context of ADS, it is extremely challenging to devise effective testing techniques, due to the high complexity and multidisciplinarity of the systems. There has been great much literature that focuses on the testing of ADS, and a number of surveys have also emerged to summarize the technical advances. Most of the surveys focus on the system-level testing performed within software simulators, and they thereby ignore the distinct features of different modules. In this article, we provide a comprehensive survey on the existing ADS testing literature, which takes into account both module-level and system-level testing. Specifically, we make the following contributions: (1) We survey the module-level testing techniques for ADS and highlight the technical differences affected by the features of different modules; (2) we also survey the system-level testing techniques, with focuses on the empirical studies that summarize the issues occurring in system development or deployment, the problems due to the collaborations between different modules, and the gap between ADS testing in simulators and the real world; and (3) we identify the challenges and opportunities in ADS testing, which pave the path to the future research in this field.",,ACM Transactions on Software Engineering and Methodology,cs,2023,146,309,article,W4319964781,https://doi.org/10.1145/3579642
A Comparative Study on Method Comment and Inline Comment,"Code comments are one of the important documents to help developers review and comprehend source code. In recent studies, researchers have proposed many deep learning models to generate the method header comments (i.e., method comment), which have achieved encouraging results. The comments in the method, which is called inline comment, are also important for program comprehension. Unfortunately, they have not received enough attention in automatic generation when comparing with the method comments. In this paper, we compare and analyze the similarities and differences between the method comments and the inline comments. By applying the existing models of generating method comments to the inline comment generation, we find that these existing models perform worse on the task of inline comment generation. We then further explore the possible reasons and obtain a number of new observations. For example, we find that there are a lot of templates (i.e., comments with the same or similar structures) in the method comment dataset, which makes the models perform better. Some terms were thought to be important (e.g., API calls) in the comment generation by previous study does not significantly affect the quality of the generated comments, which seems counter-intuitive. Our findings may give some implications for building the approaches of method comment or inline comment generation in the future.",,ACM Transactions on Software Engineering and Methodology,cs,2023,24,54,article,W4320490961,https://doi.org/10.1145/3582570
A Roadmap for Software Testing in Open-Collaborative and AI-Powered Era,"Internet technology has given rise to an open-collaborative software development paradigm, necessitating the open-collaborative schema to software testing. It enables diverse and globally distributed contributions, but also presents significant challenges to efficient testing processes, coordination among personnel, and management of testing artifacts. At the same time, advancements in AI have enhanced testing capabilities and enabling automation, while also introducing new testing needs and unique challenges for AI-based systems. In this context, this article explores software testing in the open-collaborative and AI-powered era, focusing on the interrelated dimensions of process, personnel, and technology. Among them, process involves managing testing workflows and artifacts to improve efficiency, personnel emphasizes the role of individuals in ensuring testing quality through collaboration and contributions, while technology refers to AI methods that enhance testing capabilities and address challenges in AI-based systems. Furthermore, we delve into the challenges and opportunities arising from emerging technologies such as Large Language Models (LLMs) and the AI model-centric development paradigm.",,ACM Transactions on Software Engineering and Methodology,cs,2024,8,62,article,W4405758136,https://doi.org/10.1145/3709355
A Roadmap for Simulation-Based Testing of Autonomous Cyber-Physical Systems: Challenges and Future Direction,"As the era of autonomous cyber-physical systems (ACPSs), such as unmanned aerial vehicles and self-driving cars, unfolds, the demand for robust testing methodologies is key to realizing the adoption of such systems in real-world scenarios. However, traditional software testing paradigms face unprecedented challenges in ensuring the safety and reliability of these systems. In response, this article pioneers a strategic roadmap for simulation-based system-level testing of ACPSs, specifically focusing on autonomous systems. Our article discusses the relevant challenges and obstacles of ACPSs, focusing on test automation and quality assurance, hence advocating for tailored solutions to address the unique demands of autonomous systems. While providing concrete definitions of test cases within simulation environments, we also accentuate the need to create new benchmark assets and the development of automated tools tailored explicitly for autonomous systems in the software engineering community. This article not only highlights the relevant, pressing issues the software engineering community should focus on (in terms of practices, expected automation, and paradigms), but it also outlines ways to tackle them. By outlining the various domains and challenges of simulation-based testing/development for ACPSs, we provide directions for future research efforts.",,ACM Transactions on Software Engineering and Methodology,cs,2025,28,25,article,W4406466506,https://doi.org/10.1145/3711906
Deep Configuration Performance Learning: A Systematic Survey and Taxonomy,"Performance is arguably the most crucial attribute that reflects the quality of a configurable software system. However, given the increasing scale and complexity of modern software, modeling and predicting how various configurations can impact performance becomes one of the major challenges in software maintenance. As such, performance is often modeled without having a thorough knowledge of the software system, but relying mainly on data, which fits precisely with the purpose of deep learning. In this article, we conduct a comprehensive review exclusively on the topic of deep learning for performance learning of configurable software, covering 1,206 searched papers spanning six indexing services, based on which 99 primary papers were extracted and analyzed. Our results outline key statistics, taxonomy, strengths, weaknesses, and optimal usage scenarios for techniques related to the preparation of configuration data, the construction of deep learning performance models, the evaluation of these models, and their utilization in various software configuration-related tasks. We also identify the good practices and potentially problematic phenomena from the studies surveyed, together with a comprehensive summary of actionable suggestions and insights into future opportunities within the field. To promote open science, all the raw results of this survey can be accessed at our repository: https://github.com/ideas-labo/DCPL-SLR .",,ACM Transactions on Software Engineering and Methodology,cs,2024,15,211,article,W4404059931,https://doi.org/10.1145/3702986
Quantum Software Engineering: Roadmap and Challenges Ahead,"As quantum computers advance, the complexity of the software they can execute increases as well. To ensure this software is efficient, maintainable, reusable, and cost-effective—key qualities of any industry-grade software—mature software engineering practices must be applied throughout its design, development, and operation. However, the significant differences between classical and quantum software make it challenging to directly apply classical software engineering methods to quantum systems. This challenge has led to the emergence of Quantum Software Engineering (QSE) as a distinct field within the broader software engineering landscape. In this work, a group of active researchers analyze in depth the current state of QSE research. From this analysis, the key areas of QSE are identified and explored in order to determine the most relevant open challenges that should be addressed in the next years. These challenges help identify necessary breakthroughs and future research directions for advancing QSE.",,ACM Transactions on Software Engineering and Methodology,cs,2025,69,215,article,W4406957844,https://doi.org/10.1145/3712002
Fairness Concerns in App Reviews: A Study on AI-Based Mobile Apps,"Fairness is one of the socio-technical concerns that must be addressed in software systems. Considering the popularity of mobile software applications (apps) among a wide range of individuals worldwide, mobile apps with unfair behaviors and outcomes can affect a significant proportion of the global population, potentially more than any other type of software system. Users express a wide range of socio-technical concerns in mobile app reviews. This research aims to investigate fairness concerns raised in mobile app reviews. Our research focuses on AI-based mobile app reviews as the chance of unfair behaviors and outcomes in AI-based mobile apps may be higher than in non-AI-based apps. To this end, we first manually constructed a ground-truth dataset, including 1,132 fairness and 1,473 non-fairness reviews. Leveraging the ground-truth dataset, we developed and evaluated a set of machine learning and deep learning models that distinguish fairness reviews from non-fairness reviews. Our experiments show that our best-performing model can detect fairness reviews with a precision of 94%. We then applied the best-performing model on approximately 9.5M reviews collected from 108 AI-based apps and identified around 92K fairness reviews. Next, applying the K-means clustering technique to the 92K fairness reviews, followed by manual analysis, led to the identification of six distinct types of fairness concerns (e.g., “receiving different quality of features and services in different platforms and devices” and “lack of transparency and fairness in dealing with user-generated content” ). Finally, the manual analysis of 2,248 app owners’ responses to the fairness reviews identified six root causes (e.g., “",,ACM Transactions on Software Engineering and Methodology,cs,2024,9,77,article,W4401993539,https://doi.org/10.1145/3690633
A Survey on Failure Analysis and Fault Injection in AI Systems,"The rapid advancement of AI has led to its integration into various areas, especially with Large Language Models (LLMs) significantly enhancing capabilities in Artificial Intelligence Generated Content (AIGC). However, the complexity of AI systems has also exposed their vulnerabilities, necessitating robust methods for Failure Analysis (FA) and Fault Injection (FI) to ensure resilience and reliability. Despite the importance of these techniques, there lacks a comprehensive review of FA and FI methodologies in AI systems. This study fills this gap by presenting a detailed survey of existing FA and FI approaches across six layers of AI systems. We systematically analyze 142 studies to answer three research questions including (1) what are the prevalent failures in AI systems, (2) what types of faults can current FI tools simulate, (3) what gaps exist between the simulated faults and real-world failures. Our findings reveal a taxonomy of AI system failures, assess the capabilities of existing FI tools, and highlight discrepancies between real-world and simulated failures. Moreover, this survey contributes to the field by providing a framework for fault diagnosis, evaluating the state-of-the-art in FI, and identifying areas for improvement in FI techniques to enhance the resilience of AI systems.",,ACM Transactions on Software Engineering and Methodology,cs,2025,13,157,article,W4410431126,https://doi.org/10.1145/3732777
Machine Learning Security in Industry: A Quantitative Survey,"Despite the large body of academic work on machine learning security, little is known about the occurrence of attacks on machine learning systems in the wild. In this paper, we report on a quantitative study with 139 industrial practitioners. We analyze attack occurrence and concern and evaluate statistical hypotheses on factors influencing threat perception and exposure. Our results shed light on real-world attacks on deployed machine learning. On the organizational level, while we find no predictors for threat exposure in our sample, the amount of implement defenses depends on exposure to threats or expected likelihood to become a target. We also provide a detailed analysis of practitioners’ replies on the relevance of individual machine learning attacks, unveiling complex concerns like unreliable decision making, business information leakage, and bias introduction into models. Finally, we find that on the individual level, prior knowledge about machine learning security influences threat perception. Our work paves the way for more research about adversarial machine learning in practice, but yields also insights for regulation and auditing.",,IEEE Transactions on Information Forensics and Security,cs,2023,40,45,article,W4323022560,https://doi.org/10.1109/tifs.2023.3251842
Detecting Spam Movie Review Under Coordinated Attack With Multi-View Explicit and Implicit Relations Semantics Fusion,"Spam reviews have long polluted review systems, undermining their industries. Detecting spam movie reviews faces some brand-new challenges compared to traditional spam detection. These include coordinated spamming attacks during premieres or at advance screenings. However, most of existing studies only use inherent relations among reviews, movies, and users, they do not fully exploit explicit and implicit relations between reviews in coordinated spamming attacks. To address these novel challenges, we propose a spam movie review detection method based on mining explicit and implicit relation semantics and fusing multi-view semantics. To the best of our knowledge, we are the first to enhance spam movie review detection by exploiting both explicit and implicit relations between reviews in coordinated spamming attacks. First, we build an explicit relation movie-review graph with movie synopses and high-quality external reviews. We extract movie factual knowledge embeddings using a Heterogeneous Graph Transformer (HGT) network. Next, we input the factual knowledge embeddings with corresponding review embeddings into a contrastive network to get review credibility features. Additionally, we build an implicit relation graph between reviews using metadata and semantic similarities. We extract relation-enhanced review semantics via another HGT network. Finally, we fuse the three review semantic features through an attention layer before making classification. Experiments show our method achieves higher performance and robustness over state-of-the-art methods.",,IEEE Transactions on Information Forensics and Security,cs,2024,7,48,article,W4401508445,https://doi.org/10.1109/tifs.2024.3441947
Methods for solving reasoning problems in abstract argumentation – A survey,"Within the last decade, abstract argumentation has emerged as a central field in Artificial Intelligence. Besides providing a core formalism for many advanced argumentation systems, abstract argumentation has also served to capture several non-monotonic logics and other AI related principles. Although the idea of abstract argumentation is appealingly simple, several reasoning problems in this formalism exhibit high computational complexity. This calls for advanced techniques when it comes to implementation issues, a challenge which has been recently faced from different angles. In this survey, we give an overview on different methods for solving reasoning problems in abstract argumentation and compare their particular features. Moreover, we highlight available state-of-the-art systems for abstract argumentation, which put these methods to practice.",,Artificial Intelligence,cs,2014,130,230,article,W1970198086,https://doi.org/10.1016/j.artint.2014.11.008
Manipulation and peer mechanisms: A survey,"In peer mechanisms, the competitors for a prize also determine who wins. Each competitor may be asked to rank, grade, or nominate peers for the prize. Since the prize can be valuable, such as financial aid, course grades, or an award at a conference, competitors may be tempted to manipulate the mechanism. We survey approaches to prevent or discourage the manipulation of peer mechanisms. We conclude our survey by identifying several important research challenges.",,Artificial Intelligence,cs,2024,9,91,article,W4401241445,https://doi.org/10.1016/j.artint.2024.104196
A review of possible effects of cognitive biases on interpretation of rule-based machine learning models,"While the interpretability of machine learning models is often equated with their mere syntactic comprehensibility, we think that interpretability goes beyond that, and that human interpretability should also be investigated from the point of view of cognitive science. The goal of this paper is to discuss to what extent cognitive biases may affect human understanding of interpretable machine learning models, in particular of logical rules discovered from data. Twenty cognitive biases are covered, as are possible debiasing techniques that can be adopted by designers of machine learning algorithms and software. Our review transfers results obtained in cognitive psychology to the domain of machine learning, aiming to bridge the current gap between these two areas. It needs to be followed by empirical studies specifically focused on the machine learning domain.",,Artificial Intelligence,cs,2021,137,266,article,W2796095619,https://doi.org/10.1016/j.artint.2021.103458
Knowledge graphs as tools for explainable machine learning: A survey,"This paper provides an extensive overview of the use of knowledge graphs in the context of Explainable Machine Learning. As of late, explainable AI has become a very active field of research by addressing the limitations of the latest machine learning solutions that often provide highly accurate, but hardly scrutable and interpretable decisions. An increasing interest has also been shown in the integration of Knowledge Representation techniques in Machine Learning applications, mostly motivated by the complementary strengths and weaknesses that could lead to a new generation of hybrid intelligent systems. Following this idea, we hypothesise that knowledge graphs, which naturally provide domain background knowledge in a machine-readable format, could be integrated in Explainable Machine Learning approaches to help them provide more meaningful, insightful and trustworthy explanations. Using a systematic literature review methodology we designed an analytical framework to explore the current landscape of Explainable Machine Learning. We focus particularly on the integration with structured knowledge at large scale, and use our framework to analyse a variety of Machine Learning domains, identifying the main characteristics of such knowledge-based, explainable systems from different perspectives. We then summarise the strengths of such hybrid systems, such as improved understandability, reactivity, and accuracy, as well as their limitations, e.g. in handling noise or extracting knowledge efficiently. We conclude by discussing a list of open challenges left for future research.",,Artificial Intelligence,cs,2021,286,173,article,W3210179814,https://doi.org/10.1016/j.artint.2021.103627
From statistical relational to neurosymbolic artificial intelligence: A survey,"This survey explores the integration of learning and reasoning in two different fields of artificial intelligence: neurosymbolic and statistical relational artificial intelligence. Neurosymbolic artificial intelligence (NeSy) studies the integration of symbolic reasoning and neural networks, while statistical relational artificial intelligence (StarAI) focuses on integrating logic with probabilistic graphical models. This survey identifies seven shared dimensions between these two subfields of AI. These dimensions can be used to characterize different NeSy and StarAI systems. They are concerned with (1) the approach to logical inference, whether model or proof-based; (2) the syntax of the used logical theories; (3) the logical semantics of the systems and their extensions to facilitate learning; (4) the scope of learning, encompassing either parameter or structure learning; (5) the presence of symbolic and subsymbolic representations; (6) the degree to which systems capture the original logic, probabilistic, and neural paradigms; and (7) the classes of learning tasks the systems are applied to. By positioning various NeSy and StarAI systems along these dimensions and pointing out similarities and differences between them, this survey contributes fundamental concepts for understanding the integration of learning and reasoning.",,Artificial Intelligence,cs,2024,62,148,article,W4391493576,https://doi.org/10.1016/j.artint.2023.104062
Argumentative review aggregation and dialogical explanations,"The aggregation of online reviews is one of the dominant methods of quality control for users in various domains, from retail to entertainment. Consequently, explainable aggregation of reviews is increasingly sought-after. We introduce quantitative argumentation technology to this setting, towards automatically generating reasoned review aggregations equipped with dialogical explanations. To this end, we define a novel form of argumentative dialogical agent (ADA), using ontologies to harbour information from reviews into argumentation frameworks. These agents may then be evaluated with a quantitative argumentation semantics and used to mediate the generation of dialogical explanations for item recommendations based on the reviews. We show how to deploy ADAs in three different contexts in which argumentation frameworks are mined from text, guided by ontologies. First, for hotel recommendations, we use a human-authored ontology and exemplify the potential range of dialogical explanations afforded by ADAs. Second, for movie recommendations, we empirically evaluate an ADA based on a bespoke ontology (extracted semi-automatically, by natural language processing), by demonstrating that its quantitative evaluations, which are shown to satisfy desirable theoretical properties, are comparable with those on a well-known movie review aggregation website. Finally, for product recommendation in e-commerce, we use another bespoke ontology (extracted fully automatically, by natural language processing , from a website's reviews) to construct an ADA which is then empirically evaluated favourably against review aggregations from the website.",,Artificial Intelligence,cs,2025,4,117,article,W4406410698,https://doi.org/10.1016/j.artint.2025.104291
Assessing fidelity in XAI post-hoc techniques: A comparative study with ground truth explanations datasets,"The evaluation of the fidelity of eXplainable Artificial Intelligence (XAI) methods to their underlying models is a challenging task, primarily due to the absence of a ground truth for explanations. However, assessing fidelity is a necessary step for ensuring a correct XAI methodology. In this study, we conduct a fair and objective comparison of the current state-of-the-art XAI methods by introducing three novel image datasets with reliable ground truth for explanations. The primary objective of this comparison is to identify methods with low fidelity and eliminate them from further research, thereby promoting the development of more trustworthy and effective XAI techniques. Our results demonstrate that XAI methods based on the direct gradient calculation and the backpropagation of output information to input yield higher accuracy and reliability compared to methods relying on perturbation based or Class Activation Maps (CAM). However, these methods tend to generate more noisy saliency maps. These findings have significant implications for the advancement of XAI methods, enabling the elimination of erroneous explanations and fostering the development of more robust and reliable XAI.",,Artificial Intelligence,cs,2024,38,53,article,W4400521133,https://doi.org/10.1016/j.artint.2024.104179
Review of Stirling's Theory of Conditional Games,"Our preferences do not exist in a vacuum.When we are discussing where to go to dinner with friends, for instance, we may advocate for our own favorite places, but we may also be quite happy to accommodate what our friends want, even if we don't yet know what that is.Sociality is also a desirable feature for groups of artificial agents that need to coordinate or negotiate without a central controller.Unfortunately, classical game theory's assumption of unconditional individual rationality often yields solution concepts that require sacrificing efficiency for safety from exploitation (e.g., the low-utility Prisoner's Dilemma equilibrium) or give little guidance as to the best action (e.g., the opposite equilibria in a coordination game), and don't shed much light on human behavior.In his book Theory of Conditional Games [3], Wynn C. Stirling introduces an extended model of game theory that is fully capable of expressing classical games but also allows for agents to concern themselves with each other's preferences rather than strictly maximizing their own payoffs.The book is organized as follows:• Chapter 1, Sociality, makes the case that classical game theory falls short when trying to model situations where agents are influenced by social factors.• Chapter 2, Conditioning, defines a game-theoretic model where agents' utilities may be conditioned on the preferences of other agents.This allows for a group utility function to arise naturally from the individual utilities through a mathematical framework shared with conditional probability theory.• Chapter 3, Solutions, shows how conditional game theory enables not only richer versions of classical solution concepts like Nash equilibria but also new social solution concepts like negotiation models.• Chapter 4, Coordination, uses information theory to study inter-agent coordinability under the model.• Chapter 5, Uncertainty, takes advantage of the shared structure of conditional utility and conditional probability functions to quantify group preference in a probabilistic setting.• Chapter 6, Satisficing, draws upon Stirling's previous work to describe social choice under a rigorous but non-optimizing notion of rationality.• Chapter 7, Applications, presents examples that bring together the findings presented earlier, including conditional versions of classical games and an empirical study of a simple multiagent coordination model.• Chapter 8, Conclusions, proposes future research directions.Stirling directs the book at ""all students and researchers of decision theory and game theory,"" from AI and social-science backgrounds alike.Its ambition alone (helped out by its theoretical soundness, of course) makes it a must-read for re-",,Artificial Intelligence,cs,2016,0,8,article,W2346907064,https://doi.org/10.1016/j.artint.2016.04.007
Machine Learning for Cultural Heritage: A Survey,"The application of Machine Learning (ML) to Cultural Heritage (CH) has evolved since basic statistical approaches such as Linear Regression to complex Deep Learning models. The question remains how much of this actively improves on the underlying algorithm versus using it within a ‘black box’ setting. We survey across ML and CH literature to identify the theoretical changes which contribute to the algorithm and in turn them suitable for CH applications. Alternatively, and most commonly, when there are no changes, we review the CH applications, features and pre/post-processing which make the algorithm suitable for its use. We analyse the dominant divides within ML, Supervised, Semi-supervised and Unsupervised, and reflect on a variety of algorithms that have been extensively used. From such an analysis, we give a critical look at the use of ML in CH and consider why CH has only limited adoption of ML.",,Pattern Recognition Letters,cs,2020,365,84,article,W3005743304,https://doi.org/10.1016/j.patrec.2020.02.017
Deep network pruning: A comparative study on CNNs in face recognition,"The widespread use of mobile devices for all kinds of transactions makes necessary reliable and real-time identity authentication, leading to the adoption of face recognition (FR) via the cameras embedded in such devices. Progress of deep Convolutional Neural Networks (CNNs) has provided substantial advances in FR. Nonetheless, the size of state-of-the-art architectures is unsuitable for mobile deployment, since they often encompass hundreds of megabytes and millions of parameters. We address this by studying methods for deep network compression applied to FR. In particular, we apply network pruning based on Taylor scores, where less important filters are removed iteratively. The method is tested on three networks based on the small SqueezeNet (1.24M parameters) and the popular MobileNetv2 (3.5M) and ResNet50 (23.5M) architectures. These have been selected to showcase the method on CNNs with different complexities and sizes. We observe that a substantial percentage of filters can be removed with minimal performance loss. Also, filters with the highest amount of output channels tend to be removed first, suggesting that high-dimensional spaces within popular CNNs are over-dimensioned. The models of this paper are available at https://github.com/HalmstadUniversityBiometrics/CNN-pruning-for-face-recognition . • We summarize works in CNN network pruning applied to face recognition. • We apply a Taylor score-based network pruning method to three CNNs of different sizes. • We analyse impact on performance, parameters, embeddings, layers, and activations.",,Pattern Recognition Letters,cs,2025,13,35,article,W4407009326,https://doi.org/10.1016/j.patrec.2025.01.023
Perturbation-based methods for explaining deep neural networks: A survey,"Deep neural networks (DNNs) have achieved state-of-the-art results in a broad range of tasks, in particular the ones dealing with the perceptual data. However, full-scale application of DNNs in safety-critical areas is hindered by their black box-like nature, which makes their inner workings nontransparent. As a response to the black box problem, the field of explainable artificial intelligence (XAI) has recently emerged and is currently rapidly growing. The present survey is concerned with perturbation-based XAI methods, which allow to explore DNN models by perturbing their input and observing changes in the output. We present an overview of the most recent research focusing on the differences and similarities in the applications of perturbation-based methods to different data types, from extensively studied perturbations of images to the just emerging research on perturbations of video, natural language, software code, and reinforcement learning entities.",,Pattern Recognition Letters,cs,2021,208,108,article,W3186197713,https://doi.org/10.1016/j.patrec.2021.06.030
Neuromorphic face analysis: A survey,"Neuromorphic sensors, also known as event cameras, are a class of imaging devices mimicking the function of biological visual systems. Unlike traditional frame-based cameras, which capture fixed images at discrete intervals, neuromorphic sensors continuously generate events that represent changes in light intensity or motion in the visual field with high temporal resolution and low latency. These properties have proven to be interesting in modeling human faces, both from an effectiveness and a privacy-preserving point of view. Neuromorphic face analysis however is still a raw and unstructured field of research, with several attempts at addressing different tasks with no clear standard or benchmark. This survey paper presents a comprehensive overview of capabilities, challenges and emerging applications in the domain of neuromorphic face analysis, to outline promising directions and open issues. After discussing the fundamental working principles of neuromorphic vision and presenting an in-depth overview of the related research, we explore the current state of available data, data representations, emerging challenges, and limitations that require further investigation. This paper aims to highlight the recent progress in this evolving field to provide researchers an all-encompassing analysis of the state of the art along with its problems and shortcomings. • Neuromorphic sensors are becoming more common in human-face related vision tasks. • As a new niche field it lacks overview papers helping researchers orient themselves. • We compare the relevant literature to classical methods and highlights pros and cons. • Several tasks and recently published open dataset are presented and compared. • Future research directions are provided after analyzing the relevant shortcomings.",,Pattern Recognition Letters,cs,2024,15,57,article,W4404500062,https://doi.org/10.1016/j.patrec.2024.11.009
Weighted fair division of indivisible items: A review,"Fair division is a longstanding problem in economics and has recently received substantial interest in computer science. Several applications of fair division involve agents with unequal entitlements represented by weights. We review work on weighted fair division of indivisible items, discuss the range of weighted fairness notions that have been proposed, and highlight a number of open questions.",,Information Processing Letters,cs,2024,14,57,article,W4400036916,https://doi.org/10.1016/j.ipl.2024.106519
