YourLabel,Error,Venue,Year,ReferenceCount,p_bert,Title,Abstract,ArxivId,DOI
,missed survey (venue says survey),Annual Reviews in Control,2025,68,0.007,A General Framework for Verification and Control of Dynamical Models via Certificate Synthesis,"An emerging branch of control theory specialises in certificate learning, concerning the specification of a desired (possibly complex) system behaviour for an autonomous or control model, which is then analytically verified by means of a function-based proof. However, the synthesis of controllers abiding by these complex requirements is in general a non-trivial task and may elude the most expert control engineers. This results in a need for automatic techniques that are able to design controllers and to analyse a wide range of elaborate specifications. In this paper, we provide a general framework to encode system specifications and define corresponding certificates, and we present an automated approach to formally synthesise controllers and certificates. Our approach contributes to the broad field of safe learning for control, exploiting the flexibility of neural networks to provide candidate control and certificate functions, whilst using SMT-solvers to offer a formal guarantee of correctness. We test our framework by developing a prototype software tool, and assess its efficacy at verification via control and certificate synthesis over a large and varied suite of benchmarks.",2309.0609,https://doi.org/10.1016/j.arcontrol.2025.101028
,missed survey (venue says survey),WIREs Data Mining and Knowledge Discovery,2019,29,0.012,A New Anchor Word Selection Method for the Separable Topic Discovery,"Separable Non-negative Matrix Factorization (SNMF) is an important method for topic modeling, where ""separable"" assumes every topic contains at least one anchor word, defined as a word that has non-zero probability only on that topic. SNMF focuses on the word co-occurrence patterns to reveal topics by two steps: anchor word selection and topic recovery. The quality of the anchor words strongly influences the quality of the extracted topics. Existing anchor word selection algorithm is to greedily find an approximate convex hull in a high-dimensional word co-occurrence space. In this work, we propose a new method for the anchor word selection by associating the word co-occurrence probability with the words similarity and assuming that the most different words on semantic are potential candidates for the anchor words. Therefore, if the similarity of a word-pair is very low, then the two words are very likely to be the anchor words. According to the statistical information of text corpora, we can get the similarity of all word-pairs. We build the word similarity graph where the nodes correspond to words and weights on edges stand for the word-pair similarity. Following this way, we design a greedy method to find a minimum edge-weight anchor clique of a given size in the graph for the anchor word selection. Extensive experiments on real-world corpus demonstrate the effectiveness of the proposed anchor word selection method that outperforms the common convex hull-based methods on the revealed topic quality. Meanwhile, our method is much faster than typical SNMF based method.",1905.06109,https://doi.org/10.1002/widm.1313
,missed survey (venue says survey),Foundations and Trends in Optimization,2025,31,0.008,AltGDmin: Alternating GD and Minimization for Partly-Decoupled (Federated) Optimization,"This article describes a novel optimization solution framework, called alternating gradient descent (GD) and minimization (AltGDmin), that is useful for many problems for which alternating minimization (AltMin) is a popular solution. AltMin is a special case of the block coordinate descent algorithm that is useful for problems in which minimization w.r.t one subset of variables keeping the other fixed is closed form or otherwise reliably solved. Denote the two blocks/subsets of the optimization variables Z by Za, Zb, i.e., Z = {Za, Zb}. AltGDmin is often a faster solution than AltMin for any problem for which (i) the minimization over one set of variables, Zb, is much quicker than that over the other set, Za; and (ii) the cost function is differentiable w.r.t. Za. Often, the reason for one minimization to be quicker is that the problem is ``decoupled"" for Zb and each of the decoupled problems is quick to solve. This decoupling is also what makes AltGDmin communication-efficient for federated settings. Important examples where this assumption holds include (a) low rank column-wise compressive sensing (LRCS), low rank matrix completion (LRMC), (b) their outlier-corrupted extensions such as robust PCA, robust LRCS and robust LRMC;",2504.14741,https://doi.org/10.1561/2400000051
,missed survey (venue says survey),Statistics Surveys,2016,48,0.876,Fundamentals of cone regression,"Cone regression is a particular case of quadratic programming that minimizes a weighted sum of squared residuals under a set of linear inequality constraints. Several important statistical problems such as isotonic, concave regression or ANOVA under partial orderings, just to name a few, can be considered as particular instances of the cone regression problem. Given its relevance in Statistics, this paper aims to address the fundamentals of cone regression from a theoretical and practical point of view. Several formulations of the cone regression problem are considered and, focusing on the particular case of concave regression as example, several algorithms are analyzed and compared both qualitatively and quantitatively through numerical simulations. Several improvements to enhance numerical stability and bound the computational cost are proposed. For each analyzed algorithm, the pseudo-code and its corresponding code in Scilab are provided. The results from this study demonstrate that the choice of the optimization approach strongly impacts the numerical performances. It is also shown that methods are not currently available to solve efficiently cone regression problems with large dimension (more than many thousands of points). We suggest further research to fill this gap by exploiting and adapting classical multi-scale strategy to compute an approximate solution.",1507.06496,https://doi.org/10.1214/16-ss114
,missed survey (venue says survey),"Annual Review of Control, Robotics, and Autonomous Systems",2021,90,0.005,Observer Design for Nonlinear Systems with Equivariance,"Equivariance is a common and natural property of many nonlinear control systems, especially those associated with models of mechatronic and navigation systems. Such systems admit a symmetry, associated with the equivariance, that provides structure enabling the design of robust and high performance observers. A key insight is to pose the observer state to lie in the symmetry group rather than on the system state space. This allows one to define a globally defined intrinsic equivariant error but poses a challenge in defining internal dynamics for the observer. By choosing an equivariant lift of the system dynamics for the observer internal model we show that the error dynamics have a particularly nice form. Applying the methodology of Extended Kalman Filtering (EKF) to the equivariant error state yields the Equivariant Filter (EqF). The geometry of the state-space manifold appears naturally as a curvature modification to the classical EKF Riccati equation. The equivariant filter exploits the symmetry and respects the geometry of an equivariant system model and yields high performance robust filters for a wide range of mechatronic and navigation systems.",2108.09387,https://doi.org/10.1146/annurev-control-061520-010324
,missed survey (venue says survey),Annual Reviews in Control,2020,70,0.064,The Mathematical Foundations of Physical Systems Modeling Languages,"Modern modeling languages for general physical systems, such as Modelica, Amesim, or Simscape, rely on Differential Algebraic Equations (DAE), i.e., constraints of the form f(dot{x},x,u)=0. This drastically facilitates modeling from first principles of the physics and the reuse of models. In this paper we develop the mathematical theory needed to establish the development of compilers and tools for DAE based physical modeling languages on solid mathematical bases. Unlike Ordinary Differential Equations, DAE exhibit subtle issues because of the notion of differentiation index and related latent equations -- ODE are DAE of index zero for which no latent equation needs to be considered. Prior to generating execution code and calling solvers, the compilation of such languages requires a nontrivial \emph{structural analysis} step that reduces the differentiation index to a level acceptable by DAE solvers. The models supported by tools of the Modelica class involve multiple modes with mode-dependent DAE based dynamics and state-dependent mode switching. Multimode DAE are much more difficult than DAE. The main difficulty is the handling of the events of mode change. Unfortunately, the large literature devoted to the mathematical analysis of DAEs does not cover the multimode case, typically saying nothing about mode changes. This lack of foundations causes numerous difficulties to the existing modeling tools. Some models are well handled, others are not, with no clear boundary between the two classes. In this paper, we develop a comprehensive mathematical approach supporting compilation and code generation for this class of languages. Its core is the structural analysis of multimode DAE systems. As a byproduct of this structural analysis, we propose well sound criteria for accepting or rejecting models. For our mathematical development, we rely on nonstandard analysis, which allows us to cast hybrid systems dynamics to discrete time dynamics with infinitesimal step size, thus providing a uniform framework for handling both continuous dynamics and mode change events.",2008.05166,https://doi.org/10.1016/j.arcontrol.2020.08.001
,missed survey (venue says survey),Annual Reviews in Control,2025,56,0.014,Parametrizations of All Stable Closed-loop Responses: From Theory to Neural Network Control Design,"The complexity of modern control systems necessitates architectures that achieve high performance while ensuring robust stability, particularly for nonlinear systems. In this work, we tackle the challenge of designing output-feedback controllers to boost the performance of $\ell_p$-stable discrete-time nonlinear systems while preserving closed-loop stability from external disturbances to input and output channels. Leveraging operator theory and neural network representations, we parametrize the achievable closed-loop maps for a given system and propose novel parametrizations of all $\ell_p$-stabilizing controllers, unifying frameworks such as nonlinear Youla parametrization and internal model control. Contributing to a rapidly growing research line, our approach enables unconstrained optimization exclusively over stabilizing controllers and provides sufficient conditions to ensure robustness against model mismatch. Additionally, our methods reveal that stronger notions of stability can be imposed on the closed-loop maps if disturbance realizations are available after one time step. Last, our approaches are compatible with the design of nonlinear distributed controllers. Numerical experiments on cooperative robotics demonstrate the flexibility of the proposed framework, allowing cost functions to be freely designed for achieving complex behaviors while preserving stability.",2412.1928,https://doi.org/10.1016/j.arcontrol.2025.101012
,missed survey (venue says survey),Annual Reviews in Control,2020,26,0.008,Robust and optimal predictive control of the COVID-19 outbreak,"We investigate adaptive strategies to robustly and optimally control the COVID-19 pandemic via social distancing measures based on the example of Germany. Our goal is to minimize the number of fatalities over the course of two years without inducing excessive social costs. We consider a tailored model of the German COVID-19 outbreak with different parameter sets to design and validate our approach. Our analysis reveals that an open-loop optimal control policy can significantly decrease the number of fatalities when compared to simpler policies under the assumption of exact model knowledge. In a more realistic scenario with uncertain data and model mismatch, a feedback strategy that updates the policy weekly using model predictive control (MPC) leads to a reliable performance, even when applied to a validation model with deviant parameters. On top of that, we propose a robust MPC-based feedback policy using interval arithmetic that adapts the social distancing measures cautiously and safely, thus leading to a minimum number of fatalities even if measurements are inaccurate and the infection rates cannot be precisely specified by social distancing. Our theoretical findings support various recent studies by showing that 1) adaptive feedback strategies are required to reliably contain the COVID-19 outbreak, 2) well-designed policies can significantly reduce the number of fatalities compared to simpler ones while keeping the amount of social distancing measures on the same level, and 3) imposing stronger social distancing measures early on is more effective and cheaper in the long run than opening up too soon and restoring stricter measures at a later time.",2005.0358,https://doi.org/10.1016/j.arcontrol.2020.11.002
,missed survey (venue says survey),Annual Reviews in Control,2018,62,0.152,Automated learning with a probabilistic programming language: Birch,"This work offers a broad perspective on probabilistic modeling and inference in light of recent advances in probabilistic programming, in which models are formally expressed in Turing-complete programming languages. We consider a typical workflow and how probabilistic programming languages can help to automate this workflow, especially in the matching of models with inference methods. We focus on two properties of a model that are critical in this matching: its structure---the conditional dependencies between random variables---and its form---the precise mathematical definition of those dependencies. While the structure and form of a probabilistic model are often fixed a priori, it is a curiosity of probabilistic programming that they need not be, and may instead vary according to random choices made during program execution. We introduce a formal description of models expressed as programs, and discuss some of the ways in which probabilistic programming languages can reveal the structure and form of these, in order to tailor inference methods. We demonstrate the ideas with a new probabilistic programming language called Birch, with a multiple object tracking example.",1810.01539,https://doi.org/10.1016/j.arcontrol.2018.10.013
,missed survey (venue says survey),Annual Reviews in Control,2021,60,0.817,Modeling and Control of Epidemics through Testing Policies,"Testing is a crucial control mechanism in the beginning phase of an epidemic when the vaccines are not yet available. It enables the public health authority to detect and isolate the infected cases from the population, thereby limiting the disease transmission to susceptible people. However, despite the significance of testing in epidemic control, the recent literature on the subject lacks a control-theoretic perspective. In this paper, an epidemic model is proposed that incorporates the testing rate as a control input and differentiates the undetected infected from the detected infected cases, who are assumed to be removed from the disease spreading process in the population. After estimating the model on the data corresponding to the beginning phase of COVID-19 in France, two testing policies are proposed: the so-called best-effort strategy for testing (BEST) and constant optimal strategy for testing (COST). The BEST policy is a suppression strategy that provides a minimum testing rate that stops the growth of the epidemic when implemented. The COST policy, on the other hand, is a mitigation strategy that provides an optimal value of testing rate minimizing the peak value of the infected population when the total stockpile of tests is limited. Both testing policies are evaluated by their impact on the number of active intensive care unit (ICU) cases and the cumulative number of deaths for the COVID-19 case of France.",2010.15438,https://doi.org/10.1016/j.arcontrol.2021.09.004
,missed survey (venue says survey),WIREs Data Mining and Knowledge Discovery,2021,65,0.075,Over-optimism in benchmark studies and the multiplicity of design and analysis options when interpreting their results,"In recent years, the need for neutral benchmark studies that focus on the comparison of methods from computational sciences has been increasingly recognised by the scientific community. While general advice on the design and analysis of neutral benchmark studies can be found in recent literature, certain amounts of flexibility always exist. This includes the choice of data sets and performance measures, the handling of missing performance values and the way the performance values are aggregated over the data sets. As a consequence of this flexibility, researchers may be concerned about how their choices affect the results or, in the worst case, may be tempted to engage in questionable research practices (e.g. the selective reporting of results or the post-hoc modification of design or analysis components) to fit their expectations or hopes. To raise awareness for this issue, we use an example benchmark study to illustrate how variable benchmark results can be when all possible combinations of a range of design and analysis options are considered. We then demonstrate how the impact of each choice on the results can be assessed using multidimensional unfolding. In conclusion, based on previous literature and on our illustrative example, we claim that the multiplicity of design and analysis options combined with questionable research practices lead to biased interpretations of benchmark results and to over-optimistic conclusions. This issue should be considered by computational researchers when designing and analysing their benchmark studies and by the scientific community in general in an effort towards more reliable benchmark results.",2106.02447,https://doi.org/10.1002/widm.1441
,missed survey (venue says survey),Annual Reviews in Control,2021,54,0.334,Smart Testing and Selective Quarantine for the Control of Epidemics,"This paper is based on the observation that, during Covid-19 epidemic, the choice of which individuals should be tested has an important impact on the effectiveness of selective confinement measures. This decision problem is closely related to the problem of optimal sensor selection, which is a very active research subject in control engineering. The goal of this paper is to propose a policy to smartly select the individuals to be tested. The main idea is to model the epidemics as a stochastic dynamic system and to select the individual to be tested accordingly to some optimality criteria, e.g. to minimize the probability of undetected asymptomatic cases. Every day, the probability of infection of the different individuals is updated making use of the stochastic model of the phenomenon and of the information collected in the previous days. Simulations for a closed community of 10000 individuals show that the proposed technique, coupled with a selective confinement policy, can reduce the spread of the disease while limiting the number of individuals confined if compared to the simple contact tracing of positive and to an off-line test selection strategy based on the number of contacts.",2007.15412,https://doi.org/10.1016/j.arcontrol.2021.03.001
,missed survey (venue says survey),Annual Reviews in Control,2020,57,0.011,An Optimal Predictive Control Strategy for COVID-19 (SARS-CoV-2) Social Distancing Policies in Brazil,"The global COVID-19 pandemic (SARS-CoV-2 virus) is the defining health crisis of our century. Due to the absence of vaccines and drugs that can help to fight it, the world solution to control the spread has been to consider public social distance measures that avoids the saturation of the health system. In this context, we investigate a Model Predictive Control (MPC) framework to determine the time and duration of social distancing policies. We use Brazilian data in the period from March to May of 2020. The available data regarding the number of infected individuals and deaths suffers from sub-notification due to the absence of mass tests and the relevant presence of the asymptomatic individuals. We estimate variations of the SIR model using an uncertainty-weighted Least-Squares criterion that considers both nominal and inconsistent-data conditions. Moreover, we add to our versions of the SIR model an additional dynamic state variable to mimic the response of the population to the social distancing policies determined by the government that affects the speed of COVID-19 transmission. Our control framework is within a mixed-logical formalism, since the decision variable is forcefully binary (the existence or the absence of social distance policy). A dwell-time constraint is included to avoid harsh shifting between these two states. Finally, we present simulation results to illustrate how such optimal control policy would operate. These results point out that no social distancing should be relaxed before mid August 2020. If relaxations are necessary, they should not be performed before the beginning this date and should be in small periods, no longer than 25 days. This paradigm would proceed roughly until January/2021. The second peak of infections, which has a forecast to the beginning of October, can be reduced if the periods of no-isolation days are shortened.",2005.10797,https://doi.org/10.1016/j.arcontrol.2020.07.001
,missed survey (venue says survey),Foundations and Trends in Signal Processing,2015,62,0.079,A Primer on Reproducing Kernel Hilbert Spaces,"Reproducing kernel Hilbert spaces are elucidated without assuming prior familiarity with Hilbert spaces. Compared with extant pedagogic material, greater care is placed on motivating the definition of reproducing kernel Hilbert spaces and explaining when and why these spaces are efficacious. The novel viewpoint is that reproducing kernel Hilbert space theory studies extrinsic geometry, associating with each geometric configuration a canonical overdetermined coordinate system. This coordinate system varies continuously with changing geometric configurations, making it well-suited for studying problems whose solutions also vary continuously with changing geometry. This primer can also serve as an introduction to infinite-dimensional linear algebra because reproducing kernel Hilbert spaces have more properties in common with Euclidean spaces than do more general Hilbert spaces.",1408.0952,https://doi.org/10.1561/2000000050
,missed survey (venue says survey),Foundations and Trends in Optimization,2017,0,0.974,The many faces of degeneracy in conic optimization,"Slater's condition -- existence of a ""strictly feasible solution"" -- is a common assumption in conic optimization. Without strict feasibility, first-order optimality conditions may be meaningless, the dual problem may yield little information about the primal, and small changes in the data may render the problem infeasible. Hence, failure of strict feasibility can negatively impact off-the-shelf numerical methods, such as primal-dual interior point methods, in particular. New optimization modelling techniques and convex relaxations for hard nonconvex problems have shown that the loss of strict feasibility is a more pronounced phenomenon than has previously been realized. In this text, we describe various reasons for the loss of strict feasibility, whether due to poor modelling choices or (more interestingly) rich underlying structure, and discuss ways to cope with it and, in many pronounced cases, how to use it as an advantage. In large part, we emphasize the facial reduction preprocessing technique due to its mathematical elegance, geometric transparency, and computational potential.",1706.03705,https://doi.org/10.1561/240000001
,missed survey (venue says survey),Annual Reviews in Control,2020,36,0.074,Characterization of SARS-CoV-2 Dynamics in the Host,"While many epidemiological models have being proposed to understand and handle COVID-19, too little has been invested to understand how the virus replicates in the human body and potential antiviral can be used to control the replication cycle. In this work, using a control theoretical approach, validated mathematical models of SARS-CoV-2 in humans are properly characterized. A complete analysis of the main dynamic characteristic is developed based on the reproduction number. The equilibrium regions of the system are fully characterized, and the stability of such a regions, formally established. Mathematical analysis highlights critical conditions to decrease monotonically SARS-CoV-2 in the host, such conditions are relevant to tailor future antiviral treatments. Simulation results show the potential benefits of the aforementioned system characterization.",2006.08447,https://doi.org/10.1016/j.arcontrol.2020.09.008
,missed survey (venue says survey),Annual Reviews in Control,2023,67,0.005,Value-Gradient Iteration with Quadratic Approximate Value Functions,"We propose a method for designing policies for convex stochastic control problems characterized by random linear dynamics and convex stage cost. We consider policies that employ quadratic approximate value functions as a substitute for the true value function. Evaluating the associated control policy involves solving a convex problem, typically a quadratic program, which can be carried out reliably in real-time. Such policies often perform well even when the approximate value function is not a particularly good approximation of the true value function. We propose value-gradient iteration, which fits the gradient of value function, with regularization that can include constraints reflecting known bounds on the true value function. Our value-gradient iteration method can yield a good approximate value function with few samples, and little hyperparameter tuning. We find that the method can find a good policy with computational effort comparable to that required to just evaluate a control policy via simulation.",2307.07086,https://doi.org/10.1016/j.arcontrol.2023.100917
,missed survey (venue says survey),Annual Review of Statistics and Its Application,2022,164,0.026,A Variational View on Statistical Multiscale Estimation,"We present a unifying view on various statistical estimation techniques including penalization, variational and thresholding methods. These estimators will be analyzed in the context of statistical linear inverse problems including nonparametric and change point regression, and high dimensional linear models as examples. Our approach reveals many seemingly unrelated estimation schemes as special instances of a general class of variational multiscale estimators, named MIND (MultIscale Nemirovskii--Dantzig). These estimators result from minimizing certain regularization functionals under convex constraints that can be seen as multiple statistical tests for local hypotheses. For computational purposes, we recast MIND in terms of simpler unconstraint optimization problems via Lagrangian penalization as well as Fenchel duality. Performance of several MINDs is demonstrated on numerical examples.",2106.05828,https://doi.org/10.1146/annurev-statistics-040120-030531
,missed survey (venue says survey),WIREs Data Mining and Knowledge Discovery,2023,64,0.007,A geometric framework for outlier detection in high-dimensional data,"Outlier or anomaly detection is an important task in data analysis. We discuss the problem from a geometrical perspective and provide a framework that exploits the metric structure of a data set. Our approach rests on the manifold assumption, i.e., that the observed, nominally high-dimensional data lie on a much lower dimensional manifold and that this intrinsic structure can be inferred with manifold learning methods. We show that exploiting this structure significantly improves the detection of outlying observations in high-dimensional data. We also suggest a novel, mathematically precise, and widely applicable distinction between distributional and structural outliers based on the geometry and topology of the data manifold that clarifies conceptual ambiguities prevalent throughout the literature. Our experiments focus on functional data as one class of structured high-dimensional data, but the framework we propose is completely general and we include image and graph data applications. Our results show that the outlier structure of high-dimensional and non-tabular data can be detected and visualized using manifold learning methods and quantified using standard outlier scoring methods applied to the manifold embedding vectors.",2207.00367,https://doi.org/10.1002/widm.1491
,missed survey (venue says survey),Archives of Computational Methods in Engineering,2024,62,0.494,Constructing Nitsche's method for variational problems,"Nitsche's method is a well-established approach for weak enforcement of boundary conditions for partial differential equations (PDEs). It has many desirable properties, including the preservation of variational consistency and the fact that it yields symmetric, positive-definite discrete linear systems that are not overly ill-conditioned. In recent years, the method has gained in popularity in a number of areas, including isogeometric analysis, immersed methods, and contact mechanics. However, arriving at a formulation based on Nitsche's method can be a mathematically arduous process, especially for high-order PDEs. Fortunately, the derivation is conceptually straightforward in the context of variational problems. To facilitate the process, we devised an abstract framework for constructing Nitsche's method for these types of problems in [J. Benzaken, J. A. Evans, S. McCormick, and R. Tamstorf, Nitsche's method for linear Kirchhoff-Love shells: Formulation, error analysis, and verification, Comput. Methods Appl. Mech. Eng., 374 (2021), p. 113544]. The goal of this paper is to elucidate the process through a sequence of didactic examples. First, we show the derivation of Nitsche's method for Poisson's equation to gain an intuition for the various steps. Next, we present the abstract framework and then revisit the derivation for Poisson's equation to use the framework and add mathematical rigor. In the process, we extend our derivation to cover the vector-valued setting. Armed with a basic recipe, we then show how to handle a higher-order problem by considering the vector-valued biharmonic equation and the linearized Kirchhoff-Love plate. In the end, the hope is that the reader will be able to apply Nitsche's method to any problem that arises from variational principles.",2203.02603,https://doi.org/10.1007/s11831-023-09953-6
,missed survey (venue says survey),Foundations and Trends in Machine Learning,2020,177,0.008,Graph Kernels,"We present a unified framework to study graph kernels, special cases of which include the random walk graph kernel \citep{GaeFlaWro03,BorOngSchVisetal05}, marginalized graph kernel \citep{KasTsuIno03,KasTsuIno04,MahUedAkuPeretal04}, and geometric kernel on graphs \citep{Gaertner02}. Through extensions of linear algebra to Reproducing Kernel Hilbert Spaces (RKHS) and reduction to a Sylvester equation, we construct an algorithm that improves the time complexity of kernel computation from $O(n^6)$ to $O(n^3)$. When the graphs are sparse, conjugate gradient solvers or fixed-point iterations bring our algorithm into the sub-cubic domain. Experiments on graphs from bioinformatics and other application domains show that it is often more than a thousand times faster than previous approaches. We then explore connections between diffusion kernels \citep{KonLaf02}, regularization on graphs \citep{SmoKon03}, and graph kernels, and use these connections to propose new graph kernels. Finally, we show that rational kernels \citep{CorHafMoh02,CorHafMoh03,CorHafMoh04} when specialized to graphs reduce to the random walk graph kernel.",807.0093,https://doi.org/10.1561/2200000076
,missed survey (venue says survey),Archives of Computational Methods in Engineering,2021,48,0.021,"Assessing the spatio-temporal spread of COVID-19 via compartmental models with diffusion in Italy, USA, and Brazil","The outbreak of COVID-19 in 2020 has led to a surge in interest in the mathematical modeling of infectious diseases. Such models are usually defined as compartmental models, in which the population under study is divided into compartments based on qualitative characteristics, with different assumptions about the nature and rate of transfer across compartments. Though most commonly formulated as ordinary differential equation (ODE) models, in which the compartments depend only on time, recent works have also focused on partial differential equation (PDE) models, incorporating the variation of an epidemic in space. Such research on PDE models within a Susceptible, Infected, Exposed, Recovered, and Deceased (SEIRD) framework has led to promising results in reproducing COVID-19 contagion dynamics. In this paper, we assess the robustness of this modeling framework by considering different geometries over more extended periods than in other similar studies. We first validate our code by reproducing previously shown results for Lombardy, Italy. We then focus on the U.S. state of Georgia and on the Brazilian state of Rio de Janeiro, one of the most impacted areas in the world. Our results show good agreement with real-world epidemiological data in both time and space for all regions across major areas and across three different continents, suggesting that the modeling approach is both valid and robust.",2102.07208,https://doi.org/10.1007/s11831-021-09627-1
,missed survey (venue says survey),WIREs Data Mining and Knowledge Discovery,2018,59,0.97,A Dynamic-Adversarial Mining Approach to the Security of Machine Learning,"Operating in a dynamic real world environment requires a forward thinking and adversarial aware design for classifiers, beyond fitting the model to the training data. In such scenarios, it is necessary to make classifiers - a) harder to evade, b) easier to detect changes in the data distribution over time, and c) be able to retrain and recover from model degradation. While most works in the security of machine learning has concentrated on the evasion resistance (a) problem, there is little work in the areas of reacting to attacks (b and c). Additionally, while streaming data research concentrates on the ability to react to changes to the data distribution, they often take an adversarial agnostic view of the security problem. This makes them vulnerable to adversarial activity, which is aimed towards evading the concept drift detection mechanism itself. In this paper, we analyze the security of machine learning, from a dynamic and adversarial aware perspective. The existing techniques of Restrictive one class classifier models, Complex learning models and Randomization based ensembles, are shown to be myopic as they approach security as a static task. These methodologies are ill suited for a dynamic environment, as they leak excessive information to an adversary, who can subsequently launch attacks which are indistinguishable from the benign data. Based on empirical vulnerability analysis against a sophisticated adversary, a novel feature importance hiding approach for classifier design, is proposed. The proposed design ensures that future attacks on classifiers can be detected and recovered from. The proposed work presents motivation, by serving as a blueprint, for future work in the area of Dynamic-Adversarial mining, which combines lessons learned from Streaming data mining, Adversarial learning and Cybersecurity.",1803.09162,https://doi.org/10.1002/widm.1245
,missed survey (venue says survey),Archives of Computational Methods in Engineering,2019,75,0.01,Quasi-Regression Monte-Carlo scheme for semi-linear PDEs and BSDEs with large scale parallelization on GPUs,"In this article we design a novel quasi-regression Monte Carlo algorithm in order to approximate the solution of discrete time backward stochastic differential equations (BSDEs), and we analyze the convergence of the proposed method. The algorithm also approximates the solution to the related semi-linear parabolic partial differential equation (PDE) obtained through the well-known Feynman-Kac representation. For the sake of enriching the algorithm with high-order convergence a weighted approximation of the solution is computed and appropriate conditions on the parameters of the method are inferred. With the challenge of tackling problems in high dimensions we propose suitable projections of the solution and efficient parallelizations of the algorithm taking advantage of powerful many-core processors such as graphics processing units (GPUs).",2407.21084,https://doi.org/10.1007/s11831-019-09335-x
,missed survey (venue says survey),Annual Reviews in Control,2021,23,0.423,The Ockham's razor applied to COVID-19 model fitting French data,"This paper presents a data-based simple model for fitting the available data of the Covid-19 pandemic evolution in France. The time series concerning the 13 regions of mainland France have been considered for fitting and validating the model. An extremely simple, two-dimensional model with only two parameters demonstrated to be able to reproduce the time series concerning the number of daily demises caused by Covid-19, the hospitalizations, intensive care and emergency accesses, the daily number of positive test and other indicators, for the different French regions. These results might contribute to stimulate a debate on the suitability of much more complex models for reproducing and forecasting the pandemic evolution since, although relevant from a mechanistic point of view, they could lead to nonidentifiability issues.",2007.11379,https://doi.org/10.1016/j.arcontrol.2021.01.002
,missed survey (venue says survey),Foundations and Trends in Optimization,2017,0,0.525,Multi-Period Trading via Convex Optimization,"We consider a basic model of multi-period trading, which can be used to evaluate the performance of a trading strategy. We describe a framework for single-period optimization, where the trades in each period are found by solving a convex optimization problem that trades off expected return, risk, transaction cost and holding cost such as the borrowing cost for shorting assets. We then describe a multi-period version of the trading method, where optimization is used to plan a sequence of trades, with only the first one executed, using estimates of future quantities that are unknown when the trades are chosen. The single-period method traces back to Markowitz; the multi-period methods trace back to model predictive control. Our contribution is to describe the single-period and multi-period methods in one simple framework, giving a clear description of the development and the approximations made. In this paper we do not address a critical component in a trading algorithm, the predictions or forecasts of future quantities. The methods we describe in this paper can be thought of as good ways to exploit predictions, no matter how they are made. We have also developed a companion open-source software library that implements many of the ideas and methods described in the paper.",1705.00109,https://doi.org/10.1561/2400000023
,missed survey (venue says survey),Annual Review of Statistics and Its Application,2023,69,0.098,Variable importance without impossible data,"The most popular methods for measuring importance of the variables in a black box prediction algorithm make use of synthetic inputs that combine predictor variables from multiple subjects. These inputs can be unlikely, physically impossible, or even logically impossible. As a result, the predictions for such cases can be based on data very unlike any the black box was trained on. We think that users cannot trust an explanation of the decision of a prediction algorithm when the explanation uses such values. Instead we advocate a method called Cohort Shapley that is grounded in economic game theory and unlike most other game theoretic methods, it uses only actually observed data to quantify variable importance. Cohort Shapley works by narrowing the cohort of subjects judged to be similar to a target subject on one or more features. We illustrate it on an algorithmic fairness problem where it is essential to attribute importance to protected variables that the model was not trained on.",2205.1575,https://doi.org/10.1146/annurev-statistics-040722-045325
,missed survey (venue says survey),Annual Review of Statistics and Its Application,2017,11,0.843,Curriculum Guidelines for Undergraduate Programs in Data Science,"The Park City Math Institute (PCMI) 2016 Summer Undergraduate Faculty Program met for the purpose of composing guidelines for undergraduate programs in Data Science. The group consisted of 25 undergraduate faculty from a variety of institutions in the U.S., primarily from the disciplines of mathematics, statistics and computer science. These guidelines are meant to provide some structure for institutions planning for or revising a major in Data Science.",1801.06814,https://doi.org/10.1146/annurev-statistics-060116-053930
,missed survey (venue says survey),Annual Reviews in Control,2019,30,0.93,Ubiquitous knowledge empowers the Smart Factory: The impacts of a Service-oriented Digital Twin on enterprises' performance,"While the Industry 4.0 is idolizing the potential of an artificial intelligence embedded into ""things"", it is neglecting the role of the human component, which is still indispensable in different manufacturing activities, such as a machine setup or maintenance operations. The present research study first proposes an Industrial Internet pyramid as emergent human-centric manufacturing paradigm within Industry 4.0 in which central is the role of a Ubiquitous Knowledge about the manufacturing system intuitively accessed and used by the manufacturing employees. Second, the prototype of a Service-oriented Digital Twin, which leverage on a flexible ontology-oriented knowledge structure and on augmented reality combined to a vocal interaction system for an intuitive knowledge retrieval and fruition, has been designed and developed to deliver this manufacturing knowledge. Two test-beds, complimentary for the problems in practice (the former on the maintenance-production interface in a large enterprise, the latter majorly focused in production and setups in a small and medium enterprise), show the significant benefits in terms of time, costs and process quality, thus validating the approach proposed. This research shows that a human-centric and knowledge-driven approach can drive the performance of Industry 4.0 initiatives and lead a Smart Factory towards its full potential.",2206.03268,https://doi.org/10.1016/j.arcontrol.2019.01.001
,missed survey (venue says survey),Foundations and Trends in Computer Graphics and Vision,2025,9,0.985,Demystifying Variational Diffusion Models,"Despite the growing interest in diffusion models, gaining a deep understanding of the model class remains an elusive endeavour, particularly for the uninitiated in non-equilibrium statistical physics. Thanks to the rapid rate of progress in the field, most existing work on diffusion models focuses on either applications or theoretical contributions. Unfortunately, the theoretical material is often inaccessible to practitioners and new researchers, leading to a risk of superficial understanding in ongoing research. Given that diffusion models are now an indispensable tool, a clear and consolidating perspective on the model class is needed to properly contextualize recent advances in generative modelling and lower the barrier to entry for new researchers. To that end, we revisit predecessors to diffusion models like hierarchical latent variable models and synthesize a holistic perspective using only directed graphical modelling and variational inference principles. The resulting narrative is easier to follow as it imposes fewer prerequisites on the average reader relative to the view from non-equilibrium thermodynamics or stochastic differential equations.",2401.06281,https://doi.org/10.1561/0600000113
,missed survey (venue says survey),Annual Review of Statistics and Its Application,2018,0,0.906,Introduction,"The Statistics Consortium at the University of Maryland, College Park, hosted a two-day workshop on Bayesian Methods that Frequentists Should Know during April 30--May 1, 2008. The event was co-sponsored by the Institute of Mathematical Statistics (IMS), Office of Research and Methodology, National Center for Health Statistics, Survey Research Methods Section (SRMS) of the American Statistical Association, and Washington Statistical Society. The workshop was intended to bring out the positive features of Bayesian statistics in solving real-life problems, including complex problems in sample surveys and production of high-quality official statistics.",1109.6405,https://doi.org/10.1146/annurev-st-011018-100001
,missed survey (venue says survey),Annual Reviews in Control,2021,60,0.424,Dynamical Characterization of Antiviral Effects in COVID-19,"Mathematical models describing SARS-CoV-2 dynamics and the corresponding immune responses in patients with COVID-19 can be critical to evaluate possible clinical outcomes of antiviral treatments. In this work, based on the concept of virus spreadability in the host, antiviral effectiveness thresholds are determined to establish whether or not a treatment will be able to clear the infection. In addition, the virus dynamic in the host -- including the time-to-peak and the final monotonically decreasing behavior -- is chracterized as a function of the treatment initial time. Simulation results, based on nine real patient data, show the potential clinical benefits of a treatment classification according to patient critical parameters. This study is aimed at paving the way for the different antivirals being developed to tackle SARS-CoV-2.",2012.15585,https://doi.org/10.1016/j.arcontrol.2021.05.001
,missed survey (venue says survey),Annual Reviews in Control,2021,59,0.016,COVID-19 epidemic control using short-term lockdowns for collective gain,"While many efforts are currently devoted to vaccines development and administration, social distancing measures, including severe restrictions such as lockdowns, remain fundamental tools to contain the spread of COVID-19. A crucial point for any government is to understand, on the basis of the epidemic curve, the right temporal instant to set up a lockdown and then to remove it. Different strategies are being adopted with distinct shades of intensity. USA and Europe tend to introduce restrictions of considerable temporal length. They vary in time: a severe lockdown may be reached and then gradually relaxed. An interesting alternative is the Australian model where short and sharp responses have repeatedly tackled the virus and allowed people a return to near normalcy. After a few positive cases are detected, a lockdown is immediately set. In this paper we show that the Australian model can be generalized and given a rigorous mathematical analysis, casting strategies of the type short-term pain for collective gain in the context of sliding-mode control, an important branch of nonlinear control theory. This allows us to gain important insights regarding how to implement short-term lockdowns, obtaining a better understanding of their merits and possible limitations. Our model predicts the duration of the severe lockdown to be set to maintain e.g. the number of people in intensive care under a certain threshold. After tuning our strategy exploiting data collected in Italy, it turns out that COVID-19 epidemic could be e.g. controlled by alternating one or two weeks of complete lockdown with one or two months of freedom, respectively. Control strategies of this kind, where the lockdown's duration is well circumscribed, could be important also to alleviate coronavirus impact on economy.",2109.00995,https://doi.org/10.1016/j.arcontrol.2021.10.017
,missed survey (venue says survey),Archives of Computational Methods in Engineering,2020,287,0.057,HDGlab: An open-source implementation of the hybridisable discontinuous Galerkin method in MATLAB,"This paper presents HDGlab, an open source MATLAB implementation of the hybridisable discontinuous Galerkin (HDG) method. The main goal is to provide a detailed description of both the HDG method for elliptic problems and its implementation available in HDGlab. Ultimately, this is expected to make this relatively new advanced discretisation method more accessible to the computational engineering community. HDGlab presents some features not available in other implementations of the HDG method that can be found in the free domain. First, it implements high-order polynomial shape functions up to degree nine, with both equally-spaced and Fekete nodal distributions. Second, it supports curved isoparametric simplicial elements in two and three dimensions. Third, it supports non-uniform degree polynomial approximations and it provides a flexible structure to devise degree adaptivity strategies. Finally, an interface with the open-source high-order mesh generator Gmsh is provided to facilitate its application to practical engineering problems.",2009.08805,https://doi.org/10.1007/s11831-020-09502-5
,missed survey (venue says survey),Annual Reviews in Control,2023,49,0.024,Active queue management for alleviating Internet congestion via a nonlinear differential equation with a variable delay,"Active Queue Management (AQM) for mitigating Internet congestion has been addressed via various feedback control syntheses, especially P, PI, and PID regulators, by using a linear approximation where the ``round trip time'', i.e., the delay, is assumed to be constant. This constraint is lifted here by using a nonlinear modeling with a variable delay, introduced more than 20 years ago. This delay, intimately linked to the congestion phenomenon, may be viewed as a ``flat output.'' All other system variables, especially the control variable, i.e., the packet loss ratio, are expressed as a function of the delay and its derivatives: they are frozen if the delay is kept constant. This flatness-like property, which demonstrates the mathematical discrepancy of the linear approximation adopted until today, yields also our control strategy in two steps: Firstly, designing an open-loop control, thanks to straightforward flatness-based control techniques, and secondly, closing the loop via Model-Free Control (MFC) in order to take into account severe model mismatches, like, here, the number of TCP sessions. Several convincing computer simulations, which are easily implementable, are presented and discussed.",2302.09671,https://doi.org/10.1016/j.arcontrol.2023.02.002
,missed survey (venue says survey),Statistics Surveys,2017,74,0.834,Basic models and questions in statistical network analysis,"Extracting information from large graphs has become an important statistical problem since network data is now common in various fields. In this minicourse we will investigate the most natural statistical questions for three canonical probabilistic models of networks: (i) community detection in the stochastic block model, (ii) finding the embedding of a random geometric graph, and (iii) finding the original vertex in a preferential attachment tree. Along the way we will cover many interesting topics in probability theory such as P\'olya urns, large deviation theory, concentration of measure in high dimension, entropic central limit theorems, and more.",1609.03511,https://doi.org/10.1214/17-ss117
,missed survey (venue says survey),Foundations and Trends in Signal Processing,2025,0,0.844,Discrete Latent Structure in Neural Networks,"Many types of data from fields including natural language processing, computer vision, and bioinformatics, are well represented by discrete, compositional structures such as trees, sequences, or matchings. Latent structure models are a powerful tool for learning to extract such representations, offering a way to incorporate structural bias, discover insight about the data, and interpret decisions. However, effective training is challenging, as neural networks are typically designed for continuous computation. This text explores three broad strategies for learning with discrete latent structure: continuous relaxation, surrogate gradients, and probabilistic estimation. Our presentation relies on consistent notations for a wide range of models. As such, we reveal many new connections between latent structure learning strategies, showing how most consist of the same small set of fundamental building blocks, but use them differently, leading to substantially different applicability and properties.",2301.07473,https://doi.org/10.1561/2000000134
,missed survey (venue says survey),Statistics Surveys,2015,29,0.017,A unified treatment for non-asymptotic and asymptotic approaches to minimax signal detection,"We are concerned with minimax signal detection. In this setting, we discuss non-asymptotic and asymptotic approaches through a unified treatment. In particular, we consider a Gaussian sequence model that contains classical models as special cases, such as, direct, well-posed inverse and ill-posed inverse problems. Working with certain ellipsoids in the space of squared-summable sequences of real numbers, with a ball of positive radius removed, we compare the construction of lower and upper bounds for the minimax separation radius (non-asymptotic approach) and the minimax separation rate (asymptotic approach) that have been proposed in the literature. Some additional contributions, bringing into light links between non-asymptotic and asymptotic approaches to minimax signal, are also presented. An example of a mildly ill-posed inverse problem is used for illustrative purposes. In particular, it is shown that tools used to derive `asymptotic' results can be exploited to draw `non-asymptotic' conclusions, and vice-versa.",1406.5387,https://doi.org/10.1214/15-ss112
,missed survey (venue says survey),Annual Reviews in Control,2017,35,0.927,Uniformly hyperbolic control theory,"This paper gives a summary of a body of work at the intersection of control theory and smooth nonlinear dynamics. The main idea is to transfer the concept of uniform hyperbolicity, central to the theory of smooth dynamical systems, to control-affine systems. Combining the strength of geometric control theory and the hyperbolic theory of dynamical systems, it is possible to deduce control-theoretic results of non-local nature that reveal remarkable analogies to the classical hyperbolic theory of dynamical systems. This includes results on controllability, robustness, and practical stabilizability in a networked control framework.",1511.08138,https://doi.org/10.1016/j.arcontrol.2017.02.001
,missed survey (venue says survey),Archives of Computational Methods in Engineering,2020,37,0.215,Automatic differentiation for solid mechanics,"Automatic differentiation (AD) is an ensemble of techniques that allow to evaluate accurate numerical derivatives of a mathematical function expressed in a computer programming language. In this paper we use AD for stating and solving solid mechanics problems. Given a finite element discretization of the domain, we evaluate the free energy of the solid as the integral of its strain energy density, and we make use of AD for directly obtaining the residual force vector and the tangent stiffness matrix of the problem, as the gradient and the Hessian of the free energy respectively. The result is a remarkable simplification in the statement and the solution of complex problems involving non trivial constraints systems and both geometrical and material non linearities. Together with the continuum mechanics theoretical basis, and with a description of the specific AD technique adopted, the paper illustrates the solution of a number of solid mechanics problems, with the aim of presenting a convenient numerical implementation approach, made easily available by recent programming languages, to the solid mechanics community.",2001.07366,https://doi.org/10.1007/s11831-019-09396-y
,missed survey (venue says survey),WIREs Data Mining and Knowledge Discovery,2020,50,0.011,O-MedAL: Online Active Deep Learning for Medical Image Analysis,"Active Learning methods create an optimized labeled training set from unlabeled data. We introduce a novel Online Active Deep Learning method for Medical Image Analysis. We extend our MedAL active learning framework to present new results in this paper. Our novel sampling method queries the unlabeled examples that maximize the average distance to all training set examples. Our online method enhances performance of its underlying baseline deep network. These novelties contribute significant performance improvements, including improving the model's underlying deep network accuracy by 6.30%, using only 25% of the labeled dataset to achieve baseline accuracy, reducing backpropagated images during training by as much as 67%, and demonstrating robustness to class imbalance in binary and multi-class tasks.",1908.10508,https://doi.org/10.1002/widm.1353
,missed survey (venue says survey),Annual Reviews in Control,2021,30,0.156,A time-modulated Hawkes process to model the spread of COVID-19 and the impact of countermeasures,"Motivated by the recent outbreak of coronavirus (COVID-19), we propose a stochastic model of epidemic temporal growth and mitigation based on a time-modulated Hawkes process. The model is sufficiently rich to incorporate specific characteristics of the novel coronavirus, to capture the impact of undetected, asymptomatic and super-diffusive individuals, and especially to take into account time-varying counter-measures and detection efforts. Yet, it is simple enough to allow scalable and efficient computation of the temporal evolution of the epidemic, and exploration of what-if scenarios. Compared to traditional compartmental models, our approach allows a more faithful description of virus specific features, such as distributions for the time spent in stages, which is crucial when the time-scale of control (e.g., mobility restrictions) is comparable to the lifetime of a single infection. We apply the model to the first and second wave of COVID-19 in Italy, shedding light into several effects related to mobility restrictions introduced by the government, and to the effectiveness of contact tracing and mass testing performed by the national health service.",2101.00405,https://doi.org/10.1016/j.arcontrol.2021.02.002
,missed survey (venue says survey),Archives of Computational Methods in Engineering,2021,28,0.971,System inference via field inversion for the spatio-temporal progression of infectious diseases: Studies of COVID-19 in Michigan and Mexico,"We present an approach to studying and predicting the spatio-temporal progression of infectious diseases. We treat the problem by adopting a partial differential equation (PDE) version of the Susceptible, Infected, Recovered, Deceased (SIRD) compartmental model of epidemiology, which is achieved by replacing compartmental populations by their densities. Building on our recent work (Computational Mechanics, 66, 1177, 2020), we replace our earlier use of global polynomial basis functions with those having local support, as epitomized in the finite element method, for the spatial representation of the SIRD parameters. The time dependence is treated by inferring constant parameters over time intervals that coincide with the time step in semi-discrete numerical implementations. In combination, this amounts to a scheme of field inversion of the SIRD parameters over each time step. Applied to data over ten months of 2020 for the pandemic in the US state of Michigan and to all of Mexico, our system inference via field inversion infers spatio-temporally varying PDE SIRD parameters that replicate the progression of the pandemic with high accuracy. It also produces accurate predictions, when compared against data, for a three week period into 2021. Of note is the insight that is suggested on the spatio-temporal variation of infection, recovery and death rates, as well as patterns of the population's mobility revealed by diffusivities of the compartments.",2104.14462,https://doi.org/10.1007/s11831-021-09643-1
,missed survey (venue says survey),Foundations and Trends in Machine Learning,2016,137,0.042,Generalized Low Rank Models,"Principal components analysis (PCA) is a well-known technique for approximating a tabular data set by a low rank matrix. Here, we extend the idea of PCA to handle arbitrary data sets consisting of numerical, Boolean, categorical, ordinal, and other data types. This framework encompasses many well known techniques in data analysis, such as nonnegative matrix factorization, matrix completion, sparse and robust PCA, $k$-means, $k$-SVD, and maximum margin matrix factorization. The method handles heterogeneous data sets, and leads to coherent schemes for compressing, denoising, and imputing missing entries across all data types simultaneously. It also admits a number of interesting interpretations of the low rank factors, which allow clustering of examples or of features. We propose several parallel algorithms for fitting generalized low rank models, and describe implementations and numerical results.",1410.0342,https://doi.org/10.1561/2200000055
,missed survey (venue says survey),Foundations and Trends in Machine Learning,2021,193,0.005,Minimum-Distortion Embedding,"We consider the vector embedding problem. We are given a finite set of items, with the goal of assigning a representative vector to each one, possibly under some constraints (such as the collection of vectors being standardized, i.e., having zero mean and unit covariance). We are given data indicating that some pairs of items are similar, and optionally, some other pairs are dissimilar. For pairs of similar items, we want the corresponding vectors to be near each other, and for dissimilar pairs, we want the corresponding vectors to not be near each other, measured in Euclidean distance. We formalize this by introducing distortion functions, defined for some pairs of the items. Our goal is to choose an embedding that minimizes the total distortion, subject to the constraints. We call this the minimum-distortion embedding (MDE) problem. The MDE framework is simple but general. It includes a wide variety of embedding methods, such as spectral embedding, principal component analysis, multidimensional scaling, dimensionality reduction methods (like Isomap and UMAP), force-directed layout, and others. It also includes new embeddings, and provides principled ways of validating historical and new embeddings alike. We develop a projected quasi-Newton method that approximately solves MDE problems and scales to large data sets. We implement this method in PyMDE, an open-source Python package. In PyMDE, users can select from a library of distortion functions and constraints or specify custom ones, making it easy to rapidly experiment with different embeddings. Our software scales to data sets with millions of items and tens of millions of distortion functions. To demonstrate our method, we compute embeddings for several real-world data sets, including images, an academic co-author network, US county demographic data, and single-cell mRNA transcriptomes.",2103.02559,https://doi.org/10.1561/2200000090
,missed survey (venue says survey),Annual Review of Statistics and Its Application,2021,41,0.842,Effects of Causes and Causes of Effects,"We describe and contrast two distinct problem areas for statistical causality: studying the likely effects of an intervention (""effects of causes""), and studying whether there is a causal link between the observed exposure and outcome in an individual case (""causes of effects""). For each of these, we introduce and compare various formal frameworks that have been proposed for that purpose, including the decision-theoretic approach, structural equations, structural and stochastic causal models, and potential outcomes. It is argued that counterfactual concepts are unnecessary for studying effects of causes, but are needed for analysing causes of effects. They are however subject to a degree of arbitrariness, which can be reduced, though not in general eliminated, by taking account of additional structure in the problem.",2104.00119,https://doi.org/10.1146/annurev-statistics-070121-061120
,missed survey (venue says survey),Annual Reviews in Control,2018,84,0.034,A framework for receding-horizon control in infinite-horizon aggregative games,"A novel modelling framework is proposed for the analysis of aggregative games on an infinite-time horizon, assuming that players are subject to heterogeneous periodic constraints. A new aggregative equilibrium notion is presented and the strategic behaviour of the agents is analysed under a receding horizon paradigm. The evolution of the strategies predicted and implemented by the players over time is modelled through a discrete-time multi-valued dynamical system. By considering Lyapunov stability notions and applying limit and invariance results for set-valued correspondences, necessary conditions are derived for convergence of a receding horizon map to a periodic equilibrium of the aggregative game. This result is achieved for any (feasible) initial condition, thus ensuring implicit adaptivity of the proposed control framework to real-time variations in the number and parameters of players. Design and implementation of the proposed control strategy are discussed and an example of distributed control for data routing is presented, evaluating its performance in simulation.",2207.00305,https://doi.org/10.1016/j.arcontrol.2018.04.008
,missed survey (venue says survey),Foundations and Trends in Theoretical Computer Science,2016,0,0.974,Communication Complexity (for Algorithm Designers),"This document collects the lecture notes from my course ""Communication Complexity (for Algorithm Designers),'' taught at Stanford in the winter quarter of 2015. The two primary goals of the course are: 1. Learn several canonical problems that have proved the most useful for proving lower bounds (Disjointness, Index, Gap-Hamming, etc.). 2. Learn how to reduce lower bounds for fundamental algorithmic problems to communication complexity lower bounds. Along the way, we'll also: 3. Get exposure to lots of cool computational models and some famous results about them --- data streams and linear sketches, compressive sensing, space-query time trade-offs in data structures, sublinear-time algorithms, and the extension complexity of linear programs. 4. Scratch the surface of techniques for proving communication complexity lower bounds (fooling sets, corruption bounds, etc.).",1509.06257,https://doi.org/10.1561/0400000076
,missed survey (venue says survey),Foundations and Trends in Privacy and Security,2023,13,0.978,"Decentralized Finance: Protocols, Risks, and Governance","Financial markets are undergoing an unprecedented transformation. Technological advances have brought major improvements to the operations of financial services. While these advances promote improved accessibility and convenience, traditional finance shortcomings like lack of transparency and moral hazard frictions continue to plague centralized platforms, imposing societal costs. In this paper, we argue how these shortcomings and frictions are being mitigated by the decentralized finance (DeFi) ecosystem. We delve into the workings of smart contracts, the backbone of DeFi transactions, with an emphasis on those underpinning token exchange and lending services. We highlight the pros and cons of the novel form of decentralized governance introduced via the ownership of governance tokens. Despite its potential, the current DeFi infrastructure introduces operational risks to users, which we segment into five primary categories: consensus mechanisms, protocol, oracle, frontrunning, and systemic risks. We conclude by emphasizing the need for future research to focus on the scalability of existing blockchains, the improved design and interoperability of DeFi protocols, and the rigorous auditing of smart contracts.",2312.01018,https://doi.org/10.1561/3300000036
,missed survey (venue says survey),Foundations and Trends in Communications and Information Theory,2022,0,0.979,Information-Theoretic Foundations of DNA Data Storage,"Due to its longevity and enormous information density, DNA is an attractive medium for archival data storage. Thanks to rapid technological advances, DNA storage is becoming practically feasible, as demonstrated by a number of experimental storage systems, making it a promising solution for our society's increasing need of data storage. While in living things, DNA molecules can consist of millions of nucleotides, due to technological constraints, in practice, data is stored on many short DNA molecules, which are preserved in a DNA pool and cannot be spatially ordered. Moreover, imperfections in sequencing, synthesis, and handling, as well as DNA decay during storage, introduce random noise into the system, making the task of reliably storing and retrieving information in DNA challenging. This unique setup raises a natural information-theoretic question: how much information can be reliably stored on and reconstructed from millions of short noisy sequences? The goal of this monograph is to address this question by discussing the fundamental limits of storing information on DNA. Motivated by current technological constraints on DNA synthesis and sequencing, we propose a probabilistic channel model that captures three key distinctive aspects of the DNA storage systems: (1) the data is written onto many short DNA molecules that are stored in an unordered fashion; (2) the molecules are corrupted by noise and (3) the data is read by randomly sampling from the DNA pool. Our goal is to investigate the impact of each of these key aspects on the capacity of the DNA storage system. Rather than focusing on coding-theoretic considerations and computationally efficient encoding and decoding, we aim to build an information-theoretic foundation for the analysis of these channels, developing tools for achievability and converse arguments.",2211.05552,https://doi.org/10.1561/0100000117
,missed survey (venue says survey),Annual Review of Statistics and Its Application,2021,65,0.913,Framing causal questions in life course epidemiology,"We describe the principles of counterfactual thinking in providing more precise definitions of causal effects and some of the implications of this work for the way in which causal questions in life course research are framed and evidence evaluated. Terminology is explained and examples of common life course analyses are discussed that focus on the timing of exposures, the mediation of their effects, observed and unobserved confounders, and measurement error. The examples are illustrated by analyses using singleton and twin cohort data.",2105.07982,https://doi.org/10.1146/annurev-statistics-040120-024748
,missed survey (venue says survey),Foundations and Trends in Machine Learning,2018,89,0.98,An Introduction to Wishart Matrix Moments,"These lecture notes provide a comprehensive, self-contained introduction to the analysis of Wishart matrix moments. This study may act as an introduction to some particular aspects of random matrix theory, or as a self-contained exposition of Wishart matrix moments. Random matrix theory plays a central role in statistical physics, computational mathematics and engineering sciences, including data assimilation, signal processing, combinatorial optimization, compressed sensing, econometrics and mathematical finance, among numerous others. The mathematical foundations of the theory of random matrices lies at the intersection of combinatorics, non-commutative algebra, geometry, multivariate functional and spectral analysis, and of course statistics and probability theory. As a result, most of the classical topics in random matrix theory are technical, and mathematically difficult to penetrate for non-experts and regular users and practitioners. The technical aim of these notes is to review and extend some important results in random matrix theory in the specific context of real random Wishart matrices. This special class of Gaussian-type sample covariance matrix plays an important role in multivariate analysis and in statistical theory. We derive non-asymptotic formulae for the full matrix moments of real valued Wishart random matrices. As a corollary, we derive and extend a number of spectral and trace-type results for the case of non-isotropic Wishart random matrices. We also derive the full matrix moment analogues of some classic spectral and trace-type moment results. For example, we derive semi-circle and Marchencko-Pastur-type laws in the non-isotropic and full matrix cases. Laplace matrix transforms and matrix moment estimates are also studied, along with new spectral and trace concentration-type inequalities.",1710.10864,https://doi.org/10.1561/2200000072
,missed survey (venue says survey),Foundations and Trends in Signal Processing,2023,61,0.005,Signal Decomposition Using Masked Proximal Operators,"We consider the well-studied problem of decomposing a vector time series signal into components with different characteristics, such as smooth, periodic, nonnegative, or sparse. We describe a simple and general framework in which the components are defined by loss functions (which include constraints), and the signal decomposition is carried out by minimizing the sum of losses of the components (subject to the constraints). When each loss function is the negative log-likelihood of a density for the signal component, this framework coincides with maximum a posteriori probability (MAP) estimation; but it also includes many other interesting cases. Summarizing and clarifying prior results, we give two distributed optimization methods for computing the decomposition, which find the optimal decomposition when the component class loss functions are convex, and are good heuristics when they are not. Both methods require only the masked proximal operator of each of the component loss functions, a generalization of the well-known proximal operator that handles missing entries in its argument. Both methods are distributed, i.e., handle each component separately. We derive tractable methods for evaluating the masked proximal operators of some loss functions that, to our knowledge, have not appeared in the literature.",2202.09338,https://doi.org/10.1561/2000000122
,missed survey (venue says survey),WIREs Data Mining and Knowledge Discovery,2022,76,0.028,ExplainFix: Explainable Spatially Fixed Deep Networks,"Is there an initialization for deep networks that requires no learning? ExplainFix adopts two design principles: the ""fixed filters"" principle that all spatial filter weights of convolutional neural networks can be fixed at initialization and never learned, and the ""nimbleness"" principle that only few network parameters suffice. We contribute (a) visual model-based explanations, (b) speed and accuracy gains, and",2303.10408,https://doi.org/10.1002/widm.1483
,missed survey (venue says survey),Foundations and Trends in Machine Learning,2023,29,0.498,"Reinforcement Learning, Bit by Bit","Reinforcement learning agents have demonstrated remarkable achievements in simulated environments. Data efficiency poses an impediment to carrying this success over to real environments. The design of data-efficient agents calls for a deeper understanding of information acquisition and representation. We discuss concepts and regret analysis that together offer principled guidance. This line of thinking sheds light on questions of what information to seek, how to seek that information, and what information to retain. To illustrate concepts, we design simple agents that build on them and present computational results that highlight data efficiency.",2103.04047,https://doi.org/10.1561/2200000097
,missed survey (venue says survey),Archives of Computational Methods in Engineering,2017,33,0.023,Reduced Modeling of Unknown Trajectories,"This paper deals with model order reduction of parametrical dynamical systems. We consider the specific setup where the distribution of the system's trajectories is unknown but the following two sources of information are available: \textit{(i)} some ""rough"" prior knowledge on the system's realisations; \textit{(ii)} a set of ""incomplete"" observations of the system's trajectories. We propose a Bayesian methodological framework to build reduced-order models (ROMs) by exploiting these two sources of information. We emphasise that complementing the prior knowledge with the collected data provably enhances the knowledge of the distribution of the system's trajectories. We then propose an implementation of the proposed methodology based on Monte-Carlo methods. In this context, we show that standard ROM learning techniques, such e.g. Proper Orthogonal Decomposition or Dynamic Mode Decomposition, can be revisited and recast within the probabilistic framework considered in this paper.~We illustrate the performance of the proposed approach by numerical results obtained for a standard geophysical model.",1702.08846,https://doi.org/10.1007/s11831-017-9229-0
,missed survey (venue says survey),Statistics Surveys,2023,65,0.134,Causal mediation analysis: From simple to more robust strategies for estimation of marginal natural (in)direct effects,"This paper aims to provide practitioners of causal mediation analysis with a better understanding of estimation options. We take as inputs two familiar strategies (weighting and model-based prediction) and a simple way of combining them (weighted models), and show how a range of estimators can be generated, with different modeling requirements and robustness properties. The primary goal is to help build intuitive appreciation for robust estimation that is conducive to sound practice. A second goal is to provide a ""menu"" of estimators that practitioners can choose from for the estimation of marginal natural (in)direct effects. The estimators generated from this exercise include some that coincide or are similar to existing estimators and others that have not previously appeared in the literature. We note several different ways to estimate the weights for cross-world weighting based on three expressions of the weighting function, including one that is novel; and show how to check the resulting covariate and mediator balance. We use a random continuous weights bootstrap to obtain confidence intervals, and also derive general asymptotic variance formulas for the estimators. The estimators are illustrated using data from an adolescent alcohol use prevention study.",2102.06048,https://doi.org/10.1214/22-ss140
,missed survey (venue says survey),Annual Reviews in Control,2023,69,0.052,Dynamically adaptive networks for integrating optimal pressure management and self-cleaning controls,"This paper investigates the problem of integrating optimal pressure management and self-cleaning controls in dynamically adaptive water distribution networks. We review existing single-objective valve placement and control problems for minimizing average zone pressure (AZP) and maximizing self-cleaning capacity (SCC). Since AZP and SCC are conflicting objectives, we formulate a bi-objective design-for-control problem where locations and operational settings of pressure control and automatic flushing valves are jointly optimized. We approximate Pareto fronts using the weighted sum scalarization method, which uses a previously developed convex heuristic to solve the sequence of parametrized single-objective problems. The resulting Pareto fronts suggest that significant improvements in SCC can be achieved for minimal trade-offs in AZP performance. Moreover, we demonstrate that a hierarchical design strategy is capable of yielding good quality solutions to both objectives. This hierarchical design considers pressure control valves first placed for the primary AZP objective, followed by automatic flushing valves placed to augment SCC conditions. In addition, we investigate an adaptive control scheme for dynamically transitioning between AZP and SCC controls. We demonstrate these control challenges on case networks with both interconnected and branched topology.",2304.04727,https://doi.org/10.1016/j.arcontrol.2023.03.014
,missed survey (venue says survey),Annual Reviews in Control,2021,50,0.006,Event-Triggered Control for Mitigating SIS Spreading Processes,"In this paper, we investigate the problem of designing event-triggered controllers for containing epidemic processes in complex networks. We focus on a deterministic susceptible-infected-susceptible (SIS) model, which is one of the well-known, fundamental models that capture the epidemic spreading. The event-triggered control is particularly formulated in the context of viral spreading, in which control inputs (e.g., the amount of medical treatments, a level of traffic regulations) for each subpopulation are updated only when the fraction of the infected people in the subpopulation exceeds a prescribed threshold. We analyze stability of the proposed event-triggered controller, and derives a sufficient condition for a prescribed control objective to be achieved. Moreover, we propose a novel emulation-based approach towards the design of the event-triggered controller, and show that the problem of designing the event-triggered controller can be solved in polynomial time using geometric programming. We illustrate the effectiveness of the proposed approach through numerical simulations using an air transportation network.",2012.15146,https://doi.org/10.1016/j.arcontrol.2021.08.001
,missed survey (venue says survey),"Annual Review of Control, Robotics, and Autonomous Systems",2021,71,0.909,Behavior Trees in Robot Control Systems,"In this paper we will give a control theoretic perspective on the research area of behavior trees in robotics. The key idea underlying behavior trees is to make use of modularity, hierarchies and feedback, in order to handle the complexity of a versatile robot control system. Modularity is a well-known tool to handle software complexity by enabling development, debugging and extension of separate modules without having detailed knowledge of the entire system. A hierarchy of such modules is natural, since robot tasks can often be decomposed into a hierarchy of sub-tasks. Finally, feedback control is a fundamental tool for handling uncertainties and disturbances in any low level control system, but in order to enable feedback control on the higher level, where one module decides what submodule to execute, information regarding progress and applicability of each submodule needs to be shared in the module interfaces. We will describe how these three concepts come to use in theoretical analysis, practical design, as well as extensions and combinations with other ideas from control theory and robotics.",2203.13083,https://doi.org/10.1146/annurev-control-042920-095314
,missed survey (venue says survey),Archives of Computational Methods in Engineering,2017,47,0.057,Observable dictionary learning for high-dimensional statistical inference,"This paper introduces a method for efficiently inferring a high-dimensional distributed quantity from a few observations. The quantity of interest (QoI) is approximated in a basis (dictionary) learned from a training set. The coefficients associated with the approximation of the QoI in the basis are determined by minimizing the misfit with the observations. To obtain a probabilistic estimate of the quantity of interest, a Bayesian approach is employed. The QoI is treated as a random field endowed with a hierarchical prior distribution so that closed-form expressions can be obtained for the posterior distribution. The main contribution of the present work lies in the derivation of \emph{a representation basis consistent with the observation chain} used to infer the associated coefficients. The resulting dictionary is then tailored to be both observable by the sensors and accurate in approximating the posterior mean. An algorithm for deriving such an observable dictionary is presented. The method is illustrated with the estimation of the velocity field of an open cavity flow from a handful of wall-mounted point sensors. Comparison with standard estimation approaches relying on Principal Component Analysis and K-SVD dictionaries is provided and illustrates the superior performance of the present approach.",1702.05289,https://doi.org/10.1007/s11831-017-9219-2
,false positive (venue says research),Machine Learning,2021,63,0.991,ReliefE: Feature Ranking in High-dimensional Spaces via Manifold Embeddings,"Feature ranking has been widely adopted in machine learning applications such as high-throughput biology and social sciences. The approaches of the popular Relief family of algorithms assign importances to features by iteratively accounting for nearest relevant and irrelevant instances. Despite their high utility, these algorithms can be computationally expensive and not-well suited for high-dimensional sparse input spaces. In contrast, recent embedding-based methods learn compact, low-dimensional representations, potentially facilitating down-stream learning capabilities of conventional learners. This paper explores how the Relief branch of algorithms can be adapted to benefit from (Riemannian) manifold-based embeddings of instance and target spaces, where a given embedding's dimensionality is intrinsic to the dimensionality of the considered data set. The developed ReliefE algorithm is faster and can result in better feature rankings, as shown by our evaluation on 20 real-life data sets for multi-class and multi-label classification tasks. The utility of ReliefE for high-dimensional data sets is ensured by its implementation that utilizes sparse matrix algebraic operations. Finally, the relation of ReliefE to other ranking algorithms is studied via the Fuzzy Jaccard Index.",2101.09577,https://doi.org/10.1007/s10994-021-05998-5
,false positive (venue says research),IEEE Transactions on Robotics,2021,42,0.982,Autonomous Cave Surveying with an Aerial Robot,"This paper presents a method for cave surveying in total darkness using an autonomous aerial vehicle equipped with a depth camera for mapping, downward-facing camera for state estimation, and forward and downward lights. Traditional methods of cave surveying are labor-intensive and dangerous due to the risk of hypothermia when collecting data over extended periods of time in cold and damp environments, the risk of injury when operating in darkness in rocky or muddy environments, and the potential structural instability of the subterranean environment. Although these dangers can be mitigated by deploying robots to map dangerous passages and voids, real-time feedback is often needed to operate robots safely and efficiently. Few state-of-the-art, high-resolution perceptual modeling techniques attempt to reduce their high bandwidth requirements to work well with low bandwidth communication channels. To bridge this gap in the state of the art, this work compactly represents sensor observations as Gaussian mixture models and maintains a local occupancy grid map for a motion planner that greedily maximizes an information-theoretic objective function. The approach accommodates both limited field of view depth cameras and larger field of view LiDAR sensors and is extensively evaluated in long duration simulations on an embedded PC. An aerial system is leveraged to demonstrate the repeatability of the approach in a flight arena as well as the effects of communication dropouts. Finally, the system is deployed in Laurel Caverns, a commercially owned and operated cave in southwestern Pennsylvania, USA, and a wild cave in West Virginia, USA.",2003.13883,https://doi.org/10.1109/tro.2021.3104459
,false positive (venue says research),Journal of Machine Learning Research,2012,0,0.995,An Introduction to Artificial Prediction Markets for Classification,"Prediction markets are used in real life to predict outcomes of interest such as presidential elections. This paper presents a mathematical theory of artificial prediction markets for supervised learning of conditional probability estimators. The artificial prediction market is a novel method for fusing the prediction information of features or trained classifiers, where the fusion result is the contract price on the possible outcomes. The market can be trained online by updating the participants' budgets using training examples. Inspired by the real prediction markets, the equations that govern the market are derived from simple and reasonable assumptions. Efficient numerical algorithms are presented for solving these equations. The obtained artificial prediction market is shown to be a maximum likelihood estimator. It generalizes linear aggregation, existent in boosting and random forest, as well as logistic regression and some kernel methods. Furthermore, the market mechanism allows the aggregation of specialized classifiers that participate only on specific instances. Experimental comparisons show that the artificial prediction markets often outperform random forest and implicit online learning on synthetic data and real UCI datasets. Moreover, an extensive evaluation for pelvic and abdominal lymph node detection in CT data shows that the prediction market improves adaboost's detection rate from 79.6% to 81.2% at 3 false positives/volume.",1102.1465,https://doi.org/10.5555/2503308.2503312
,false positive (venue says research),Journal of the American Statistical Association,2016,51,0.999,Model-Based Geostatistics for Prevalence Mapping in Low-Resource Settings,"In low-resource settings, prevalence mapping relies on empirical prevalence data from a finite, often spatially sparse, set of surveys of communities within the region of interest, possibly supplemented by remotely sensed images that can act as proxies for environmental risk factors. A standard geostatistical model for data of this kind is a generalized linear mixed model with binomial error distribution, logistic link and a combination of explanatory variables and a Gaussian spatial stochastic process in the linear predictor. In this paper, we first review statistical methods and software associated with this standard model, then consider several methodological extensions whose development has been motivated by the requirements of specific applications. These include: methods for combining randomised survey data with data from non-randomised, and therefore potentially biased, surveys; spatio-temporal extensions; spatially structured zero-inflation. Throughout, we illustrate the methods with disease mapping applications that have arisen through our involvement with a range of African public health programmes.",1505.06891,https://doi.org/10.1080/01621459.2015.1123158
,false positive (venue says research),IEEE Transactions on Signal Processing,2014,33,0.998,A new algorithm for complex non orthogonal joint diagonalization based on Shear and Givens rotations,"This paper introduces a new algorithm to approximate non orthogonal joint diagonalization (NOJD) of a set of complex matrices. This algorithm is based on the Frobenius norm formulation of the JD problem and takes advantage from combining Givens and Shear rotations to attempt the approximate joint diagonalization (JD). It represents a non trivial generalization of the JDi (Joint Diagonalization) algorithm (Souloumiac 2009) to the complex case. The JDi is first slightly modified then generalized to the CJDi (i.e. Complex JDi) using complex to real matrix transformation. Also, since several methods exist already in the literature, we propose herein a brief overview of existing NOJD algorithms then we provide an extensive comparative study to illustrate the effectiveness and stability of the CJDi w.r.t. various system parameters and application contexts.",1306.0331,https://doi.org/10.1109/tsp.2014.2303947
,false positive (venue says research),Journal of the American Statistical Association,2021,37,0.999,Thirty Years of The Network Scale up Method,"Estimating the size of hard-to-reach populations is an important problem for many fields. The Network Scale-up Method (NSUM) is a relatively new approach to estimate the size of these hard-to-reach populations by asking respondents the question, ""How many X's do you know,"" where X is the population of interest (e.g. ""How many female sex workers do you know?""). The answers to these questions form Aggregated Relational Data (ARD). The NSUM has been used to estimate the size of a variety of subpopulations, including female sex workers, drug users, and even children who have been hospitalized for choking. Within the Network Scale-up methodology, there are a multitude of estimators for the size of the hidden population, including direct estimators, maximum likelihood estimators, and Bayesian estimators. In this article, we first provide an in-depth analysis of ARD properties and the techniques to collect the data. Then, we comprehensively review different estimation methods in terms of the assumptions behind each model, the relationships between the estimators, and the practical considerations of implementing the methods. Finally, we provide a summary of the dominant methods and an extensive list of the applications, and discuss the open problems and potential research directions in this area.",2011.12516,https://doi.org/10.1080/01621459.2021.1935267
,false positive (venue says research),IEEE Transactions on Signal Processing,2023,243,0.997,Stochastic Approximation Beyond Gradient for Signal Processing and Machine Learning,"Stochastic Approximation (SA) is a classical algorithm that has had since the early days a huge impact on signal processing, and nowadays on machine learning, due to the necessity to deal with a large amount of data observed with uncertainties. An exemplar special case of SA pertains to the popular stochastic (sub)gradient algorithm which is the working horse behind many important applications. A lesser-known fact is that the SA scheme also extends to non-stochastic-gradient algorithms such as compressed stochastic gradient, stochastic expectation-maximization, and a number of reinforcement learning algorithms. The aim of this article is to overview and introduce the non-stochastic-gradient perspectives of SA to the signal processing and machine learning audiences through presenting a design guideline of SA algorithms backed by theories. Our central theme is to propose a general framework that unifies existing theories of SA, including its non-asymptotic and asymptotic convergence results, and demonstrate their applications on popular non-stochastic-gradient algorithms. We build our analysis framework based on classes of Lyapunov functions that satisfy a variety of mild conditions. We draw connections between non-stochastic-gradient algorithms and scenarios when the Lyapunov function is smooth, convex, or strongly convex. Using the said framework, we illustrate the convergence properties of the non-stochastic-gradient algorithms using concrete examples. Extensions to the emerging variance reduction techniques for improved sample complexity will also be discussed.",2302.11147,https://doi.org/10.1109/tsp.2023.3301121
,false positive (venue says research),Information Retrieval,2021,236,0.996,Neural ranking models for document retrieval,"Ranking models are the main components of information retrieval systems. Several approaches to ranking are based on traditional machine learning algorithms using a set of hand-crafted features. Recently, researchers have leveraged deep learning models in information retrieval. These models are trained end-to-end to extract features from the raw data for ranking tasks, so that they overcome the limitations of hand-crafted features. A variety of deep learning models have been proposed, and each model presents a set of neural network components to extract features that are used for ranking. In this paper, we compare the proposed models in the literature along different dimensions in order to understand the major contributions and limitations of each model. In our discussion of the literature, we analyze the promising neural components, and propose future research directions. We also show the analogy between document retrieval and other retrieval tasks where the items to be ranked are structured documents, answers, images and videos.",2102.11903,https://doi.org/10.1007/s10791-021-09398-0
,false positive (venue says research),Journal of the American Statistical Association,2020,56,0.982,High dimensional precision medicine from patient-derived xenografts,"The complexity of human cancer often results in significant heterogeneity in response to treatment. Precision medicine offers potential to improve patient outcomes by leveraging this heterogeneity. Individualized treatment rules (ITRs) formalize precision medicine as maps from the patient covariate space into the space of allowable treatments. The optimal ITR is that which maximizes the mean of a clinical outcome in a population of interest. Patient-derived xenograft (PDX) studies permit the evaluation of multiple treatments within a single tumor and thus are ideally suited for estimating optimal ITRs. PDX data are characterized by correlated outcomes, a high-dimensional feature space, and a large number of treatments. Existing methods for estimating optimal ITRs do not take advantage of the unique structure of PDX data or handle the associated challenges well. In this paper, we explore machine learning methods for estimating optimal ITRs from PDX data. We analyze data from a large PDX study to identify biomarkers that are informative for developing personalized treatment recommendations in multiple cancers. We estimate optimal ITRs using regression-based approaches such as Q-learning and direct search methods such as outcome weighted learning. Finally, we implement a superlearner approach to combine a set of estimated ITRs and show that the resulting ITR performs better than any of the input ITRs, mitigating uncertainty regarding user choice of any particular ITR estimation methodology. Our results indicate that PDX data are a valuable resource for developing individualized treatment strategies in oncology.",1912.06667,https://doi.org/10.1080/01621459.2020.1828091
,false positive (venue says research),Journal of Machine Learning Research,2020,0,0.996,Best Practices for Scientific Research on Neural Architecture Search,"Finding a well-performing architecture is often tedious for both DL practitioners and researchers, leading to tremendous interest in the automation of this task by means of neural architecture search (NAS). Although the community has made major strides in developing better NAS methods, the quality of scientific empirical evaluations in the young field of NAS is still lacking behind that of other areas of machine learning. To address this issue, we describe a set of possible issues and ways to avoid them, leading to the NAS best practices checklist available at http://automl.org/nas_checklist.pdf.",1909.02453,
,false positive (venue says research),IEEE Transactions on Robotics,2021,124,0.998,"Outlier-Robust Estimation: Hardness, Minimally Tuned Algorithms, and Applications","Nonlinear estimation in robotics and vision is typically plagued with outliers due to wrong data association, or to incorrect detections from signal processing and machine learning methods. This paper introduces two unifying formulations for outlier-robust estimation, Generalized Maximum Consensus (G-MC) and Generalized Truncated Least Squares (G-TLS), and investigates fundamental limits, practical algorithms, and applications. Our first contribution is a proof that outlier-robust estimation is inapproximable: in the worst case, it is impossible to (even approximately) find the set of outliers, even with slower-than-polynomial-time algorithms (particularly, algorithms running in quasi-polynomial time). As a second contribution, we review and extend two general-purpose algorithms. The first, Adaptive Trimming (ADAPT), is combinatorial, and is suitable for G-MC; the second, Graduated Non-Convexity (GNC), is based on homotopy methods, and is suitable for G-TLS. We extend ADAPT and GNC to the case where the user does not have prior knowledge of the inlier-noise statistics (or the statistics may vary over time) and is unable to guess a reasonable threshold to separate inliers from outliers (as the one commonly used in RANSAC). We propose the first minimally tuned algorithms for outlier rejection, that dynamically decide how to separate inliers from outliers. Our third contribution is an evaluation of the proposed algorithms on robot perception problems: mesh registration, image-based object detection (shape alignment), and pose graph optimization. ADAPT and GNC execute in real-time, are deterministic, outperform RANSAC, and are robust up to 80-90% outliers. Their minimally tuned versions also compare favorably with the state of the art, even though they do not rely on a noise bound for the inliers.",2007.15109,https://doi.org/10.1109/tro.2021.3094984
,false positive (venue says research),IEEE Transactions on Image Processing,2020,85,0.958,A Benchmark for Sparse Coding: When Group Sparsity Meets Rank Minimization,"Sparse coding has achieved a great success in various image processing tasks. However, a benchmark to measure the sparsity of image patch/group is missing since sparse coding is essentially an NP-hard problem. This work attempts to fill the gap from the perspective of rank minimization. More details please see the manuscript....",1709.03979,https://doi.org/10.1109/tip.2020.2972109
,false positive (venue says research),Journal of Machine Learning Research,2012,61,0.994,Counterfactual Reasoning and Learning Systems,This work shows how to leverage causal inference to understand the behavior of complex learning systems interacting with their environment and predict the consequences of changes to the system. Such predictions allow both humans and algorithms to select changes that improve both the short-term and long-term performance of such systems. This work is illustrated by experiments carried out on the ad placement system associated with the Bing search engine.,1209.2355,https://doi.org/10.5555/2567709.2567766
,false positive (venue says research),Journal of the American Statistical Association,2025,48,0.994,Tail calibration of probabilistic forecasts,"Probabilistic forecasts comprehensively describe the uncertainty in the unknown future outcome, making them essential for decision making and risk management. While several methods have been introduced to evaluate probabilistic forecasts, existing evaluation techniques are ill-suited to the evaluation of tail properties of such forecasts. However, these tail properties are often of particular interest to forecast users due to the severe impacts caused by extreme outcomes. In this work, we introduce a general notion of tail calibration for probabilistic forecasts, which allows forecasters to assess the reliability of their predictions for extreme outcomes. We study the relationships between tail calibration and standard notions of forecast calibration, and discuss connections to peaks-over-threshold models in extreme value theory. Diagnostic tools are introduced and applied in a case study on European precipitation forecasts",2407.03167,https://doi.org/10.1080/01621459.2025.2506194
,false positive (venue says research),Neural Computation,2024,237,0.893,Predictive representations: building blocks of intelligence,"Adaptive behavior often requires predicting future events. The theory of reinforcement learning prescribes what kinds of predictive representations are useful and how to compute them. This paper integrates these theoretical ideas with work on cognition and neuroscience. We pay special attention to the successor representation (SR) and its generalizations, which have been widely applied both as engineering tools and models of brain function. This convergence suggests that particular kinds of predictive representations may function as versatile building blocks of intelligence.",2402.0659,https://doi.org/10.1162/neco_a_01705
