OpenAlexId,Split
W4408590657,train
W4376149513,train
W4415178881,train
W2030364091,val
W2804743778,train
W2100818996,train
W4400223001,train
W3020628354,train
W2783741789,train
W3128032258,train
W4312588618,test
W4288782917,train
W4391883794,test
W4410226386,test
W2893561068,train
W4411042460,train
W4224237118,train
W4415207023,train
W4403758900,train
W4411171615,test
W4406610277,test
W4366377753,train
W4405517228,test
W2914304911,train
W4389065235,train
W4414593928,train
W2560265416,train
W2944891321,train
W2002227246,train
W4392567238,test
W4407246991,test
W2000368573,train
W2734601503,train
W4404344022,test
W4408441357,train
W3170999895,train
W4392405877,test
W2550753940,train
W4385070750,train
W4386262022,val
W2808079695,train
W4391892528,train
W4313034315,train
W2005051014,train
W1581984155,train
W2003244299,train
W4362554685,train
W4412202077,train
W2406552012,train
W2563767922,train
W3080823838,train
W3168292752,train
W4402804616,train
W4394786109,train
W3156363234,train
W1976289279,train
W4401980713,train
W2087477701,train
W2295717422,train
W4292092982,train
W2570516435,train
W4390815958,train
W4416922353,train
W4385834563,train
W2950240601,train
W4312880193,train
W4408166091,train
W3215554746,train
W3017261075,train
W4388018894,train
W4312037473,train
W2988858324,train
W3089281911,train
W2157579724,train
W4313203570,test
W2039297031,train
W4409568327,train
W2525833315,train
W4289878496,train
W4321484099,train
W4213067985,train
W4285308098,train
W4210499321,train
W4407002644,train
W2059000027,train
W2472584751,test
W4405717619,test
W4225983804,val
W4410600818,train
W4407362110,train
W4367313930,train
W2008668719,train
W3213448152,train
W3189789601,train
W4411639788,train
W1964906895,train
W4411640183,train
W2119531181,train
W2097898868,train
W4403687832,train
W1947482441,train
W4409584136,test
W2156747741,train
W4286655631,val
W4392157622,train
W3111084776,train
W4220672229,train
W2171250816,val
W4406610604,train
W4390018122,train
W4410358889,train
W4412536571,train
W1965140459,train
W2302435112,train
W4409684004,train
W4385636702,train
W2791591648,train
W2242874043,train
W4307339397,train
W4416134560,test
W2735173535,train
W4414856500,train
W4296708919,train
W12803156,train
W2788338217,train
W4409531694,train
W4385453047,train
W2078971322,val
W2100812554,train
W2970972777,train
W2351381307,train
W4400578739,train
W3212660334,train
W2894001169,train
W4317528895,test
W2768499616,train
W2891057055,train
W3138603542,val
W2041479067,test
W4398183551,train
W1557252109,train
W2054041119,test
W4242357675,train
W4405717352,test
W2997442646,train
W7116661648,val
W2013415579,train
W3176395121,train
W2908625311,train
W3119915333,train
W2980789769,train
W4387195417,train
W4303647513,train
W2070763551,train
W4407016464,train
W4416723314,train
W4394585787,train
W3203696312,train
W2008934589,train
W4385517003,test
W4411996941,val
W2800044535,train
W4413186132,train
W2811082328,train
W4406611194,train
W2995786667,test
W4410192134,train
W2067545467,train
W4280598593,train
W4400333635,train
W4206304373,test
W4408074406,train
W4404701204,val
W2943186426,test
W4409671374,val
W3088582486,train
W2531632794,train
W1977524551,train
W4412722546,train
W4282936242,val
W4393188189,train
W4387623811,train
W2038861510,train
W2022452912,train
W3107787446,val
W2954529315,train
W1978642336,train
W2967185126,train
W2745204051,train
W4407783831,train
W4405640723,train
W4406983449,train
W2060470839,train
W2034926629,val
W4394809155,train
W1970334960,train
W4407026437,train
W4407785889,train
W4391645416,train
W4403021775,train
W3167949380,train
W4379184928,train
W2087116975,train
W2139317044,train
W4403021803,train
W3119230199,train
W2052952840,train
W4399310660,train
W2593419552,train
W4415322956,test
W2539436818,train
W4220886077,train
W4304480949,test
W3192856358,train
W2329205359,train
W4319068643,test
W4412035807,test
W2509004749,train
W3158674943,train
W2765358525,train
W2997688909,train
W3033405496,train
W2588524791,train
W2015278147,train
W2090453876,val
W2538535315,train
W239939821,train
W4379743515,train
W4412609986,test
W4292825851,train
W2781935341,val
W4417125346,train
W3108118801,train
W4395069637,test
W4389833065,train
W2033226746,train
W4400448554,test
W2144922733,train
W4385951147,train
W2484773337,train
W3126150892,train
W4415180168,train
W3187487833,val
W4404601067,train
W2113084566,train
W2522847968,test
W4396242448,train
W4390502602,train
W4285091076,test
W2134295053,train
W4386281052,train
W2022216870,train
W3015342956,test
W2590695271,test
W3007179209,train
W2725582697,train
W4398151172,train
W4405179045,test
W4401853213,train
W2035669445,train
W4200062778,train
W4379739751,test
W2731113013,train
W2117103333,train
W4405674657,train
W2807346345,train
W2437797956,val
W2885696331,test
W4408868317,test
W2800895582,test
W3034429116,train
W4283321066,train
W4399666390,train
W2604442880,test
W2886208447,train
W2746612681,test
W4402582789,test
W4391843687,test
W2911917786,train
W3041552970,train
W4376277767,test
W4403089247,train
W4312669624,test
W3185167209,train
W2165413796,train
W4387461107,test
W3194392762,train
W2797140895,train
W4403918533,train
W4322576522,train
W4402692326,test
W2164348333,train
W2551234118,train
W4410891834,train
W1964189668,train
W4416535438,test
W4405580099,train
W2915125723,val
W4416344211,test
W4402686418,test
W4406813583,train
W2947104347,train
W4220663349,train
W2276629685,test
W2980361022,train
W4401567700,train
W1966600255,train
W2029262884,train
W4285744149,train
W2604249033,train
W2052281826,train
W4409356597,val
W4303450757,train
W4402266678,val
W4402738532,val
W4392652182,val
W4412605383,train
W4410152925,train
W3047375018,test
W2040193948,train
W4323543416,train
W4409561605,train
W4388240309,test
W2278572312,train
W2281919458,train
W4312279821,train
W3087056823,train
W4413736352,train
W2284351912,train
W4391052842,test
W3203871918,test
W4406153408,train
W4410141156,train
W4394698764,test
W2990071093,train
W4380318439,test
W4392399469,val
W2094790098,train
W4413520998,train
W4386773841,train
W4401806720,train
W1585291347,train
W3111520820,train
W4412602610,train
W4400150867,train
W4386756894,train
W2295856039,train
W4410217206,train
W4407925788,train
W4388469715,val
W4385456320,train
W3210372881,train
W4402628140,train
W4385980132,train
W2794496871,train
W2998758053,train
W4402697064,train
W2093320808,train
W4225821329,train
W4412027433,train
W2146261024,test
W4400017284,val
W4402619702,train
W4406488705,val
W2015046270,test
W2079649893,train
W4362554158,train
W4393241408,test
W3160746813,train
W4391850788,train
W4400877920,train
W3144144182,train
W4402156657,train
W2025515330,train
W1966146195,train
W4391753543,train
W1982424587,train
W3175100006,train
W2145292887,test
W4391836500,train
W2736601754,train
W2471453637,train
W4405802039,train
W4381785748,test
W4280499864,test
W3167854433,test
W2980966214,train
W2615459164,train
W4411996937,train
W4401396180,test
W2407917165,train
W2135832103,train
W2016353313,train
W4386918951,train
W4411725115,train
W2803170239,train
W4410644286,train
W4385324391,val
W2060880193,train
W2029277658,train
W1976309217,test
W4205803619,train
W4411640485,train
W2765535336,train
W4414363239,train
W3029501235,train
W1985987162,train
W2279671725,train
W4404112581,test
W4293192427,train
W2593210569,train
W4393405352,train
W2034114524,train
W4318148776,train
W3173450313,train
W4413060449,test
W4313387429,train
W2794138106,train
W4407899856,train
W2164908759,val
W4406698716,train
W4316813670,train
W3130555334,train
W4392755978,test
W4405451029,train
W2529928599,train
W4410359182,train
W4387496047,train
W4415125303,test
W4226083961,train
W4396927180,train
W4210737782,train
W4412653018,train
W1966631994,train
W2354558342,train
W4393855560,train
W4309764772,train
W4407178235,train
W4381785943,train
W4375928828,train
W2743151892,test
W4393139855,train
W4400275410,train
W4400859192,test
W2169626556,train
W2008886893,train
W4413984104,test
W2580645713,train
W2604382266,train
W2054473533,train
W2984452309,train
W4285108676,train
W4396720269,train
W3131937837,train
W2963415238,train
W4417169530,train
W4407958939,test
W4402028823,test
W2092068110,train
W4386590783,train
W2964339340,val
W2603789529,train
W3000699369,test
W2094392848,train
W2289508129,train
W2889485466,train
W3168928150,test
W4251068892,test
W2336650418,train
W2134245553,val
W4383816897,train
W3015699917,train
W7117487043,test
W4399426533,train
W4402892121,test
W4393233520,test
W2062401262,test
W4412652978,train
W4391576353,train
W4402353175,test
W2789893592,test
W2522182256,train
W4409730455,train
W4287554141,train
W4327743697,train
W4285154053,train
W2624307925,train
W2891463604,test
W4392796938,train
W4416649638,train
W3132295354,train
W2176018869,train
W7117246790,train
W2794673877,test
W4410116685,test
W2760265815,train
W4408222803,train
W4394828110,train
W2141539428,test
W4411640167,train
W4289821390,test
W4416209823,train
W2971463489,val
W3200343831,train
W2750660666,train
W2979993677,train
W4393928775,train
W4376505268,train
W2132174755,test
W4394804870,train
W4391974593,train
W3194502907,test
W4220829081,test
W2789591649,train
W3033157075,train
W4408609245,train
W1997304099,train
W7116364587,train
W3134428556,test
W4393200381,val
W2945100954,test
W4394595049,train
W2076183637,train
W4406170502,train
W3040726448,train
W3048521874,test
W4225662012,train
W1992534217,train
W3173162544,test
W2258728553,val
W4402215615,test
W2618973131,test
W4415271247,test
W4392954469,train
W4405429331,test
W3046256519,train
W4415124063,test
W3174937647,test
W4324156295,val
W2769394227,train
W4392719567,train
W3214635115,test
W2069587534,train
W4414230459,train
W2791622688,train
W2971658606,train
W2595546875,test
W4394674284,val
W4294811229,test
W4404035006,train
W2152654418,train
W4225817316,train
W4405520502,train
W2982595487,train
W2940962274,test
W4403344105,train
W4353069573,train
W2913894142,train
W2411620083,train
W3153389197,val
W3012165975,train
W3112637742,train
W2783614532,train
W2118092075,test
W2044421179,train
W2066385190,train
W4400033073,train
W4387415129,test
W2797385508,train
W3004335007,train
W4413359510,train
W2151444573,test
W4385724403,train
W3041223433,train
W4387301011,train
W4405632778,train
W4396941584,train
W4393934472,train
W3136428280,train
W4229002092,train
W4283371092,val
W2147096615,train
W2159823902,val
W4396926906,train
W4389076345,train
W3208610766,train
W2170924378,val
W4389950186,train
W2048499111,train
W4401163080,train
W2019003829,train
W4399669087,train
W3006191871,train
W4388838013,train
W3134763859,test
W2889049333,train
W4400700713,train
W4408564922,test
W4403291952,train
W4403391441,train
W2168253435,train
W4402808836,train
W4392806456,test
W2999318011,train
W2145605942,train
W4396817443,test
W4390738234,train
W4225644729,test
W3121778169,test
W4413403182,train
W4416797989,train
W2183773890,train
W3092541244,train
W2086359273,train
W4412719249,test
W4407026518,train
W3164030206,train
W2919080262,train
W3127521573,test
W1998313825,train
W4391839537,train
W1968482063,train
W4221078466,val
W4410247236,train
W4402895796,test
W2949728854,train
W2762658472,test
W2914374206,train
W4400409858,train
W4286216949,train
W4280541407,train
W2963154271,train
W1985867508,train
W4406826451,train
W3010946599,train
W4385945561,test
W2566006170,test
W4410294711,train
W4402978467,train
W2462697095,train
W4400481435,train
W4409152029,train
W2007499023,val
W3014907911,train
W4283316206,train
W2004777103,test
W3011575855,train
W4323042825,train
W2587571325,train
W4385338470,train
W4399033024,train
W2909600074,train
W3126737518,train
W4394910324,train
W4214549609,test
W4412837195,train
W2962976812,test
W4411358736,train
W4408485154,train
W4416113945,test
W1855653084,train
W3130023820,train
W4308731068,train
W2980467688,val
W4404884150,train
W2342863993,test
W4394811126,train
W2027675520,train
W2111770041,train
W2343269152,train
W4399384347,test
W3097527854,train
W3141193846,test
W4396514616,train
W2037334321,test
W3168172401,train
W4400446489,train
W4401250052,train
W2096475587,train
W2998755720,train
W4399666045,train
W3185842982,test
W1987060869,train
W2342656438,train
W2031318228,train
W2184925475,train
W2208633762,train
W4396890578,test
W3017165746,train
W2905574772,train
W2343560945,train
W2922482845,train
W2613553457,train
W4312980540,train
W4407451454,train
W2411581895,val
W2545457694,train
W4303427124,train
W4409653166,train
W4413611830,val
W4214847660,train
W4413764808,test
W2346214124,train
W4389891083,train
W2916332638,test
W2000451122,test
W2328902286,train
W2968156427,train
W4390051453,test
W4285121762,train
W2973136425,train
W2151242162,train
W2093226015,test
W2898104747,val
W2921091592,train
W2618220085,train
W4407185583,test
W2170825784,train
W2009171710,train
W4389793939,train
W2802438799,train
W1423800196,train
W4365144867,train
W4392940196,val
W4408339955,train
W2946273655,train
W4399370694,train
W2982096857,train
W4402319018,train
W4393140563,val
W4412033371,train
W2948615293,train
W4404122190,train
W3137928916,test
W4405654360,train
W2802848462,train
W2896850928,train
W4411086590,train
W4417248879,train
W4391341341,train
W4410617433,test
W3203841480,train
W4383753794,test
W4224231325,train
W2897185985,train
W3158716008,train
W3023584751,test
W4283764803,train
W2299736012,train
W2963840171,train
W2344717043,train
W2511038469,test
W2333740429,val
W2158056686,train
W3203790781,train
W3161656201,train
W4410986282,train
W2142406320,train
W2057766516,test
W4407574679,train
W4414948886,val
W4317831445,train
W1985686553,test
W4414206725,test
W2906270115,train
W4410617439,train
W4397000744,train
W4417121671,train
W2940954733,train
W4385950423,test
W4401672000,train
W4414856452,val
W2791124241,train
W4414080564,test
W2911955316,val
W4402990333,train
W4410226405,test
W2168780914,train
W1657294672,val
W4387371722,train
W3048570968,train
W4400410003,train
W4381050435,val
W4394760969,test
W1972150576,train
W4392956316,train
W4399619591,test
W4384161711,val
W2985031189,train
W4413120800,val
W4404843219,train
W7128276797,train
W4294237454,train
W4387935021,train
W4391878209,train
W2964018828,train
W4411585728,test
W3179306170,train
W4393185027,train
W3211670137,train
W4383503583,test
W4400643759,train
W3153837211,train
W2170870940,test
W4411202985,train
W4391467971,train
W4403918136,train
W2148050374,val
W4313591247,train
W4389104669,train
W3038782982,train
W4394717791,train
W2623459350,train
W4408520059,val
W4404848250,train
W4414404854,train
W4413359071,test
W2055324942,train
W3205625102,train
W4394979938,test
W4415748005,val
W4388145571,train
W4413049892,train
W2800433823,train
W1975409019,train
W3009761259,test
W3115476810,test
W4282033849,test
W4405794665,train
W2125986229,train
W4412795957,train
W2886976570,train
W4392356648,train
W3138904555,train
W4408343473,train
W2918670247,train
W4409311594,train
W2036188642,train
W2089910489,train
W2143669931,train
W4399291921,train
W4391952683,val
W4416296578,train
W1126102950,val
W4400829948,train
W3165431244,train
W2522726285,train
W1997388480,train
W2908009896,train
W4411726073,train
W4319349346,train
W4414693589,test
W2891322913,test
W2963643093,test
W1986759747,train
W4411184097,train
W3127284993,train
W2415775569,test
W4406465878,train
W2794871256,train
W4406466792,test
W4225497208,train
W4416582985,val
W3092178912,train
W4402679520,train
W4411043525,val
W4405304866,test
W1594018318,train
W1982892759,train
W4288716106,train
W2912923228,train
W4415477200,train
W4391915341,train
W4411996545,train
W2042242678,train
W2059098263,train
W4386991635,train
W4366087617,train
W4415278663,train
W3207401133,train
W2613543778,train
W4407733855,train
W2259651019,train
W3102702333,train
W4379179298,train
W2155044259,train
W3033410953,train
W4290992098,train
W4317536030,train
W4388230841,train
W4413447408,train
W2006860739,test
W2763490263,train
W2085345049,test
W2169147399,train
W4295292680,train
W4391953376,test
W4396618297,train
W4413836940,train
W4402673530,train
W4410062009,train
W3160022184,train
W4396773564,train
W4205520759,train
W4406813562,test
W3033755674,train
W2342932645,train
W2924780984,train
W4407097764,val
W2751619344,val
W4205273402,train
W3123877866,train
W3091497013,train
W4321222415,train
W2795445515,train
W2744079410,train
W3082244326,train
W2283118918,test
W2159041520,train
W4319302037,test
W1489438280,test
W4400073630,train
W4409355954,train
W2536604331,train
W3184651764,train
W2133268605,test
W3204582429,train
W4311808523,train
W4407132937,train
W2967365328,train
W4388953063,test
W4393224518,test
W4405717341,train
W2337719340,train
W2804362162,val
W2041869209,test
W4414110509,train
W4414569116,train
W2604673238,val
W3202514958,train
W4413478212,train
W3216687398,train
W4412827313,train
W2943086164,train
W4406189261,train
W4396779723,train
W4384197612,train
W4286751562,test
W4283830352,train
W2766846808,val
W3215399882,train
W4386308175,train
W4205298615,train
W2203366176,train
W3133303669,val
W2114694114,test
W4401384485,train
W4402673563,train
W3080855795,train
W2114608434,train
W3186717497,train
W3005116230,test
W4285729218,train
W4391509716,train
W4412536642,train
W2914899603,train
W4304187656,train
W4410747800,test
W4402157440,train
W2343638217,train
W2154725692,train
W2900655085,train
W4402284296,train
W4391305317,train
W2790860712,val
W4406080987,val
W2261611353,train
W2019319336,train
W4415222021,test
W2773235317,test
W2099508202,train
W4221040219,train
W4399095033,train
W4410832400,test
W2784062446,train
W2761363208,train
W4412536701,train
W4396827130,train
W3090453402,test
W2490420619,train
W1993437872,train
W4405375809,train
W4417249596,train
W4416249130,val
W3042183479,train
W2438491374,train
W4312441425,train
W4392405489,train
W3133966466,train
W4391249416,test
W4375802088,train
W4364376005,test
W4384787399,train
W4408707912,test
W2116296087,train
W2865103122,train
W4417117377,test
W3132442404,train
W4210934685,train
W2782413938,train
W4288076086,train
W2475136350,train
W4283376221,test
W4402673189,test
W4394966794,train
W4386590700,train
W3022269570,train
W4410343894,test
W4411887081,test
W4410809639,train
W4402530312,train
W4407425393,train
W2342883230,train
W4406856653,train
W4294558874,train
W2267240189,test
W4409568310,train
W4410086333,test
W2134123012,train
W2075699551,train
W2007741236,test
W3040857534,train
W4408499464,test
W4226047696,train
W2606332932,test
W4381890377,test
W3200661868,train
W2137203603,train
W3155946679,train
W1995151908,train
W4319866411,train
W4312691533,train
W4226461837,train
W4413104753,train
W2126453598,train
W4400770731,test
W2155052108,train
W2979729234,train
W4415028266,train
W1532217093,train
W4403510960,train
W1967373529,train
W4417248870,train
W4406938298,train
W4406794207,test
W2111484900,train
W2899754186,test
W3004625778,train
W3165701163,train
W4210800073,test
W7117557822,val
W4410040027,train
W4416286407,train
W2803320608,train
W4379116896,test
W4226018013,train
W4401375515,train
W4399768035,test
W4416671418,train
W2247432664,train
W2461311369,train
W2944738496,train
W1997150858,train
W2985336933,train
W4402979097,train
W2210410193,test
W2972215735,train
W4399665376,train
W4396560637,train
W4406346523,val
W4396817313,train
W4410263855,train
W4410998934,train
W4393183467,train
W4401958932,train
W4406324483,train
W3030241699,train
W2952374996,train
W1977505754,train
W3126516538,train
W3017601520,train
W4405366282,train
W2996688537,val
W4393206950,test
W2621042270,test
W4409269797,train
W2891113539,train
W4206511970,test
W4386443326,test
W2788856332,train
W3175047721,train
W4390905613,val
W2733797843,train
W4295789418,train
W2903148077,train
W4385248623,train
W2139904992,train
W2136520221,test
W3094375777,train
W4410062040,test
W4361857501,train
W2974984442,train
W2897477705,train
W2130754357,train
W4399703985,train
W2772466107,train
W2888853275,train
W4386501106,test
W1974737884,train
W4406488955,train
W4379879802,train
W3161980074,train
W4389438920,train
W1927168866,test
W2936516903,train
W4405270955,train
W3011373955,train
W4401247017,train
W3005475821,val
W2969602038,train
W4411358834,train
W4403722215,train
W4214890753,val
W4413754858,test
W1995593664,train
W3199662997,test
W4410031765,train
W4401640270,train
W4402266972,train
W2140516799,train
W4400699794,train
W4403343575,train
W2120685510,train
W3040414732,train
W3168682287,train
W4409110992,train
W3138202081,test
W2344867953,train
W3138615854,val
W4399750638,train
W3199146566,train
W4408564937,train
W2552025135,train
W4403060886,train
W4388448908,train
W4415505967,train
W3040745125,test
W2061920930,train
W2890525468,val
W4410964376,train
W4411923427,train
W4404768545,val
W3174155805,train
W4413830855,train
W4405653212,test
W3157008202,train
W4416384054,train
W4413557005,train
W4417169527,train
W2175851206,train
W4412355058,train
W2962771625,train
W1968049174,train
W4400378670,train
W4282917638,train
W2091357234,train
W3082935815,train
W2620946488,train
W4383223817,train
W2077107182,train
W2295935698,train
W2604716542,train
W4386473332,train
W2911635840,test
W3034171291,train
W7117242279,train
W2896890603,train
W4410512046,test
W2537515126,test
W4394790510,train
W2298971830,val
W4416344291,train
W2913080907,train
W4396712913,test
W2910828286,train
W4410204454,train
W2612172766,train
W4313172046,test
W2159943424,train
W2901575247,train
W2012601422,train
W4360985351,test
W4413877603,test
W4205561327,train
W3043655481,val
W2577746146,train
W4403544979,train
W4392849937,train
W3027406032,train
W3130391092,train
W4366492959,val
W4226508281,train
W2789268877,test
W2114543235,train
W4415156813,test
W2077415125,train
W4409591312,train
W4410729237,train
W2162189707,train
W2079083905,train
W4402218392,train
W2121041710,train
W3042975022,train
W2028653892,train
W2951105308,train
W4403014986,train
W4411055368,train
W1578580147,train
W4406302399,val
W4402778834,train
W2091636921,val
W4376955837,test
W4386766438,train
W4415271237,val
W2744615514,train
W4391235284,train
W2116668505,test
W2331702415,train
W4406803348,val
W4391547876,train
W4412828298,test
W4413214067,test
W4405055775,test
W3014206170,train
W4408183056,val
W4402809225,train
W2010928165,train
W2948288123,train
W4382319519,test
W4394994622,train
W4226239314,train
W4392122318,train
W4294811237,train
W4414948975,test
W3158290514,test
W4393078841,train
W2036647296,test
W3118743894,train
W4317207462,train
W4364856165,train
W4399293963,train
W4210626567,train
W2899320340,train
W4409336177,train
W3159695152,train
W4210899420,train
W2014179439,test
W4411488284,test
W4393042598,train
W2343600641,train
W2942521954,test
W2964009128,train
W4396904043,train
W4390575528,train
W4402369907,train
W2230430964,train
W1844944916,train
W2161298857,test
W3159367349,val
W4401179606,val
W2320046825,train
W2891288355,train
W2529121416,test
W4387717536,train
W2105741923,train
W4406085804,test
W2801879008,train
W2512715743,train
W2278655912,train
W4408096876,train
W4390660203,train
W4387105517,test
W4200311493,train
W4402023237,train
W4401506649,test
W2043493029,test
W4367721467,train
W4413822407,val
W2980814982,train
W2327622231,train
W2160848194,train
W2892482188,train
W3161783337,test
W2553535241,train
W2772118528,train
W4389960977,test
W1986436428,train
W2802495557,train
W4410028028,train
W2919403121,test
W4409723953,train
W4405654368,train
W4387042313,train
W4414798808,val
W3122061855,train
W4406302454,train
W2136163743,train
W2996705685,train
W4403390152,train
W2672098277,train
W1971712054,train
W2946456964,train
W2189750608,train
W4413925951,test
W3195353908,train
W2756169276,val
W4403343940,train
W2089765244,train
W3082547393,train
W2899309051,train
W2918838541,test
W4409917583,train
W2803414046,train
W4401163572,train
W2946627025,train
W2146041324,train
W2761909754,val
W4362654794,val
W3090493620,test
W4417215409,train
W2508512712,test
W4399768828,train
W4391019529,train
W2002361721,train
W4399563083,test
W4409099128,train
W3127326714,train
W4416595268,train
W3112877893,train
W4399601924,test
W4220992882,train
W4409102163,test
W2892341857,train
W2795378725,train
W2123039304,train
W4393934430,train
W2804505181,val
W4405316411,train
W4306179313,test
W4407097607,train
W4404418444,val
W4406552162,train
W4402553424,test
W4396712912,test
W4392517662,train
W1990956212,train
W4389337887,train
W4402779278,train
W7117327599,val
W4394823761,train
W4391645802,val
W4408737479,train
W4403398716,train
W1595820098,train
W4379983288,train
W2039679310,train
W2100758987,train
W4381742210,train
W4401692110,test
W4417077754,train
W4281294571,train
W4399990332,train
W2621670670,train
W4414863587,train
W4393716831,test
W2762487167,train
W4402404329,train
W4393232293,test
W2883024595,train
W2809135752,train
W4411154125,test
W4399265026,test
W2798336324,train
W2733555913,val
W3046813836,test
W7106097398,train
W3012722221,val
W4411095650,train
W4415763854,test
W2890141959,test
W3161148246,train
W2781970480,train
W3184385149,train
W2900892061,train
W2103393461,test
W4312221644,train
W3153101100,train
W4409695210,train
W1986990114,val
W4404903289,train
W4224317003,test
W4405138042,train
W2779699222,train
W3176231977,test
W4411889930,test
W2105658590,train
W2055523316,train
W2034556542,train
W4404627583,train
W4392247164,test
W4287378204,test
W2146551060,train
W4411551097,test
W4406080977,train
W2782382740,val
W2099162225,train
W2760127551,train
W4415271250,train
W2095863705,train
W3161537381,val
W2246874857,test
W2613836390,train
W4408476076,test
W2168129355,train
W2342835703,val
W3185578578,train
W4406495861,train
W2344343887,train
W4410226390,train
W4309618925,train
W4394744867,val
W2072624099,val
W4408073967,train
W4402619746,test
W4398151523,train
W2141804605,train
W2904391802,train
W4408021713,train
W2473397309,train
W4411176699,train
W2160841769,train
W4390357293,val
W4403623374,train
W4409230223,train
W4391305329,train
W2900168317,train
W4409797596,test
W2028841264,train
W3034770463,train
W4387010770,train
W1611674276,train
W4213420696,train
W2083985819,val
W3008105217,train
W2791957678,train
W2248899730,train
W4387951963,train
W4404563313,test
W2046672513,train
W2749595524,train
W4414128342,train
W4394862809,train
W4408266197,test
W3094649757,test
W2888982783,train
W3016325548,train
W4391547592,train
W4411041865,train
W4317935365,train
W2802815569,test
W4387986690,val
W4402569004,train
W4386136237,val
W4394779950,test
W4283585133,train
W4410641198,train
W4312940001,train
W4403636026,train
W4408303354,test
W2252381721,train
W4211210755,train
W2343294521,val
W4417147693,train
W1968005108,train
W2014757669,train
W2132755599,test
W3213785629,test
W3111292493,train
W3184104390,train
W3009963081,train
W3213593695,test
W2286480406,test
W2293834218,test
W2900713154,test
W4200544708,train
W2027520907,train
W4390604950,train
W4411232430,train
W4396561485,train
W2975716337,train
W4377235195,train
W2907468218,val
W4403721799,train
W3034459010,train
W3121245123,train
W4400314718,train
W4407230117,test
W4412041529,train
W7117564613,train
W4384405889,train
W4367146629,test
W2808046321,train
W4410738070,train
W4401635011,train
W2884568434,train
W2943017035,val
W4383555034,train
W4410432036,test
W2889941759,train
W4414956286,train
W4312618417,train
W4285192988,val
W4401635770,train
W2465318792,train
W4312046000,train
W2806224701,train
W4411203482,train
W2923569601,train
W2033408872,train
W2142402258,test
W2501789020,test
W4221124239,train
W4399901928,train
W4413403999,train
W2089301155,train
W2981830252,train
W4390700611,train
W4389403386,test
W2155009723,train
W2129930407,train
W4400771173,train
W2921689585,train
W4405787835,train
W4415707898,train
W4252824695,val
W4313639221,train
W4414229923,train
W2065643612,train
W4372333308,train
W2790827196,train
W2001592337,train
W3000516794,test
W2807553547,train
W2029106958,test
W2083990701,val
W4408467392,train
W3092521023,train
W4396833976,train
W3199348725,train
W2145371809,train
W4404324313,train
W4377103995,train
W2110485207,test
W2760528863,train
W2135169717,train
W4411644227,train
W4402742293,train
W4407411797,val
W4412455261,test
W4416582520,train
W2037417110,test
W4310810690,train
W4312822036,train
W4214875743,train
W4390938816,train
W4390496060,train
W7117320514,train
W4400057092,test
W4388819114,test
W4403431661,train
W4406728319,test
W1907417778,train
W4406137434,train
W4410049480,train
W2761479024,train
W4229012814,train
W4392160106,train
W4406113259,train
W2972538339,train
W2106544745,train
W4407029455,train
W4285220743,train
W2345585541,train
W2912978522,train
W4387068085,test
W4391696953,train
W4399401283,train
W4396873218,test
W4414432589,train
W3203543304,test
W2080555506,train
W2389426138,train
W4399085031,train
W4416748681,train
W4315778400,train
W2074082668,train
W3135261490,train
W3000322555,test
W2767559053,test
W2896846890,train
W4224219407,train
W3125978375,train
W4294599003,test
W4394585871,train
W2604420083,train
W4405114436,test
W4414849137,train
W3205125496,train
W2041176458,train
W4386702599,train
W3157719223,test
W2132633288,val
W4416135351,train
W2932343768,test
W3212137514,train
W3185693672,train
W2054780155,train
W2143488688,train
W3150626945,train
W2799251159,train
W3170604322,train
W4414385441,train
W4282970830,train
W2123630886,train
W3165970085,train
W2962814013,train
W4282836010,train
W4399138486,train
W4399528666,train
W4415849588,train
W2964244187,train
W4417121541,train
W2999474951,train
W2067181210,test
W2172117832,test
W4415606138,train
W1966080916,val
W4417285847,test
W3155688803,val
W4296045111,train
W4409336141,test
W2294980783,train
W4407049659,train
W4410361381,train
W2582259743,train
W4393085118,test
W4415179185,val
W7116909827,test
W3093149259,train
W4409356228,val
W4399980490,train
W4300560153,train
W4406745366,train
W4406858188,train
W4395447302,train
W4409641268,test
W4394592355,test
W4312426553,train
W2096571195,test
W4396941354,train
W3124672867,train
W3192939302,train
W2775977530,train
W4413635683,train
W4402571450,train
W4404474826,train
W4206576098,test
W4407637974,test
W2011241653,train
W2905213372,train
W3174208623,train
W4411172008,test
W3145705219,train
W4401750504,val
W2151665961,train
W2789351846,val
W4409435709,train
W4410537964,train
W2912241863,train
W2042768148,test
W4408473356,train
W3021792233,train
W2460536129,train
W3162937989,train
W2971989979,train
W4221163971,train
W2952668147,train
W2170918853,train
W3161810785,train
W3198957389,train
W4416425340,test
W4408779474,train
W4396623743,test
W2890542555,train
W4205761438,test
W4415322843,train
W2118857350,train
W4413072951,val
W4312105932,train
W4311012008,test
W4416383678,train
W4396909841,test
W2039543453,test
W2044049174,train
W4299510930,train
W4389169649,train
W4395046137,test
W4391620713,test
W4294740730,train
W2797189006,train
W4392705161,train
W2906329876,val
W4297095044,test
W4312977814,train
W4312550962,train
W1976864402,train
W4379985979,val
W4297548914,train
W4412984968,train
W2412677651,train
W4406113408,train
W4392806465,train
W2172284542,train
W4403295582,test
W4294311176,train
W4404006813,train
W1981267135,train
W3197886029,train
W2130827508,train
W4388322141,test
W2769561581,train
W2029091717,train
W2810593869,train
W2779097215,train
W4391547750,train
W4220866631,train
W2524142004,test
W3176834446,train
W4414606866,train
W4408998386,val
W2768328670,train
W4404432903,train
W3022006982,test
W4407450971,train
W4387129599,train
W4401247101,test
W2229678279,test
W2799629961,val
W2061082730,train
W2752386597,train
W4411484258,train
W3215966579,train
W1971353559,test
W2462382562,train
W4391538100,train
W4399562817,train
W3123941558,test
W4413359622,val
W2176080987,test
W4389076300,train
W4413020636,train
W4306292106,train
W2328002359,train
W3169360301,train
W4416214614,train
W2911388364,train
W4403569702,train
W4388240452,train
W4415906465,train
W4404843199,train
W2789361148,train
W2907215288,train
W4223504011,train
W4417064600,train
W7105988713,train
W2791065940,val
W1894623711,test
W4395470946,train
W4410062283,train
W2809452802,test
W3005893373,train
W4385062808,val
W3128632985,train
W4417077728,test
W4404147611,test
W4392746355,val
W4388469753,train
W4404147561,train
W4205353725,test
W4410497808,test
W4410705990,train
W4406983122,train
W4391326568,test
W2885012953,test
W4304479547,train
W4401366983,train
W3178135106,train
W4396696684,train
W1742520028,test
W4411373993,train
W4396659955,test
W4404354720,train
W2338941390,train
W2003797551,val
W2290621023,train
W4285818748,train
W2529388890,train
W4380988128,train
W2169036685,train
W2899960748,val
W3180758045,test
W4406494502,train
W3096655797,train
W4415517272,train
W4409349694,train
W3200799048,val
W2883339710,train
W2626596188,train
W4220923972,train
W4408537528,train
W2136221657,train
W2973063031,train
W4401486023,val
W4414153534,train
W4391420283,train
W2522871920,train
W3135809019,train
W2130688207,test
W4402994623,train
W3198982902,val
W4200629745,train
W2144304569,train
W2804362738,train
W4387249884,test
W4391722255,test
W2034481920,train
W4414603346,train
W4415366674,train
W4416385976,test
W2911014281,test
W4387918137,test
W4415209640,train
W4405812492,train
W4414110906,test
W3135347465,val
W2972304804,train
W3185296261,test
W3187251708,train
W2883063722,train
W1508109419,train
W4398241625,test
W4206065772,train
W2887888816,test
W4288090889,train
W3189860654,train
W3089706104,test
W4400978763,test
W4411408788,test
W2619151842,train
W2024472321,train
W2897514040,train
W4413277468,test
W2785349102,test
W4413554953,test
W2179500942,val
W2604321178,train
W2755056899,train
W2289641497,train
W4297493126,train
W2072902139,train
W2806715823,test
W4414764826,train
W2892004022,test
W2964277307,train
W4400117331,train
W2592583014,train
W4410484223,train
W2116973068,val
W2912120213,val
W4320713237,test
W2754629507,train
W4410088714,train
W2596032798,test
W1598698067,train
W4386857843,test
W3083985131,train
W4406259241,val
W3092663126,train
W4415284270,test
W4400878053,train
W2111944885,train
W1971673042,val
W4394863031,test
W4415049025,train
W4295899642,train
W2017264764,train
W4400446657,train
W4387068365,train
W4376481072,test
W4416626061,train
W4387101694,train
W3197930581,train
W4205268692,train
W4391392562,test
W4392544406,train
W4411593176,train
W2163658465,train
W4411405191,train
W4414948982,train
W4411242467,test
W1969791930,train
W2103165057,train
W4403600600,train
W4367663522,test
W4393387322,train
W3139152607,train
W4414247051,train
W4386261706,train
W2020307562,train
W4416302727,test
W2470078708,train
W4410058305,test
W2909576504,train
W3126930479,test
W4400878059,train
W2945954897,train
W2256956336,train
W2963602998,train
W1969035815,test
W4293190885,train
W2558300685,train
W4396597709,train
W4312634372,train
W4390691983,train
W4409568286,train
W4308551793,train
W2171543556,train
W2543865509,train
W2159142527,train
W2773773675,train
W3042159823,train
W4362588063,test
W2100317991,train
W1983705368,train
W4389666611,val
W2893375469,train
W4404788842,train
W4415743529,val
W4399554349,train
W2054341442,train
W2753482274,train
W4406957886,test
W2461045134,val
W4288758078,train
W3178581008,train
W2730936454,train
W4392098390,val
W4407948650,train
W3216820432,test
W4403503474,train
W7117454370,val
W4407831669,test
W2098035730,train
W2968213045,val
W2901946163,train
W4388286455,test
W4402809329,train
W2139282866,train
W3015129565,test
W4391541001,train
W2007111180,train
W4388505035,train
W4319736350,test
W4410691960,train
W2091118421,train
W4366407813,test
W4402810885,train
W3090979602,test
W3182520603,val
W4407766864,train
W3210396654,train
W4392399567,train
W4413060418,train
W4391454199,test
W2231026252,train
W2886209086,train
W3217591046,test
W2560701419,train
W3017275226,train
W2131269181,test
W3087552687,train
W2971549319,train
W3080404596,val
W2801175776,val
W4390698144,train
W4283452349,train
W4401618248,train
W4411041544,val
W4402271665,test
W2564803820,train
W4285122460,train
W4396680512,test
W2789280594,train
W2347205546,val
W2016813316,train
W2726396866,train
W4413358968,train
W4408894333,train
W2073792066,train
W3216442097,train
W4414385814,train
W2592822424,train
W3173976444,train
W4400070537,train
W4406729673,train
W2943017603,train
W2981455641,train
W4409763132,train
W4406113674,train
W3138081324,train
W4416583013,train
W4402350264,train
W4205655330,train
W4387872721,test
W4375787811,train
W2493910502,train
W3005013321,train
W4323644185,train
W4205716295,test
W2883604340,train
W2511780722,val
W1986570368,test
W2130048256,test
W2761298921,train
W2728794304,train
W4388469770,train
W3034450003,train
W3130705826,train
W2958533088,test
W4213450898,train
W2162567660,train
W4413644875,train
W3090383127,train
W4402895828,train
W4409591253,train
W3113770349,train
W2902365810,train
W2145553122,test
W2975221988,train
W4392904204,val
W2117600691,test
W4390577902,test
W4391653295,val
W3164370461,train
W2007781986,train
W2790283581,val
W4386290335,train
W4415123862,test
W3025537827,train
W3129681048,train
W2885763478,train
W2023122609,train
W4283328778,test
W2610676001,train
W2906647810,test
W4406025986,train
W4401525289,test
W4285220366,train
W3214071552,train
W2963094797,train
W4280630571,train
W2013808584,train
W4416630216,test
W4395023537,val
W4391653597,test
W2134626271,train
W2341631904,test
W2883053505,train
W4415970861,test
W2604609042,train
W3211635598,train
W2964252689,test
W4409705008,test
W2911505293,train
W4293236827,val
W2972426716,train
W4412873015,train
W2903252781,train
W4407881151,train
W4400416314,train
W4409507112,test
W4403447587,train
W4409640716,train
W4416409324,train
W4387682007,train
W3184720854,val
W2162542842,test
W4384696745,train
W4408021172,train
W3111481858,train
W2981140448,train
W2327388626,train
W1572270261,val
W4411142895,train
W3215181416,test
W4409269128,test
W2999895132,train
W4413104964,train
W4298307110,train
W1899854323,train
W2039592987,train
W4409581172,train
W4229460176,train
W4385444019,test
W4362724099,train
W3208708185,test
W4410220626,train
W2603442307,train
W2143575499,test
W4285794979,val
W2999472659,train
W4391540015,val
W4400188381,train
W4391738567,train
W4391654576,train
W4408716498,train
W3192375950,train
W2887654330,train
W4398151330,train
W3133913697,train
W4367368092,val
W4407214077,train
W4414063037,train
W3199015608,train
W2890497500,val
W4398757498,train
W2535565998,train
W4402978214,train
W2116511675,train
W4309182593,train
W4396753417,train
W4401706791,train
W4404316985,train
W2164012210,train
W2335024046,train
W4411336499,train
W2090502325,train
W2695737732,train
W4404563021,train
W2031653048,train
W2099737489,test
W4403918536,train
W760913798,train
W2553035813,train
W2090845206,train
W3099610013,train
W4383504040,train
W4392543417,val
W4386998155,train
W4404112638,val
W2000230776,train
W4407425408,train
W3214202924,train
W4410393914,train
W4403220744,train
W4392077456,val
W4220917622,train
W4406081052,train
W4417438433,train
W4390578167,test
W4206733926,train
W2115745803,train
W4401498457,test
W1945760240,train
W4401692194,train
W2950503716,train
W4206483752,val
W2153268908,test
W4285261567,val
W2906772929,test
W4312577435,train
W4288701128,train
W2963307331,train
W2085334966,train
W2025892805,train
W2927752485,test
W4413983082,test
W2890090275,train
W4407892990,train
W4410062102,train
W4412375137,train
W2807405309,test
W4406300032,train
W4402283920,train
W3217610757,val
W3212197305,train
W4413338025,train
W3200998187,train
W2063939659,train
W1522260799,train
W3165142516,train
W4399918271,train
W2019731328,train
W2047330563,test
W4221135157,train
W2070731095,train
W3095042877,train
W4410706009,val
W141818611,train
W2156765950,val
W4414037149,val
W3163805047,train
W4400921784,val
W4405580502,test
W3134785353,train
W2810059419,test
W4414290619,train
W4411094353,train
W4416320678,test
W4406921686,train
W2461359898,train
W1970672441,test
W4205946715,test
W2031337792,train
W4394698933,test
W4205588087,train
W3011781438,train
W4410393986,val
W2088006206,test
W4396523560,test
W4411856296,train
W2256307994,test
W2003334194,train
W4413074098,val
W1565328922,train
W2141884927,train
W2782183607,train
W4407572117,val
W3135713402,train
W4387431115,train
W4361303853,test
W2971801925,test
W4365420739,train
W4403721432,test
W2950370550,train
W4288421715,test
W1972477464,train
W2888542119,train
W2886128149,train
W2461614006,train
W2901788095,train
W4390145134,test
W2605475006,train
W4392166154,train
W2963174860,test
W4402125140,val
W2801852808,train
W2989474752,train
W4283694733,test
W2556373857,train
W4391750002,train
W4404700322,train
W4214869332,train
W4390974023,train
W4399205598,train
W2114508502,test
W2617931713,test
W4411096365,test
W4397032804,train
W2900850244,train
W2407396362,test
W4412414262,test
W4408486197,train
W4411133700,train
W4319990490,train
W2530033878,train
W3201903174,train
W4403318507,train
W2611887307,train
W4366816030,train
W2001217269,train
W4408028067,test
W4399566576,train
W4386290290,train
W2775597598,train
W2122925822,train
W2955338161,train
W4413639554,train
W4414371545,train
W4412129292,train
W4408535635,train
W4412027352,test
W2892607008,train
W4285166396,train
W2078901375,train
W4412779859,val
W2970551830,train
W4206480809,train
W2116913505,train
W3193016045,train
W4399920862,train
W2901843047,train
W4315647014,test
W4408810173,train
W4386580273,val
W4390480758,test
W2510233210,train
W2916899527,train
W4410853878,train
W3126365018,train
W3085848379,test
W4416093909,train
W4210498147,train
W2805092202,train
W2136957911,train
W2804145072,train
W4411550899,train
W2978348882,train
W4405178880,train
W4414274342,train
W1530735704,train
W3169467369,train
W4402300619,test
W2519716281,train
W2899901572,train
W3187829000,train
W4390490905,train
W2066526279,train
W4402742672,train
W4403997028,train
W4416822473,train
W4404809294,train
W4406077156,train
W3092526644,val
W4403790152,train
W4416623078,train
W4391343475,train
W2050781067,train
W2971584138,train
W2546987265,train
W2996588991,train
W4403221680,train
W3006696868,test
W2990396259,val
W2162022306,train
W4402783654,train
W4414265890,val
W4406698759,test
W4404703236,train
W4317904871,test
W2138750876,train
W2094987935,test
W4210845907,train
W2768301253,train
W4415821148,train
W4283379500,train
W2102474916,train
W4413837428,train
W4312357769,train
W4392207662,test
W2002826159,val
W4412202048,train
W4288345394,train
W2081028405,train
W2900195187,train
W2854103257,train
W4402626601,test
W2063758806,train
W4405021351,train
W2875475762,train
W2757151742,train
W4410781739,train
W4411103618,train
W4391093140,train
W4404006818,train
W3100504980,train
W2100639514,train
W4404006589,train
W4403185844,train
W4387917748,train
W4401692680,train
W4313894229,train
W2974499277,train
W4399033842,train
W2168002711,train
W2127904107,train
W2341865729,val
W4391323061,test
W3158688146,train
W4411203668,train
W2902345233,train
W4386495226,train
W2283268383,train
W1991898587,train
W4415048992,train
W4321483890,train
W4412795915,train
W2139036408,train
W4405304667,test
W4414246221,val
W3184342818,train
W4401885755,val
W4401539010,test
W4413792360,train
W4403278148,train
W2566763766,val
W4414128359,train
W4409921792,test
W4361989318,train
W4386958385,test
W4405660177,val
W1862528933,test
W2974495728,test
W3209298344,train
W4407568572,test
W2781604288,train
W4391509766,test
W4405654320,train
W2895858916,test
W2798879067,train
W2138631097,train
W4377140494,test
W4396629523,train
W4410639436,train
W2049398379,train
W4398188174,train
W2327791868,test
W4413785313,test
W4391892519,train
W2890378792,train
W2753524298,test
W3086266285,train
W2779629182,train
W4376643669,train
W4412493766,train
W4226062099,train
W2196290691,train
W4404127725,train
W3007690081,val
W4396685106,train
W4413010813,train
W4408092332,train
W2522820499,train
W4409123060,val
W2482313317,train
W4410408833,train
W2523199059,train
W3036757416,val
W2885534325,train
W4406189114,train
W4403163167,test
W2143238590,val
W775808187,val
W3204248352,train
W4411408306,train
W2560940712,train
W4407603090,train
W2986725445,train
W4296913260,train
W4407084737,train
W4400189006,test
W4384080166,train
W2767123881,train
W4406677312,train
W4393140585,test
W4410610032,train
W3091129453,train
W2506127410,train
W4210604423,val
W4406930375,test
W3177533024,test
W4396542138,test
W2790351125,val
W4410949684,train
W2168079492,train
W4312848192,test
W1985779784,train
W2620610576,train
W4392607721,train
W4321222404,train
W2036750863,train
W2971443991,test
W2095803340,val
W3136156676,train
W2109825376,val
W2552554409,train
W4396916335,train
W3124669181,train
W4410443836,train
W4414603317,train
W4390838281,train
W4391988777,val
W1990823061,train
W4412624394,train
W2343823234,train
W4400266963,test
W4406909213,train
W3117940150,test
W4396817538,train
W4312753781,train
W4392745075,train
W2766096050,train
W2793186939,test
W4387986902,val
W3204342889,train
W4323345772,train
W2994675267,test
W4410031952,val
W4404768549,train
W4417002768,test
W4407775499,train
W4404018644,test
W2591171693,test
W4292387186,train
W2077929361,train
W4394692435,train
W4385417519,train
W4416187291,train
W4392796731,train
W4411551755,train
W4389252700,test
W2110484089,train
W2076070624,train
W2049278568,train
W2617662860,train
W2962855623,train
W2088212435,test
W4376616742,train
W3216656735,train
W7117120264,train
W2020464212,train
W4407448560,train
W2749266427,train
W2965322655,train
W2560395019,test
W4405703944,train
W4387068211,train
W4416749221,train
W2970215257,train
W2810476603,train
W2546534500,train
W4390603996,test
W4392995816,train
W2151469723,test
W4409359698,train
W2495824885,train
W2947522057,test
W1979189019,train
W4409076994,test
W4288083473,train
W4402994972,test
W4390938911,train
W1978345933,test
W4415243103,train
W2906729185,train
W4311349067,train
W1965267996,train
W2036551821,test
W2957593180,train
W3037412198,test
W2066452435,train
W1934362406,test
W3083459682,train
W3127336347,train
W3024880312,train
W2914521323,test
W2920553042,val
W4416816605,train
W2314419339,val
W2059450064,train
W4404635223,val
W4410125068,train
W2775147633,test
W2144135849,val
W2729601962,train
W2040434563,test
W4393305223,test
W4408941256,train
W3183437656,train
W2951565607,test
W4390075196,train
W4414948915,test
W4391782448,train
W4401270748,test
W2591187540,train
W2594685110,train
W4401880012,train
W2039473801,train
W4405081529,train
W2344477425,test
W4293173682,train
W4318953175,train
W4406311680,train
W4400034089,train
W4406385978,train
W3195761866,train
W3005339103,train
W2911628061,train
W3164401570,train
W4413168963,train
W2132344484,train
W2051530142,test
W7104629547,train
W4387332921,val
W1972455741,train
W4401806723,val
W4391791458,train
W4407894474,train
W4391892482,test
W2023343291,train
W4205423836,train
W2050238751,train
W4413251787,test
W3003981068,test
W4386498054,train
W4417456848,train
W4406610889,train
W4210894942,train
W4366407898,train
W4410540918,train
W4206504716,test
W2353257644,train
W4407948898,test
W4400857405,train
W4408773824,train
W3092585775,test
W4412467998,train
W2593105899,train
W7116688751,train
W2921366310,train
W2119094580,test
W2610066027,train
W2131447956,test
W4389104763,test
W2265166184,train
W4391179701,train
W3015461837,train
W3212421073,train
W2883284371,train
W4402619928,train
W3089462693,test
W4312364648,train
W4395686298,train
W3043263328,train
W4221145199,train
W4404189901,test
W2143337235,val
W4393233304,test
W3119087503,train
W4411076391,train
W4412939730,train
W4413318879,train
W2944799163,train
W4312383860,test
W2900577141,train
W2916700883,test
W2790164807,test
W4410049465,train
W2134823881,train
W2921988748,test
W4390356862,train
W3159710779,test
W2044444166,train
W2291909063,train
W4392114202,test
W4382933103,train
W2971644666,train
W3199467273,train
W2113985218,train
W4391840525,train
W4402148809,train
W4401905945,train
W4387587653,val
W4323530087,train
W4412802141,train
W2954318029,train
W4409280437,train
W2067715232,train
W2790167672,train
W2561829981,train
W2519250431,val
W1912694276,train
W2023101608,train
W3006130150,train
W4416707168,train
W2093562354,train
W2797253418,test
W2093922090,test
W4221103838,train
W4408692857,val
W2914489208,train
W3009265375,train
W3129163321,train
W2344432845,train
W2069170077,train
W2883360195,train
W1976535029,train
W2949089721,val
W4408389027,train
W2340281863,train
W4392397397,test
W2899960885,train
W4407354655,train
W4319459101,train
W4313495455,train
W4388601321,train
W2074128438,train
W1970623787,train
W2057048128,train
W4415261590,train
W2808611867,test
W2508477805,train
W3155413563,train
W3164442860,test
W4387092277,train
W3004520513,val
W2890025384,train
W2783454406,train
W4406610971,train
W4410985923,train
W2980498517,train
W2914854448,train
W2994654853,train
W2218983036,train
W2148926372,train
W1968984181,train
W2026988389,val
W4387938956,test
W2522626811,val
W3153801153,train
W4381856556,train
W2063874488,train
W1998841934,train
W1976188373,train
W4413074650,train
W2152584537,train
W2156817707,train
W4414091921,train
W3134624922,train
W2028070713,train
W4404056984,train
W4415046925,test
W4402303202,test
W2082931591,train
W2055743361,train
W4405703871,train
W4417456881,train
W4408495066,train
W2920943421,train
W2347130340,train
W3211925781,train
W4406324010,train
W4389665201,train
W2053744010,train
W3046621406,train
W4402619829,train
W3174473775,test
W4387449305,train
W2973890672,test
W2320204756,train
W4403390463,train
W4389572555,train
W4399743511,train
W2152490180,test
W3016051510,train
W4285107695,train
W4409154664,train
W4407002324,train
W2990084501,train
W4408325440,val
W4401608728,train
W2048598219,train
W2011782230,train
W2070273288,test
W3011196476,train
W2110198360,test
W4399852899,train
W2167688066,test
W2782961980,train
W1980787916,train
W2087450997,train
W4408124887,train
W4411309355,test
W4414271354,train
W1964886742,train
W4405765960,val
W3184339106,train
W4386643004,train
W2789894833,train
W4403446210,train
W2124722342,val
W4297319618,train
W2900179285,train
W2762095987,test
W2594197670,val
W1981218379,train
W4402774224,train
W4365442383,train
W4379652910,train
W4399262484,train
W3185315771,train
W3081182628,val
W4383554657,test
W3161072801,test
W4410407045,train
W4383503705,train
W4307812665,val
W4406738283,train
W3216139666,train
W3092053846,train
W4410550951,train
W2884396969,train
W4400583786,train
W2344764007,train
W4400857494,train
W2560833388,train
W4414432572,test
W4403451159,train
W2800803240,train
W2098303750,train
W4313639663,train
W2547443968,train
W4399426068,test
W2612506043,test
W4285256539,train
W2100303002,train
W3162606549,test
W4404850493,train
W4362452931,train
W7105610295,train
W4415689913,train
W1916352223,train
W4312469633,train
W2115324684,train
W2074123321,train
W2064941967,train
W4392885495,train
W4388739236,train
W1971130674,train
W4415353287,train
W4410372319,train
W4399189200,train
W3188713125,train
W2059636932,train
W4412567062,train
W2965980990,train
W4410281289,test
W4411735734,train
W4403037628,train
W1993731868,train
W4402728136,train
W2918996965,val
W4320712861,val
W4294811933,train
W2964063279,test
W4411043249,train
W3215586954,train
W2793798239,train
W2046656770,train
W4386162736,train
W4405654350,train
W2513214219,train
W2599515429,train
W4379795320,train
W3048591039,train
W4324116446,train
W4410887179,train
W2803609932,test
W3090369187,train
W4226420551,test
W1831230998,train
W2093859880,train
W2464740120,val
W4404417988,train
W4414128356,train
W4284893082,test
W2520674444,train
W4390816355,train
W2885565094,train
W3183246637,val
W3121787084,train
W2029350555,train
W4402808474,train
W2913427224,train
W4281394465,train
W4404370973,train
W1998570937,test
W4280590363,test
W4401684853,test
W4321769603,val
W4404810593,train
W4407785291,train
W2530565048,train
W4389331423,train
W4409494569,train
W4312766166,train
W4224924610,train
W2296227759,train
W2782311202,test
W2257437519,train
W4417147907,train
W4391807641,train
W2963691998,train
W4282937393,train
W3134215180,train
W4390975090,train
W4404107949,train
W4409568540,train
W2753412869,test
W2951668738,train
W4401386972,test
W4393305249,train
W2980642348,test
W2606240495,train
W3134445612,train
W4409356122,train
W4293153206,train
W7117498832,train
W4412855192,train
W4394925050,val
W4414128144,test
W2804240301,test
W2062027227,train
W3189090535,train
W4416009358,test
W4390874115,train
W3159736971,test
W4320490877,train
W4395113705,train
W2972838451,train
W3155535021,train
W4409349638,train
W3211432855,train
W1986525613,val
W2343899768,test
W4324142375,train
W4412434710,train
W3206619099,train
W3211225893,train
W2078761907,train
W1990483314,train
W2252608406,train
W4410949592,train
W2805929175,train
W4405654276,train
W4310335803,val
W3001370920,train
W4415507018,train
W2402831979,test
W2117448240,train
W3107899157,train
W2275165515,val
W2558778358,val
W2949852859,test
W4210909794,val
W2749750670,train
W3161054623,train
W4404884164,train
W4404132682,train
W4402291156,test
W2951146693,train
W3205488134,train
W2580566736,train
W2973189390,train
W1983788629,test
W4403422942,train
W4400187704,train
W2788783137,train
W4413137866,val
W2061052237,train
W4411142817,train
W4404148419,train
W2100428701,val
W2590858232,train
W4407168874,test
W4396505723,train
W4386422335,test
W3106661040,train
W2144475630,test
W4394948157,train
W4312037479,train
W4391147937,train
W4406938311,train
W4390002645,train
W2966086598,train
W4412082049,test
W4407949534,train
W4411087888,train
W2968746919,test
W2137197486,test
W4392152005,train
W1975338449,test
W4285819652,train
W7117245941,test
W1990732315,train
W2988409347,test
W4413967102,train
W2529770188,train
W4205747744,train
W2732705335,train
W4402996238,test
W2043798464,train
W4392121222,train
W2594237828,train
W4399426474,test
W2246921567,train
W3015952374,train
W2570317390,train
W2560703808,train
W2747926216,train
W4221140314,train
W4407848026,train
W3217342875,train
W2106027325,train
W4293198778,train
W4399701099,train
W4402665761,test
W4402206421,train
W4396680465,train
W4410584125,val
W4403826439,train
W4391645799,train
W2330048948,test
W2890998273,test
W4407316311,train
W2064755413,train
W4407781907,val
W4413983086,train
W3181370975,train
W2595547504,test
W2912958523,train
W4409591295,train
W4393278146,test
W4391559702,train
W4394785970,test
W2896975724,train
W4403567525,train
W4380153987,train
W2105589190,train
W2137909165,val
W4400330855,train
W4410771641,train
W2782305792,train
W2963943295,val
W4393371881,train
W4407848025,val
W2963190722,val
W2883754520,train
W4225555601,test
W2062757535,val
W2023302299,train
W4403583571,train
W4412354832,train
W4308429314,train
W1972843362,train
W2604464672,train
W3193636205,test
W4411890052,train
W4400433338,test
W2731474427,train
W4220689216,train
W4280582832,train
W1975737577,train
W4395074139,train
W4220884961,train
W2955713853,train
W3045265781,train
W4403826468,train
W2026634636,train
W2004075592,train
W2811040154,train
W4403917490,train
W3165186175,test
W4313065576,val
W4401717802,train
W3085643486,test
W2749025884,train
W2769328306,test
W4399891747,test
W4392693748,train
W2595350342,train
W2027935272,test
W2125632337,test
W3159825216,train
W4226169014,train
W2962936633,train
W2799931430,train
W2328635703,train
W3040266635,train
W4406072772,train
W4410582030,train
W4398188074,train
W4390591018,train
W4293704580,train
W4413212371,test
W2792454975,train
W4394862870,test
W2009005141,train
W2090347203,train
W4396834094,train
W4411042108,test
W4408716899,val
W4400276496,val
W4412404271,train
W4206398861,train
W2151452790,train
W3095485896,train
W4406368131,test
W4403021981,train
W2994688331,train
W4402039440,train
W4409182016,train
W3127301637,train
W2137410883,train
W4403826443,train
W1533025524,val
W2785355036,val
W4417438689,train
W4405844766,train
W4413403243,train
W2065809024,test
W4402569337,train
W2156805002,train
W4389560241,train
W4392862067,train
W2790689470,train
W3216282228,train
W2889227506,train
W2918660040,train
W4404739931,test
W3195611087,train
W4211060568,test
W4394810480,test
W4406312071,train
W4412477643,train
W4417499102,test
W4399891760,train
W4414290370,train
W4408998396,train
W2804166280,train
W3023951208,train
W4406521366,train
W2155418912,train
W4205550683,train
W4416088956,test
W4387609111,train
W4411996536,test
W4415332866,train
W4379033948,train
W3015979606,train
W2021229196,train
W2118890679,train
W4287392694,train
W2413566101,train
W3203969037,train
W4289544428,train
W4375928762,train
W7116715698,train
W4224292818,train
W4310787317,train
W2901584140,test
W4400533311,train
W4283023890,train
W3119315499,train
W4321482783,train
W4360770795,train
W4288083766,train
W2793241364,train
W4411011418,train
W4403122920,test
W3090295042,test
W4416948354,test
W2139805394,train
W4414230443,test
W3042355256,train
W4405654321,train
W3186592514,val
W4309694836,test
W4417170222,train
W4403616351,train
W2602023803,test
W1999053439,val
W2770404322,test
W3034464722,train
W4224244735,train
W4315778451,train
W3004255393,train
W4296873900,train
W4407937003,test
W4392817605,test
W2023959340,train
W3119778516,test
W4377971432,test
W4405440093,train
W4387010559,train
W4412602623,train
W3092396141,train
W4408248601,test
W3157604753,train
W2143298176,train
W3176735894,train
W2168197332,train
W4391345988,train
W4411242496,train
W2148717592,train
W4408127244,test
W4409102451,test
W3187467055,train
W4410087137,test
W4312824443,train
W4377246897,train
W2162862985,train
W2335690865,train
W2522153945,test
W4393375171,test
W2165545316,train
W4401072857,train
W4319988680,test
W4395462076,val
W4376504003,train
W4392953330,train
W2472468676,train
W4411292526,train
W3183350623,val
W4394805067,test
W4285227691,train
W3080609575,train
W4377235460,train
W2163027686,train
W4399342638,train
W2011374149,train
W4292263648,train
W4411203009,train
W2583450153,val
W3091802565,train
W4409506678,train
W2319471676,train
W2945844330,train
W4411890811,test
W4411102181,train
W4401476311,train
W4392745102,train
W2775752987,test
W4417215884,train
W2969809674,test
W4393354793,test
W2890036314,test
W1986726082,train
W2094191130,train
W4406803367,train
W4410028412,train
W4405269847,train
W4388191404,train
W2103586998,test
W4395113327,test
W4394994643,train
W2146762168,val
W4397022293,train
W2107335022,train
W2810392541,train
W4213248681,train
W4410140782,train
W4302152450,test
W4285113911,train
W4417147684,train
W2091350393,test
W4319965105,train
W3157948980,train
W4407733852,test
W4394804915,train
W4406858195,test
W2996029397,train
W2612913629,train
W1986047377,train
W4400692945,test
W4409811638,test
W4409090269,train
W2090773596,train
W2897513444,test
W2596785231,test
W4226176861,val
W4292862193,train
W4406813953,test
W4409643784,train
W2757799290,test
W4404294165,train
W3194820553,train
W4400943840,test
W4404060073,test
W2153244557,train
W4321437593,train
W4391843091,train
W2790962380,val
W4407900975,train
W3204452949,test
W1981647260,test
W4413983232,train
W4414890241,train
W4293310105,train
W4406858170,val
W4375929110,test
W4364321651,train
W4380609521,train
W4293088539,train
W4312726813,train
W2969575373,train
W4211154356,test
W4297965137,test
W3157877258,train
W2791048494,val
W4404594861,train
W4401943056,train
W2963232127,train
W2966464106,val
W4413358888,train
W4411086325,test
W4410638809,test
W4281780773,train
W2740720719,train
W4294733424,train
W4416513268,val
W1928747060,train
W2463903161,train
W4296131098,train
W3156941214,val
W4391653804,train
W4395070930,train
W2005060246,test
W4405304024,train
W2039688938,train
W2039122596,train
W4406813748,train
W3040828936,train
W2149623757,val
W4402891956,val
W4402606238,train
W2046940186,test
W3026230478,train
W4407848027,train
W4410089993,train
W4387664578,test
W2119548540,train
W2752864560,train
W4399859863,test
W4294930473,train
W4411889323,val
W4295308277,train
W4411948496,test
W4409916696,train
W2964240924,train
W2951553766,train
W4382677674,val
W3158468618,train
W2765179683,test
W2752533296,val
W2117220860,test
W2142802993,train
W2802740927,train
W2954747304,train
W2921124259,train
W4387372193,train
W596214406,train
W2016404663,train
W4321496408,train
W3001552648,train
W4393278036,train
W2522146934,train
W4399635219,train
W4400237692,train
W4409922298,test
W2963214893,train
W2154405383,test
W4413966900,test
W4417066569,test
W4411644230,train
W2082291889,train
W4362653504,train
W3032675404,train
W4210660460,train
W2462564608,train
W4388139265,train
W4309097288,val
W3134064579,train
W2140969392,train
W2926987861,train
W3132610141,train
W2944622447,val
W4313477842,train
W2469405371,train
W4415207043,train
W4411889381,train
W3038754372,val
W4399793910,train
W2979885251,test
W4415915064,train
W3157317299,val
W2369976370,train
W4413277216,train
W2006890895,train
W4390970376,train
W4413830814,train
W3034942609,train
W4415481232,train
W4389104986,train
W4291433199,train
W4402093547,test
W4411563239,train
W2071555787,train
W3215149878,train
W2328822572,train
W4400648121,train
W2809954266,train
W2093495548,train
W2098167199,train
W4401109745,train
W4313550193,train
W3004991469,test
W2045377163,train
W2904959125,test
W2966179375,train
W4408565892,train
W4398152760,train
W4391514718,train
W4323038324,train
W3080119680,train
W4407026523,train
W2039922737,test
W4225607886,train
W4403615755,train
W2930110296,train
W2760055503,train
W4391697040,train
W4409870883,train
W4406755164,test
W4295135586,train
W2808030803,train
W4396596993,train
W2606383876,train
W4408009767,train
W3137707325,train
W4401927651,train
W4212953040,train
W4407946274,test
W2399306297,train
W4407019097,val
W4402215992,test
W2924702340,train
W4416522848,val
W2782208146,train
W2943612798,train
W4406523059,train
W2912312736,val
W4387587706,train
W3036728815,train
W4400019965,test
W4393987991,train
W2294963990,test
W4414179195,train
W4393855534,train
W3138002746,train
W4214860551,train
W1973026225,train
W1824395173,test
W4405891407,train
W4290973502,train
W2758804652,val
W3018180714,train
W2112658327,train
W2344683494,train
W3163975641,train
W3168116802,train
W2195659499,val
W4295750928,train
W4280518859,train
W4386090462,train
W4382024108,train
W2890389408,train
W2620368908,train
W4415821080,val
W4411867038,val
W3165076188,test
W1987787762,test
W4287887993,train
W4400033078,test
W2918573263,train
W4392996195,train
W2005340775,train
W3004758486,train
W1973792174,train
W2091003749,train
W4389428649,test
W4408339269,train
W2784638341,train
W2774031727,train
W3119997354,test
W4411341375,train
W4367146679,train
W4312425969,train
W4313203237,test
W2499629697,val
W4312794585,test
W4406814688,train
W2471161958,test
W2044592986,train
W4226463316,test
W4412967354,val
W4404145938,test
W4417201584,train
W3011259566,train
W2048777419,train
W4399557603,train
W2276249153,val
W3156333129,train
W3121171074,test
W4404060074,train
W2908851930,train
W2891394872,train
W2580347120,test
W4404444621,train
W2050874197,test
W4394585962,train
W2144112805,train
W2086789701,train
W2554703520,val
W4409263204,train
W2808576980,train
W4415660291,test
W7117244598,train
W4415454483,train
W4402299662,train
W4414799460,train
W4387623852,train
W3128430109,test
W4360993846,train
W4401725912,train
W2406520110,train
W2375067944,test
W2811472820,train
W3175016299,train
W2600685225,train
W3108026406,test
W4411171699,train
W4389543696,val
W4405632736,test
W4386320397,train
W2033382392,train
W4210914097,train
W4221003299,val
W4392472094,train
W4293173297,test
W4390357462,test
W2162969618,train
W2744951369,train
W2145286644,train
W2945959809,train
W2069371409,val
W4392971678,train
W2883248204,train
W4409000469,test
W2972930542,train
W7116053124,train
W4401879495,train
W4397022312,test
W4408399602,train
W3090954463,train
W4399390955,train
W2104730303,train
W3088521775,train
W4280652991,test
W4401070544,train
W4220707454,train
W4410334407,test
W4312233343,train
W4412695717,test
W2742136054,train
W2018583728,train
W2748690817,train
W3215230729,train
W4411336874,train
W2090495398,test
W4396535339,test
W4280649903,train
W3203012334,train
W3035034802,test
W3043638540,test
W3138815606,test
W4402557612,train
W4394692327,train
W4405195133,test
W4400369674,test
W4407883570,test
W2972459357,train
W4404563181,train
W4408652505,train
W2023748774,train
W2071385528,train
W4224286019,test
W4408840940,test
W4398187781,val
W2734424493,train
W4408145489,train
W4401452646,train
W4396764002,train
W2340718617,test
W2055498716,train
W2925836809,train
W4402310499,train
W2912735843,train
W4414404881,train
W3042047410,test
W4414118658,test
W3183619936,train
W2154954240,train
W3027515711,train
W2118127532,train
W2083058703,test
W4400035742,train
W4296437517,train
W4417508856,train
W4408129868,train
W2884561390,train
W4385190612,train
W4411403387,val
W1967281134,train
W2732916693,train
W3215571357,train
W2917923141,val
W4413553718,test
W4412605458,train
W4399154496,train
W3044855967,test
W4414956269,val
W4403722493,train
W1977321274,train
W3118621910,test
W1987512590,val
W4402370051,train
W3180608480,train
W3083569984,train
W4391799681,train
W2792339401,train
W3103385677,train
W2122545369,train
W2972492919,val
W4360897634,test
W3159250660,train
W2889849786,train
W4412352583,train
W4394975949,train
W4385708721,train
W4226216126,train
W4415606050,train
W4297094439,train
W4379801086,train
W4210818263,train
W2024762869,train
W2908985871,test
W3125630007,test
W4225163285,train
W4401301042,test
W4210420114,train
W4312906349,train
W2792637072,train
W4408144798,train
W4282927366,train
W4403976977,val
W4385380507,val
W2005025414,train
W2343544375,train
W4409695029,train
W2121463368,train
W3015239057,train
W2156533170,train
W4406081037,train
W2891414129,test
W2913966487,test
W4413962220,train
W3082239611,train
W4410413732,train
W4411264552,train
W2580290178,test
W4285292186,test
W1965450189,test
W2084026635,test
W3164803610,train
W4407572203,train
W4406813715,train
W2125083487,train
W2921981915,train
W2795648038,test
W4411547960,val
W2593222101,train
W2485176934,val
W4406094226,test
W3135497297,train
W2488579949,test
W4387842157,train
W2246989874,val
W4417002784,train
W2071821890,train
W4408860153,test
W4389459399,train
W4293065287,train
W3138917762,train
W4401667275,train
W3213229766,train
W4406858175,test
W2952065976,val
W4406321718,train
W2766985280,train
W2748788934,train
W4394862942,train
W4401071922,train
W3203778842,train
W4377971325,train
W2885013728,train
W7111289629,train
W4412872198,train
W3100271381,train
W2900286493,train
W4405239633,train
W2897026555,test
W4285818115,train
W4404102600,train
W2944487787,train
W4391128844,val
W4404432900,train
W4396555834,train
W4415507077,train
W4417399792,test
W3090906250,train
W4399939451,train
W4402810911,train
W4296473472,train
W2911445260,train
W4388539339,test
W4309940780,train
W3157723070,train
W3173173537,train
W2462290672,train
W3044837284,train
W4389495169,train
W4387344566,train
W2907184427,val
W4409568306,test
W4392401953,test
W2021539694,test
W2186001977,train
W2343978497,train
W4399310986,test
W4416922352,train
W1998279455,train
W3133932964,train
W4391514872,train
W3117126067,train
W4407179561,train
W2137345105,train
W4387789909,val
W4282941001,train
W4283824376,val
W4410407982,train
W3090083446,train
W2154596686,train
W4239387012,test
W2613564606,train
W4408694922,train
W4402516515,train
W4414410436,train
W2905097561,test
W2046683745,train
W2057467539,test
W4417271914,train
W4395464644,train
W2099028485,train
W4386542234,train
W4404613602,train
W3030204804,train
W4402216083,train
W4416331685,train
W4405547182,train
W4413779807,test
W4410086700,train
W4401990772,train
W3009808474,train
W4394698525,train
W4390918560,train
W2790664081,train
W2897116458,train
W3014249243,train
W3016383261,train
W7117120252,train
W2112778826,train
W4388207216,train
W1996012074,test
W4226290207,train
W3118640283,train
W2070951550,train
W2889655092,test
W2900477301,test
W2595077599,train
W4416742604,train
W4212936296,val
W3138191843,train
W3081439660,train
W4406674512,test
W2068686832,train
W4412841493,train
W2565717771,val
W2947943031,train
W4402187321,train
W4413785695,train
W2754649472,test
W3126095862,test
W4410226837,train
W4221055893,train
W3137503532,train
W2762172405,train
W2913096406,test
W3178592347,train
W2049829692,train
W4384787880,train
W2150060124,test
W4226204987,train
W4401325834,train
W3108901435,train
W4414437029,train
W2770769351,train
W3158196834,test
W2029502595,test
W4404584343,test
W2975128548,test
W4401109506,test
W4400949861,train
W4414988663,test
W4408688738,train
W2791722231,train
W2130112133,train
W2989559400,test
W4415271225,train
W2318184860,train
W2171331105,train
W4414437166,test
W3200731518,train
W3131787997,test
W2061879449,train
W4392750045,test
W2425916150,train
W4312999155,train
W4403976916,test
W4402262781,train
W1971681846,train
W2295995314,test
W4307922140,test
W4413238932,train
W4407765830,train
W4412356887,test
W3138166792,train
W4394797690,train
W2070352186,train
W4244530145,train
W4407360700,train
W2087902132,train
W4392865184,train
W2508916776,train
W2982548805,train
W1970412479,test
W4398141649,val
W2793387058,test
W2154456549,train
W4401443396,train
W3113072632,test
W3157093692,test
W3201904098,train
W4405654597,test
W4386869646,test
W4312317008,train
W4410343899,test
W2083811603,val
W3183910508,train
W4237238577,train
W4391847287,train
W1964689772,train
W4285169015,val
W4404872680,train
W4417231167,train
W2601712964,test
W3110295443,train
W2252009993,train
W4368232879,test
W4414179233,train
W4415156796,train
W2055777319,train
W2800102422,train
W2946260851,train
W1985082692,train
W3008361539,train
W2057926851,train
W1964787636,train
W4410312055,train
W4408851842,test
W4404018682,val
W4401650233,train
W4414229191,train
W3016056257,test
W3212394122,train
W2802001504,train
W2081346399,train
W3214951728,test
W2299104751,train
W4406813707,train
W4392667070,train
W2040598439,test
W2066730330,train
W2469195734,val
W1988129938,val
W2789471414,train
W4416650196,train
W4413221778,test
W3112733201,train
W4381514057,train
W3122866338,train
W4386472901,train
W4391942283,train
W3198223740,val
W2920895572,train
W4292081303,test
W2892859754,test
W4406047342,train
W4408343493,train
W1966738607,train
W4386981920,train
W4414371541,train
W3164155163,train
W4312368702,val
W4312299095,train
W2727655179,train
W4387129616,train
W2990669300,train
W4404627747,train
W4407247745,train
W4403343525,train
W2144362128,train
W4407316320,train
W2755914852,test
W1982342876,train
W4407723236,train
W4392656047,train
W4414241955,train
W4407276872,train
W2124542511,train
W4408278690,test
W2907860850,test
W3133253599,test
W2929155379,train
W4402994936,train
W2043018245,train
W2065323196,test
W4413039174,val
W4404609290,val
W2963643599,train
W4409761572,val
W2254107447,test
W4390939996,test
W4406158190,train
W3033623585,train
W4415624390,train
W3110936923,train
W4387221813,train
W4410950206,test
W2797104896,test
W4404132600,train
W3089115757,train
W4403462255,train
W4401393391,test
W2078650291,train
W3167681863,train
W4414816519,train
W4393281585,test
W4403390133,train
W4285230759,train
W3091810627,train
W4389403352,train
W2136587621,test
W4410049487,val
W4406610310,val
W2807133510,test
W4401434693,train
W4395069551,val
W2343523109,test
W4405778748,train
W4401070657,train
W4415147672,test
W4401210696,train
W4321372624,test
W2592562974,val
W4417011056,train
W4412802462,train
W4406053368,test
W2947832965,test
W7115177649,test
W2883529134,train
W2083481835,train
W2460223167,train
W2059265610,test
W2897490830,val
W4394994333,test
W2889079487,train
W7117298332,train
W4288079681,test
W2024051755,val
W4210944467,train
W4253906998,train
W1962704097,train
W4388240496,train
W4387743441,train
W2781817988,test
W2909731777,train
W2912327636,test
W2998598977,train
W3199220963,test
W4411238954,train
W2518033045,test
W2944046640,train
W4408800671,train
W4407948738,train
W4412423707,train
W4394896831,train
W4387146125,test
W4407542088,test
W4412490856,test
W4392543805,train
W4386546933,train
W4410294928,train
W1996387524,train
W2148222209,train
W4406385999,test
W4411535114,train
W4225163840,train
W2914949695,test
W4400975369,test
W4392645365,test
W4288772571,train
W4403619399,train
W2894779347,val
W1783275161,train
W2080883777,train
W4407691625,train
W4402201761,train
W2108696530,val
W2075564769,val
W4401635853,val
W2759253428,val
W4390533867,train
W4405654385,train
W3005302685,train
W2078879196,train
W4409350035,val
W4406047113,test
W4409118626,train
W4385300676,test
W1965925811,test
W4393119041,train
W2610641682,test
W3156032009,val
W3170647102,train
W2046868318,train
W2951240690,train
W4384303901,train
W1991001411,train
W4394586155,train
W4401425985,train
W4394879135,train
W4399485107,train
W4385834327,train
W3100386461,train
W4389506879,train
W2328689326,train
W2003298862,train
W2602129873,test
W4393397186,train
W3202368466,train
W3022612213,train
W4391019653,train
W3096239448,test
W3006723533,train
W4399367299,train
W2596289355,train
W4416133418,train
W4394717739,train
W2620857485,train
W2903382629,test
W2790789433,val
W4399584967,train
W4308381112,train
W4391453317,test
W4409640744,train
W2903273659,train
W2145487961,train
W4414155106,train
W4413392042,train
W4386070879,train
W4387353472,train
W4390075339,test
W2925434687,train
W3183903096,train
W4245807786,train
W4402581077,train
W4393207491,val
W4405396136,train
W4388262204,train
W2507548850,val
W2044514978,train
W4365420788,val
W2125560635,test
W2342830374,train
W4409568323,train
W4400878073,train
W2078757791,test
W2108989894,train
W3136544170,test
W4415846174,train
W2019953038,test
W2963283923,train
W4224279564,train
W2071086768,train
W4390044392,val
W2744331595,train
W2049671191,train
W3207377746,train
W2902892638,test
W4367016889,train
W3205985117,train
W2964279097,train
W4407385348,test
W2176818514,test
W2611669764,train
W4400695119,test
W3003621239,train
W2170141299,train
W4391899144,train
W2167431606,train
W4391406919,train
W4405800352,train
W4401633910,train
W4408423465,train
W4390075369,test
W4408552806,train
W2714004353,test
W2310343821,test
W4403296840,train
W2737082946,train
W3120186061,train
W2210347778,train
W4410263438,train
W2132238781,train
W4393115804,train
W2431340995,train
W4285220679,test
W3004834472,train
W4394804833,test
W1966475326,test
W4362500847,test
W4393379899,val
W4403089501,val
W4316813693,train
W4312686358,train
W2343676215,train
W2806125796,test
W3171576931,train
W3112877691,train
W4416673024,test
W4394897041,val
W4414780093,test
W4391128353,train
W4408324436,train
W2906198352,test
W2113165877,train
W1987769722,test
W2516674956,test
W4322704117,val
W4413786029,test
W2591782716,train
W1690078257,train
W4383172118,test
W4409269310,train
W2078624863,train
W2963909831,train
W4391840390,train
W4396778191,val
W2963936979,test
W4413138610,test
W4296338325,train
W2805657678,train
W3118666763,train
W2420916111,val
W3047491762,train
W7114780943,train
W3139228879,train
W2512075523,train
W2149945051,train
W2551233363,train
W2893861039,train
W2752382195,train
W4293732311,train
W2416230292,train
W2594227027,train
W4391965926,val
W3180181113,train
W4403465936,train
W3017021688,train
W3113003998,test
W2774561917,train
W2215747114,test
W4406755384,val
W4367316469,test
W2973729700,test
W2983834903,test
W4319866170,train
W7110914790,train
W4280592033,train
W4307561542,train
W4315705158,val
W4387343941,train
W4206629261,train
W2914116747,train
W4412468087,train
W4410361283,test
W4387495995,test
W2122516858,test
W2886256610,train
W4400489845,train
W2951342393,train
W4413054246,train
W4409168199,train
W3199070602,test
W4308968707,val
W3106867121,train
W4400643659,train
W4307510928,train
W4417043383,train
W4281786985,test
W4391360895,test
W2971094744,train
W4412841318,train
W4280603320,train
W2594759883,train
W4415845690,train
W4406921707,train
W2126414837,train
W3039326214,train
W4415256789,train
W3050393128,train
W4402515992,train
W4392385305,val
W2891445490,test
W4416213003,test
W2011509625,train
W2080748164,train
W4389692353,train
W2099973229,test
W4406972882,test
W2099072783,train
W2971503752,test
W4376455422,test
W4402129395,train
W2024552841,train
W4206576735,train
W2922387345,train
W4409921949,test
W2135363691,train
W2083024233,train
W3035337937,train
W2344065342,train
W4366590576,test
W2093797868,train
W2782827498,train
W2934046414,train
W2970529458,train
W2805413066,train
W4409269162,test
W4409723785,train
W4410095576,train
W2990432822,train
W3214742360,train
W4407638736,train
W4394724000,train
W4400984349,train
W3163732942,train
W2158510188,train
W4401485877,test
W2801378111,train
W3202183072,test
W4405127718,train
W4223527846,train
W4412837257,test
W1978375026,train
W4409530712,train
W2105020099,train
W4381050415,train
W4404035682,train
W4415388018,train
W3137123155,val
W1948447363,train
W4306873660,train
W4220922534,train
W1985971253,test
W4319736431,train
W3049670232,train
W2535386169,val
W4391759572,train
W4221147566,val
W4399439301,train
W4394966906,test
W2612135540,train
W4205766749,train
W4407900125,train
W2278286793,train
W4396773622,train
W4401249150,train
W4285224065,train
W2789882921,train
W4404002937,test
W4206242116,train
W2095019037,train
W2889864435,train
W2023096942,test
W4409581417,train
W3111674505,train
W4226469226,train
W4312431055,train
W3034737735,val
W3095736161,train
W4403037975,train
W4391485390,train
W4386001503,train
W4408566769,train
W2118519711,test
W4297999778,train
W2811422593,train
W3178611087,train
W4387614626,train
W4293235803,train
W4313043838,train
W4378651134,train
W4403182177,test
W4416028051,train
W1982041549,train
W1974112321,test
W4400679913,train
W3195680291,train
W2615175534,train
W4400488769,train
W3135688577,train
W4416409284,test
W4312684043,train
W4404238616,train
W4321020960,train
W4226297016,test
W4413834914,train
W2611555697,train
W4407049645,train
W4286488146,train
W4413555920,train
W2133772099,train
W2618413983,val
W2089520845,train
W2890799637,val
W3013745307,train
W4393115925,test
W2913742413,train
W4393207136,train
W4415271252,train
W3160755597,train
W4403826461,train
W4319303243,train
W4405270109,train
W4408280429,val
W3086165762,train
W4409257723,train
W4412939663,train
W4408032953,train
W2892142441,train
W4403545905,train
W4391321561,test
W2524977916,train
W2996943723,test
W2605578689,val
W3033719388,test
W2102511171,train
W2080300888,train
W4412779165,train
W3183719236,test
W2465113299,test
W4400123667,train
W2277839806,train
W4285174596,train
W4406189611,train
W4413392548,train
W2197635914,train
W3099572069,train
W3132218710,train
W2803750062,train
W3009249012,test
W2971900667,train
W3137602479,test
W4413944826,test
W4391897255,train
W3112789885,train
W2888691881,train
W2058388278,train
W3018301625,test
W2517292986,train
W2788411626,train
W2749061957,train
W4389675033,train
W3112593261,train
W2969543858,val
W2903206604,test
W4406410975,train
W2047942918,train
W4389473914,train
W4412766993,test
W4383112706,train
W4413125390,train
W2065269465,train
W1990265618,train
W2031062193,train
W3183976931,train
W2084752154,train
W4407572171,train
W3173515334,test
W2514093542,test
W4409796061,train
W2026819569,train
W2925259504,train
W7116781356,val
W4385194792,test
W1680219837,val
W7117536934,val
W4408499955,train
W3131163951,train
W3169084863,train
W2792036879,train
W2754966889,val
W3041769641,train
W4413141047,train
W2193945050,test
W4362683629,train
W4409771033,val
W2027820970,train
W4409269190,test
W2562522049,train
W2801360630,train
W4283693855,test
W4375928870,test
W2293030187,val
W4321482184,train
W4296132134,val
W4385656568,train
W4405375424,train
W2884006160,train
W4403977018,train
W4322736917,train
W4415222069,train
W4399206703,train
W4413979793,train
W1983742753,train
W4392623208,train
W2296478878,train
W4406814328,train
W3027507161,test
W4226091502,train
W4410564867,train
W2791657297,train
W4403598537,train
W2988227695,train
W3159521264,train
W4306733263,train
W2736422538,test
W4206417793,train
W2155410395,train
W2165810895,val
W2114126618,test
W4379986188,train
W2100811108,test
W4226343579,train
W2246629406,train
W4406970691,train
W1997984797,test
W4311938462,train
W997417692,train
W4226001826,train
W3010322136,train
W4281968684,val
W4322717938,val
W2512973515,train
W4405654349,test
W2100157110,train
W4386184684,val
W2161238678,train
W4416366467,train
W2063911672,train
W4408946209,train
W4206681343,train
W4392199044,train
W4390204075,train
W4281776086,train
W2735750152,train
W4414848787,test
W4387130572,val
W2041249434,train
W1969536546,train
W3089682163,train
W3131648208,train
W4393252937,train
W2052476756,train
W2067007638,train
W3020402385,val
W4395010482,train
W3185341429,train
W4206238894,train
W1993976697,train
W2618248325,train
W4412035781,val
W4410616205,train
W3094969945,test
W2960252232,test
W2143927862,train
W1992656353,train
W2950398529,train
W4417215876,test
W4367313436,train
W4416010474,train
W2981805639,train
W2121318675,val
W4400679353,train
W4394606321,test
W2136721322,test
W4408738956,train
W4410949594,train
W3092962901,val
W2614985500,train
W4406082800,test
W2884363217,train
W4407542337,test
W3190618479,test
W2114470741,train
W4406371524,train
W4411403562,train
W4406321315,train
W4414084679,test
W2792711809,train
W4361982189,train
W4382246105,train
W4282970668,train
W2003146915,val
W1977824522,train
W1496659747,train
W2056899516,train
W2026130590,train
W4312474208,train
W4405653464,train
W3201324897,train
W4413468405,train
W4407638211,train
W4406113379,test
W4417164915,train
W4411725123,train
W4311703141,train
W4386231167,train
W4409242850,val
W4205566938,val
W2490096331,train
W2971844693,train
W2127229029,test
W2047555152,train
W3159405661,train
W2290472990,test
W4413446160,train
W4226025771,train
W2796495430,train
W3009153228,val
W4401548252,train
W3046094031,train
W2018793571,val
W4415048639,train
W4401359378,test
W4220753921,train
W4384339476,train
W2168160940,test
W2435106797,train
W2902029518,train
W2904351506,train
W3045296135,train
W3165858509,train
W3203439338,train
W4384519640,train
W4293762926,train
W4388499465,test
W3161434522,train
W2759610170,train
W2111403606,train
W4405440138,train
W3162624483,train
W3004908285,train
W2972855163,train
W2602516395,train
W4386378890,val
W4398167322,train
W2146606092,val
W3183828382,test
W4405114800,train
W2147386665,train
W2106315062,val
W2746866883,test
W4414091836,train
W4366825970,train
W4407900275,train
W1970554353,test
W2966932878,train
W2968094109,test
W2396967885,train
W4382203483,train
W4414476095,train
W2785208313,val
W1995539722,train
W4403852924,train
W4411310919,test
W4286893914,train
W4381736190,train
W4353070284,train
W2958475640,train
W4323662799,test
W2981314318,train
W4398226223,train
W2041500835,val
W2000832583,test
W2147837713,train
W4416723210,train
W2273837150,test
W2067749392,train
W4319663557,train
W2056609728,train
W4407502235,train
W2241428156,test
W2594773304,train
W4413056530,train
W4405906793,train
W4297094407,train
W4409744601,train
W3154565815,train
W4406948544,train
W4214825220,train
W4313406111,test
W2793676270,train
W4392109529,train
W2146356192,train
W4405487711,train
W4309198198,train
W1973837973,train
W4401927482,train
W4393983860,train
W2971826129,train
W4401798709,train
W3042006926,train
W4400113459,test
W4412837259,train
W4390480766,train
W4409568282,test
W3046211543,train
W2792826105,train
W2043884223,train
W2962715466,test
W4410852322,test
W2774778035,val
W4319990047,test
W4396585666,train
W2312611768,train
W4411446264,train
W4392114365,train
W4392908305,test
W2144335970,train
W1579655362,test
W4408174431,train
W3164246203,train
W2195745326,train
W3159619126,train
W4400810638,train
W1972634007,train
W4391653691,train
W4412871009,train
W4391611133,test
W4404387843,train
W4407187362,val
W2259879138,train
W2947066268,train
W4382680382,train
W2900713200,test
W4409494079,train
W4381785805,train
W3036686531,train
W2084790180,train
W2900793827,train
W2029482994,train
W3183048323,train
W3041437500,train
W4394766673,train
W2790306973,train
W2107337767,val
W4319594647,train
W4411725434,train
W3128591281,train
W4366824837,train
W3132773571,train
W4412536505,train
W2914051825,val
W4387350496,train
W2153845676,train
W2102564968,train
W4403758650,train
W2065544659,test
W2021449636,train
W7116936251,train
W4366747489,train
W4412751134,train
W4392620581,val
W4220828623,val
W4401484139,train
W7103899558,train
W4399619710,train
W3094223281,test
W4406213410,train
W2559138643,train
W4400416954,train
W4407236106,train
W4413365845,train
W4410140821,train
W4397026139,train
W4393224639,train
W4402696986,train
W2979191315,test
W4408254250,test
W2284817041,train
W4414153585,train
W1990395546,test
W2901412525,train
W3035711801,train
W2145395604,val
W2296817781,train
W2604728261,train
W4417506931,train
W4401396940,train
W3187918486,test
W4405779015,train
W2785162637,train
W3183106943,train
W4415622252,train
W4408324685,test
W2144420897,test
W4402509034,train
W2047104006,test
W2796841069,train
W2146756703,train
W2107564937,train
W3014620413,train
W2140463665,train
W2802391712,train
W4414871252,val
W4406858280,train
W4379987733,train
W4412795786,val
W4412732533,train
W4398762581,test
W3130796238,train
W4226330570,train
W2325078486,train
W4403746419,test
W4414871554,test
W4403826465,train
W3215934193,train
W2903456545,train
W2037153888,test
W2624649878,train
W4391884321,train
W4406794086,test
W1965792010,train
W4414260826,train
W2335670295,test
W4392095605,test
W3165355909,test
W4206482803,train
W4284674177,train
W4311771716,train
W3180299705,train
W2890519302,train
W2512973121,train
W4401536882,train
W2022846595,train
W2320512303,train
W4402157906,val
W2011257065,test
W2097025901,train
W1965524150,train
W4389937392,train
W4411336812,train
W2060537671,train
W2296488711,val
W4411311571,test
W4206541522,test
W4403843611,train
W2015814179,train
W4416538322,train
W4286210182,train
W2151952699,train
W4387623815,train
W4376505605,train
W3093031590,train
W4401547741,train
W4400009431,train
W4386031629,train
W3206957188,train
W4406610305,train
W4412623521,train
W2091924929,train
W4226211505,train
W4416522876,train
W4408495114,train
W4408231987,train
W4392843848,train
W4402739064,test
W3173851750,train
W4401717674,train
W3009196798,train
W4412998174,test
W2757981534,train
W1995192171,train
W4283830961,val
W2081845725,train
W4415481146,train
W3109707688,train
W2784123366,train
W4400112291,train
W2842078607,train
W4361986817,train
W2020892433,test
W3007098877,train
W4406207049,train
W2760292284,train
W3159625917,train
W4402123952,train
W4409349958,val
W3204184545,train
W2999146029,train
W4312507377,train
W2077402329,test
W2045548935,train
W2951474986,test
W3203393885,train
W2781973655,test
W4399339226,train
W4402810733,train
W4410560470,train
W4366149110,test
W3212249443,train
W2759315193,val
W4413846917,train
W4387398394,train
W4400241414,test
W4388596127,test
W4410617461,train
W4401374389,train
W3045540405,test
W4403360640,test
W3027958081,train
W4324107245,train
W2068667627,train
W4403635653,train
W3041622874,val
W2070357371,test
W3200098776,val
W4417499109,test
W4393213364,train
W2050206561,test
W4411041880,test
W3162740817,train
W2785557022,val
W4390880258,train
W2898741628,train
W4402673524,test
W4403390424,test
W4285203226,train
W2293298207,train
W4381085527,train
W2793519446,train
W4408117163,train
W2899793917,train
W3132588576,train
W2548927583,test
W2766063230,train
W3137643240,val
W4413212359,train
W4318830451,train
W2024509105,train
W4224062983,val
W4282966423,train
W4401507011,train
W4410236901,train
W3172269557,test
W2886509985,train
W2913752663,test
W2308024788,val
W2334802991,train
W2613625031,train
W4281250306,val
W2771173048,test
W3210137333,train
W4413440626,train
W4387376887,val
W4410600801,test
W2805161269,train
W4312997264,test
W4414019773,train
W4405547459,test
W4402302738,test
W4309674289,train
W2554046853,test
W4407766179,train
W4415382061,train
W2953529749,train
W4398810443,train
W4292092641,train
W2345634401,train
W4413319150,train
W2099419573,train
W2558896083,train
W4400489424,test
W4380520352,train
W2772457693,train
W4323022549,train
W4402543952,train
W2379759909,train
W2753433552,train
W4410949618,test
W4404613713,val
W2896985741,train
W1993037430,train
W2343448572,train
W2248302901,test
W4389252478,test
W2804721500,train
W4391164310,train
W2980967488,test
W4406207083,train
W2297991835,train
W4392163075,train
W4399405741,train
W2963537617,train
W4376616686,train
W4394935944,val
W4226382147,train
W4403431607,train
W4205946811,train
W3048465064,train
W2425244199,val
W4387868942,train
W3152731525,train
W2576039182,train
W4394627473,train
W2808528665,train
W4408934902,train
W2923071719,val
W4402215748,train
W1998420321,train
W4319594769,train
W4413754827,train
W4402626925,train
W2115437593,test
W4403722980,test
W2735009901,train
W4404238040,train
W4407212729,test
W2080130111,train
W4410076467,train
W2947158132,train
W4417201902,train
W2883445328,train
W2162760328,train
W2195720612,train
W2109688480,train
W2535315879,train
W2061686014,test
W4415261078,train
W4398191624,train
W2123196001,train
W4401576757,test
W4399801199,train
W3124701440,train
W4407128647,train
W4376877399,test
W3041694760,train
W2062690810,train
W4390603833,train
W2964045355,train
W2065070768,train
W2138783567,train
W4206598149,train
W2885978796,train
W4415883105,train
W2470231588,train
W2147097964,val
W4393343355,val
W2608083159,train
W4385073800,train
W7109137488,test
W2039193701,train
W3032355076,train
W2585046187,train
W4410152978,train
W4405451022,train
W2950203672,train
W3013500184,test
W4401372704,train
W4416010746,test
W1971313320,train
W2055693888,val
W4291920484,train
W2770114745,train
W4388052812,train
W3173034870,train
W4400412808,train
W4409222139,test
W3203337531,train
W4417450494,test
W4410600797,test
W4414688375,train
W4409591291,train
W4412014197,val
W4411086694,train
W4393385749,train
W2256188983,train
W4401357215,test
W3134998638,test
W2956750883,test
W4410249996,test
W2258876169,train
W2019799578,train
W4391777538,train
W2915905517,test
W4396523216,train
W4408851891,train
W4408708195,train
W3216767138,train
W3197645786,val
W4383899686,train
W4298008721,test
W4399601909,train
W1851834002,train
W3184122220,test
W4402626875,train
W3014950936,train
W4206106134,val
W2775936334,train
W4401635661,train
W4313555619,train
W2769008494,test
W4386275787,train
W4309561822,val
W4315779763,train
W3002536493,train
W3134255974,train
W4404101325,train
W2241750177,train
W2799793701,train
W2949197199,test
W3193726135,test
W2807731816,train
W3153149165,train
W4403489820,train
W2963457411,val
W2593887211,val
W4410040007,train
W4389268852,train
W4310390388,train
W2551956255,train
W2610615091,train
W4409182044,train
W2469532945,train
W4404725237,val
W2345022687,train
W4416448583,train
W4407638700,train
W4402570340,train
W2108471196,train
W3135635993,train
W2810219740,train
W4405396181,train
W3139046134,test
W4393212485,train
W4379527419,test
W4313025100,train
W4394828208,train
W4401979983,train
W4394809297,train
W3095698190,train
W2067740414,train
W2914797198,train
W1990337861,test
W2523223960,train
W1995973276,val
W4382518148,train
W4389179984,train
W4313476004,train
W2021846802,train
W4402592869,train
W3135773993,train
W4414863338,test
W2316809434,train
W2894151403,train
W2776656643,train
W2810662166,train
W2548516812,train
W2986040449,test
W4391021891,train
W4391718863,train
W3205854703,train
W2025520157,test
W2579242936,test
W3198459119,train
W3180641418,test
W2580334333,train
W4414463192,train
W2484021251,train
W3027118737,test
W4401536655,train
W4399923957,train
W4402682726,test
W2149229264,train
W4412871412,train
W2274609711,train
W4409098643,train
W4417064628,train
W2981328759,test
W4386136258,train
W4406245376,test
W1993348634,train
W2782087530,train
W2079618300,train
W4286220308,train
W3178709966,train
W2781731163,val
W4417456879,train
W4313597114,train
W4402860113,train
W4410086893,train
W4403511863,train
W2387597703,val
W2325135768,train
W2651397102,train
W4406488712,test
W4391948471,test
W2083854694,train
W2808830345,train
W4405800334,train
W2414534987,val
W3211287969,train
W3165798576,train
W4386477302,test
W4381805003,train
W3043797180,test
W3162223212,train
W4412836853,train
W3039790476,train
W2166821106,train
W2167168675,train
W3107807204,train
W4225356279,test
W1994500462,train
W3135002532,train
W4406385977,train
W4402978101,test
W4391218191,train
W2725654677,train
W2342813643,test
W4405908161,train
W2757814254,train
W1967607898,train
W2343647285,test
W3159583069,test
W4413983430,train
W4404006751,test
W2339091189,train
W3152936176,val
W4396753504,train
W2943584607,train
W4403464878,train
W2020049547,train
W3184914355,train
W3083195873,train
W4394678631,train
W4312106240,train
W4390748674,train
W4225484420,train
W4407593002,train
W4386173971,test
W4412642369,train
W2981495462,test
W2398361527,train
W4386470321,val
W3088377098,train
W4401567221,train
W3185820380,train
W4391164196,train
W4401009456,train
W2077772897,train
W2980420460,train
W4224287853,train
W3115723483,train
W3016257699,val
W3133706083,val
W2600778551,train
W2753958158,train
W4391840366,val
W2074633331,train
W3205525295,val
W2884962025,train
W4393307230,train
W2897953716,val
W2021862793,test
W4221160108,train
W4385696134,train
W4393140556,train
W3047624045,train
W7108223387,train
W3042224785,train
W2803856670,train
W4391511770,train
W3139912471,val
W2108398378,val
W2268451786,train
W2314464932,train
W2097905879,train
W3111316843,train
W4415048642,train
W2070248598,train
W4205529760,train
W4405305610,train
W3015316773,train
W4402992428,val
W2089359462,train
W4412509392,train
W2914407050,train
W4392940160,val
W4386131909,train
W4410049485,train
W2428101024,train
W4390619754,train
W4410263610,train
W4402284785,test
W2944069152,train
W4414363390,train
W2508905069,test
W2092531278,train
W2113855951,train
W4386569390,train
W4393224642,train
W4416450012,train
W4417189962,train
W3204578495,train
W2257138219,train
W4386831200,train
W4402592964,train
W4416796483,train
W2948144128,train
W4398207668,train
W3206124651,test
W4285234583,val
W4394678608,train
W4387682147,train
W4401807692,train
W2748560529,train
W2958167848,train
W4409356362,train
W4403826974,train
W4409355943,train
W4392377111,test
W3008467495,train
W2917383620,train
W4404060138,train
W2732616350,test
W4384787634,val
W4417201787,train
W2983955849,train
W4396975530,train
W4408707508,val
W4391897126,train
W2466440585,train
W2135647107,train
W2530925488,test
W2945331961,val
W4413358926,train
W4223518348,train
W4396229223,train
W4287891019,train
W4411996996,train
W2140708977,train
W2167340446,train
W4408152959,val
W2157662595,train
W2140464534,train
W4211266850,train
W4288050909,val
W4406814337,train
W2160998689,train
W4409641052,train
W2802687568,train
W4367180577,test
W2610279045,train
W2784128005,train
W3121954822,test
W4400314300,train
W2900841156,test
W3217539601,train
W3199494379,train
W3204705447,train
W2110124965,test
W2986455874,train
W3088446264,train
W4404127785,test
W4406311319,test
W4303984359,train
W4416235747,test
W3008706867,train
W4412488513,train
W4416383952,train
W2597742770,test
W4389509486,train
W3034473953,train
W4400524938,train
W4410152462,train
W4402997343,train
W4319990417,train
W4413786933,train
W3012762803,test
W4306789913,train
W2949262682,train
W2012958378,test
W4413792042,train
W4404914586,test
W2796933658,test
W2024677950,train
W4406535068,test
W4386869719,train
W2052896341,test
W4412950435,train
W4409917087,train
W2033682954,train
W4406930279,train
W4413392227,train
W2028283353,train
W3004608274,train
W4408442370,train
W2106135946,train
W2751034643,test
W4416743863,train
W4220672568,train
W4401123087,test
W2103534626,val
W4401567207,test
W4361278516,val
W2153224794,train
W3014295153,train
W2020271151,val
W4413837796,test
W4389386407,test
W4405942492,train
W4362716538,test
W2793823312,train
W4408214684,test
W4385894332,train
W4415221763,test
W4392940206,val
W2883732254,train
W4388936696,train
W2963306102,test
W3133304533,train
W4405654342,test
W4408706994,test
W2599632008,test
W4403295399,test
W3162720533,train
W3178594337,train
W4406110760,test
W4380520306,train
W4407179717,test
W2896348597,train
W2758513221,train
W7114897690,train
W4406610260,train
W2123705372,train
W3191012031,train
W2082054283,train
W4412375067,train
W4312694095,train
W2343896316,train
W4410536512,train
W4404002912,train
W3214811393,test
W2602244503,test
W2121720842,train
W2144193487,test
W2963147982,train
W3088682211,train
W2057037070,train
W2997300846,val
W3041718935,val
W4413052173,train
W4415049180,test
W2963051689,train
W2753386236,train
W4391169604,train
W4414270337,train
W4391774550,train
W3157300832,train
W4396827044,train
W2015020153,train
W3013606134,train
W2888279577,train
W4378697253,train
W2890950736,val
W4403336452,train
W4393316745,test
W4392523432,train
W4225388136,train
W4400460810,train
W4389934600,train
W2888676701,train
W4415382075,val
W4393372126,test
W2036584242,train
W4384499125,train
W4412416164,test
W4296079499,train
W2138623498,val
W4408536330,val
W4376607990,test
W4403722234,val
W4414757881,train
W2792111852,train
W2911981000,train
W3200754280,val
W4407246944,train
W4414165847,train
W4412756584,test
W4415850592,train
W4402980732,train
W2041666134,train
W4392014548,train
W2605181596,train
W4411269900,train
W4411337043,train
W4403194825,train
W4410998747,test
W4394744873,test
W3004495293,train
W3005979468,test
W3210653644,train
W4304892186,test
W4402310821,train
W4406081070,test
W3120403074,train
W4309857291,train
W2753374546,test
W4405655953,train
W3176111990,test
W2948546254,train
W1994311938,test
W4415304738,train
W4405081457,train
W4384661952,test
W4407593012,train
W3135616985,train
W4380520271,test
W4400934003,train
W2804290038,val
W2958615997,train
W4406080942,train
W4400446447,train
W4405040123,val
W4396243545,test
W3008705472,train
W4395097822,train
W4412795785,train
W1998667615,val
W2040128811,train
W4381050441,train
W4407592994,train
W2996903041,train
W4381735894,train
W3004586828,train
W4382203432,test
W3135879802,train
W4413553594,train
W2962869327,train
W2017972555,train
W4414693593,train
W2317931072,train
W4292968104,train
W4399891648,train
W2900853407,test
W4400184963,train
W4378804853,train
W4319451764,train
W2294765051,val
W4392823654,train
W4407002982,train
W3159750436,train
W2963067051,train
W4401451913,test
W3171768015,train
W4400188326,train
W3041607643,train
W3092904545,train
W2044831755,train
W4387491256,val
W4407580499,train
W3195074083,train
W7117435958,test
W4394822791,train
W7110895594,test
W2971612532,train
W4407269444,train
W4404809948,train
W4280577057,train
W4401253777,test
W4390658716,train
W4405488334,val
W4285156874,train
W2517233056,train
W4408564952,val
W4401836561,train
W4416298096,test
W2791591603,test
W4399207455,train
W4406949219,train
W2900555028,train
W2946723257,train
W2021622753,test
W4399310708,train
W4412623467,train
W4385894352,train
W4226455409,test
W4405632782,train
W4408280726,train
W4406610515,train
W2971449008,test
W4403421182,train
W2767589925,train
W2587621218,train
W4401567497,train
W4401070270,train
W3048094199,train
W3083684531,train
W2566666722,train
W4393002334,test
W4403391418,train
W4312208408,train
W4411735740,train
W4402378055,test
W4310460456,train
W4394698913,test
W3045569263,train
W2896775460,train
W2344249460,train
W4317904898,train
W4407051600,train
W4214571486,train
W4309490745,train
W4391235306,train
W4392271377,train
W4391377427,train
W4416765342,train
W3039273193,train
W7114902712,train
W4386167817,test
W2788658053,train
W4382680324,test
W4391843683,train
W2790452432,test
W4288614128,train
W4400454376,train
W4400425046,train
W2952401845,train
W4403295007,train
W2606368827,train
W3034303608,test
W4404650820,test
W4391323412,train
W4404700206,test
W2610570077,test
W2909139149,train
W3045153336,train
W4407411887,train
W4414693368,train
W4404432594,train
W4406522308,test
W4383220196,train
W3137903677,test
W2963564396,train
W3165794402,train
W2740884108,test
W4410211330,train
W2044001428,test
W3173111918,train
W4409014642,train
W2962918709,test
W4408466493,test
W4404387360,train
W2656428161,test
W4401030975,train
W4383752905,train
W2336855346,train
W4386443168,train
W2766886387,test
W1971640194,train
W4410358637,train
W2150915047,train
W2151854870,val
W4415725625,train
W4408564932,train
W4412855161,train
W3203135192,train
W4401357256,train
W4391594093,train
W3194592686,train
W4401328698,test
W2897734900,train
W3145602566,train
W1989401189,train
W2753055686,val
W2124063321,train
W4411086649,train
W2190581264,test
W4360939118,train
W3041045223,train
W2142643181,train
W4392168447,train
W4402893269,train
W4312794561,train
W4412623675,train
W4392995987,train
W2620825865,test
W2922063907,test
W3029176236,val
W3184980526,train
W2069867586,train
W2287526092,train
W4384934710,train
W2134161716,train
W3186878187,test
W4402569447,test
W4410226398,test
W4379409173,test
W4402299717,train
W4417131996,train
W4400314975,train
W4404627781,train
W2181938544,train
W4319993347,train
W2167949584,test
W4372353038,train
W4385819749,train
W2129798175,train
W4206480403,train
W4402146847,train
W3156295478,train
W4409154944,train
W4399601922,test
W4402979393,val
W2080098453,train
W2100132638,train
W4213337779,train
W2568154862,train
W3089611792,val
W4285181159,val
W4406085150,test
W4416338273,train
W1607987991,train
W4408697618,train
W2803355698,train
W4292092796,train
W3136454200,train
W3130576313,test
W2935574115,test
W2086240082,test
W4405444248,train
W2606984444,train
W2336328223,train
W2064830847,train
W4416626030,train
W3215482210,train
W4206724214,train
W2798724579,train
W2064969374,train
W2899603836,train
W4391614477,test
W4406599797,train
W2114945762,train
W4401980693,test
W2564084673,val
W4415180049,train
W4391984607,train
W3156829097,test
W4415723227,test
W4416593506,train
W1998489325,train
W4404650485,train
W4400461591,test
W4319459165,train
W2941287638,train
W4287887115,test
W3040035060,test
W2138326128,train
W4399525892,train
W4294311152,test
W2891787464,train
W4400578827,test
W4387735260,train
W4387092720,train
W3006117042,train
W4391953405,train
W2896373185,train
W4391317914,train
W3134843574,test
W4413403168,train
W3131052410,train
W2463730913,test
W4404387326,test
W3205079182,train
W4394804876,train
W4411241405,train
W4405632573,test
W3170621690,val
W4412482428,train
W1997358129,train
W4415906532,train
W3083804123,train
W4411241451,train
W2739466008,test
W4411041682,test
W3175951800,train
W4406890112,val
W4409356711,train
W4391947388,test
W4417499122,train
W4399045945,train
W4406081072,train
W3155912831,train
W2809873772,train
W4401847340,train
W4411213939,test
W4403336760,val
W2949441608,val
W2963455014,train
W4404873047,train
W2914961791,train
W3215663210,test
W4392238943,val
W4394627306,train
W4400656442,test
W4391945833,val
W4312984359,train
W3197643498,train
W4387717575,test
W4387259526,train
W4388463775,train
W2018414565,train
W4407572492,train
W2868310449,test
W4410582042,train
W2116779894,train
W2886600306,train
W4403503463,test
W4407691326,train
W3117873470,train
W4413602204,train
W3216755252,train
W4403094953,train
W4376133601,train
W2899467763,train
W4406416287,train
W1975113377,test
W2796436043,test
W2795786677,train
W4402128718,val
W2800277550,test
W2885724298,train
W4410294986,val
W4412030659,val
W4386517577,train
W4401041697,train
W2160914149,train
W4411408406,train
W2192583762,test
W2608738900,train
W4416127292,train
W4210323894,train
W2161630727,train
W4409077099,train
W4397022326,train
W2026420882,train
W3012555737,train
W2047759772,val
W4239910164,train
W3192638343,train
W4406866173,train
W4213454781,test
W2250223391,train
W2146333891,train
W2094580275,test
W3119687955,train
W4386830495,test
W4406312044,train
W2980612421,test
W2285304767,train
W2095907349,train
W4413222003,test
W3217195611,train
W4205797172,train
W2530103281,train
W2963670055,test
W4400507813,train
W4410638928,test
W3127246082,train
W4402284039,test
W4378710505,train
W3207409396,test
W2060010969,train
W2964345771,test
W4401769249,train
W3185219364,train
W2782366591,train
W4394785854,test
W2950680104,train
W1954853632,train
W4414723633,val
W2135010045,train
W4284962442,val
W4409153012,train
W1968075052,train
W4322706754,train
W4416214598,train
W4386918717,train
W4413267785,train
W4365509767,test
W3157152805,train
W4390075082,train
W3182693212,train
W2745880520,train
W2090125639,train
W2972246936,test
W3173528707,val
W2897695910,train
W4285030992,train
W2807604653,train
W3104305579,test
W2138452244,train
W4415492916,val
W3031829523,train
W2747102432,train
W4406037903,train
W4408934908,train
W2164661433,train
W2053550965,train
W2749206583,train
W4414764882,train
W4415453129,train
W2592296271,train
W4417456892,train
W4416707413,train
W4405654340,test
W2320053159,test
W2118262065,test
W3215978122,train
W1989883299,test
W2915041889,train
W4361271562,train
W4410342973,train
W2980938316,train
W4407946292,train
W3023209583,test
W4390904884,train
W2966699101,train
W4411041679,train
W3194842319,val
W4396240247,train
W3044327318,train
W4407922851,train
W4288391571,test
W4409098616,val
W4406325921,train
W3097072888,train
W4213437680,train
W4285165313,test
W4386231919,train
W4394811191,train
W4414474926,val
W4290802688,train
W4411436020,train
W2740196207,train
W3007855180,train
W2952337735,test
W2575005104,test
W2527440558,train
W3115527261,train
W2904878802,train
W1994270948,test
W4404148046,train
W2596846915,train
W4404018144,test
W4414057992,train
W2531325587,train
W4411488278,train
W2920933065,train
W2161154293,train
W4408048856,train
W2516017457,train
W2141214683,test
W2067453331,train
W3004612481,test
W4416385801,test
W2098105074,train
W4391110914,train
W4402056503,test
W4321786089,train
W7115189906,test
W4415555834,train
W2264490347,train
W4401989860,train
W3194891868,train
W4391750982,train
W4410770652,train
W4399146334,test
W4408199027,train
W4386436235,train
W4382119330,train
W4385216024,val
W4394927283,train
W2044195080,test
W3181290273,train
W4393305539,train
W4400228221,train
W2140474027,test
W4400261301,train
W2441269247,train
W2889322176,test
W2606995913,train
W2056920038,train
W4399743769,train
W4309757178,test
W3000791999,test
W4361222181,train
W4226115187,test
W4231047736,train
W4416344217,val
W4402995046,train
W3199212845,train
W4400112229,train
W1976818745,train
W4388469628,val
W2791258732,train
W2066488423,test
W4386275774,train
W4412404437,train
W2748014115,test
W2030569321,train
W3202962003,train
W4393192468,train
W4405303869,val
W3195333310,val
W4409883093,train
W2736382025,train
W4413843779,train
W4214870408,train
W2087478641,train
W2999805591,test
W2765858976,train
W2468276836,train
W2058461447,train
W4405114336,train
W4401958768,train
W4389785536,train
W4391068108,val
W7115710108,test
W2345285933,train
W2084946427,train
W4221166371,test
W2735793369,train
W2084598998,test
W3110931335,train
W4308605894,train
W4409000537,train
W4411948895,train
W2267971756,train
W3164008977,val
W2335755599,val
W4413308222,test
W4381198891,train
W4403656793,train
W4408155387,test
W2899552282,test
W4414179245,train
W3184264314,train
W4412434117,train
W4414490865,train
W4399743538,test
W2886759516,train
W4402543959,train
W4406113543,train
W2123090578,train
W2524874219,train
W4400447413,train
W3200247153,train
W2154548380,train
W3040838366,test
W2463012949,train
W4407027137,val
W4224935857,train
W2787071177,test
W2489231761,train
W4415763863,test
W2997275805,train
W4414116758,test
W2891054065,test
W4408284313,train
W4412468108,train
W2991175439,train
W4412939387,train
W4417456846,train
W4401762857,train
W2113728436,train
W2023755476,test
W3179500090,train
W4402056280,test
W4411203640,train
W2603333335,train
W4400529244,val
W4285260518,train
W4377099260,train
W2156626839,train
W1999124133,train
W4414404694,train
W4295678518,train
W4412355035,train
W4415330783,train
W1663806992,train
W4410747668,train
W2782485997,test
W4312338049,test
W4396871652,test
W4405655440,test
W4405130883,train
W4417499111,test
W4390813437,train
W3167969180,train
W2945415576,val
W4283461979,val
W4416214967,train
W4398757421,val
W4414479120,test
W4226031686,test
W2093066509,train
W4306832909,train
W1991530584,train
W2030188024,train
W4317883989,train
W3009889758,train
W4405740801,val
W4412066901,train
W2616428998,train
W2884049771,train
W4410489149,train
W4411863628,train
W3129828944,train
W4406858187,train
W2129959069,train
W2408328823,train
W2896407304,train
W4376460899,val
W2053376180,test
W2809104090,train
W4394586040,train
W3111984153,train
W3010336026,train
W3201412947,train
W4413792145,train
W4383988869,train
W4382680169,train
W4412841476,val
W4403447274,train
W4410642543,train
W2525431032,test
W4285248454,val
W4412030422,test
W3207032983,train
W1982937949,val
W4413744159,train
W2604123379,val
W3093627866,test
W4296713082,train
W2146839357,test
W2516170217,train
W2610638008,train
W4406970674,train
W3031043233,train
W4410211270,train
W4409129640,train
W2963796235,train
W2344168286,train
W2009950553,train
W4379472738,train
W4416707439,train
W2405419323,train
W2039698315,test
W7116655607,train
W2770623835,train
W2073777560,test
W2270985711,train
W2064997230,train
W2792747672,train
W2887782043,train
W4408281136,train
W2115292965,train
W2571303926,train
W2911894629,test
W4319163914,train
W2343196480,test
W4389161457,train
W2962758802,train
W4213449274,train
W1965438258,val
W3184729619,train
W4399452740,train
W4283023103,train
W4383220107,train
W4285117925,test
W2804469349,test
W3094515045,train
W4221087504,val
W4406891765,train
W4385740286,train
W4399978597,test
W3037653268,train
W3114642374,train
W3202547399,train
W4408536751,train
W4400188649,train
W4366091323,train
W4412828029,train
W4297323506,train
W4403420160,train
W4411042430,train
W4411043559,train
W3136713081,test
W4396860960,test
W4394966901,train
W4323644080,train
W4220847066,test
W2883299390,test
W2942447024,val
W4212884633,val
W3125626969,test
W4393053796,train
W2034956448,train
W4414856482,train
W3135369575,train
W2995700824,test
W2773615984,train
W4292491372,train
W4409427375,test
W4414967156,train
W2138383468,train
W4392355236,train
W4404035667,test
W2132212948,train
W4368617646,train
W2065425900,train
W2270233494,train
W4414780086,train
W2067116326,train
W2797883575,train
W3203800035,train
W2162434209,test
W4386883068,test
W4408564106,test
W4293089033,val
W1997416441,train
W1980837743,train
W2752198235,test
W2898711294,test
W2966480326,train
W2535805784,train
W2057785859,train
W2960184797,train
W2760146605,train
W4410062103,val
W3020635636,train
W4388085101,val
W4392199326,test
W3037377674,train
W4321021423,train
W2048899404,test
W4403021858,test
W2930957406,train
W2073852340,train
W3198455557,train
W4404862388,train
W4386527947,train
W2729652156,train
W4392694184,train
W4389474415,train
W2068849277,train
W2560368221,test
W4411241401,train
W4385727024,train
W4391614403,train
W3091825536,train
W3015590302,train
W2124436241,train
W4415593581,test
W4379652941,train
W2587061995,train
W2257148396,val
W2247394749,train
W2131108755,test
W2594085527,train
W2784770265,train
W2782198621,train
W3099247221,train
W4287162939,train
W4289236183,train
W4414490839,train
W3206750510,test
W4200526103,train
W3146407491,train
W4306407754,train
W4409350029,train
W4396520169,train
W2148260481,train
W3203829284,train
W4407619051,train
W4385194705,train
W4408280459,test
W2963832764,train
W3038801694,test
W3134064484,test
W3168719179,test
W4200282997,train
W3134469931,train
W4408053971,train
W4399906292,train
W4405654369,train
W2102382748,test
W3003872675,train
W4410393983,train
W4394606408,train
W4308436316,test
W2981700237,train
W4406309980,test
W4403290878,train
W2763329850,test
W2126318303,train
W4404884148,train
W4417230817,val
W2153492240,train
W4403863400,test
W2788608285,train
W4407749710,train
W3005217928,train
W4403770987,test
W4285818051,test
W2142474082,val
W4399795336,train
W4365801567,train
W4366274287,train
W4407122565,train
W4413836799,train
W4404787396,train
W2122199854,train
W1965878030,train
W3011855308,train
W4392560653,train
W7116694432,train
W1874399837,test
W4387319168,test
W4393307116,train
W2962685383,train
W2801708264,train
W4365145108,train
W4411550835,train
W4387869117,train
W2914297410,train
W1998790377,train
W3056617467,train
W4391249444,train
W4318618274,train
W4391454327,test
W3123594535,train
W4400887755,train
W3045186380,train
W4383960548,train
W4384935147,train
W4399310659,train
W2751870871,train
W4412605503,val
W2157317320,train
W4292610531,train
W4401337933,test
W3208562042,train
W4393372068,train
W4391164364,train
W2149640558,train
W4412827352,train
W3090108601,train
W2801805628,train
W2998553990,val
W4405653478,train
W4394766409,test
W4296131189,test
W4406354738,train
W4409368081,train
W4313069270,train
W4402369871,test
W1985933986,train
W2947113669,train
W4416926032,train
W4400071817,train
W4390097598,train
W4395702599,test
W7115749096,train
W2260783129,train
W2025587368,train
W4392843851,train
W4392545523,train
W4409591380,val
W4401386747,train
W3134357720,train
W4403511166,train
W2775450340,val
W2949217508,train
W3124674133,train
W4408711672,train
W4386280891,test
W2286049567,train
W3130559101,train
W7117301890,train
W4405544354,train
W2172860135,train
W7117260842,train
W2041961594,test
W2525360329,train
W4387717526,train
W4392251906,test
W2768755876,train
W4410985943,train
W4307922287,val
W3016118821,train
W4407309199,train
W3149863265,val
W3002916673,test
W2796975587,train
W4411202971,train
W3165638448,train
W3119154726,train
W2580569518,train
W4416664361,train
W2786206705,train
W2343187072,train
W2942655651,test
W3020716938,test
W2144751563,val
W3125267634,test
W2808716093,test
W4414867114,val
W3195416433,test
W2525842246,train
W4415968396,train
W2765892125,train
W2140096242,train
W4286357684,train
W2346855750,test
W2428781461,train
W4408259587,train
W2804347281,train
W4309469221,test
W4412015390,train
W4408776722,test
W4392939508,train
W2807862678,train
W4409653115,train
W2782557806,val
W4403845553,val
W2616221097,train
W4288083805,test
W4414128345,train
W4415028164,test
W2400104698,val
W2019821804,test
W4410852353,val
W4401726215,train
W2964340489,test
W2800699335,train
W4403195962,train
W1994381050,train
W2953031153,test
W2949726555,train
W4381733203,val
W2562682442,train
W2024445160,train
W4414322208,train
W2944191713,train
W2108926575,train
W4410371768,train
W2797603914,train
W2996215769,train
W4392523575,train
W4416341292,train
W4415542896,test
W4406814243,train
W4319037055,test
W2766013930,train
W4294643318,train
W4377707837,train
W2009551774,test
W3158300038,train
W4410973753,train
W2247167922,test
W4390480875,train
W4286580843,train
W2759397513,train
W4416296080,train
W3132509530,val
W4295872755,train
W2141543121,train
W3004525272,train
W4206517246,test
W2283013261,train
W4402994848,train
W3214489903,train
W2340138416,test
W3048089783,train
W4403295028,train
W3135687813,train
W4403186335,train
W4407450036,train
W4406813525,test
W2891998166,test
W4407365913,train
W4409136636,val
W2167818879,train
W2892354167,train
W2962926238,train
W2966158888,train
W2889763677,train
W4403094987,test
W2083904291,test
W4210725750,val
W7117130108,test
W4414799837,train
W4396667066,test
W4391957333,train
W2037301653,test
W2067990049,test
W3207680625,train
W3154606341,test
W2925180974,val
W2141074711,test
W4393371859,train
W2982069085,train
W2557998141,train
W4387448039,train
W2607000399,train
W4406828533,train
W2530824252,train
W3107219844,val
W4396886519,train
W2518496614,train
W2056373905,train
W2064390891,train
W4409916837,train
W2467945436,test
W4402100280,val
W4210971818,val
W4365135903,train
W4406784489,train
W4390818097,test
W2802025353,train
W3091400285,train
W4390838289,test
W4416323578,train
W4415593584,train
W4285248702,train
W1995163846,train
W4413110341,train
W4223462666,test
W3038325372,train
W3183480454,train
W3205997337,train
W4409591285,test
W4220826373,train
W1901462474,train
W4403318601,train
W2000058046,train
W2547064502,train
W4409326463,test
W4408161582,train
W4399906580,test
W4288614325,train
W4394585989,train
W4393170538,test
W4412610143,val
W4402809765,val
W2095470000,train
W3031958474,train
W3216686652,train
W2341433667,train
W4400190916,train
W4391815608,test
W4401726162,test
W4365131736,train
W3212438203,train
W4414258150,train
W2575375166,train
W4404910788,train
W3153182107,train
W2135328009,train
W4308731558,train
W4416078038,train
W3205626426,test
W7103993747,train
W4403346587,train
W4285252390,test
W3025833400,test
W4292289324,train
W4412030490,test
W4311011823,train
W2789442804,train
W4406085118,train
W4390607542,train
W4387008343,train
W4417148011,train
W2806697149,val
W4399527622,train
W4410856798,test
W2343955221,train
W3112366810,train
W4403758665,train
W4285232958,train
W4415725621,train
W7115187534,train
W2796578942,train
W2898585166,train
W4285162738,test
W2161982361,test
W2618843390,train
W3039476817,train
W2468296714,train
W4406620166,test
W4206780588,train
W4407831783,train
W4405304356,train
W4390577877,test
W4400480621,train
W4281250484,train
W2808706916,test
W3180331364,val
W4405518099,train
W2091005538,train
W3184158691,train
W2963908985,train
W4406814186,train
W4401386707,test
W4211052828,train
W4207068100,train
W2323331405,test
W2165116724,train
W4404358246,test
W3178107049,train
W2006234729,val
W4410115622,train
W4210356937,val
W4409796734,test
W4387804143,val
W3165424177,test
W4403391362,train
W4414084161,train
W4417276074,train
W2342382869,train
W3093880997,val
W4408130332,train
W4411640489,train
W4220883012,train
W3004975108,train
W4410980314,test
W4413344267,train
W4415481590,test
W2066454034,test
W4303710087,val
W4411948581,train
W4365447235,train
W4413078449,train
W4394698527,train
W4396613334,train
W4401588389,val
W2141411458,train
W4409640589,train
W2521082822,train
W4323671213,train
W4405270924,train
W7117726696,train
W4416027810,train
W3104881678,train
W2567736915,train
W2898614297,test
W2989871952,test
W4394994647,train
W4391402420,test
W2993357633,train
W4408998867,test
W2134885554,test
W2099811111,train
W3217679779,test
W4405365703,train
W3180073572,val
W2340067998,val
W2560211560,train
W4391881477,train
W4404182948,test
W4386193340,test
W4411142873,train
W4403671021,train
W4382541051,train
W3044855437,train
W2088340225,train
W4415261645,train
W3205626500,train
W2964956389,train
W3094440766,train
W3196558805,val
W4401636481,test
W2058300150,train
W4400737280,test
W2274894313,train
W4220970489,train
W2113940248,train
W2095479901,train
W4404768371,train
W4295308233,test
W4321780150,test
W4410039590,train
W4396927155,train
W2783544238,train
W4382397550,train
W4280555761,train
W3134677442,train
W3110974438,test
W2008034682,train
W4403251444,train
W2790370181,train
W4221162060,train
W2062876061,train
W4410852860,train
W4220839771,train
W4309620166,train
W4408612358,train
W4224925640,train
W4401979652,test
W3111635317,train
W4408106969,train
W2977998177,train
W4390828922,test
W2613674830,train
W4407248249,train
W2570066958,val
W4405768272,test
W4214510796,train
W4407749774,test
W4293081690,train
W2899997444,test
W4379932922,train
W2026435455,val
W2036073851,train
W2951942899,train
W4396680748,train
W3205321010,train
W2592884824,train
W2042040067,train
W2001639420,train
W4319348618,train
W2160436673,train
W3202783913,train
W4385877222,train
W1966000877,train
W2980523614,train
W4304190520,train
W4409221414,train
W2490845998,test
W4360939579,train
W2982620443,train
W2005169228,test
W2790658395,test
W2786715987,val
W4413191816,train
W4392657946,train
W4384304128,val
W2955049808,train
W4414788006,train
W2156468933,val
W4396578638,test
W4394744883,test
W2902121992,val
W2017682168,train
W4415059390,val
W4408281844,test
W4392896772,test
W4408609629,train
W2929060078,test
W2508907196,train
W4391645809,train
W4281680218,test
W4408017249,train
W4389438812,train
W4286750882,train
W4296437225,train
W3182543429,test
W3096596419,train
W2597476302,train
W3161071537,test
W4413277557,val
W4285214174,test
W2896805537,test
W4415567582,train
W2985912061,train
W4296339015,train
W4400919804,val
W2216365557,test
W4405546960,train
W4391547566,train
W4407411662,train
W1987521207,train
W2887845465,train
W4392058616,train
W4379116840,test
W2113340506,train
W3108962068,train
W2102573817,train
W4391759551,test
W2594303514,train
W4400685466,train
W4412082248,train
W4287889347,train
W4390051493,train
W2781054684,val
W3133118011,test
W2160666756,train
W4391250684,test
W2921980263,train
W4410999605,train
W3036247700,train
W2462020022,train
W4407543209,train
W4396795045,train
W2606882085,val
W2466523845,train
W4407155065,test
W4414925768,train
W4412043943,train
W3217604822,train
W4312288674,train
W3131928028,val
W4387377782,test
W4404056765,train
W2166252931,test
W4406047244,train
W4416135218,test
W4400229240,train
W3165293486,train
W2588854895,val
W4221164274,test
W4226017481,train
W4401211782,train
W4366526177,train
W4417439050,test
W4385194626,train
W4413278155,train
W4367280449,test
W4392096151,train
W2622148624,train
W2888096149,train
W2113852631,train
W2104637359,train
W2412505348,train
W2014583745,train
W2018654763,train
W3157309268,train
W1967209338,test
W4386027301,train
W4389386858,train
W4403501503,train
W3014682610,train
W4411019828,test
W2611507608,train
W3111025503,train
W4406415483,train
W4415114435,train
W3212533339,train
W4394699046,train
W2905500136,train
W2801026638,train
W2974034376,test
W2072563916,train
W4390224291,train
W4317515535,val
W4413074118,train
W3010215199,test
W4413925894,train
W4385652233,train
W4410384179,train
W4385496529,train
W4220958110,train
W4414538808,train
W4401536718,train
W4401426188,train
W4292595846,test
W3174133171,test
W3181596493,train
W1897479052,train
W2807754472,train
W3046497401,train
W4406610179,test
W3170139470,train
W3041971333,test
W2117176859,train
W2938258273,val
W4381613440,train
W4206530201,train
W2771891207,test
W2975894920,test
W2345094839,val
W2625802271,train
W2079454931,test
W3196226093,train
W2766728451,train
W2920006357,train
W4408144799,train
W4415047165,test
W4413839272,test
W2889727604,train
W4415353355,test
W3212747230,train
W4416225771,train
W2345821904,train
W3192674192,train
W4392939710,train
W4415760572,train
W4408708224,train
W2604679602,train
W4406325819,train
W2029718725,train
W1986841213,val
W4410166109,train
W4415850505,val
W4407275007,test
W4410344404,train
W4384499048,train
W1863089320,val
W3091751937,train
W3115025749,train
W4319925037,test
W4416748861,train
W4399283254,train
W3200728138,test
W2100466897,train
W3164810656,train
W2008794526,train
W2519882742,train
W4399782414,train
W2909648691,val
W2592916654,train
W2141587120,train
W3101189765,test
W2905500706,train
W4206765687,train
W4411735779,train
W2008806637,train
W4407003114,train
W4394880928,test
W4399666200,train
W3026053356,train
W2971648973,train
W4411446509,train
W2149688273,train
W4400071971,train
W2892062861,train
W3198080531,train
W4409154735,train
W2124158303,val
W2870670057,train
W4387250231,train
W3137671267,val
W3029273706,train
W2994948585,train
W4407315510,train
W4392519720,train
W2988339161,test
W4413116041,train
W4366668503,train
W4409312638,train
W2792281126,train
W2023426379,test
W2115570069,train
W2783931598,train
W4406983469,train
W2058955423,train
W2464636023,train
W3034265764,train
W4402497535,train
W2272050213,train
W4409641015,train
W2561978207,train
W4393171340,train
W4376455420,train
W3152301934,train
W2066349561,test
W4416298062,test
W4399563320,val
W2575599800,train
W4407506284,test
W2023662470,train
W4295678893,train
W2619103931,test
W4413136994,train
W4390423557,train
W3042050058,train
W4415003084,val
W3157894430,val
W3133092047,test
W1573560014,train
W2753156694,train
W2132033918,test
W2560704553,test
W3072033075,test
W2809610228,test
W1978154920,train
W4409683790,train
W4408564532,train
W4402994805,train
W4296270209,train
W4408145539,train
W4407584154,train
W4414982790,test
W2912193172,train
W4415271254,train
W4406803256,train
W2910603000,train
W4312922506,train
W4317796275,train
W4409351506,val
W3110894013,val
W4392678794,test
W4406814982,train
W2802764684,train
W4312605455,train
W2065633807,train
W3017008139,train
W2888266695,train
W4408256747,train
W4415707529,test
W4416650055,train
W4323042411,train
W4385417666,train
W4376115571,train
W2598078237,train
W2325261190,train
W4364302703,train
W4413738532,test
W2344916214,test
W2914989158,train
W4226344588,train
W4386390767,train
W2616098774,train
W4381050525,train
W2974909769,train
W4392947915,train
W4404584034,val
W2895059999,test
W3111503280,train
W1989966214,train
W4224284455,test
W2565703388,train
W2141416953,train
W2576629242,train
W2566156846,test
W4389799491,train
W4411019270,train
W4367623968,test
W2982188423,train
W2560248164,train
W2010653253,train
W4408054024,train
W4410548472,train
W2116567741,train
W2889578338,train
W2394725630,train
W4390659346,train
W3206752670,test
W4400447525,test
W4205860831,train
W1989218206,train
W4311808636,train
W4288104392,train
W3015499619,train
W2172912180,train
W4390002032,train
W2963896195,val
W2095429354,test
W4389674995,train
W3030561198,train
W4401807696,train
W2791177498,train
W4417003215,val
W4285310889,train
W4281262808,test
W4411358895,test
W4392593558,val
W3128178275,train
W2116380715,train
W4412025867,train
W4309287962,train
W4404809763,train
W4321021127,train
W4407392582,train
W2053264041,train
W3133000542,train
W2784272468,train
W4211209619,train
W4380682762,train
W4413308157,train
W4385062369,train
W4409916769,train
W1988586973,train
W4402350776,train
W4391406902,train
W4412939613,train
W2887053397,train
W2134677299,train
W4206416499,train
W2962883549,train
W2972103753,train
W4322736091,train
W4293192615,train
W4391621055,train
W4410998689,train
W4415626528,train
W2914654142,train
W2908578142,test
W3183620985,train
W3123290820,train
W2039793888,val
W2053616686,train
W4406813830,train
W2990091037,train
W4399812200,train
W2750197405,train
W1984764801,train
W3212186380,train
W4298326997,train
W2900354931,train
W4416926159,test
W1985797722,train
W1992657998,train
W3043784351,train
W2555648367,train
W3120358876,train
W4401396935,val
W4395017286,val
W4415261625,test
W4406385974,train
W3131664395,train
W4398144766,test
W4298149122,train
W4400651912,train
W4225395191,train
W4410589622,train
W2947173962,train
W4226157755,train
W4411604867,train
W4313023038,test
W1986536656,train
W1963738837,train
W2775550060,train
W3182097616,train
W4412623660,train
W2217719835,train
W4213069082,train
W4402975500,train
W1998580711,test
W3104128335,train
W4408565093,train
W4405653378,train
W4398243979,train
W3207351513,test
W2763172523,train
W2288560203,test
W2578096171,test
W4385075237,train
W2962895587,val
W4395056473,test
W4288084466,train
W4402282858,val
W4403304651,train
W3155833742,train
W2767142727,train
W4412747975,test
W2741268712,train
W2884150460,val
W4400424436,test
W3196979233,train
W4408773839,train
W2943546107,test
W2112773958,val
W4380442442,test
W2079572691,test
W2325985404,test
W4385453555,train
W1975450051,train
W4407169001,train
W4409962426,test
W4393241247,train
W4408499345,train
W4289825317,train
W7117477189,train
W3014399982,train
W2099741875,train
W4392666399,train
W2954127746,test
W4386951995,train
W2805284229,train
W2542543501,val
W7114916242,train
W4281486913,train
W2400545706,train
W2062305196,train
W4406309026,train
W4389428708,test
W4403473739,test
W2345271292,train
W2476464413,train
W2521935971,train
W4399768923,train
W3168892396,test
W3204880179,train
W1966117405,test
W4412900031,train
W4321484183,train
W2060083642,train
W4289444512,test
W7117449536,train
W3041364017,train
W2946410230,train
W2752737474,test
W4321497407,train
W4390195007,val
W1496406348,train
W2000273379,test
W4285113375,train
W2344547323,test
W3112519187,val
W4210736086,val
W4414908508,test
W3113023664,train
W4401201613,train
W4411212795,train
W2564186131,train
W7108688089,train
W4400314761,train
W2064634209,test
W4406311285,train
W4392386128,train
W2794260443,train
W1983764301,train
W4311011822,train
W2963035514,train
W1971388346,train
W2554518674,train
W4399861297,train
W2969896603,val
W3128093517,train
W4386755685,train
W4323059284,train
W4386416915,train
W4415367349,train
W2028223155,val
W1772700132,train
W3134061290,train
W4405219754,test
W2287252941,test
W4409991856,train
W2952439975,train
W4393404784,train
W4404145549,train
W4411350529,val
W4406874295,train
W2775852252,train
W4395027451,train
W4386090455,train
W4415003140,train
W4283728701,train
W4405517522,train
W4411726009,test
W3001664244,test
W4388676625,val
W4385834298,test
W4400316603,train
W4396629578,train
W2011778831,train
W3132091045,val
W4408343551,train
W2907052391,train
W4411041739,train
W4414270272,train
W4416148980,test
W4406674608,train
W2808107677,train
W2056579843,val
W4220712379,train
W4307819182,train
W4407150735,val
W4383102486,val
W2608429366,test
W4391215800,test
W4416873225,train
W4412855167,test
W4391454605,train
W4409325948,test
W2125300973,test
W3206511420,val
W4380787522,train
W2898035736,train
W4285303121,train
W4401064736,train
W4380442628,train
W4200236167,test
W1989862714,train
W4399619583,test
W2946767412,train
W2971917853,test
W4288769050,train
W2738919153,test
W4402125383,train
W4401113259,val
W4416842110,test
W4390105448,train
W4321108604,train
W4413344311,train
W2155174176,test
W4400339011,train
W3124211089,train
W4414270362,train
W7117780162,train
W4405304317,train
W2794527646,train
W2942961753,train
W4210808892,train
W4416746191,val
W1981303518,train
W2981641474,train
W4392624827,train
W4401871081,train
W2276964001,train
W2101609731,train
W4414145187,train
W4412345759,train
W2344631964,train
W4410086690,val
W4280587448,train
W3211189031,train
W4392472696,train
W3109027749,train
W2929974724,train
W4412444756,train
W2344508509,train
W2960178078,val
W3153132822,train
W3111653112,train
W4399620354,train
W2092256136,train
W2947302552,train
W4283733772,train
W4382987312,train
W4396965959,train
W2060386744,train
W4401049089,train
W4410095713,train
W4405673538,train
W4402129557,train
W3206086363,train
W3153266893,train
W3019200173,train
W2059776925,train
W4409663801,train
W4417201726,train
W2045558114,val
W4312770919,train
W3044534474,train
W4399403138,train
W2134713051,train
W4289236186,train
W2039424656,train
W4410096035,val
W4407425385,train
W4409349826,train
W4399425917,train
W4378195107,train
W4385806718,train
W2804817434,test
W2276378040,train
W2002533210,train
W2122776323,test
W3183787799,test
W4376456594,train
W2460055519,train
W2809867345,train
W2061129182,test
W4206473782,train
W3133340445,train
W1992955505,train
W4225492775,train
W2003898195,train
W4406704483,train
W4417535890,val
W2551450846,val
W3081420426,test
W4409349939,train
W2013500299,train
W2974073639,train
W3207108892,train
W2520641625,test
W2991779680,train
W2995220590,test
W2018365172,train
W2783230551,train
W1971306755,train
W4391620743,test
W4393170546,train
W3211184446,train
W4412837168,train
W4205501012,train
W3138434581,train
W3111058005,train
W4389352604,train
W2526856061,val
W2566249311,train
W4294891318,train
W4387735248,train
W4404500167,val
W4280513790,val
W4392048306,train
W4412354923,train
W2410319475,train
W4408183463,train
W4407103187,test
W4385548152,train
W2147845860,train
W2997284983,test
W3198070777,train
W4392090332,train
W4395447243,train
W4386590944,train
W4411469277,train
W4322217101,train
W2772793349,train
W4399373692,train
W4403997126,train
W4392902096,train
W4386998279,test
W2995668728,train
W2132123667,train
W4399425932,train
W4391582516,train
W2599733330,train
W2972407766,train
W4394880512,train
W2058175730,train
W3174933651,train
W4404941463,train
W3211844860,train
W4205467938,train
W4396695416,train
W4396594864,train
W4221013924,train
W2911643182,test
W2120118887,val
W4213101961,train
W4410152922,test
W3198223493,train
W2963390426,test
W4391179929,train
W4413392231,train
W4392502626,train
W3182286741,train
W4406657304,train
W2626353086,train
W2326926550,train
W4386825118,train
W4396523220,train
W4401211241,test
W2789497997,train
W4221143047,train
W2140115054,test
W4405303347,train
W4406866661,train
W3099082554,val
W2912112015,train
W4391678949,test
W2998045710,train
W4392939664,train
W2582206808,train
W4396238295,train
W3160348042,train
W4410852772,train
W3138745897,test
W4401016008,val
W4406085225,train
W4391753532,train
W3091533194,test
W2963779067,test
W2050409719,train
W4394683372,train
W4409349992,train
W4293218370,test
W4387219713,train
W4395001626,test
W2330485005,val
W2000215674,train
W4361761805,train
W3088500570,train
W4399866754,train
W2963231446,test
W2763061619,train
W2311417940,val
W3019423257,train
W4386452852,train
W4413785786,train
W2004791319,train
W3200230513,test
W4401070254,test
W2608904808,train
W2904845493,train
W4393259376,train
W4402759247,test
W3197669437,test
W4392979943,train
W4389665145,train
W2058266664,train
W1986078872,val
W3123348991,train
W4415034263,train
W4399039741,train
W3177144370,train
W4401396622,train
W4412841340,test
W4385954288,test
W4405206722,train
W3097300053,train
W4311212906,train
W4413169616,train
W4388145742,val
W2558844166,train
W2022729575,train
W3165722314,train
W4415075823,test
W3031066431,test
W4283826179,test
W4415272559,test
W4413343959,train
W2160886020,train
W2157224582,test
W4406466719,val
W4320018468,train
W2007575094,val
W4413982506,train
W2560039696,val
W4408851672,test
W3132166193,test
W4379116546,train
W3046608666,train
W4396955095,train
W4404751038,train
W2681138350,val
W4417051913,train
W4311057306,train
W2600669551,train
W4400578802,train
W4416643062,train
W2963947431,train
W7117483333,train
W2785342397,train
W2217666260,train
W2860610442,train
W2017478515,val
W2969368867,train
W4321454754,test
W4401641057,train
W4392775898,val
W4399385695,val
W4417003200,train
W7104541169,train
W2951450826,train
W4391110910,val
W3086858324,test
W4414353679,train
W2909715381,val
W4391931465,val
W4407451030,train
W4384519104,train
W4412027341,test
W4406738291,test
W4249461450,test
W4410863395,train
W3122183613,train
W2598111164,test
W4385704108,test
W4410237514,train
W2987423872,train
W4404387560,test
W4411203460,train
W4402516053,train
W4377142627,train
W4409653216,val
W4398183498,train
W3119520364,train
W2398409936,test
W4406866500,test
W2167292325,train
W4386830545,train
W4406875079,train
W4407691618,test
W4401249170,test
W2886355144,test
W3209901625,val
W4387698764,test
W4417436230,test
W4401815216,train
W4410583040,train
W4403390515,train
W2050127041,train
W2086920995,val
W2083758028,train
W4416767288,train
W2071735763,test
W4200182268,train
W3127395311,train
W3023833538,train
W3043320740,train
W4312557211,train
W4403548723,train
W2896806510,train
W2507822416,test
W4409364985,train
W2345130518,train
W3017249852,train
W1812516734,val
W4303427119,train
W4386998302,train
W4412836868,train
W2795014448,train
W2753848078,test
W4417361388,train
W3203229294,test
W4402759180,train
W4403103512,train
W2333489917,train
W4285507497,test
W4399647325,train
W2963786844,train
W3000980125,train
W4317209725,val
W2164463086,train
W4404668105,train
W4413694535,train
W4405654822,train
W2806157717,val
W4389664550,test
W4413359332,test
W4396712947,train
W4410028017,train
W3103243695,train
W1985514745,train
W4409580851,train
W4385070828,train
W2564068158,train
W2014084212,train
W3185585276,train
W3008901784,train
W2982430646,test
W2045478058,train
W4399341870,train
W2152988830,train
W4311610036,val
W1998967109,train
W3094570690,test
W2087977439,train
W4281772378,train
W2793255553,train
W2739915423,train
W2132548797,train
W2770761158,train
W2999036395,train
W4410061952,test
W4282946979,train
W2051113130,train
W2091767767,train
W2685247307,train
W4404741162,train
W3197579463,train
W3112130712,train
W4321780122,train
W2101030244,train
W4387377637,train
W2024766111,test
W3023259152,train
W4401346294,train
W7114915180,test
W1901355268,train
W2621008837,test
W4361271596,test
W4367665491,val
W2293007695,test
W1139195008,train
W4386378785,train
W3037045207,train
W2980073220,train
W3174744532,train
W4409700807,train
W2293824895,train
W4399601788,train
W2792981848,train
W4405654348,test
W4317535868,train
W4402284933,train
W2766722289,train
W3142984884,train
W3017943350,train
W4388848588,train
W3118705258,train
W4406321300,test
W2040403168,val
W2013436814,val
W3080941383,train
W2530179903,train
W3013006526,train
W2021442948,train
W2941979138,train
W2988961468,train
W4381613464,train
W4403130690,train
W4411724938,train
W4405316245,train
W2122642161,train
W2515180252,test
W3082682393,train
W2030137848,train
W4406872620,train
W4386607580,train
W4412110954,train
W2074272723,train
W4414122469,train
W4200595125,train
W2094727050,train
W3089504086,train
W4379473526,test
W2922666816,train
W4404060117,train
W4401057135,test
W4414982151,train
W2968036310,train
W2950551928,train
W4383956134,test
W4410290121,val
W4400895761,train
W4292341621,train
W3008362721,train
W4408182234,train
W4414004598,test
W4398226297,test
W3206376721,train
W2951926420,train
W2032423841,val
W3131448887,test
W4308650960,test
W4392904488,train
W4392860069,train
W4415423016,train
W2911728646,train
W2603705845,train
W4405351316,test
W4313449074,train
W3083624489,train
W2783749042,train
W2326784950,train
W3184522944,test
W2041785419,train
W2295133224,train
W4391815309,train
W4414004607,train
W4394994587,train
W2947871674,test
W2804953714,train
W3183990868,val
W4207057190,train
W2025626948,train
W4311609954,train
W4415282048,train
W4405654398,train
W2063650998,train
W3111133646,train
W2110345519,train
W3159402647,train
W3035982503,train
W2021358799,val
W2593865182,val
W3041918841,val
W4288050713,val
W4403604523,train
W3130587916,train
W4399565297,test
W4294891500,test
W4412900005,train
W2805071579,train
W4408999019,train
W2970680470,train
W4417319504,train
W4403360603,train
W2003632687,train
W2964029185,train
W4413884699,train
W2106213219,val
W4386349885,train
W3110072028,train
W4407881031,train
W4385877132,train
W4400022847,train
W2513059277,train
W4311080747,train
W4392683354,train
W4407638870,train
W4404608635,train
W4307572272,train
W3134811542,train
W4285153801,train
W2068680434,train
W2581851997,train
W2529912552,train
W3197886166,train
W4406875072,train
W4401687384,train
W4409310882,train
W4404002945,test
W3041621816,train
W2359175208,train
W3082806766,train
W4403775493,test
W2105561724,train
W4410342974,test
W4407782611,test
W2745664564,train
W4405654358,train
W4389934525,test
W4398151320,train
W4400237724,train
W4404652934,train
W4409795918,train
W2018983843,train
W4413079717,test
W4393342165,train
W3014901735,train
W2568817620,train
W4392208039,train
W4417130747,train
W4410095577,val
W4409916786,train
W2781306112,train
W4285230097,train
W4384519419,val
W2883910734,train
W4404711463,test
W2868921360,train
W4384105364,test
W4288363128,train
W4402723344,train
W2986642681,val
W3035622304,val
W4407959667,train
W4385276314,train
W4389924526,train
W3186381890,train
W4405518132,test
W4412444961,val
W2153015273,train
W4392885504,train
W4392207690,train
W1662711380,train
W4404635163,train
W4391103900,train
W3112830998,train
W2142350309,test
W4399321365,test
W2162718622,test
W4409122930,train
W4384080812,train
W2963442925,train
W4405180684,train
W3182965544,test
W2748059461,train
W4225161347,train
W4407735863,train
W4400314678,train
W4411358953,train
W3128238818,train
W4400409706,test
W2042343091,train
W4405185588,val
W4401155258,train
W4414596102,train
W4393906131,train
W2023645154,test
W4404018624,train
W2797477167,train
W2041707400,train
W4415060436,train
W4409349960,val
W3209090657,test
W4416381373,train
W4416409251,train
W2944869487,train
W4405022193,train
W4380538220,train
W4414871480,train
W3091028128,test
W4403295789,train
W3206387060,train
W4408021714,train
W2097234978,train
W4313142332,train
W4313644222,train
W4410061981,test
W1985428192,train
W4399508110,train
W4294559022,test
W4405754571,test
W3099899124,train
W1500133521,train
W3013334996,val
W2091797932,train
W4285245492,train
W2763925543,train
W4415353158,train
W4399657679,train
W2573620647,train
W4407899661,train
W2066459767,train
W4406085173,train
W4225858632,train
W2910354649,train
W4393311190,train
W3124636507,test
W4285151988,train
W4413349496,train
W3033410381,train
W2005123207,train
W2975797585,test
W4408358227,test
W3118915570,test
W4296916018,train
W4306407822,train
W4362586475,train
W4414604002,test
W4393864461,train
W2118073066,train
W4324325927,train
W4389169641,test
W4417003580,test
W4385614039,train
W4406416314,test
W4400685605,train
W2730876232,test
W4403196715,val
W4393378029,train
W2154246381,train
W4404127790,val
W4387805535,train
W2162679444,train
W2946660569,train
W3092140947,test
W2057793173,train
W2162363208,train
W2015491188,test
W4401671778,train
W4221144922,test
W4409695137,train
W4295832473,train
W4411799227,train
W2756108008,test
W4390751617,train
W2288090062,train
W2088554070,train
W4313172087,train
W1979932443,test
W4394828369,train
W2049661027,test
W3128019607,train
W4312214845,train
W2123513974,train
W2336438358,test
W2112722910,test
W2393727648,train
W4414037180,test
W2911424601,train
W2125761099,train
W2943554767,train
W2886625644,train
W2028031999,train
W2964140784,train
W4385380399,test
W4406552230,test
W2068471245,train
W4388469759,train
W4391341376,val
W4413267505,train
W4312958126,train
W2912210833,train
W4392750042,train
W2793808430,test
W4402673473,train
W3192727323,train
W2027588582,train
W4387453400,train
W2056469638,test
W2771515635,train
W3211147732,train
W4405717702,train
W4383754164,train
W4407304429,train
W2040744919,train
W4392124063,test
W2605191571,train
W4396532654,test
W2803073251,train
W2162545538,train
W1980175331,train
W4390317578,train
W2536380892,val
W2004707316,test
W4403278050,train
W2061510668,train
W2774405331,train
W4226169266,val
W4413554060,train
W3199170468,train
W4402281951,train
W2112225422,test
W4403501512,train
W4414348663,test
W2982223086,train
W2913119698,train
W4391843574,train
W4400607621,test
W4390873965,test
W4411408980,test
W2757560572,train
W2112320278,train
W4293182269,val
W4296139711,test
W1976914761,train
W4391645825,test
W2736154972,train
W4393115836,train
W2910711617,train
W4400810255,train
W4403678765,test
W3120110115,train
W4406813779,train
W4322576964,train
W4413932117,train
W4411971203,train
W2898595414,val
W4288079542,test
W4308804331,test
W7115913836,val
W4210660866,val
W4406080953,train
W3171570542,train
W4210481853,train
W2111414907,train
W4401657140,val
W4221123674,train
W2327182705,test
W4385819961,val
W4406256620,train
W2110512406,test
W4401635006,train
W3135365795,train
W2021263193,train
W4323361710,train
W2517530313,train
W4414856517,train
W2468113093,train
W3040977518,train
W4405440186,test
W4417499121,test
W2093327657,val
W4412013266,train
W4403431747,train
W4404635185,train
W3091230146,train
W2170131310,val
W4412042560,train
W2041560674,train
W1514103018,train
W4401929513,train
W4391514619,train
W2032355985,train
W2171121617,train
W2144576878,train
W4392881522,train
W4408412608,train
W3044960932,train
W4381785979,train
W4402516191,train
W4375929081,train
W2050764648,train
W4293545213,train
W2963507231,test
W3202344462,test
W3202751128,train
W2112094258,train
W2813121583,test
W4414692709,train
W3011090952,train
W2079065101,test
W2523749232,train
W4405847018,train
W4413074492,test
W4413017301,train
W3194775218,train
W2998117442,train
W2562392766,train
W4412721964,test
W3153398259,train
W2170044052,train
W2800016456,train
W3132024219,train
W4400529443,train
W3015225013,test
W2794049616,train
W2804961103,train
W1993040501,train
W4394966857,train
W4406259167,train
W4414865703,val
W4408006173,train
W2095413367,test
W2809625266,train
W4205482689,train
W2963547654,train
W4404562907,train
W2953371218,test
W2098814788,train
W4315480688,test
W4416630026,train
W2048986836,train
W2023234892,test
W3161549427,train
W2901387348,train
W2111489923,train
W2515904052,test
W2898242456,train
W3028768478,train
W4404989467,train
W3088267381,train
W2080793574,val
W7117251867,train
W2932013795,test
W4410358808,train
W4414810755,train
W4386113723,train
W4415800215,train
W4403061079,train
W4392207860,test
W2917743469,test
W4403277079,train
W2054539343,train
W2404702691,test
W4409962463,train
W3179163952,train
W2755712504,test
W2614899618,train
W2580454942,test
W2421330434,test
W4415725257,train
W2768394106,train
W2036755731,train
W2159683898,test
W4386311109,test
W2967136126,test
W4405269753,train
W2141627147,train
W1992942660,test
W4410086568,train
W2999779708,train
W2136574014,train
W3131290367,train
W1987354791,train
W1993602208,val
W4285798540,train
W4309618162,test
W2968303571,train
W4414603865,test
W3091297980,train
W4403094360,train
W4406245438,test
W2964080260,train
W2803380720,train
W3173797296,val
W2094776466,train
W2073865102,train
W4377142595,train
W2963969247,train
W2783232324,train
W4408998341,train
W4406416279,train
W4288079388,train
W3171884604,train
W4320497693,train
W4295021613,train
W2267702630,train
W4399426154,train
W4404410614,test
W4407168529,train
W4411059610,test
W2090060441,val
W2545176003,train
W2103268106,train
W2771579582,train
W2768604270,train
W4392925654,train
W2277593056,train
W2564147261,test
W2122053769,test
W3181079446,train
W4388145486,train
W2512940382,train
W4385810559,train
W4399311113,train
W2124340671,train
W4413155218,train
W3117894873,train
W4408797770,test
W2771936465,train
W4394788526,train
W4415211344,train
W4414387367,train
W4226379277,train
W2624989916,val
W2021112905,train
W4296704806,train
W4385289624,train
W4407449726,train
W3216965607,test
W4407782372,train
W3131242057,train
W2774100094,val
W2076003763,test
W2300802324,train
W4391305366,test
W4399677840,train
W2039538341,train
W4399727752,test
W2982415261,train
W4399073357,val
W4409168284,train
W2495947746,test
W4408709607,train
W4413816538,train
W2950863887,val
W4226363281,train
W4402743046,train
W4409153337,train
W4403222332,test
W4396220739,test
W2059407171,train
W3134104616,train
W2557772052,val
W2876132667,train
W2954478800,train
W4409474195,train
W4385656628,test
W4285070849,train
W4206681959,test
W4311187132,train
W4414083113,train
W4406110873,train
W4414353694,train
W2586913296,train
W4205127328,train
W4391853848,test
W4225384153,test
W2158707302,train
W2048064553,train
W4408844740,train
W4411275099,train
W4213230534,train
W4417201853,train
W2120192162,train
W2059710751,test
W3087845270,test
W4412393299,train
W4399311127,test
W4318586162,train
W4387717451,test
W1985716338,train
W4391693774,test
W4308153134,train
W4410808041,test
W2154937567,test
W2265697844,train
W4303427111,train
W4388579533,train
W1984481472,train
W4293763096,test
W2193428859,test
W4414265800,test
W4408280426,train
W4409591397,train
W4410781656,test
W1966809779,train
W4293499245,test
W4409143106,val
W4407542263,train
W2963055664,train
W4401835708,train
W4416582452,train
W4220840776,val
W2286483961,train
W2076406848,val
W4417281460,train
W2582437105,train
W7116089628,train
W4388952989,test
W2913716837,train
W4295935147,train
W4399139300,train
W4393992776,train
W4408198558,train
W2116861100,train
W4364302736,test
W4315778510,train
W2889119736,val
W4413925193,train
W3163720395,test
W2473283431,test
W2314232061,train
W3135024179,train
W1976225933,train
W1984671220,train
W2043542548,train
W3012305473,train
W4400578856,train
W4415271235,train
W4396747064,test
W2911392513,test
W4412836831,train
W2054162984,train
W2093540532,train
W3135190561,test
W4392298624,train
W4416309184,test
W4413635643,train
W4353069885,test
W4410489124,test
W2136285705,train
W4409568437,test
W2585273943,train
W4391136370,train
W4413038158,train
W2914473880,train
W4415164192,test
W4403616592,train
W4402404324,train
W2736446746,test
W3201215469,test
W2133030383,train
W3164101172,train
W4293084065,train
W4282576056,test
W4315489353,train
W4415454843,train
W2900939885,val
W4399732303,test
W4396214929,test
W2029517229,test
W4411996615,train
W2953647140,test
W4413941679,train
W2119137614,train
W1997915897,train
W2567302839,train
W4413358908,train
W2359766378,test
W4400977316,train
W2039554500,train
W4321352114,train
W2160221402,train
W4392387106,train
W4396821794,train
W4386802874,val
W2913715209,train
W4411996944,train
W2612011751,train
W4410950114,train
W3209389588,train
W3177624059,train
W2794285707,train
W1995421218,train
W2024277001,test
W4406113689,train
W2938707507,test
W4362606359,test
W2241414134,train
W2567117621,train
W4393078693,train
W7117507778,test
W4396904042,train
W2981058299,train
W4411095744,train
W4409946033,train
W4281262252,train
W2129395028,val
W4402742273,train
W4386193536,test
W4402692877,train
W2762239886,train
W2344312835,train
W3094700537,train
W2786499672,train
W4389610027,train
W2045560496,train
W4406678337,train
W2053658471,train
W2902038035,train
W2163961433,train
W2019185225,train
W2980913015,test
W4397000167,train
W4318562330,train
W2767919612,train
W4417484900,train
W4404809770,test
W4366147360,train
W1612694023,train
W4413394193,train
W4391604029,train
W4392387995,train
W2157939854,train
W4410347271,test
W3119223610,train
W4312496593,train
W1976362452,train
W1980295357,train
W4386845623,train
W2964190949,train
W4323851652,train
W4415423074,train
W4404132849,train
W4402469641,val
W3199425519,train
W4393509883,train
W2013576116,test
W2752401817,val
W2054237513,train
W2793031414,train
W4406798194,train
W2910096450,test
W4398768748,test
W3004712539,train
W4379521748,val
W2994134128,train
W2899809907,train
W4399601886,test
W4290935136,train
W2931841621,train
W4391164194,train
W2951168607,train
W4411889305,train
W3137732947,train
W2964101383,train
W2337682774,train
W4406824422,val
W2584613988,train
W4387055678,train
W2920929355,train
W1967120093,train
W3189639465,train
W4407950249,train
W2765261175,train
W4416623144,train
W2791720745,train
W2122610147,train
W2413391837,val
W4394979904,train
W3087365719,train
W4415030251,train
W2788728386,train
W4392207628,train
W4412962348,test
W2899402622,val
W4403744543,test
W2113449956,train
W4407247450,train
W2569387811,train
W2897837143,test
W7106028829,train
W4401326471,test
W4402456068,test
W2252149818,train
W4410453424,train
W4406386001,train
W4213455337,train
W2061537280,test
W2749552851,train
W3160448675,train
W4389664797,train
W3092288641,train
W4391428900,train
W4409584084,train
W3096625689,train
W2950949012,train
W4405439964,train
W4414348638,test
W2511791318,train
W4416908048,train
W2018891861,val
W4390660175,train
W4309764565,train
W3043705394,train
W4413359591,train
W4406245425,test
W2021914964,train
W3198332893,train
W4294653840,train
W4391614508,val
W4403390126,test
W4403344044,test
W4409664068,train
W4403635634,train
W4399939041,train
W2668736619,train
W2775135700,train
W1984564177,test
W3216800858,train
W2114478590,train
W3043467336,train
W3135378849,train
W2143228105,train
W2913483047,train
W2055952492,train
W2059728306,train
W4391593935,train
W2900691829,train
W3157314568,train
W4206729245,val
W2841493617,train
W4392776017,train
W4388240263,train
W4407025235,train
W2320517083,train
W4391965708,train
W3048364239,test
W4401553232,test
W4408841436,train
W4405812262,test
W4406858167,train
W4409584081,test
W4404035082,test
W4360856932,train
W4403919366,train
W4408740851,val
W4399729223,train
W4403589259,val
W2362941995,train
W2018662719,test
W2893608272,train
W2808562228,test
W4392405916,train
W4410919922,train
W4407155074,test
W4401109855,test
W2056818396,test
W2952283671,train
W4399527353,train
W4408995091,train
W2012978909,test
W4415968376,test
W4210582629,train
W4321021721,train
W2159410589,test
W2795655063,train
W2533064745,train
W3167704996,train
W2605770807,test
W4405518114,train
W2982409974,train
W4410115162,train
W2128569883,train
W4412536542,train
W4390263770,train
W4409242344,val
W3045597924,train
W2802785717,train
W4387010808,train
W2400652225,test
W4403936153,train
W4399528510,train
W4386390750,test
W4411121371,train
W4221117686,train
W4389937405,train
W1605730281,val
W4391749941,train
W4411474808,train
W2617043753,train
W4394717640,train
W2130370817,train
W4400680376,test
W4417130743,train
W3194434277,test
W2962619892,train
W2070152573,train
W2109268594,train
W4414404838,val
W3195990001,train
W4407938695,train
W2461673037,train
W4407881792,train
W4285135708,train
W3044868837,train
W4409350037,train
W2980694541,train
W2011056674,test
W2429600514,test
W4403290929,val
W4296117254,train
W4402646962,train
W4401452471,test
W2048996272,test
W2085733760,test
W2768866304,train
W4312085331,test
W4405703843,train
W4384284258,train
W4417157071,train
W4396762144,train
W2034458569,train
W4406170808,train
W4405269824,train
W4361271557,train
W4224082609,train
W2900032756,train
W1978449693,train
W3114491449,train
W4406085105,train
W4402134196,test
W2104520762,val
W4404125313,train
W2785618969,train
W2171461950,train
W2219018372,train
W2766094313,train
W3211270128,train
W2763588877,train
W7117103106,train
W3195527505,train
W1902722676,train
W2293484369,train
W4403137205,test
W4292387399,train
W2774804142,train
W3189323255,val
W4416961227,test
W2463446453,train
W3191261959,train
W3036877830,test
W2340600537,train
W2971680322,test
W4406093491,train
W4386952226,val
W4390908056,train
W4411297664,train
W4206730766,train
W4400830279,train
W4399766708,val
W2240814884,train
W4310258746,test
W2287065228,train
W4399647329,train
W2050849575,train
W1970129529,train
W4393240975,train
W3157677190,test
W4407011296,test
W4297032622,val
W4416944645,test
W2766756562,test
W2910412875,val
W4411337158,train
W4399499340,val
W4402944804,train
W4410738052,train
W4283077073,train
W2891931318,train
W4410372178,train
W1964339032,train
W2017809722,test
W2519082534,test
W2589647989,train
W3040624984,test
W4412957860,train
W4313378981,train
W4397031814,train
W2195934234,train
W4405846260,train
W2316930373,train
W4206569030,train
W1986226687,val
W2414259232,train
W4413837513,test
W4224692994,train
W2996075766,train
W4392450231,train
W2737003695,train
W4410321381,train
W2524668349,train
W4292267298,train
W4210631880,train
W4415454739,train
W2963568120,train
W4414363420,train
W2807714896,train
W2911390364,test
W4280550128,train
W4415114198,val
W3101471149,train
W4406657788,train
W3028571922,test
W4414900349,val
W4403749574,test
W1910657905,train
W4408259600,train
W2344383657,train
W4312051470,test
W4416286418,train
W3179283102,train
W2894726337,train
W4403503194,train
W4405654300,train
W2768449423,test
W2464582522,train
W2049194119,train
W2899638952,train
W2087167646,train
W2904460475,train
W2793353921,test
W4393238102,train
W2005500027,train
W3189604664,train
W4401717749,train
W3133778711,val
W3204043537,train
W4399310999,train
W3160345471,val
W4389675497,train
W2120629158,train
W4401540858,test
W3120216116,train
W2913730607,train
W2521073554,train
W4406753913,test
W4390696126,train
W2107915643,train
W4292595668,train
W4409573684,val
W4376272476,train
W4312767053,train
W4206179170,train
W4401252969,train
W4394717809,train
W3159043981,test
W2023580604,train
W4281482237,test
W4396817532,train
W4401507029,train
W3029616339,train
W4323644127,train
W2152706180,train
W4392406238,train
W2962935645,test
W3143247426,train
W2168997967,train
W2975370440,test
W2966497462,train
W4405185384,test
W2811269533,train
W4205820967,train
W4405109386,train
W2915541671,train
W4377290775,train
W4402267207,train
W2563363262,val
W4412647892,train
W2775595707,test
W2984101843,train
W4394606507,train
W2106806833,train
W4407593323,train
W2155605600,train
W4226103550,test
W3197802524,train
W2885205415,train
W3186728919,train
W4392956768,train
W4392825446,train
W2342878105,train
W4403843826,train
W2916816242,train
W2969468102,val
W4384817993,train
W2592635417,train
W2296384084,train
W4413117287,test
W4289939589,val
W2005452541,train
W2998881388,train
W2886503398,train
W4407974532,train
W2155051787,train
W3154141271,test
W4401568505,test
W4221017683,train
W2059370660,val
W4389950173,train
W3098440765,train
W4391473819,test
W2605945764,train
W3164845984,train
W2280742990,train
W2528040273,train
W2618202244,train
W4408232726,test
W4411563192,train
W4405518092,train
W4391278012,val
W4392131573,val
W2048637996,val
W3180257170,train
W4411599771,train
W3217648845,train
W4312727100,train
W2883182640,test
W4408609322,train
W4417426731,train
W3105952014,train
W2912959776,train
W4402381084,test
W3047409995,train
W3120370876,val
W4416286462,train
W4412802188,val
W4415593724,train
W4407799411,train
W2141823645,test
W4213433014,train
W4414244013,train
W4226050909,train
W4410378584,train
W2922048308,train
W4412915583,test
W2790257945,train
W2883869111,train
W4401943648,train
W4392729272,train
W4318953211,train
W2594560857,train
W2030420292,train
W4322493542,train
W3194547325,test
W4396773640,val
W4405239636,train
W4414967438,train
W3153929263,train
W3137269009,train
W3033881971,train
W4389169920,train
W2100297710,train
W3164160032,test
W4408030045,test
W4362579589,train
W4406983015,train
W3131198033,train
W2053382990,train
W4392459667,train
W3119259203,train
W3016641541,train
W3182947618,train
W2430806359,train
W4406938296,train
W4282929859,train
W2887019724,train
W4400524823,val
W2909172538,train
W4394002334,train
W4410250014,train
W4414271343,train
W4406080923,train
W2796047239,train
W2990922087,train
W7114902575,train
W2139338331,train
W2988790801,train
W4414594133,train
W3208636043,train
W4390685754,train
W3028978361,train
W4416113996,train
W2991114314,test
W4409058573,train
W2921736567,test
W4411436335,train
W4401906058,train
W4412353358,train
W2795394476,test
W4283525684,train
W4413169109,train
W4403917578,test
W2113876961,train
W2132040585,train
W2169313213,test
W4412963818,test
W3015193301,train
W2901850888,train
W2016613525,train
W4395056508,train
W4403182523,train
W4317796310,test
W4386918966,train
W2063792093,train
W3153509644,train
W2152815096,train
W4407894319,train
W1989013569,train
W4391953812,train
W2255830676,train
W4302276563,train
W2170638893,train
W4408978341,train
W3113147682,train
W2101878510,train
W4407230729,train
W4400222682,test
W2122711334,train
W4312490312,train
W3146454574,train
W1975474596,train
W4385606791,val
W4410358938,train
W2963011891,train
W4406753949,val
W2321040822,train
W2995774794,train
W3008981372,train
W2761125797,test
W4399247252,train
W4213413464,val
W4392168453,train
W4387527822,test
W4401608286,train
W2980516042,train
W4294811364,train
W4398151322,train
W4416078256,train
W4389252434,test
W2899642931,test
W3040211802,train
W4406610601,test
W2783732587,test
W4396773505,train
W4410294833,test
W4416226653,test
W2885566482,train
W2473925222,train
W4408633158,train
W2884577765,train
W4414344435,val
W4392168376,test
W3034564080,test
W2917483491,train
W4312431763,train
W2891899936,train
W3128952567,val
W2219446055,train
W2781623365,test
W2890347546,train
W2888333498,train
W2332789021,val
W4413128772,test
W2344057056,train
W2743382354,train
W4408472856,test
W2022565423,test
W3086100325,train
W3081249378,train
W2094096834,test
W4412081656,train
W4414604147,train
W3080923968,train
W4417295106,test
W4403357013,test
W3118527880,train
W2136707175,train
W4410166151,test
W4404823305,val
W4416909411,train
W3009187765,train
W2417093632,train
W2028075681,train
W4397000463,test
W4396634099,test
W4408841458,train
W4401498342,train
W4296501318,train
W4409222131,train
W2895216609,train
W2160392092,train
W4416336843,train
W2746779912,train
W4415567550,train
W2918021868,test
W2523264847,train
W2342475147,train
W4406867827,train
W2768636722,train
W4210315697,train
W4308738787,train
W2157349623,test
W4415152031,train
W4413483942,train
W4414988659,train
W2767046326,train
W2728045060,train
W3044255435,train
W4225558824,train
W3091348074,train
W4405207397,train
W2105259763,test
W4205788220,train
W4406163715,test
W4406093101,test
W3201929238,train
W4414988662,test
W286646063,train
W4412353422,test
W3213098209,test
W4382202712,train
W4399514805,train
W4362601735,train
W4405800354,train
W3022630129,train
W4391640384,val
W1992388342,test
W4388469685,train
W4378195117,train
W4411488587,test
W2613656763,train
W3015636663,train
W2912717503,train
W4412973511,train
W2963652759,train
W2975950300,val
W2124360491,train
W4404542218,train
W2906196996,train
W4291972732,val
W4205244288,train
W4414080965,train
W2007969951,train
W4400579205,train
W2016968284,train
W4388827066,train
W3164396303,train
W4313027551,train
W3119203814,val
W2295915629,train
W2605639531,train
W4229507690,train
W4321793649,test
W4415505959,train
W4413039268,train
W3090931713,train
W4405653237,train
W2045617788,train
W2917402277,train
W4405365805,val
W2521209746,train
W4414229429,train
W2753785017,train
W4407949557,test
W4398187606,train
W4390002033,train
W3004697822,val
W2182501063,test
W4406962979,train
W4415968377,train
W4313886812,train
W4410600831,val
W3173829101,train
W4406094201,train
W2029741572,test
W4403343568,train
W2112151019,train
W4213179670,train
W4302275239,train
W4417231361,val
W4394924926,train
W2791124749,train
W2561013421,train
W2809813965,train
W2091333543,test
W2909967880,train
W3085139254,train
W1990524061,train
W2889057033,test
W4213430676,test
W2008703709,train
W4401118021,train
W3182321887,train
W3157456494,train
W2243174701,train
W4406314479,train
W4408466421,test
W4411799673,train
W7117317549,train
W4412097121,val
W2143864042,train
W2606892140,train
W4213016198,test
W2046227230,train
W3173709428,test
W4389495047,train
W4206743074,train
W4384916601,train
W4416100309,train
W4389633693,train
W4402673444,train
W4392902595,test
W4416842094,train
W2989561487,train
W4390659224,val
W2067064328,test
W4403735060,train
W4413754871,train
W4407691797,train
W2789388912,test
W2063772741,train
W2040622444,train
W3197064582,val
W4400553160,train
W2735299418,train
W2125639421,train
W3009870468,test
W2313050828,train
W3106579871,train
W1971171352,test
W4391427613,train
W4414203993,train
W2028261119,train
W4321486720,train
W4391243055,train
W4294237690,test
W2000897959,train
W1983668610,train
W1964838078,train
W2953028579,train
W4413155534,train
W1985902740,train
W4415505917,train
W2942359181,train
W2914458802,train
W2754858045,train
W4412066410,train
W4360594686,train
W2769490100,train
W4404788991,train
W4408566114,test
W2768361931,train
W4394838095,train
W2951146380,val
W4391614544,train
W4391541206,train
W4407146565,train
W1978830285,train
W7108218072,train
W2086040578,train
W2770290320,train
W4405968064,train
W4413256846,train
W7116778198,train
W4414961336,train
W4401328679,train
W2802510992,val
W2963472312,train
W2116020486,train
W4381785823,train
W4411403546,train
W4415850419,train
W4379932291,train
W3109175980,test
W2560127491,train
W2343631480,train
W2504469054,test
W2972087877,val
W4366336804,train
W4407246947,train
W4409368288,test
W2972874842,train
W2951450991,train
W4285119871,test
W4415589112,test
W2572482456,train
W2768652364,train
W2911850288,val
W4364322800,train
W2047610452,train
W2164000408,test
W2947097385,test
W4392405755,train
W4400887781,train
W4324378992,test
W4407168748,train
W4401212199,train
W4378365142,train
W3081541465,train
W4406867742,train
W2310426546,train
W4412718956,test
W4409506669,test
W2131934412,test
W4402017565,test
W4391679033,train
W2963479420,train
W4414229385,val
W3120390034,train
W2962123958,train
W2024013091,test
W1966554104,train
W2097177123,train
W4387426231,test
W832518843,train
W4410061972,train
W2980888549,train
W3005712392,test
W4206337041,test
W2022368378,train
W4411446456,train
W4413010799,val
W2907413691,train
W4403296082,train
W4411184484,train
W4412096727,train
W4416345622,val
W4400017457,train
W3155707568,train
W4317536056,train
W4415422927,train
W2101032778,train
W2884847473,train
W4406813575,train
W4388421852,val
W3155072588,train
W4406963231,test
W4312295940,train
W4389509728,train
W2063601473,train
W4411735594,train
W4383427900,train
W2909256425,train
W3112311055,train
W4411250235,train
W4319081720,train
W4401508171,train
W3169407340,train
W2537533866,train
W4381856118,train
W4411065702,train
W4365420700,val
W2747220212,train
W4386736487,test
W2146739710,train
W2807737462,train
W4408016736,test
W4401879382,train
W1988593113,train
W4226265326,train
W4387055640,train
W4413788962,train
W4411639768,train
W4406930268,train
W2791978050,train
W4405703830,train
W4407575086,train
W2125289015,train
W2900702342,train
W4401726050,train
W4399914645,val
W4413982187,train
W1983009415,test
W4402463451,test
W3033375835,train
W2562963488,train
W4200509955,test
W3134986464,test
W4391816773,train
W3123073509,train
W4407241478,test
W4312707592,test
W2389510147,train
W2082299020,train
W1993043418,train
W2342408547,train
W3203610772,test
W2151141908,train
W2804311930,train
W4410901013,train
W4306786778,test
W4405109182,train
W4377235196,train
W4220988444,train
W7114909857,train
W4415178864,train
W4312924812,train
W4416191383,train
W4404250407,test
W4286377586,train
W2962684045,test
W4283214976,test
W4290714064,train
W4413785899,train
W4413408754,train
W4405570253,train
W2044933538,train
W4403489759,train
W7117128433,train
W2314666169,train
W4295882484,train
W4389987808,train
W3129015539,train
W4405544059,train
W2005530589,train
W4210425674,val
W2914157628,test
W4406678260,train
W3162651254,train
W4313887518,train
W1990537115,train
W4366352735,train
W2983966203,test
W2117338400,train
W4312658206,test
W2786889660,test
W2152190235,test
W2964175311,train
W2617941540,train
W4205974944,train
W4401101780,train
W4389337793,train
W4400429759,train
W4399291916,val
W2515012917,train
W3023038016,train
W2143884373,train
W2052898460,train
W2883102782,train
W2969644839,train
W4405505033,train
W4410705996,train
W4407619024,test
W4407783606,train
W4402627335,train
W3123211960,train
W2158946120,train
W2275015310,train
W2464017998,train
W2344925345,test
W4411408985,test
W4284703709,train
W4225657853,train
W4401595427,train
W4413051431,train
W4408305012,train
W2072396657,train
W4404688104,train
W3154095569,train
W4320718729,train
W4390970172,train
W2998068042,test
W4416121053,test
W2997241048,train
W4411673854,train
W1967161703,val
W4382203547,train
W4415961566,test
W3036399892,train
W1970666018,test
W3169385106,train
W4406874869,train
W2880317285,test
W4402809401,train
W4414556168,train
W2114638353,train
W3189951552,train
W4362654523,test
W2034268294,train
W2166977413,train
W4406866174,train
W4403598444,train
W4327945465,train
W4413436329,train
W2135471293,train
W4226242403,train
W4411533872,train
W2092525231,train
W4413358909,train
W3127819760,train
W2165723942,train
W4400934506,train
W3130897729,train
W2262369271,train
W4410061945,val
W2578242568,train
W3204398858,train
W2786499150,train
W2807786182,train
W4416078223,train
W4387664621,test
W4403783131,train
W4394784587,test
W2991415193,val
W2595741287,train
W4410226499,train
W7116715571,train
W4417344491,train
W7117560551,train
W3159756907,val
W3203831850,train
W4389664750,train
W2767055473,train
W4295135473,train
W4405654387,train
W2036184144,train
W2793826868,test
W4408861280,train
W7128191878,train
W4410537502,train
W2019698800,test
W4406113679,val
W2910130111,train
W4220825043,train
W4391174792,test
W4395029315,train
W2808484818,train
W4386364565,train
W4411063470,test
W2187890375,test
W4206749896,test
W3205163562,train
W1517071433,val
W4396773582,train
W1981844530,train
W4315647104,train
W2750935324,train
W4404688420,train
W3035584216,train
W4283702010,test
W3153114039,train
W4399576156,test
W2059110084,train
W4403899408,train
W4412652987,train
W4416286440,train
W4396860999,train
W4417170171,train
W4285729166,train
W2729442131,train
W2906364736,train
W2787331432,train
W3003536453,train
W2110591140,train
W3212305774,train
W4381682084,test
W4411639742,train
W4408466570,train
W2343491855,train
W2157602829,train
W2605093274,train
W2969416000,test
W3118639493,train
W4318618520,train
W2081825752,train
W2050962308,train
W4312719672,train
W4410610020,train
W2819110158,val
W4400690920,test
W4312524677,train
W4408791114,test
W2329465571,train
W2804827776,train
W2972552958,train
W4388631682,train
W4321368656,train
W4392232832,train
W2940848139,train
W3206568895,train
W4408529725,val
W1988446133,test
W3153251237,test
W3184751871,train
W2006529438,train
W2494462418,test
W2981117684,test
W2580539026,train
W7116771114,val
W4407907718,test
W2913328761,val
W2922074163,val
W4411446392,test
W4387409225,val
W4415180631,train
W2792531636,train
W3004701288,test
W2913276700,train
W4389735314,train
W4316876957,train
W1969793586,train
W3088196840,train
W4409280395,val
W4407749712,train
W2890778109,test
W2783156277,train
W2085291930,val
W4375928946,train
W4412964918,val
W4381050447,train
W2111350126,train
W3215021595,train
W4285169595,train
W2951182186,train
W3157441214,train
W4226081006,train
W2332739142,train
W4404883652,val
W4386280969,test
W4414128368,test
W4205352200,test
W2112212574,train
W2126341762,train
W3110305486,test
W2807164697,test
W2964169433,train
W1986288469,train
W3158832185,test
W4409556457,test
W3205039183,test
W4416707504,train
W3135740359,train
W2085165892,train
W4380905827,train
W4401567312,train
W4401011076,test
W2115677345,train
W2545846537,train
W4390660035,train
W4417189833,train
W7108227648,test
W4390002238,test
W1984688105,test
W3029947503,train
W4401635748,train
W4412536593,train
W4381334367,train
W4403446822,train
W4386967889,train
W2884922022,train
W2009928248,train
W3004230583,val
W4389065197,test
W2067356030,train
W4408233117,test
W3120055541,train
W3004965537,test
W4403398416,train
W4232497736,train
W1984649364,train
W4390317718,val
W1966349291,train
W2150199910,train
W4391179698,train
W4400770721,train
W4283830566,train
W1602100595,val
W2513653929,test
W4413277629,train
W2342987761,val
W4390603820,train
W2417727035,test
W3164742321,test
W2093265570,train
W4224270324,train
W2014418158,train
W4410985905,val
W4415594438,val
W2952128268,train
W4360584530,train
W4412416158,train
W2153794195,train
W4388505223,test
W3124418612,train
W2519198042,train
W3191514888,val
W2525319977,test
W2951689436,train
W2982298308,train
W4402601975,train
W1864199185,train
W3158750411,train
W4404563516,train
W4399525909,train
W3195841203,test
W3087854657,train
W4416010908,train
W4415312861,train
W3014765163,train
W3139948516,train
W4367663226,train
W4402218353,test
W4399310679,train
W2134289576,train
W4414118682,train
W4403343918,train
W4404340680,train
W1993692165,val
W2095788961,train
W2794827783,train
W4315646984,train
W4409530951,train
W2161840551,test
W4407180517,test
W2112700013,train
W4413984388,test
W4391652927,train
W1981033991,train
W2049953412,train
W4389438691,train
W4416650203,train
W4395056455,train
W3190794503,train
W7117259628,train
W4417344474,test
W2889130258,train
W4280496452,train
W2343976166,train
W2078697227,train
W2619564410,test
W3171097378,train
W2921413619,train
W2896515397,train
W4396982176,test
W2941212400,train
W4402724359,train
W2528339895,train
W4417438635,train
W2030384189,train
W2066796750,train
W1974624740,train
W4312620418,train
W4386322182,test
